--Probe dump file for probe: org.yardstickframework.probes.DStatProbe@1a245833 (class org.yardstickframework.probes.DStatProbe)
--Created Tue Apr 25 23:09:34 UTC 2017
--Benchmark config: BenchmarkConfiguration [memberId='0', driverNames='[HazelcastPutAllBenchmark]', serverName='HazelcastNode', threads=64, duration=300, warmup=60, dfltProbeClsNames=[ThroughputLatencyProbe, PercentileProbe, DStatProbe], propsFileName='yardstick/config/run.properties', packages=[org.yardstickframework], cmdArgs=[--outputFolder, /home/ubuntu/date-2504-221749-s-4-c-1-ver-3.8.1-f1e9264/yardstick/bin/../output/results-20170425-221800, -id, 0, -hzcfg, /home/ubuntu/date-2504-221749-s-4-c-1-ver-3.8.1-f1e9264/yardstick/bin/../config/hz-config.xml, --hzClientConfig, /home/ubuntu/date-2504-221749-s-4-c-1-ver-3.8.1-f1e9264/yardstick/bin/../config/hz-client-config.xml, --clientMode, -nn, 4, -b, 1, -w, 60, -d, 300, -t, 64, --syncBackups, --readBackups, -bs, 6, -dn, HazelcastPutAllBenchmark, -sn, HazelcastNode, -ds, 3.8.1-f1e9264-atomic-setAll-bs-6-1-backup, --config, yardstick/config/run.properties, --logsFolder, /home/ubuntu/date-2504-221749-s-4-c-1-ver-3.8.1-f1e9264/yardstick/bin/../output/logs-20170425-221800/logs_drivers, --currentFolder, /home/ubuntu/date-2504-221749-s-4-c-1-ver-3.8.1-f1e9264, --scriptsFolder, /home/ubuntu/date-2504-221749-s-4-c-1-ver-3.8.1-f1e9264/yardstick/bin], probeWriter='null', customProps={ver=3.8.1-f1e9264-, b=1, d=300, SERVER_HOSTS=172.31.45.250,172.31.38.80,172.31.41.141,172.31.42.161, now0=`date +'%H%M%S'`, nodesNum=$((`echo ${SERVER_HOSTS} | tr ',' '' | wc -l`)), JVM_OPTS=${JVM_OPTS}" -Xms6g -Xmx6g -Xloggc:./gc${now0}.log -XX:+PrintGCDetails -verbose:gc -XX:+UseParNewGC -XX:+UseConcMarkSweepGC ", CONFIGS="-hzcfg ${SCRIPT_DIR}/../config/hz-config.xml --hzClientConfig ${SCRIPT_DIR}/../config/hz-client-config.xml --clientMode -nn ${nodesNum} -b ${b} -w ${w} -d ${d} -t ${t}  ${sm} --readBackups -dn HazelcastSetBenchmark -sn HazelcastNode -ds ${ver}atomic-set-1-backup,-hzcfg ${SCRIPT_DIR}/../config/hz-config.xml --hzClientConfig ${SCRIPT_DIR}/../config/hz-client-config.xml --clientMode -nn ${nodesNum} -b ${b} -w ${w} -d ${d} -t ${t}  ${sm} --readBackups -dn HazelcastSetGetBenchmark -sn HazelcastNode -ds ${ver}atomic-set-get-1-backup,-hzcfg ${SCRIPT_DIR}/../config/hz-config.xml --hzClientConfig ${SCRIPT_DIR}/../config/hz-client-config.xml --clientMode -nn ${nodesNum} -b ${b} -w ${w} -d ${d} -t ${t}  ${sm} --readBackups -bs 6 -dn HazelcastPutGetBatchBenchmark -sn HazelcastNode -ds ${ver}atomic-set-get-bs-6-1-backup,-hzcfg ${SCRIPT_DIR}/../config/hz-config.xml --hzClientConfig ${SCRIPT_DIR}/../config/hz-client-config.xml --clientMode -nn ${nodesNum} -b ${b} -w ${w} -d ${d} -t ${t}  ${sm} --readBackups -dn HazelcastSetTxBenchmark -sn HazelcastNode -ds ${ver}tx-set-pessimistic-1-backup,-hzcfg ${SCRIPT_DIR}/../config/hz-config.xml --hzClientConfig ${SCRIPT_DIR}/../config/hz-client-config.xml --clientMode -nn ${nodesNum} -b ${b} -w ${w} -d ${d} -t ${t}  ${sm} --readBackups -dn HazelcastSetGetTxOptimisticBenchmark -sn HazelcastNode -ds ${ver}tx-set-get-opt-1-backup,-hzcfg ${SCRIPT_DIR}/../config/hz-config.xml --hzClientConfig ${SCRIPT_DIR}/../config/hz-client-config.xml --clientMode -nn ${nodesNum} -b ${b} -w ${w} -d ${d} -t ${t}  ${sm} --readBackups -dn HazelcastSetGetTxPessimisticBenchmark -sn HazelcastNode -ds ${ver}tx-set-get-pes-1-backup,-hzcfg ${SCRIPT_DIR}/../config/hz-config.xml --hzClientConfig ${SCRIPT_DIR}/../config/hz-client-config.xml --clientMode -nn ${nodesNum} -b ${b} -w ${w} -d ${d} -t ${t}  ${sm} --readBackups -dn HazelcastSqlQueryBenchmark -sn HazelcastNode -ds ${ver}sql-query-1-backup,-hzcfg ${SCRIPT_DIR}/../config/hz-config.xml --hzClientConfig ${SCRIPT_DIR}/../config/hz-client-config.xml --clientMode -nn ${nodesNum} -b ${b} -w ${w} -d ${d} -t ${t}  ${sm} --readBackups -dn HazelcastSqlQuerySetBenchmark -sn HazelcastNode -ds ${ver}sql-query-set-1-backup,-hzcfg ${SCRIPT_DIR}/../config/hz-config.xml --hzClientConfig ${SCRIPT_DIR}/../config/hz-client-config.xml --clientMode -nn ${nodesNum} -b ${b} -w ${w} -d ${d} -t ${t}  ${sm} --readBackups -bs 6 -dn HazelcastPutAllBenchmark -sn HazelcastNode -ds ${ver}atomic-setAll-bs-6-1-backup,-hzcfg ${SCRIPT_DIR}/../config/hz-config.xml --hzClientConfig ${SCRIPT_DIR}/../config/hz-client-config.xml --clientMode -nn ${nodesNum} -b ${b} -w ${w} -d ${d} -t ${t}  ${sm} --readBackups -bs 6 -dn HazelcastSetAllTxBenchmark -sn HazelcastNode -ds ${ver}tx-setAll-bs-6-1-backup,-hzcfg ${SCRIPT_DIR}/../config/hz-config.xml --hzClientConfig ${SCRIPT_DIR}/../config/hz-client-config.xml --clientMode -nn ${nodesNum} -b ${b} -w ${w} -d ${d} -t ${t}  ${sm} --readBackups -bs 6 -dn HazelcastGetAllSetAllTxOptimisticBenchmark -sn HazelcastNode -ds ${ver}tx-optimistic-getAllSetAll-bs-6-1-backup,-hzcfg ${SCRIPT_DIR}/../config/hz-config.xml --hzClientConfig ${SCRIPT_DIR}/../config/hz-client-config.xml --clientMode -nn ${nodesNum} -b ${b} -w ${w} -d ${d} -t ${t}  ${sm} --readBackups -bs 6 -dn HazelcastGetAllSetAllTxPessimisticBenchmark -sn HazelcastNode -ds ${ver}tx-pessimistic-getAllSetAll-bs-6-1-backup,", DRIVER_HOSTS=172.31.46.6, t=64, BENCHMARK_PACKAGES=org.yardstickframework, w=60, BENCHMARK_LABEL=hazelcast, sm="--syncBackups", AUTO_COPY=false, RESTART_SERVERS=true}, shutdownHook=true, currentFolder=/home/ubuntu/date-2504-221749-s-4-c-1-ver-3.8.1-f1e9264, scriptsFolder=/home/ubuntu/date-2504-221749-s-4-c-1-ver-3.8.1-f1e9264/yardstick/bin, logsFolder=/home/ubuntu/date-2504-221749-s-4-c-1-ver-3.8.1-f1e9264/yardstick/bin/../output/logs-20170425-221800/logs_drivers, outputFolder=/home/ubuntu/date-2504-221749-s-4-c-1-ver-3.8.1-f1e9264/yardstick/bin/../output/results-20170425-221800, outputWriter=java.io.PrintStream@22633a24, errorWriter=java.io.PrintStream@265cbab0, descriptions=[3.8.1-f1e9264-atomic-setAll-bs-6-1-backup], hostName=]
--Description: 3.8.1-f1e9264-atomic-setAll-bs-6-1-backup
@@HazelcastPutAllBenchmark
**"Time, sec","Memory Used, KB","Memory Buffered, KB","Memory Cached, KB","Memory Free, KB","CPU User, %","CPU System, %","CPU Idle, %","CPU Wait, %","CPU Hardware Interrupts","CPU Software Interrupts","Disk Read, B","Disk Write, B","Network Receive, B","Network Send, B","Page In, B","Page Out, B","System Interrupts, per sec","System Context Switches, per sec"
1493161835,1182720.00,162816.00,5313536.00,56203673.60,2.00,3.00,95.00,0.00,0.00,1.00,0.00,0.00,7131136.00,17825792.00,0.00,0.00,217088.00,227328.00
1493161836,1183744.00,162816.00,5313536.00,56203673.60,4.00,3.00,93.00,0.00,0.00,1.00,0.00,0.00,6992896.00,16777216.00,0.00,0.00,214016.00,221184.00
1493161837,1183744.00,162816.00,5313536.00,56203673.60,3.00,3.00,93.00,0.00,0.00,1.00,0.00,0.00,6706176.00,16777216.00,0.00,0.00,207872.00,212992.00
1493161838,1183744.00,162816.00,5313536.00,56203673.60,3.00,1.00,95.00,1.00,0.00,0.00,0.00,147456.00,6364160.00,15728640.00,0.00,0.00,204800.00,207872.00
1493161839,1183744.00,162816.00,5313536.00,56203673.60,2.00,3.00,94.00,0.00,0.00,1.00,0.00,0.00,6949888.00,16777216.00,0.00,0.00,218112.00,226304.00
1493161840,1183744.00,162816.00,5313536.00,56203673.60,4.00,3.00,93.00,0.00,0.00,0.00,0.00,0.00,6929408.00,16777216.00,0.00,0.00,211968.00,221184.00
1493161841,1183744.00,162816.00,5313536.00,56203673.60,3.00,3.00,94.00,0.00,0.00,1.00,0.00,16384.00,6593536.00,15728640.00,0.00,0.00,203776.00,211968.00
1493161842,1183744.00,162816.00,5313536.00,56203673.60,2.00,3.00,94.00,0.00,0.00,1.00,0.00,0.00,7051264.00,17825792.00,0.00,0.00,219136.00,227328.00
1493161843,1184768.00,162816.00,5313536.00,56203673.60,4.00,3.00,93.00,0.00,0.00,1.00,0.00,139264.00,6591488.00,15728640.00,0.00,0.00,202752.00,210944.00
1493161844,1183744.00,162816.00,5313536.00,56203673.60,2.00,3.00,94.00,0.00,0.00,1.00,0.00,0.00,7124992.00,17825792.00,0.00,0.00,216064.00,226304.00
1493161845,1183744.00,162816.00,5313536.00,56203673.60,4.00,2.00,93.00,0.00,0.00,1.00,0.00,0.00,6611968.00,15728640.00,0.00,0.00,204800.00,211968.00
1493161846,1183744.00,162816.00,5313536.00,56203673.60,2.00,3.00,93.00,0.00,0.00,1.00,0.00,557056.00,7083008.00,17825792.00,0.00,0.00,220160.00,227328.00
1493161847,1183744.00,162816.00,5313536.00,56203673.60,3.00,2.00,94.00,0.00,0.00,1.00,0.00,0.00,6770688.00,16777216.00,0.00,0.00,206848.00,216064.00
1493161848,1185792.00,162816.00,5313536.00,56203673.60,3.00,2.00,93.00,0.00,0.00,1.00,0.00,278528.00,6875136.00,16777216.00,0.00,0.00,211968.00,220160.00
1493161849,1185792.00,162816.00,5313536.00,56203673.60,2.00,2.00,95.00,0.00,0.00,1.00,0.00,0.00,6768640.00,16777216.00,0.00,0.00,209920.00,217088.00
1493161850,1185792.00,162816.00,5313536.00,56203673.60,3.00,2.00,94.00,0.00,0.00,1.00,0.00,0.00,6916096.00,16777216.00,0.00,0.00,217088.00,222208.00
1493161851,1185792.00,162816.00,5313536.00,56203673.60,2.00,2.00,96.00,0.00,0.00,1.00,0.00,0.00,6957056.00,16777216.00,0.00,0.00,216064.00,221184.00
1493161852,1186816.00,162816.00,5313536.00,56203673.60,2.00,3.00,94.00,0.00,0.00,1.00,0.00,0.00,6649856.00,16777216.00,0.00,0.00,205824.00,211968.00
1493161853,1185792.00,162816.00,5313536.00,56203673.60,1.00,2.00,96.00,0.00,0.00,1.00,0.00,122880.00,6766592.00,16777216.00,0.00,0.00,204800.00,216064.00
1493161854,1185792.00,162816.00,5313536.00,56203673.60,3.00,3.00,93.00,0.00,0.00,1.00,0.00,0.00,7074816.00,17825792.00,0.00,0.00,216064.00,224256.00
1493161855,1185792.00,162816.00,5313536.00,56203673.60,2.00,4.00,93.00,0.00,0.00,1.00,0.00,0.00,7079936.00,17825792.00,0.00,0.00,217088.00,225280.00
1493161856,1185792.00,162816.00,5313536.00,56203673.60,3.00,2.00,95.00,0.00,0.00,1.00,0.00,40960.00,6684672.00,16777216.00,0.00,0.00,206848.00,212992.00
1493161857,1184768.00,162816.00,5313536.00,56203673.60,4.00,3.00,92.00,0.00,0.00,1.00,0.00,0.00,7037952.00,16777216.00,0.00,0.00,217088.00,225280.00
1493161858,1185792.00,162816.00,5313536.00,56203673.60,2.00,3.00,94.00,0.00,0.00,1.00,0.00,122880.00,6814720.00,16777216.00,0.00,0.00,210944.00,217088.00
1493161859,1185792.00,162816.00,5313536.00,56203673.60,3.00,2.00,94.00,0.00,0.00,1.00,0.00,0.00,7024640.00,16777216.00,0.00,0.00,212992.00,222208.00
1493161860,1185792.00,162816.00,5313536.00,56203673.60,1.00,3.00,95.00,0.00,0.00,0.00,0.00,0.00,7015424.00,16777216.00,0.00,0.00,214016.00,221184.00
1493161861,1186816.00,162816.00,5313536.00,56203673.60,4.00,2.00,93.00,0.00,0.00,1.00,0.00,0.00,6382592.00,15728640.00,0.00,0.00,200704.00,206848.00
1493161862,1185792.00,162816.00,5313536.00,56203673.60,2.00,2.00,95.00,0.00,0.00,1.00,0.00,0.00,6647808.00,16777216.00,0.00,0.00,201728.00,210944.00
1493161863,1185792.00,162816.00,5313536.00,56203673.60,4.00,3.00,93.00,0.00,0.00,1.00,0.00,122880.00,6757376.00,16777216.00,0.00,0.00,203776.00,214016.00
1493161864,1185792.00,162816.00,5313536.00,56203673.60,1.00,3.00,95.00,0.00,0.00,1.00,0.00,0.00,6749184.00,16777216.00,0.00,0.00,207872.00,216064.00
1493161865,1185792.00,162816.00,5313536.00,56203673.60,2.00,2.00,95.00,0.00,0.00,1.00,0.00,0.00,6712320.00,16777216.00,0.00,0.00,202752.00,212992.00
1493161866,1185792.00,162816.00,5313536.00,56203673.60,1.00,1.00,97.00,0.00,0.00,0.00,0.00,8192.00,5270528.00,12582912.00,0.00,0.00,163840.00,169984.00
1493161867,1185792.00,162816.00,5313536.00,56203673.60,3.00,2.00,94.00,0.00,0.00,0.00,0.00,0.00,6144000.00,14680064.00,0.00,0.00,191488.00,198656.00
1493161868,1185792.00,162816.00,5313536.00,56203673.60,3.00,2.00,94.00,0.00,0.00,1.00,0.00,122880.00,6896640.00,16777216.00,0.00,0.00,209920.00,218112.00
1493161869,1186816.00,162816.00,5313536.00,56203673.60,2.00,3.00,95.00,0.00,0.00,0.00,0.00,0.00,6852608.00,16777216.00,0.00,0.00,206848.00,216064.00
1493161870,1185792.00,162816.00,5313536.00,56203673.60,4.00,3.00,92.00,0.00,0.00,1.00,0.00,0.00,6887424.00,16777216.00,0.00,0.00,216064.00,223232.00
1493161871,1185792.00,162816.00,5313536.00,56203673.60,2.00,3.00,95.00,0.00,0.00,1.00,0.00,40960.00,6645760.00,16777216.00,0.00,0.00,212992.00,220160.00
1493161872,1186816.00,162816.00,5313536.00,56203673.60,3.00,3.00,94.00,0.00,0.00,0.00,0.00,0.00,6708224.00,16777216.00,0.00,0.00,208896.00,216064.00
1493161873,1185792.00,162816.00,5313536.00,56203673.60,2.00,2.00,94.00,0.00,0.00,1.00,0.00,139264.00,6910976.00,16777216.00,0.00,0.00,212992.00,222208.00
1493161874,1185792.00,162816.00,5313536.00,56203673.60,2.00,2.00,95.00,0.00,0.00,0.00,0.00,0.00,6687744.00,16777216.00,0.00,0.00,218112.00,223232.00
1493161875,1185792.00,162816.00,5313536.00,56203673.60,2.00,3.00,95.00,0.00,0.00,1.00,0.00,0.00,6757376.00,16777216.00,0.00,0.00,206848.00,216064.00
1493161876,1186816.00,162816.00,5313536.00,56203673.60,3.00,3.00,94.00,0.00,0.00,0.00,0.00,16384.00,7005184.00,16777216.00,0.00,0.00,212992.00,223232.00
1493161877,1186816.00,162816.00,5313536.00,56203673.60,3.00,2.00,94.00,0.00,0.00,1.00,0.00,0.00,6875136.00,16777216.00,0.00,0.00,214016.00,222208.00
1493161878,1186816.00,162816.00,5313536.00,56203673.60,1.00,3.00,95.00,0.00,0.00,1.00,0.00,139264.00,6406144.00,15728640.00,0.00,0.00,204800.00,209920.00
1493161879,1186816.00,162816.00,5313536.00,56203673.60,3.00,2.00,94.00,0.00,0.00,1.00,0.00,0.00,6894592.00,16777216.00,0.00,0.00,210944.00,220160.00
1493161880,1186816.00,162816.00,5313536.00,56203673.60,2.00,2.00,95.00,0.00,0.00,0.00,0.00,0.00,6785024.00,16777216.00,0.00,0.00,211968.00,218112.00
1493161881,1186816.00,162816.00,5313536.00,56203673.60,3.00,2.00,94.00,0.00,0.00,1.00,0.00,548864.00,6846464.00,16777216.00,0.00,0.00,212992.00,221184.00
1493161882,1185792.00,162816.00,5313536.00,56203673.60,2.00,2.00,96.00,0.00,0.00,1.00,0.00,0.00,6993920.00,16777216.00,0.00,0.00,222208.00,228352.00
1493161883,1186816.00,162816.00,5313536.00,56203673.60,3.00,2.00,94.00,0.00,0.00,1.00,0.00,245760.00,6800384.00,16777216.00,0.00,0.00,204800.00,217088.00
1493161884,1186816.00,162816.00,5313536.00,56203673.60,1.00,2.00,97.00,0.00,0.00,1.00,0.00,0.00,7145472.00,17825792.00,0.00,0.00,221184.00,229376.00
1493161885,1185792.00,162816.00,5313536.00,56203673.60,3.00,2.00,95.00,0.00,0.00,0.00,0.00,0.00,6838272.00,16777216.00,0.00,0.00,218112.00,222208.00
1493161886,1186816.00,162816.00,5313536.00,56203673.60,2.00,2.00,95.00,0.00,0.00,1.00,0.00,40960.00,6340608.00,15728640.00,0.00,0.00,197632.00,204800.00
1493161887,1185792.00,162816.00,5313536.00,56203673.60,1.00,2.00,96.00,0.00,0.00,1.00,0.00,0.00,6892544.00,16777216.00,0.00,0.00,212992.00,221184.00
1493161888,1186816.00,162816.00,5313536.00,56203673.60,3.00,3.00,94.00,0.00,0.00,1.00,0.00,122880.00,6727680.00,16777216.00,0.00,0.00,202752.00,214016.00
1493161889,1186816.00,162816.00,5313536.00,56203673.60,1.00,3.00,96.00,0.00,0.00,0.00,0.00,0.00,6354944.00,15728640.00,0.00,0.00,197632.00,206848.00
1493161890,1186816.00,162816.00,5313536.00,56203673.60,3.00,3.00,94.00,0.00,0.00,1.00,0.00,0.00,6896640.00,16777216.00,0.00,0.00,215040.00,224256.00
1493161891,1186816.00,162816.00,5313536.00,56203673.60,1.00,3.00,95.00,0.00,0.00,0.00,0.00,0.00,6675456.00,16777216.00,0.00,0.00,203776.00,212992.00
1493161892,1186816.00,162816.00,5313536.00,56203673.60,2.00,3.00,95.00,0.00,0.00,0.00,0.00,0.00,6362112.00,15728640.00,0.00,0.00,194560.00,203776.00
1493161893,1186816.00,162816.00,5313536.00,56203673.60,1.00,1.00,97.00,0.00,0.00,1.00,0.00,122880.00,6317056.00,15728640.00,0.00,0.00,199680.00,206848.00
1493161894,1185792.00,162816.00,5313536.00,56203673.60,2.00,1.00,97.00,0.00,0.00,0.00,0.00,0.00,5142528.00,12582912.00,0.00,0.00,168960.00,173056.00
1493161895,1186816.00,162816.00,5313536.00,56203673.60,1.00,3.00,95.00,0.00,0.00,1.00,0.00,0.00,6256640.00,15728640.00,0.00,0.00,197632.00,203776.00
1493161896,1186816.00,162816.00,5313536.00,56203673.60,3.00,3.00,94.00,0.00,0.00,1.00,0.00,0.00,6906880.00,16777216.00,0.00,0.00,212992.00,221184.00
1493161897,1186816.00,162816.00,5313536.00,56203673.60,1.00,3.00,95.00,0.00,0.00,1.00,0.00,0.00,7080960.00,17825792.00,0.00,0.00,218112.00,226304.00
1493161898,1185792.00,162816.00,5313536.00,56203673.60,3.00,2.00,93.00,0.00,0.00,1.00,0.00,122880.00,6557696.00,15728640.00,0.00,0.00,204800.00,211968.00
1493161899,1185792.00,162816.00,5313536.00,56203673.60,3.00,2.00,94.00,0.00,0.00,1.00,0.00,0.00,6872064.00,16777216.00,0.00,0.00,215040.00,221184.00
1493161900,1185792.00,162816.00,5313536.00,56203673.60,2.00,3.00,94.00,0.00,0.00,1.00,0.00,0.00,6809600.00,16777216.00,0.00,0.00,212992.00,220160.00
1493161901,1186816.00,162816.00,5313536.00,56203673.60,3.00,3.00,92.00,0.00,0.00,1.00,0.00,16384.00,7058432.00,17825792.00,0.00,0.00,212992.00,225280.00
1493161902,1185792.00,162816.00,5313536.00,56203673.60,2.00,3.00,94.00,0.00,0.00,1.00,0.00,0.00,6755328.00,16777216.00,0.00,0.00,210944.00,218112.00
1493161903,1186816.00,162816.00,5313536.00,56203673.60,3.00,3.00,93.00,0.00,0.00,1.00,0.00,139264.00,6641664.00,16777216.00,0.00,0.00,203776.00,214016.00
1493161904,1185792.00,162816.00,5313536.00,56203673.60,1.00,2.00,96.00,0.00,0.00,1.00,0.00,0.00,7009280.00,16777216.00,0.00,0.00,220160.00,226304.00
1493161905,1186816.00,162816.00,5313536.00,56203673.60,3.00,3.00,93.00,0.00,0.00,1.00,0.00,0.00,6700032.00,16777216.00,0.00,0.00,208896.00,215040.00
1493161906,1185792.00,162816.00,5313536.00,56203673.60,1.00,3.00,96.00,0.00,0.00,1.00,0.00,40960.00,6696960.00,16777216.00,0.00,0.00,209920.00,216064.00
1493161907,1186816.00,162816.00,5313536.00,56203673.60,3.00,2.00,95.00,0.00,0.00,0.00,0.00,0.00,6804480.00,16777216.00,0.00,0.00,214016.00,223232.00
1493161908,1186816.00,162816.00,5313536.00,56203673.60,3.00,3.00,94.00,0.00,0.00,0.00,0.00,139264.00,6964224.00,16777216.00,0.00,0.00,214016.00,223232.00
1493161909,1185792.00,162816.00,5313536.00,56203673.60,2.00,3.00,94.00,0.00,0.00,1.00,0.00,0.00,7101440.00,17825792.00,0.00,0.00,211968.00,225280.00
1493161910,1186816.00,162816.00,5313536.00,56203673.60,3.00,3.00,93.00,0.00,0.00,0.00,0.00,0.00,6963200.00,16777216.00,0.00,0.00,217088.00,224256.00
1493161911,1186816.00,162816.00,5313536.00,56203673.60,1.00,2.00,96.00,0.00,0.00,1.00,0.00,49152.00,6599680.00,15728640.00,0.00,0.00,204800.00,210944.00
1493161912,1185792.00,162816.00,5313536.00,56203673.60,3.00,2.00,93.00,0.00,0.00,1.00,0.00,0.00,6985728.00,16777216.00,0.00,0.00,214016.00,223232.00
1493161913,1187840.00,162816.00,5313536.00,56203673.60,2.00,3.00,95.00,0.00,0.00,1.00,0.00,172032.00,6787072.00,16777216.00,0.00,0.00,208896.00,217088.00
1493161914,1185792.00,162816.00,5313536.00,56203673.60,3.00,3.00,94.00,0.00,0.00,0.00,0.00,0.00,6692864.00,16777216.00,0.00,0.00,204800.00,212992.00
1493161915,1186816.00,162816.00,5313536.00,56203673.60,3.00,3.00,94.00,0.00,0.00,1.00,0.00,0.00,7161856.00,17825792.00,0.00,0.00,221184.00,228352.00
1493161916,1185792.00,162816.00,5313536.00,56203673.60,1.00,3.00,95.00,0.00,0.00,1.00,0.00,581632.00,6774784.00,16777216.00,0.00,0.00,207872.00,215040.00
1493161917,1186816.00,162816.00,5313536.00,56203673.60,3.00,2.00,94.00,0.00,0.00,1.00,0.00,0.00,6473728.00,15728640.00,0.00,0.00,198656.00,206848.00
1493161918,1185792.00,162816.00,5313536.00,56203673.60,2.00,3.00,94.00,0.00,0.00,1.00,0.00,237568.00,7085056.00,17825792.00,0.00,0.00,218112.00,227328.00
1493161919,1185792.00,162816.00,5313536.00,56203673.60,3.00,4.00,92.00,0.00,0.00,1.00,0.00,0.00,6910976.00,16777216.00,0.00,0.00,209920.00,220160.00
1493161920,1185792.00,162816.00,5313536.00,56203673.60,1.00,2.00,96.00,0.00,0.00,0.00,0.00,0.00,6615040.00,16777216.00,0.00,0.00,202752.00,212992.00
1493161921,1186816.00,162816.00,5313536.00,56203673.60,3.00,1.00,95.00,0.00,0.00,0.00,0.00,0.00,6445056.00,15728640.00,0.00,0.00,199680.00,207872.00
1493161922,1185792.00,162816.00,5313536.00,56203673.60,1.00,2.00,96.00,0.00,0.00,0.00,0.00,0.00,6369280.00,15728640.00,0.00,0.00,202752.00,206848.00
1493161923,1186816.00,162816.00,5313536.00,56203673.60,3.00,3.00,93.00,0.00,0.00,1.00,0.00,122880.00,6838272.00,16777216.00,0.00,0.00,208896.00,218112.00
1493161924,1186816.00,162816.00,5313536.00,56203673.60,2.00,4.00,93.00,0.00,0.00,1.00,0.00,0.00,6524928.00,15728640.00,0.00,0.00,204800.00,211968.00
1493161925,1188864.00,162816.00,5313536.00,56203673.60,2.00,3.00,94.00,0.00,0.00,1.00,0.00,0.00,6739968.00,16777216.00,0.00,0.00,208896.00,218112.00
1493161926,1188864.00,162816.00,5313536.00,56203673.60,3.00,2.00,94.00,0.00,0.00,1.00,0.00,0.00,6883328.00,16777216.00,0.00,0.00,209920.00,220160.00
1493161927,1188864.00,162816.00,5313536.00,56203673.60,1.00,2.00,97.00,0.00,0.00,0.00,0.00,0.00,5001216.00,12582912.00,0.00,0.00,154624.00,160768.00
1493161928,1190912.00,162816.00,5313536.00,56203673.60,4.00,2.00,93.00,0.00,0.00,1.00,0.00,122880.00,6549504.00,15728640.00,0.00,0.00,202752.00,211968.00
1493161929,1190912.00,162816.00,5313536.00,56203673.60,1.00,3.00,94.00,0.00,0.00,1.00,0.00,0.00,6835200.00,16777216.00,0.00,0.00,214016.00,220160.00
1493161930,1188864.00,162816.00,5313536.00,56203673.60,3.00,2.00,94.00,0.00,0.00,1.00,0.00,0.00,6441984.00,15728640.00,0.00,0.00,197632.00,204800.00
1493161931,1188864.00,162816.00,5313536.00,56203673.60,2.00,3.00,94.00,0.00,0.00,1.00,0.00,0.00,6769664.00,16777216.00,0.00,0.00,207872.00,217088.00
1493161932,1189888.00,162816.00,5313536.00,56203673.60,4.00,3.00,93.00,0.00,0.00,1.00,0.00,0.00,7278592.00,17825792.00,0.00,0.00,223232.00,232448.00
1493161933,1188864.00,162816.00,5313536.00,56203673.60,2.00,3.00,94.00,0.00,0.00,1.00,0.00,131072.00,6800384.00,16777216.00,0.00,0.00,207872.00,216064.00
1493161934,1189888.00,162816.00,5313536.00,56203673.60,3.00,3.00,94.00,0.00,0.00,1.00,0.00,0.00,6683648.00,16777216.00,0.00,0.00,203776.00,214016.00
1493161935,1188864.00,162816.00,5313536.00,56203673.60,3.00,2.00,94.00,0.00,0.00,1.00,0.00,0.00,6598656.00,15728640.00,0.00,0.00,201728.00,211968.00
1493161936,1189888.00,162816.00,5313536.00,56203673.60,2.00,3.00,95.00,0.00,0.00,1.00,0.00,16384.00,7117824.00,17825792.00,0.00,0.00,220160.00,228352.00
1493161937,1188864.00,162816.00,5313536.00,56203673.60,4.00,2.00,93.00,0.00,0.00,1.00,0.00,0.00,6985728.00,16777216.00,0.00,0.00,214016.00,223232.00
1493161938,1188864.00,162816.00,5313536.00,56203673.60,1.00,3.00,96.00,0.00,0.00,1.00,0.00,139264.00,6867968.00,16777216.00,0.00,0.00,209920.00,220160.00
1493161939,1188864.00,162816.00,5313536.00,56203673.60,4.00,4.00,92.00,0.00,0.00,1.00,0.00,0.00,7019520.00,17825792.00,0.00,0.00,214016.00,224256.00
1493161940,1187840.00,162816.00,5313536.00,56203673.60,2.00,3.00,94.00,0.00,0.00,1.00,0.00,0.00,7171072.00,17825792.00,0.00,0.00,217088.00,227328.00
1493161941,1189888.00,162816.00,5313536.00,56203673.60,3.00,2.00,94.00,0.00,0.00,1.00,0.00,57344.00,6679552.00,16777216.00,0.00,0.00,207872.00,215040.00
1493161942,1189888.00,162816.00,5313536.00,56203673.60,2.00,3.00,94.00,0.00,0.00,1.00,0.00,0.00,6774784.00,16777216.00,0.00,0.00,208896.00,217088.00
1493161943,1189888.00,162816.00,5313536.00,56203673.60,2.00,2.00,96.00,0.00,0.00,0.00,0.00,172032.00,6832128.00,16777216.00,0.00,0.00,211968.00,219136.00
1493161944,1190912.00,162816.00,5313536.00,56203673.60,3.00,4.00,92.00,0.00,0.00,0.00,0.00,0.00,6987776.00,16777216.00,0.00,0.00,218112.00,225280.00
1493161945,1189888.00,162816.00,5313536.00,56203673.60,2.00,3.00,94.00,0.00,0.00,1.00,0.00,0.00,7155712.00,17825792.00,0.00,0.00,221184.00,229376.00
1493161946,1188864.00,162816.00,5313536.00,56203673.60,3.00,2.00,94.00,0.00,0.00,1.00,0.00,98304.00,6737920.00,16777216.00,0.00,0.00,208896.00,217088.00
1493161947,1188864.00,162816.00,5313536.00,56203673.60,1.00,3.00,95.00,0.00,0.00,1.00,0.00,0.00,7002112.00,16777216.00,0.00,0.00,216064.00,224256.00
1493161948,1188864.00,162816.00,5313536.00,56203673.60,3.00,4.00,92.00,0.00,0.00,1.00,0.00,180224.00,6890496.00,16777216.00,0.00,0.00,216064.00,223232.00
1493161949,1188864.00,162816.00,5313536.00,56203673.60,3.00,2.00,94.00,0.00,0.00,1.00,0.00,0.00,6788096.00,16777216.00,0.00,0.00,208896.00,216064.00
1493161950,1188864.00,162816.00,5313536.00,56203673.60,1.00,3.00,95.00,0.00,0.00,1.00,0.00,0.00,6946816.00,16777216.00,0.00,0.00,217088.00,224256.00
1493161951,1188864.00,162816.00,5313536.00,56203673.60,3.00,2.00,94.00,0.00,0.00,1.00,0.00,540672.00,6653952.00,16777216.00,0.00,0.00,204800.00,212992.00
1493161952,1189888.00,162816.00,5313536.00,56203673.60,1.00,3.00,95.00,0.00,0.00,1.00,0.00,0.00,6597632.00,15728640.00,0.00,0.00,203776.00,210944.00
1493161953,1188864.00,162816.00,5313536.00,56203673.60,3.00,2.00,94.00,0.00,0.00,0.00,0.00,212992.00,6962176.00,16777216.00,0.00,0.00,215040.00,223232.00
1493161954,1188864.00,162816.00,5313536.00,56203673.60,2.00,3.00,95.00,0.00,0.00,1.00,0.00,0.00,6743040.00,16777216.00,0.00,0.00,208896.00,216064.00
1493161955,1188864.00,162816.00,5313536.00,56203673.60,3.00,2.00,95.00,0.00,0.00,0.00,0.00,0.00,6148096.00,14680064.00,0.00,0.00,189440.00,197632.00
1493161956,1188864.00,162816.00,5313536.00,56203673.60,1.00,2.00,96.00,0.00,0.00,1.00,0.00,0.00,6115328.00,14680064.00,0.00,0.00,192512.00,198656.00
1493161957,1189888.00,162816.00,5313536.00,56203673.60,3.00,2.00,94.00,0.00,0.00,1.00,0.00,0.00,6265856.00,15728640.00,0.00,0.00,197632.00,203776.00
1493161958,1188864.00,162816.00,5313536.00,56203673.60,2.00,3.00,95.00,0.00,0.00,0.00,0.00,122880.00,6958080.00,16777216.00,0.00,0.00,220160.00,225280.00
1493161959,1189888.00,162816.00,5313536.00,56203673.60,3.00,2.00,94.00,0.00,0.00,1.00,0.00,0.00,6989824.00,16777216.00,0.00,0.00,214016.00,221184.00
1493161960,1189888.00,162816.00,5313536.00,56203673.60,3.00,1.00,95.00,0.00,0.00,1.00,0.00,0.00,6711296.00,16777216.00,0.00,0.00,203776.00,214016.00
1493161961,1188864.00,162816.00,5313536.00,56203673.60,2.00,3.00,95.00,0.00,0.00,1.00,0.00,8192.00,6890496.00,16777216.00,0.00,0.00,212992.00,223232.00
1493161962,1189888.00,162816.00,5313536.00,56203673.60,3.00,3.00,94.00,0.00,0.00,1.00,0.00,0.00,6585344.00,15728640.00,0.00,0.00,206848.00,214016.00
1493161963,1188864.00,162816.00,5313536.00,56203673.60,2.00,2.00,95.00,0.00,0.00,1.00,0.00,122880.00,7005184.00,16777216.00,0.00,0.00,216064.00,224256.00
1493161964,1188864.00,162816.00,5313536.00,56203673.60,4.00,1.00,94.00,0.00,0.00,1.00,0.00,0.00,6667264.00,16777216.00,0.00,0.00,215040.00,222208.00
1493161965,1188864.00,162816.00,5313536.00,56203673.60,2.00,3.00,95.00,0.00,0.00,1.00,0.00,0.00,6627328.00,16777216.00,0.00,0.00,209920.00,215040.00
1493161966,1188864.00,162816.00,5313536.00,56203673.60,3.00,3.00,94.00,0.00,0.00,0.00,0.00,0.00,6647808.00,16777216.00,0.00,0.00,204800.00,212992.00
1493161967,1188864.00,162816.00,5313536.00,56203673.60,2.00,3.00,94.00,0.00,0.00,1.00,0.00,0.00,7343104.00,17825792.00,0.00,0.00,228352.00,235520.00
1493161968,1188864.00,162816.00,5313536.00,56203673.60,2.00,3.00,95.00,0.00,0.00,0.00,0.00,122880.00,6392832.00,15728640.00,0.00,0.00,198656.00,205824.00
1493161969,1188864.00,162816.00,5313536.00,56203673.60,3.00,2.00,93.00,0.00,0.00,1.00,0.00,0.00,6851584.00,16777216.00,0.00,0.00,214016.00,222208.00
1493161970,1188864.00,162816.00,5313536.00,56203673.60,2.00,3.00,95.00,0.00,0.00,1.00,0.00,0.00,6927360.00,16777216.00,0.00,0.00,217088.00,224256.00
1493161971,1189888.00,162816.00,5313536.00,56203673.60,3.00,3.00,94.00,0.00,0.00,0.00,0.00,16384.00,6791168.00,16777216.00,0.00,0.00,206848.00,216064.00
1493161972,1189888.00,162816.00,5313536.00,56203673.60,2.00,3.00,94.00,0.00,0.00,1.00,0.00,0.00,6563840.00,15728640.00,0.00,0.00,205824.00,211968.00
1493161973,1189888.00,162816.00,5313536.00,56203673.60,2.00,2.00,96.00,0.00,0.00,1.00,0.00,139264.00,6103040.00,14680064.00,0.00,0.00,189440.00,198656.00
1493161974,1189888.00,162816.00,5313536.00,56203673.60,1.00,2.00,97.00,0.00,0.00,1.00,0.00,0.00,6210560.00,15728640.00,0.00,0.00,198656.00,204800.00
1493161975,1189888.00,162816.00,5313536.00,56203673.60,3.00,2.00,94.00,0.00,0.00,1.00,0.00,0.00,6715392.00,16777216.00,0.00,0.00,214016.00,222208.00
1493161976,1189888.00,162816.00,5313536.00,56203673.60,2.00,2.00,96.00,0.00,0.00,1.00,0.00,98304.00,6715392.00,16777216.00,0.00,0.00,205824.00,216064.00
1493161977,1188864.00,162816.00,5313536.00,56203673.60,3.00,3.00,94.00,0.00,0.00,0.00,0.00,0.00,6883328.00,16777216.00,0.00,0.00,211968.00,222208.00
1493161978,1188864.00,162816.00,5313536.00,56203673.60,3.00,3.00,93.00,0.00,0.00,1.00,0.00,172032.00,7208960.00,17825792.00,0.00,0.00,221184.00,230400.00
1493161979,1189888.00,162816.00,5313536.00,56203673.60,1.00,3.00,95.00,0.00,0.00,1.00,0.00,0.00,6770688.00,16777216.00,0.00,0.00,208896.00,217088.00
1493161980,1188864.00,162816.00,5313536.00,56203673.60,3.00,3.00,94.00,0.00,0.00,0.00,0.00,0.00,6561792.00,15728640.00,0.00,0.00,202752.00,209920.00
1493161981,1188864.00,162816.00,5313536.00,56203673.60,2.00,2.00,95.00,0.00,0.00,0.00,0.00,65536.00,6805504.00,16777216.00,0.00,0.00,205824.00,218112.00
1493161982,1188864.00,162816.00,5313536.00,56203673.60,2.00,2.00,95.00,0.00,0.00,1.00,0.00,0.00,5947392.00,14680064.00,0.00,0.00,186368.00,193536.00
1493161983,1189888.00,162816.00,5313536.00,56203673.60,1.00,2.00,96.00,0.00,0.00,0.00,0.00,204800.00,6845440.00,16777216.00,0.00,0.00,206848.00,218112.00
1493161984,1188864.00,162816.00,5313536.00,56203673.60,3.00,3.00,93.00,0.00,0.00,1.00,0.00,0.00,6962176.00,16777216.00,0.00,0.00,218112.00,225280.00
1493161985,1188864.00,162816.00,5313536.00,56203673.60,2.00,3.00,94.00,0.00,0.00,1.00,0.00,0.00,6800384.00,16777216.00,0.00,0.00,214016.00,220160.00
1493161986,1189888.00,162816.00,5313536.00,56203673.60,3.00,3.00,94.00,0.00,0.00,1.00,0.00,532480.00,6912000.00,16777216.00,0.00,0.00,215040.00,222208.00
1493161987,1188864.00,162816.00,5313536.00,56203673.60,2.00,2.00,95.00,0.00,0.00,0.00,0.00,0.00,6643712.00,16777216.00,0.00,0.00,199680.00,209920.00
1493161988,1188864.00,162816.00,5313536.00,56203673.60,1.00,3.00,96.00,0.00,0.00,1.00,0.00,188416.00,6572032.00,15728640.00,0.00,0.00,194560.00,205824.00
1493161989,1188864.00,162816.00,5313536.00,56203673.60,3.00,3.00,93.00,0.00,0.00,1.00,0.00,0.00,7024640.00,16777216.00,0.00,0.00,202752.00,219136.00
1493161990,1188864.00,162816.00,5313536.00,56203673.60,2.00,3.00,95.00,0.00,0.00,1.00,0.00,0.00,6672384.00,16777216.00,0.00,0.00,194560.00,208896.00
1493161991,1188864.00,162816.00,5313536.00,56203673.60,3.00,3.00,93.00,0.00,0.00,1.00,0.00,0.00,6572032.00,15728640.00,0.00,0.00,197632.00,209920.00
1493161992,1189888.00,162816.00,5313536.00,56203673.60,2.00,2.00,95.00,0.00,0.00,1.00,0.00,0.00,7333888.00,17825792.00,0.00,0.00,219136.00,232448.00
1493161993,1189888.00,162816.00,5313536.00,56203673.60,3.00,1.00,95.00,0.00,0.00,1.00,0.00,0.00,6462464.00,15728640.00,0.00,0.00,197632.00,206848.00
1493161994,1188864.00,162816.00,5313536.00,56203673.60,2.00,3.00,94.00,0.00,0.00,1.00,0.00,122880.00,7132160.00,17825792.00,0.00,0.00,221184.00,228352.00
1493161995,1189888.00,162816.00,5313536.00,56203673.60,3.00,3.00,94.00,0.00,0.00,1.00,0.00,0.00,6925312.00,16777216.00,0.00,0.00,207872.00,219136.00
1493161996,1189888.00,162816.00,5313536.00,56203673.60,3.00,2.00,94.00,0.00,0.00,1.00,0.00,0.00,6660096.00,16777216.00,0.00,0.00,204800.00,212992.00
1493161997,1189888.00,162816.00,5313536.00,56203673.60,2.00,3.00,94.00,0.00,0.00,1.00,0.00,0.00,7251968.00,17825792.00,0.00,0.00,219136.00,230400.00
1493161998,1188864.00,162816.00,5313536.00,56203673.60,4.00,2.00,93.00,0.00,0.00,1.00,0.00,0.00,6750208.00,16777216.00,0.00,0.00,205824.00,215040.00
1493161999,1188864.00,162816.00,5313536.00,56203673.60,1.00,3.00,95.00,0.00,0.00,1.00,0.00,122880.00,6838272.00,16777216.00,0.00,0.00,209920.00,218112.00
1493162000,1188864.00,162816.00,5314560.00,56203673.60,3.00,3.00,93.00,0.00,0.00,1.00,0.00,0.00,7330816.00,17825792.00,0.00,0.00,226304.00,235520.00
1493162001,1188864.00,162816.00,5314560.00,56203673.60,2.00,2.00,95.00,0.00,0.00,1.00,0.00,0.00,6644736.00,16777216.00,0.00,0.00,208896.00,214016.00
1493162002,1188864.00,162816.00,5314560.00,56203673.60,3.00,3.00,93.00,0.00,0.00,1.00,0.00,0.00,6703104.00,16777216.00,0.00,0.00,206848.00,214016.00
1493162003,1188864.00,162816.00,5314560.00,56203673.60,4.00,2.00,94.00,0.00,0.00,1.00,0.00,0.00,6998016.00,16777216.00,0.00,0.00,216064.00,223232.00
1493162004,1188864.00,162816.00,5314560.00,56203673.60,2.00,3.00,94.00,0.00,0.00,1.00,0.00,122880.00,6784000.00,16777216.00,0.00,0.00,208896.00,218112.00
1493162005,1188864.00,162816.00,5314560.00,56203673.60,2.00,2.00,95.00,0.00,0.00,1.00,0.00,0.00,6966272.00,16777216.00,0.00,0.00,215040.00,223232.00
1493162006,1188864.00,162816.00,5314560.00,56203673.60,2.00,3.00,95.00,0.00,0.00,1.00,0.00,57344.00,7027712.00,17825792.00,0.00,0.00,216064.00,225280.00
1493162007,1188864.00,162816.00,5314560.00,56203673.60,3.00,2.00,93.00,0.00,0.00,1.00,0.00,0.00,6245376.00,15728640.00,0.00,0.00,190464.00,199680.00
1493162008,1189888.00,162816.00,5314560.00,56203673.60,3.00,3.00,94.00,0.00,0.00,0.00,0.00,0.00,7291904.00,17825792.00,0.00,0.00,226304.00,234496.00
1493162009,1189888.00,162816.00,5314560.00,56203673.60,2.00,2.00,95.00,0.00,0.00,1.00,0.00,155648.00,6714368.00,16777216.00,0.00,0.00,208896.00,216064.00
1493162010,1189888.00,162816.00,5314560.00,56203673.60,2.00,3.00,95.00,0.00,0.00,1.00,0.00,0.00,6633472.00,16777216.00,0.00,0.00,204800.00,211968.00
1493162011,1188864.00,162816.00,5314560.00,56203673.60,3.00,3.00,94.00,0.00,0.00,0.00,0.00,49152.00,6977536.00,16777216.00,0.00,0.00,217088.00,224256.00
1493162012,1189888.00,162816.00,5314560.00,56203673.60,3.00,2.00,94.00,0.00,0.00,1.00,0.00,0.00,6814720.00,16777216.00,0.00,0.00,205824.00,217088.00
1493162013,1189888.00,162816.00,5314560.00,56203673.60,2.00,2.00,96.00,0.00,0.00,0.00,0.00,0.00,7075840.00,17825792.00,0.00,0.00,214016.00,225280.00
1493162014,1188864.00,162816.00,5314560.00,56203673.60,3.00,3.00,94.00,0.00,0.00,1.00,0.00,155648.00,6667264.00,16777216.00,0.00,0.00,209920.00,216064.00
1493162015,1188864.00,162816.00,5314560.00,56203673.60,1.00,2.00,96.00,0.00,0.00,1.00,0.00,0.00,6547456.00,15728640.00,0.00,0.00,204800.00,210944.00
1493162016,1189888.00,162816.00,5314560.00,56203673.60,3.00,3.00,94.00,0.00,0.00,0.00,0.00,65536.00,6912000.00,16777216.00,0.00,0.00,211968.00,220160.00
1493162017,1189888.00,162816.00,5314560.00,56203673.60,2.00,4.00,94.00,0.00,0.00,1.00,0.00,0.00,7024640.00,16777216.00,0.00,0.00,212992.00,223232.00
1493162018,1189888.00,162816.00,5314560.00,56203673.60,3.00,1.00,96.00,0.00,0.00,0.00,0.00,0.00,4908032.00,11534336.00,0.00,0.00,157696.00,161792.00
1493162019,1189888.00,162816.00,5314560.00,56203673.60,2.00,2.00,96.00,0.00,0.00,0.00,0.00,196608.00,6456320.00,15728640.00,0.00,0.00,204800.00,211968.00
1493162020,1189888.00,162816.00,5314560.00,56203673.60,2.00,2.00,95.00,0.00,0.00,1.00,0.00,0.00,6503424.00,15728640.00,0.00,0.00,206848.00,211968.00
1493162021,1188864.00,162816.00,5314560.00,56203673.60,1.00,2.00,95.00,0.00,0.00,1.00,0.00,540672.00,6199296.00,15728640.00,0.00,0.00,192512.00,198656.00
1493162022,1188864.00,162816.00,5314560.00,56203673.60,3.00,2.00,95.00,0.00,0.00,1.00,0.00,0.00,6922240.00,16777216.00,0.00,0.00,221184.00,225280.00
1493162023,1189888.00,162816.00,5314560.00,56203673.60,3.00,2.00,95.00,0.00,0.00,1.00,0.00,0.00,6536192.00,15728640.00,0.00,0.00,209920.00,214016.00
1493162024,1188864.00,162816.00,5314560.00,56203673.60,1.00,3.00,96.00,0.00,0.00,0.00,0.00,212992.00,6540288.00,15728640.00,0.00,0.00,199680.00,208896.00
1493162025,1189888.00,162816.00,5314560.00,56203673.60,3.00,2.00,95.00,0.00,0.00,0.00,0.00,0.00,6786048.00,16777216.00,0.00,0.00,212992.00,219136.00
1493162026,1189888.00,162816.00,5314560.00,56203673.60,3.00,3.00,94.00,0.00,0.00,1.00,0.00,0.00,7051264.00,17825792.00,0.00,0.00,220160.00,226304.00
1493162027,1189888.00,162816.00,5314560.00,56203673.60,3.00,3.00,93.00,0.00,0.00,1.00,0.00,0.00,6735872.00,16777216.00,0.00,0.00,205824.00,215040.00
1493162028,1189888.00,162816.00,5314560.00,56203673.60,1.00,3.00,95.00,0.00,0.00,1.00,0.00,0.00,7043072.00,16777216.00,0.00,0.00,221184.00,227328.00
1493162029,1188864.00,162816.00,5314560.00,56203673.60,3.00,2.00,94.00,0.00,0.00,1.00,0.00,122880.00,6722560.00,16777216.00,0.00,0.00,207872.00,215040.00
1493162030,1189888.00,162816.00,5314560.00,56203673.60,1.00,1.00,97.00,0.00,0.00,1.00,0.00,0.00,6983680.00,16777216.00,0.00,0.00,217088.00,225280.00
1493162031,1189888.00,162816.00,5314560.00,56203673.60,3.00,3.00,94.00,0.00,0.00,1.00,0.00,0.00,6955008.00,16777216.00,0.00,0.00,216064.00,224256.00
1493162032,1189888.00,162816.00,5314560.00,56203673.60,2.00,3.00,94.00,0.00,0.00,1.00,0.00,0.00,6300672.00,15728640.00,0.00,0.00,191488.00,200704.00
1493162033,1189888.00,162816.00,5314560.00,56203673.60,2.00,2.00,95.00,0.00,0.00,1.00,0.00,0.00,7099392.00,17825792.00,0.00,0.00,218112.00,226304.00
1493162034,1188864.00,162816.00,5314560.00,56203673.60,3.00,3.00,93.00,0.00,0.00,1.00,0.00,122880.00,7325696.00,17825792.00,0.00,0.00,226304.00,233472.00
1493162035,1189888.00,162816.00,5314560.00,56203673.60,2.00,2.00,96.00,0.00,0.00,1.00,0.00,0.00,6354944.00,15728640.00,0.00,0.00,194560.00,201728.00
1493162036,1188864.00,162816.00,5314560.00,56203673.60,2.00,3.00,95.00,0.00,0.00,0.00,0.00,40960.00,6850560.00,16777216.00,0.00,0.00,216064.00,222208.00
1493162037,1189888.00,162816.00,5314560.00,56203673.60,1.00,2.00,96.00,0.00,0.00,1.00,0.00,0.00,7184384.00,17825792.00,0.00,0.00,228352.00,233472.00
1493162038,1189888.00,162816.00,5314560.00,56203673.60,2.00,2.00,95.00,0.00,0.00,1.00,0.00,0.00,6265856.00,15728640.00,0.00,0.00,198656.00,202752.00
1493162039,1189888.00,163840.00,5314560.00,56203673.60,3.00,3.00,94.00,0.00,0.00,1.00,0.00,122880.00,7015424.00,17825792.00,0.00,0.00,218112.00,225280.00
1493162040,1189888.00,163840.00,5314560.00,56203673.60,2.00,2.00,95.00,0.00,0.00,1.00,0.00,0.00,6376448.00,15728640.00,0.00,0.00,196608.00,204800.00
1493162041,1189888.00,163840.00,5314560.00,56203673.60,3.00,2.00,94.00,0.00,0.00,1.00,0.00,16384.00,6547456.00,15728640.00,0.00,0.00,200704.00,212992.00
1493162042,1189888.00,163840.00,5314560.00,56203673.60,3.00,2.00,94.00,0.00,0.00,1.00,0.00,0.00,6967296.00,16777216.00,0.00,0.00,215040.00,224256.00
1493162043,1188864.00,163840.00,5314560.00,56203673.60,2.00,2.00,95.00,0.00,0.00,1.00,0.00,0.00,6185984.00,15728640.00,0.00,0.00,191488.00,198656.00
1493162044,1189888.00,163840.00,5314560.00,56203673.60,2.00,3.00,94.00,0.00,0.00,1.00,0.00,147456.00,6989824.00,16777216.00,0.00,0.00,217088.00,224256.00
1493162045,1190912.00,163840.00,5314560.00,56203673.60,3.00,2.00,94.00,0.00,0.00,1.00,0.00,0.00,7061504.00,17825792.00,0.00,0.00,219136.00,227328.00
1493162046,1190912.00,163840.00,5314560.00,56203673.60,2.00,2.00,95.00,0.00,0.00,1.00,0.00,65536.00,6466560.00,15728640.00,0.00,0.00,198656.00,207872.00
1493162047,1189888.00,163840.00,5314560.00,56203673.60,3.00,3.00,92.00,0.00,0.00,1.00,0.00,0.00,6866944.00,16777216.00,0.00,0.00,217088.00,221184.00
1493162048,1188864.00,163840.00,5314560.00,56203673.60,4.00,2.00,93.00,0.00,0.00,1.00,0.00,0.00,7100416.00,17825792.00,0.00,0.00,221184.00,229376.00
1493162049,1188864.00,163840.00,5314560.00,56203673.60,1.00,1.00,97.00,0.00,0.00,1.00,0.00,188416.00,6282240.00,15728640.00,0.00,0.00,202752.00,208896.00
1493162050,1188864.00,163840.00,5314560.00,56203673.60,3.00,2.00,94.00,0.00,0.00,1.00,0.00,0.00,6951936.00,16777216.00,0.00,0.00,216064.00,223232.00
1493162051,1189888.00,163840.00,5314560.00,56203673.60,2.00,2.00,95.00,0.00,0.00,1.00,0.00,49152.00,6993920.00,16777216.00,0.00,0.00,216064.00,224256.00
1493162052,1188864.00,163840.00,5314560.00,56203673.60,2.00,2.00,95.00,0.00,0.00,1.00,0.00,0.00,6599680.00,16777216.00,0.00,0.00,204800.00,211968.00
1493162053,1189888.00,163840.00,5314560.00,56203673.60,2.00,3.00,95.00,0.00,0.00,1.00,0.00,0.00,7099392.00,17825792.00,0.00,0.00,221184.00,228352.00
1493162054,1188864.00,163840.00,5314560.00,56203673.60,3.00,2.00,95.00,0.00,0.00,1.00,0.00,163840.00,6488064.00,15728640.00,0.00,0.00,198656.00,206848.00
1493162055,1188864.00,163840.00,5314560.00,56203673.60,2.00,3.00,94.00,0.00,0.00,1.00,0.00,0.00,6901760.00,16777216.00,0.00,0.00,211968.00,219136.00
1493162056,1189888.00,163840.00,5314560.00,56203673.60,3.00,3.00,93.00,0.00,0.00,1.00,0.00,499712.00,7274496.00,17825792.00,0.00,0.00,221184.00,232448.00
1493162057,1188864.00,163840.00,5314560.00,56203673.60,3.00,2.00,94.00,0.00,0.00,1.00,0.00,0.00,6455296.00,15728640.00,0.00,0.00,195584.00,204800.00
1493162058,1188864.00,163840.00,5314560.00,56203673.60,2.00,3.00,94.00,0.00,0.00,1.00,0.00,0.00,7041024.00,17825792.00,0.00,0.00,218112.00,226304.00
1493162059,1189888.00,163840.00,5314560.00,56203673.60,3.00,4.00,93.00,0.00,0.00,1.00,0.00,212992.00,7164928.00,17825792.00,0.00,0.00,221184.00,228352.00
1493162060,1188864.00,163840.00,5314560.00,56203673.60,2.00,2.00,95.00,0.00,0.00,1.00,0.00,0.00,6404096.00,15728640.00,0.00,0.00,196608.00,204800.00
1493162061,1189888.00,163840.00,5314560.00,56203673.60,3.00,2.00,94.00,0.00,0.00,1.00,0.00,0.00,6773760.00,16777216.00,0.00,0.00,208896.00,216064.00
1493162062,1188864.00,163840.00,5314560.00,56203673.60,2.00,3.00,95.00,0.00,0.00,1.00,0.00,0.00,6640640.00,16777216.00,0.00,0.00,208896.00,215040.00
1493162063,1188864.00,163840.00,5314560.00,56203673.60,3.00,3.00,93.00,0.00,0.00,1.00,0.00,0.00,6756352.00,16777216.00,0.00,0.00,203776.00,214016.00
1493162064,1189888.00,163840.00,5314560.00,56203673.60,4.00,3.00,92.00,0.00,0.00,1.00,0.00,122880.00,7273472.00,17825792.00,0.00,0.00,226304.00,231424.00
1493162065,1189888.00,163840.00,5314560.00,56203673.60,1.00,2.00,96.00,0.00,0.00,1.00,0.00,0.00,6469632.00,15728640.00,0.00,0.00,197632.00,206848.00
1493162066,1189888.00,163840.00,5314560.00,56203673.60,3.00,2.00,94.00,0.00,0.00,1.00,0.00,40960.00,7060480.00,17825792.00,0.00,0.00,217088.00,226304.00
1493162067,1189888.00,163840.00,5314560.00,56203673.60,3.00,2.00,94.00,0.00,0.00,1.00,0.00,0.00,7378944.00,17825792.00,0.00,0.00,223232.00,235520.00
1493162068,1188864.00,163840.00,5314560.00,56203673.60,3.00,3.00,93.00,0.00,0.00,1.00,0.00,0.00,6490112.00,15728640.00,0.00,0.00,195584.00,204800.00
1493162069,1189888.00,163840.00,5314560.00,56203673.60,2.00,3.00,94.00,0.00,0.00,1.00,0.00,122880.00,7121920.00,17825792.00,0.00,0.00,214016.00,225280.00
1493162070,1189888.00,163840.00,5314560.00,56203673.60,3.00,1.00,95.00,0.00,0.00,1.00,0.00,0.00,6950912.00,16777216.00,0.00,0.00,212992.00,221184.00
1493162071,1188864.00,163840.00,5314560.00,56203673.60,1.00,3.00,95.00,0.00,0.00,1.00,0.00,0.00,6429696.00,15728640.00,0.00,0.00,197632.00,205824.00
1493162072,1188864.00,163840.00,5314560.00,56203673.60,4.00,3.00,92.00,0.00,0.00,1.00,0.00,0.00,7334912.00,17825792.00,0.00,0.00,222208.00,233472.00
1493162073,1189888.00,163840.00,5314560.00,56203673.60,4.00,2.00,93.00,0.00,0.00,1.00,0.00,0.00,6565888.00,15728640.00,0.00,0.00,203776.00,209920.00
1493162074,1188864.00,163840.00,5314560.00,56203673.60,2.00,3.00,95.00,0.00,0.00,1.00,0.00,122880.00,6932480.00,16777216.00,0.00,0.00,211968.00,220160.00
1493162075,1188864.00,163840.00,5314560.00,56203673.60,3.00,3.00,93.00,0.00,0.00,1.00,0.00,0.00,7286784.00,17825792.00,0.00,0.00,224256.00,233472.00
1493162076,1188864.00,163840.00,5314560.00,56203673.60,1.00,3.00,94.00,0.00,0.00,1.00,0.00,16384.00,6539264.00,15728640.00,0.00,0.00,195584.00,206848.00
1493162077,1189888.00,163840.00,5314560.00,56203673.60,4.00,2.00,94.00,0.00,0.00,1.00,0.00,0.00,7085056.00,17825792.00,0.00,0.00,219136.00,226304.00
1493162078,1188864.00,163840.00,5314560.00,56203673.60,3.00,3.00,93.00,0.00,0.00,1.00,0.00,0.00,7086080.00,17825792.00,0.00,0.00,219136.00,227328.00
1493162079,1188864.00,163840.00,5314560.00,56203673.60,2.00,2.00,96.00,0.00,0.00,1.00,0.00,147456.00,5773312.00,13631488.00,0.00,0.00,179200.00,186368.00
1493162080,1188864.00,163840.00,5314560.00,56203673.60,1.00,2.00,97.00,0.00,0.00,1.00,0.00,0.00,6087680.00,14680064.00,0.00,0.00,190464.00,197632.00
1493162081,1188864.00,163840.00,5314560.00,56203673.60,4.00,3.00,93.00,0.00,0.00,1.00,0.00,65536.00,7042048.00,17825792.00,0.00,0.00,215040.00,224256.00
1493162082,1188864.00,163840.00,5314560.00,56203673.60,4.00,3.00,93.00,0.00,0.00,1.00,0.00,0.00,6479872.00,15728640.00,0.00,0.00,194560.00,205824.00
1493162083,1188864.00,163840.00,5314560.00,56203673.60,2.00,4.00,94.00,0.00,0.00,1.00,0.00,0.00,7391232.00,17825792.00,0.00,0.00,228352.00,235520.00
1493162084,1189888.00,163840.00,5314560.00,56203673.60,3.00,2.00,94.00,0.00,0.00,1.00,0.00,180224.00,6736896.00,16777216.00,0.00,0.00,204800.00,215040.00
1493162085,1188864.00,163840.00,5314560.00,56203673.60,2.00,3.00,95.00,0.00,0.00,0.00,0.00,0.00,6667264.00,16777216.00,0.00,0.00,201728.00,212992.00
1493162086,1188864.00,163840.00,5314560.00,56203673.60,3.00,3.00,93.00,0.00,0.00,1.00,0.00,352256.00,7308288.00,17825792.00,0.00,0.00,226304.00,234496.00
1493162087,1188864.00,163840.00,5314560.00,56203673.60,2.00,2.00,95.00,0.00,0.00,1.00,0.00,0.00,6653952.00,16777216.00,0.00,0.00,199680.00,209920.00
1493162088,1189888.00,163840.00,5314560.00,56203673.60,4.00,2.00,93.00,0.00,0.00,1.00,0.00,0.00,6899712.00,16777216.00,0.00,0.00,212992.00,220160.00
1493162089,1190912.00,163840.00,5314560.00,56203673.60,2.00,4.00,93.00,0.00,0.00,1.00,0.00,196608.00,6866944.00,16777216.00,0.00,0.00,212992.00,221184.00
1493162090,1189888.00,163840.00,5314560.00,56203673.60,1.00,2.00,96.00,0.00,0.00,1.00,0.00,0.00,6533120.00,15728640.00,0.00,0.00,200704.00,207872.00
1493162091,1188864.00,163840.00,5314560.00,56203673.60,3.00,3.00,92.00,0.00,0.00,1.00,0.00,188416.00,7281664.00,17825792.00,0.00,0.00,220160.00,232448.00
1493162092,1188864.00,163840.00,5314560.00,56203673.60,3.00,2.00,94.00,0.00,0.00,1.00,0.00,0.00,6953984.00,16777216.00,0.00,0.00,212992.00,223232.00
1493162093,1188864.00,163840.00,5314560.00,56203673.60,3.00,3.00,93.00,0.00,0.00,1.00,0.00,0.00,6621184.00,16777216.00,0.00,0.00,200704.00,211968.00
1493162094,1189888.00,163840.00,5314560.00,56203673.60,2.00,3.00,95.00,0.00,0.00,0.00,0.00,221184.00,7353344.00,17825792.00,0.00,0.00,223232.00,233472.00
1493162095,1189888.00,163840.00,5314560.00,56203673.60,3.00,3.00,93.00,0.00,0.00,0.00,0.00,0.00,6703104.00,16777216.00,0.00,0.00,208896.00,216064.00
1493162096,1189888.00,163840.00,5314560.00,56203673.60,4.00,3.00,92.00,0.00,0.00,1.00,0.00,40960.00,6686720.00,16777216.00,0.00,0.00,204800.00,214016.00
1493162097,1189888.00,163840.00,5314560.00,56203673.60,1.00,4.00,94.00,0.00,0.00,1.00,0.00,0.00,6971392.00,16777216.00,0.00,0.00,217088.00,224256.00
1493162098,1189888.00,163840.00,5314560.00,56203673.60,3.00,3.00,93.00,0.00,0.00,1.00,0.00,0.00,6692864.00,16777216.00,0.00,0.00,202752.00,212992.00
1493162099,1188864.00,163840.00,5314560.00,56203673.60,3.00,3.00,93.00,0.00,0.00,1.00,0.00,122880.00,7066624.00,17825792.00,0.00,0.00,219136.00,226304.00
1493162100,1189888.00,163840.00,5314560.00,56203673.60,5.00,3.00,92.00,0.00,0.00,0.00,0.00,0.00,6801408.00,16777216.00,0.00,0.00,205824.00,215040.00
1493162101,1189888.00,163840.00,5314560.00,56203673.60,2.00,2.00,94.00,0.00,0.00,1.00,0.00,0.00,6111232.00,14680064.00,0.00,0.00,181248.00,193536.00
1493162102,1189888.00,163840.00,5314560.00,56203673.60,3.00,2.00,96.00,0.00,0.00,0.00,0.00,0.00,6286336.00,15728640.00,0.00,0.00,204800.00,211968.00
1493162103,1189888.00,163840.00,5314560.00,56203673.60,1.00,3.00,96.00,0.00,0.00,0.00,0.00,0.00,6155264.00,15728640.00,0.00,0.00,185344.00,195584.00
1493162104,1189888.00,163840.00,5314560.00,56203673.60,3.00,3.00,93.00,0.00,0.00,1.00,0.00,131072.00,6333440.00,15728640.00,0.00,0.00,192512.00,201728.00
1493162105,1189888.00,163840.00,5314560.00,56203673.60,3.00,3.00,93.00,0.00,0.00,1.00,0.00,0.00,7449600.00,18874368.00,0.00,0.00,223232.00,235520.00
1493162106,1190912.00,163840.00,5314560.00,56203673.60,3.00,3.00,94.00,0.00,0.00,1.00,0.00,0.00,6588416.00,16777216.00,0.00,0.00,199680.00,208896.00
1493162107,1189888.00,163840.00,5314560.00,56203673.60,4.00,2.00,94.00,0.00,0.00,1.00,0.00,0.00,6550528.00,15728640.00,0.00,0.00,200704.00,208896.00
1493162108,1189888.00,163840.00,5314560.00,56203673.60,2.00,4.00,93.00,0.00,0.00,1.00,0.00,0.00,7386112.00,17825792.00,0.00,0.00,225280.00,235520.00
1493162109,1190912.00,163840.00,5314560.00,56203673.60,2.00,2.00,94.00,0.00,0.00,1.00,0.00,122880.00,6417408.00,15728640.00,0.00,0.00,197632.00,206848.00
1493162110,1190912.00,163840.00,5314560.00,56203673.60,4.00,3.00,92.00,0.00,0.00,1.00,0.00,0.00,7105536.00,17825792.00,0.00,0.00,217088.00,227328.00
1493162111,1190912.00,163840.00,5314560.00,56203673.60,3.00,3.00,94.00,0.00,0.00,1.00,0.00,8192.00,6717440.00,16777216.00,0.00,0.00,207872.00,216064.00
1493162112,1190912.00,163840.00,5314560.00,56203673.60,1.00,2.00,96.00,0.00,0.00,1.00,0.00,0.00,5169152.00,12582912.00,0.00,0.00,159744.00,167936.00
1493162113,1190912.00,163840.00,5314560.00,56203673.60,3.00,3.00,94.00,0.00,0.00,1.00,0.00,0.00,6582272.00,15728640.00,0.00,0.00,200704.00,209920.00
1493162114,1189888.00,163840.00,5314560.00,56203673.60,1.00,2.00,96.00,0.00,0.00,1.00,0.00,122880.00,6937600.00,16777216.00,0.00,0.00,209920.00,220160.00
1493162115,1189888.00,163840.00,5314560.00,56203673.60,3.00,3.00,94.00,0.00,0.00,1.00,0.00,0.00,6696960.00,16777216.00,0.00,0.00,204800.00,214016.00
1493162116,1190912.00,163840.00,5314560.00,56203673.60,2.00,2.00,95.00,0.00,0.00,1.00,0.00,335872.00,6735872.00,16777216.00,0.00,0.00,209920.00,218112.00
1493162117,1189888.00,163840.00,5314560.00,56203673.60,1.00,2.00,97.00,0.00,0.00,1.00,0.00,0.00,6916096.00,16777216.00,0.00,0.00,218112.00,223232.00
1493162118,1190912.00,163840.00,5314560.00,56203673.60,3.00,3.00,94.00,0.00,0.00,1.00,0.00,0.00,6552576.00,15728640.00,0.00,0.00,205824.00,210944.00
1493162119,1190912.00,163840.00,5314560.00,56203673.60,2.00,3.00,93.00,0.00,0.00,1.00,0.00,196608.00,7077888.00,17825792.00,0.00,0.00,218112.00,227328.00
1493162120,1189888.00,163840.00,5314560.00,56203673.60,2.00,2.00,95.00,0.00,0.00,1.00,0.00,0.00,6315008.00,15728640.00,0.00,0.00,197632.00,205824.00
1493162121,1189888.00,163840.00,5314560.00,56203673.60,1.00,3.00,95.00,0.00,0.00,1.00,0.00,73728.00,6840320.00,16777216.00,0.00,0.00,214016.00,222208.00
1493162122,1190912.00,163840.00,5314560.00,56203673.60,3.00,3.00,94.00,0.00,0.00,1.00,0.00,0.00,6963200.00,16777216.00,0.00,0.00,219136.00,225280.00
1493162123,1190912.00,163840.00,5314560.00,56203673.60,2.00,3.00,95.00,0.00,0.00,1.00,0.00,0.00,6903808.00,16777216.00,0.00,0.00,211968.00,219136.00
1493162124,1190912.00,163840.00,5314560.00,56203673.60,3.00,2.00,94.00,0.00,0.00,1.00,0.00,196608.00,6837248.00,16777216.00,0.00,0.00,211968.00,223232.00
1493162125,1190912.00,163840.00,5314560.00,56203673.60,3.00,3.00,94.00,0.00,0.00,1.00,0.00,0.00,7008256.00,16777216.00,0.00,0.00,216064.00,225280.00
1493162126,1190912.00,163840.00,5314560.00,56203673.60,1.00,3.00,95.00,0.00,0.00,1.00,0.00,245760.00,6883328.00,16777216.00,0.00,0.00,210944.00,219136.00
1493162127,1190912.00,163840.00,5314560.00,56203673.60,2.00,2.00,96.00,0.00,0.00,0.00,0.00,0.00,6998016.00,16777216.00,0.00,0.00,214016.00,221184.00
1493162128,1190912.00,163840.00,5314560.00,56203673.60,1.00,2.00,96.00,0.00,0.00,1.00,0.00,0.00,6603776.00,16777216.00,0.00,0.00,206848.00,214016.00
1493162129,1189888.00,163840.00,5314560.00,56203673.60,3.00,2.00,94.00,0.00,0.00,1.00,0.00,204800.00,6816768.00,16777216.00,0.00,0.00,214016.00,220160.00
1493162130,1190912.00,163840.00,5314560.00,56203673.60,2.00,3.00,95.00,0.00,0.00,1.00,0.00,0.00,6995968.00,16777216.00,0.00,0.00,220160.00,225280.00
1493162131,1190912.00,163840.00,5314560.00,56203673.60,4.00,2.00,93.00,0.00,0.00,1.00,0.00,0.00,6408192.00,15728640.00,0.00,0.00,195584.00,203776.00
1493162132,1190912.00,163840.00,5314560.00,56203673.60,3.00,2.00,95.00,0.00,0.00,1.00,0.00,0.00,6927360.00,16777216.00,0.00,0.00,215040.00,225280.00
1493162133,1190912.00,163840.00,5314560.00,56203673.60,1.00,3.00,94.00,0.00,0.00,1.00,0.00,0.00,6938624.00,16777216.00,0.00,0.00,217088.00,225280.00
1493162134,1189888.00,163840.00,5314560.00,56203673.60,3.00,2.00,95.00,0.00,0.00,0.00,0.00,122880.00,6685696.00,16777216.00,0.00,0.00,205824.00,214016.00
