--Probe dump file for probe: org.yardstickframework.probes.ThroughputLatencyProbe@6f01b95f (class org.yardstickframework.probes.ThroughputLatencyProbe)
--Created Tue Apr 25 23:09:34 UTC 2017
--Benchmark config: BenchmarkConfiguration [memberId='0', driverNames='[HazelcastPutAllBenchmark]', serverName='HazelcastNode', threads=64, duration=300, warmup=60, dfltProbeClsNames=[ThroughputLatencyProbe, PercentileProbe, DStatProbe], propsFileName='yardstick/config/run.properties', packages=[org.yardstickframework], cmdArgs=[--outputFolder, /home/ubuntu/date-2504-221749-s-4-c-1-ver-3.8.1-f1e9264/yardstick/bin/../output/results-20170425-221800, -id, 0, -hzcfg, /home/ubuntu/date-2504-221749-s-4-c-1-ver-3.8.1-f1e9264/yardstick/bin/../config/hz-config.xml, --hzClientConfig, /home/ubuntu/date-2504-221749-s-4-c-1-ver-3.8.1-f1e9264/yardstick/bin/../config/hz-client-config.xml, --clientMode, -nn, 4, -b, 1, -w, 60, -d, 300, -t, 64, --syncBackups, --readBackups, -bs, 6, -dn, HazelcastPutAllBenchmark, -sn, HazelcastNode, -ds, 3.8.1-f1e9264-atomic-setAll-bs-6-1-backup, --config, yardstick/config/run.properties, --logsFolder, /home/ubuntu/date-2504-221749-s-4-c-1-ver-3.8.1-f1e9264/yardstick/bin/../output/logs-20170425-221800/logs_drivers, --currentFolder, /home/ubuntu/date-2504-221749-s-4-c-1-ver-3.8.1-f1e9264, --scriptsFolder, /home/ubuntu/date-2504-221749-s-4-c-1-ver-3.8.1-f1e9264/yardstick/bin], probeWriter='null', customProps={ver=3.8.1-f1e9264-, b=1, d=300, SERVER_HOSTS=172.31.45.250,172.31.38.80,172.31.41.141,172.31.42.161, now0=`date +'%H%M%S'`, nodesNum=$((`echo ${SERVER_HOSTS} | tr ',' '' | wc -l`)), JVM_OPTS=${JVM_OPTS}" -Xms6g -Xmx6g -Xloggc:./gc${now0}.log -XX:+PrintGCDetails -verbose:gc -XX:+UseParNewGC -XX:+UseConcMarkSweepGC ", CONFIGS="-hzcfg ${SCRIPT_DIR}/../config/hz-config.xml --hzClientConfig ${SCRIPT_DIR}/../config/hz-client-config.xml --clientMode -nn ${nodesNum} -b ${b} -w ${w} -d ${d} -t ${t}  ${sm} --readBackups -dn HazelcastSetBenchmark -sn HazelcastNode -ds ${ver}atomic-set-1-backup,-hzcfg ${SCRIPT_DIR}/../config/hz-config.xml --hzClientConfig ${SCRIPT_DIR}/../config/hz-client-config.xml --clientMode -nn ${nodesNum} -b ${b} -w ${w} -d ${d} -t ${t}  ${sm} --readBackups -dn HazelcastSetGetBenchmark -sn HazelcastNode -ds ${ver}atomic-set-get-1-backup,-hzcfg ${SCRIPT_DIR}/../config/hz-config.xml --hzClientConfig ${SCRIPT_DIR}/../config/hz-client-config.xml --clientMode -nn ${nodesNum} -b ${b} -w ${w} -d ${d} -t ${t}  ${sm} --readBackups -bs 6 -dn HazelcastPutGetBatchBenchmark -sn HazelcastNode -ds ${ver}atomic-set-get-bs-6-1-backup,-hzcfg ${SCRIPT_DIR}/../config/hz-config.xml --hzClientConfig ${SCRIPT_DIR}/../config/hz-client-config.xml --clientMode -nn ${nodesNum} -b ${b} -w ${w} -d ${d} -t ${t}  ${sm} --readBackups -dn HazelcastSetTxBenchmark -sn HazelcastNode -ds ${ver}tx-set-pessimistic-1-backup,-hzcfg ${SCRIPT_DIR}/../config/hz-config.xml --hzClientConfig ${SCRIPT_DIR}/../config/hz-client-config.xml --clientMode -nn ${nodesNum} -b ${b} -w ${w} -d ${d} -t ${t}  ${sm} --readBackups -dn HazelcastSetGetTxOptimisticBenchmark -sn HazelcastNode -ds ${ver}tx-set-get-opt-1-backup,-hzcfg ${SCRIPT_DIR}/../config/hz-config.xml --hzClientConfig ${SCRIPT_DIR}/../config/hz-client-config.xml --clientMode -nn ${nodesNum} -b ${b} -w ${w} -d ${d} -t ${t}  ${sm} --readBackups -dn HazelcastSetGetTxPessimisticBenchmark -sn HazelcastNode -ds ${ver}tx-set-get-pes-1-backup,-hzcfg ${SCRIPT_DIR}/../config/hz-config.xml --hzClientConfig ${SCRIPT_DIR}/../config/hz-client-config.xml --clientMode -nn ${nodesNum} -b ${b} -w ${w} -d ${d} -t ${t}  ${sm} --readBackups -dn HazelcastSqlQueryBenchmark -sn HazelcastNode -ds ${ver}sql-query-1-backup,-hzcfg ${SCRIPT_DIR}/../config/hz-config.xml --hzClientConfig ${SCRIPT_DIR}/../config/hz-client-config.xml --clientMode -nn ${nodesNum} -b ${b} -w ${w} -d ${d} -t ${t}  ${sm} --readBackups -dn HazelcastSqlQuerySetBenchmark -sn HazelcastNode -ds ${ver}sql-query-set-1-backup,-hzcfg ${SCRIPT_DIR}/../config/hz-config.xml --hzClientConfig ${SCRIPT_DIR}/../config/hz-client-config.xml --clientMode -nn ${nodesNum} -b ${b} -w ${w} -d ${d} -t ${t}  ${sm} --readBackups -bs 6 -dn HazelcastPutAllBenchmark -sn HazelcastNode -ds ${ver}atomic-setAll-bs-6-1-backup,-hzcfg ${SCRIPT_DIR}/../config/hz-config.xml --hzClientConfig ${SCRIPT_DIR}/../config/hz-client-config.xml --clientMode -nn ${nodesNum} -b ${b} -w ${w} -d ${d} -t ${t}  ${sm} --readBackups -bs 6 -dn HazelcastSetAllTxBenchmark -sn HazelcastNode -ds ${ver}tx-setAll-bs-6-1-backup,-hzcfg ${SCRIPT_DIR}/../config/hz-config.xml --hzClientConfig ${SCRIPT_DIR}/../config/hz-client-config.xml --clientMode -nn ${nodesNum} -b ${b} -w ${w} -d ${d} -t ${t}  ${sm} --readBackups -bs 6 -dn HazelcastGetAllSetAllTxOptimisticBenchmark -sn HazelcastNode -ds ${ver}tx-optimistic-getAllSetAll-bs-6-1-backup,-hzcfg ${SCRIPT_DIR}/../config/hz-config.xml --hzClientConfig ${SCRIPT_DIR}/../config/hz-client-config.xml --clientMode -nn ${nodesNum} -b ${b} -w ${w} -d ${d} -t ${t}  ${sm} --readBackups -bs 6 -dn HazelcastGetAllSetAllTxPessimisticBenchmark -sn HazelcastNode -ds ${ver}tx-pessimistic-getAllSetAll-bs-6-1-backup,", DRIVER_HOSTS=172.31.46.6, t=64, BENCHMARK_PACKAGES=org.yardstickframework, w=60, BENCHMARK_LABEL=hazelcast, sm="--syncBackups", AUTO_COPY=false, RESTART_SERVERS=true}, shutdownHook=true, currentFolder=/home/ubuntu/date-2504-221749-s-4-c-1-ver-3.8.1-f1e9264, scriptsFolder=/home/ubuntu/date-2504-221749-s-4-c-1-ver-3.8.1-f1e9264/yardstick/bin, logsFolder=/home/ubuntu/date-2504-221749-s-4-c-1-ver-3.8.1-f1e9264/yardstick/bin/../output/logs-20170425-221800/logs_drivers, outputFolder=/home/ubuntu/date-2504-221749-s-4-c-1-ver-3.8.1-f1e9264/yardstick/bin/../output/results-20170425-221800, outputWriter=java.io.PrintStream@22633a24, errorWriter=java.io.PrintStream@265cbab0, descriptions=[3.8.1-f1e9264-atomic-setAll-bs-6-1-backup], hostName=]
--Description: 3.8.1-f1e9264-atomic-setAll-bs-6-1-backup
@@HazelcastPutAllBenchmark
**"Time, sec","Operations/sec (more is better)","Latency, nsec (less is better)"
1493161835,37223.00,1716856.04
1493161836,36425.00,1752631.32
1493161837,34805.00,1839491.51
1493161838,33309.00,1919598.16
1493161839,36416.00,1757005.69
1493161840,36118.00,1770266.81
1493161841,34351.00,1862373.22
1493161842,37106.00,1723482.83
1493161843,33851.00,1888186.55
1493161844,37006.00,1729869.37
1493161845,34174.00,1872057.04
1493161846,36672.00,1743934.74
1493161847,35299.00,1812744.98
1493161848,35858.00,1773073.50
1493161849,35423.00,1788278.81
1493161850,35661.00,1837764.82
1493161851,35839.00,1785008.04
1493161852,34221.00,1869251.67
1493161853,35034.00,1826251.17
1493161854,36620.00,1746132.32
1493161855,36846.00,1730206.08
1493161856,34167.00,1879973.63
1493161857,36292.00,1761975.91
1493161858,35090.00,1822733.56
1493161859,36411.00,1757929.07
1493161860,36536.00,1750906.31
1493161861,33492.00,1909323.90
1493161862,34498.00,1854640.06
1493161863,34948.00,1830708.24
1493161864,34852.00,1834989.11
1493161865,34946.00,1831393.61
1493161866,27300.00,2336138.02
1493161867,31555.00,2033126.04
1493161868,35664.00,1795001.39
1493161869,35609.00,1796683.56
1493161870,35827.00,1785174.06
1493161871,34449.00,1856982.77
1493161872,34607.00,1847143.98
1493161873,35853.00,1785752.37
1493161874,34594.00,1849275.64
1493161875,34967.00,1829228.97
1493161876,36384.00,1758266.04
1493161877,35512.00,1802442.82
1493161878,33377.00,1917302.90
1493161879,35801.00,1734275.60
1493161880,35168.00,1828978.02
1493161881,35492.00,1844758.97
1493161882,36318.00,1761819.30
1493161883,35594.00,1797716.02
1493161884,37317.00,1714657.72
1493161885,35255.00,1813802.60
1493161886,33194.00,1927825.66
1493161887,35670.00,1793508.47
1493161888,35424.00,1806376.24
1493161889,33376.00,1916272.79
1493161890,36216.00,1735634.13
1493161891,35085.00,1856143.62
1493161892,33406.00,1915064.80
1493161893,32733.00,1953156.12
1493161894,26354.00,2427986.73
1493161895,32441.00,1972398.29
1493161896,35825.00,1786662.30
1493161897,36794.00,1739058.51
1493161898,33888.00,1887539.69
1493161899,35731.00,1790629.13
1493161900,35357.00,1810045.41
1493161901,36760.00,1740184.77
1493161902,35079.00,1823773.18
1493161903,34445.00,1856847.09
1493161904,36363.00,1759865.87
1493161905,34808.00,1836501.70
1493161906,34671.00,1843580.26
1493161907,36055.00,1794297.65
1493161908,36195.00,1768674.41
1493161909,36935.00,1731416.42
1493161910,35995.00,1776848.03
1493161911,33993.00,1869100.33
1493161912,36718.00,1755560.01
1493161913,35331.00,1810406.03
1493161914,34775.00,1839379.18
1493161915,37028.00,1728286.86
1493161916,35098.00,1822883.92
1493161917,33594.00,1903895.17
1493161918,36837.00,1736866.89
1493161919,35876.00,1783357.21
1493161920,34393.00,1859834.40
1493161921,33963.00,1884660.31
1493161922,33204.00,1925920.61
1493161923,35607.00,1797643.88
1493161924,33891.00,1888266.17
1493161925,35426.00,1809775.22
1493161926,35815.00,1786916.64
1493161927,25775.00,2475603.70
1493161928,34500.00,1859203.18
1493161929,35781.00,1787564.54
1493161930,33486.00,1910759.83
1493161931,35204.00,1817111.24
1493161932,37972.00,1684718.75
1493161933,35421.00,1806270.37
1493161934,34781.00,1839541.71
1493161935,34488.00,1855515.72
1493161936,37084.00,1724736.72
1493161937,36609.00,1747752.17
1493161938,35788.00,1787955.46
1493161939,36689.00,1742866.65
1493161940,37577.00,1702438.48
1493161941,34883.00,1834411.68
1493161942,35408.00,1805864.37
1493161943,35554.00,1800326.10
1493161944,36360.00,1760124.43
1493161945,37213.00,1719300.61
1493161946,34998.00,1827461.02
1493161947,36269.00,1764229.61
1493161948,35970.00,1777701.19
1493161949,35357.00,1809270.49
1493161950,36408.00,1757220.32
1493161951,34652.00,1846725.60
1493161952,34098.00,1876195.55
1493161953,36322.00,1761379.25
1493161954,35073.00,1823440.71
1493161955,32011.00,2000513.48
1493161956,31710.00,2017034.00
1493161957,32392.00,1974926.34
1493161958,35796.00,1786771.12
1493161959,36529.00,1751795.37
1493161960,35058.00,1825230.97
1493161961,35746.00,1789814.33
1493161962,34040.00,1878968.68
1493161963,36258.00,1764516.31
1493161964,34809.00,1838798.55
1493161965,34426.00,1857676.79
1493161966,34550.00,1852111.20
1493161967,37869.00,1688197.44
1493161968,33305.00,1921798.71
1493161969,35679.00,1792260.08
1493161970,35845.00,1785985.10
1493161971,35387.00,1807218.78
1493161972,34304.00,1864993.03
1493161973,31205.00,2019331.50
1493161974,33175.00,1957415.17
1493161975,35034.00,1826832.97
1493161976,35211.00,1816510.67
1493161977,34940.00,1831503.94
1493161978,38361.00,1667941.09
1493161979,34979.00,1825843.24
1493161980,34273.00,1869431.61
1493161981,35898.00,1782402.23
1493161982,31105.00,2057415.17
1493161983,35665.00,1792232.30
1493161984,36316.00,1762412.36
1493161985,35419.00,1806374.71
1493161986,36029.00,1774878.15
1493161987,34707.00,1844691.45
1493161988,34345.00,1862229.04
1493161989,36734.00,1741262.61
1493161990,35188.00,1818470.88
1493161991,34317.00,1863583.74
1493161992,37683.00,1671318.62
1493161993,34518.00,1884305.25
1493161994,37035.00,1726705.87
1493161995,36166.00,1768196.94
1493161996,34707.00,1844777.13
1493161997,37961.00,1685025.90
1493161998,35197.00,1817472.68
1493161999,35387.00,1807031.97
1493162000,37259.00,1673254.67
1493162001,34356.00,1824445.50
1493162002,35973.00,1860962.06
1493162003,36511.00,1751093.15
1493162004,35308.00,1812860.34
1493162005,35716.00,1790439.25
1493162006,36865.00,1732253.53
1493162007,32474.00,1974520.20
1493162008,37917.00,1687852.68
1493162009,34775.00,1838220.94
1493162010,34094.00,1877132.99
1493162011,36910.00,1733889.56
1493162012,35695.00,1791003.29
1493162013,36781.00,1740387.81
1493162014,34618.00,1848324.19
1493162015,33093.00,1880039.26
1493162016,36761.00,1787746.38
1493162017,36501.00,1753631.85
1493162018,25258.00,2531629.57
1493162019,33995.00,1883365.79
1493162020,33921.00,1884692.40
1493162021,32711.00,1957244.59
1493162022,36155.00,1768768.47
1493162023,33972.00,1883760.85
1493162024,33999.00,1880696.43
1493162025,35406.00,1807608.47
1493162026,36402.00,1757363.22
1493162027,34895.00,1833843.03
1493162028,36495.00,1753328.17
1493162029,34998.00,1827657.13
1493162030,35915.00,1781045.10
1493162031,36445.00,1755914.24
1493162032,32829.00,1949178.95
1493162033,37111.00,1723020.76
1493162034,38128.00,1678615.07
1493162035,33164.00,1929031.19
1493162036,35639.00,1794451.97
1493162037,36150.00,1717857.56
1493162038,33629.00,1959486.68
1493162039,36617.00,1746163.79
1493162040,32929.00,1942189.58
1493162041,34820.00,1838348.21
1493162042,36319.00,1762475.17
1493162043,32562.00,1963655.17
1493162044,36434.00,1756026.17
1493162045,36659.00,1744972.88
1493162046,33817.00,1891759.55
1493162047,35465.00,1804725.61
1493162048,36949.00,1731077.10
1493162049,32790.00,1951422.76
1493162050,36032.00,1775322.44
1493162051,35102.00,1823381.16
1493162052,34333.00,1863038.88
1493162053,38105.00,1678305.89
1493162054,33807.00,1893187.69
1493162055,35929.00,1780585.51
1493162056,37723.00,1695094.63
1493162057,33940.00,1885132.14
1493162058,36619.00,1747618.87
1493162059,36520.00,1715536.83
1493162060,34211.00,1908594.12
1493162061,35211.00,1816912.76
1493162062,34522.00,1853725.45
1493162063,35411.00,1806880.17
1493162064,37742.00,1694404.33
1493162065,33970.00,1883863.59
1493162066,36807.00,1737275.54
1493162067,38579.00,1658734.63
1493162068,33922.00,1886724.92
1493162069,37320.00,1713553.23
1493162070,35446.00,1766728.97
1493162071,33950.00,1924517.03
1493162072,38604.00,1656967.64
1493162073,34046.00,1878468.07
1493162074,36214.00,1767702.54
1493162075,37730.00,1695284.07
1493162076,34206.00,1871422.63
1493162077,36894.00,1733091.65
1493162078,36777.00,1739688.42
1493162079,29426.00,2173889.26
1493162080,31454.00,2016635.65
1493162081,37083.00,1742042.57
1493162082,34024.00,1880032.31
1493162083,38251.00,1671983.12
1493162084,35381.00,1807954.41
1493162085,34632.00,1847929.12
1493162086,37870.00,1689228.72
1493162087,34432.00,1858559.64
1493162088,35900.00,1780893.77
1493162089,35715.00,1791976.60
1493162090,33912.00,1887323.79
1493162091,37964.00,1684806.46
1493162092,34928.00,1831982.42
1493162093,35750.00,1788830.67
1493162094,38221.00,1674570.14
1493162095,33626.00,1900647.77
1493162096,35896.00,1783103.44
1493162097,36137.00,1769140.57
1493162098,34800.00,1840009.10
1493162099,36372.00,1759347.69
1493162100,35502.00,1801594.33
1493162101,32228.00,1985111.62
1493162102,33122.00,1931821.27
1493162103,32332.00,1977380.41
1493162104,33210.00,1927780.67
1493162105,38612.00,1656628.68
1493162106,34327.00,1836180.87
1493162107,34946.00,1857695.86
1493162108,37005.00,1728420.93
1493162109,35077.00,1825205.84
1493162110,37085.00,1725168.72
1493162111,34691.00,1828868.14
1493162112,26615.00,2423771.84
1493162113,34370.00,1861568.61
1493162114,36850.00,1736165.29
1493162115,34691.00,1842955.35
1493162116,35200.00,1818195.98
1493162117,35666.00,1793253.43
1493162118,32973.00,1940376.58
1493162119,38033.00,1682092.64
1493162120,32441.00,1972199.64
1493162121,36101.00,1771192.29
1493162122,36181.00,1768509.94
1493162123,36029.00,1776627.28
1493162124,35619.00,1795950.73
1493162125,36422.00,1756548.45
1493162126,35864.00,1784868.02
1493162127,36388.00,1757901.91
1493162128,34383.00,1860004.61
1493162129,35685.00,1793191.10
1493162130,34913.00,1769227.29
1493162131,34842.00,1899073.91
1493162132,36286.00,1763973.95
1493162133,36215.00,1765828.56
1493162134,34766.00,1840244.34
