--Probe dump file for probe: org.yardstickframework.probes.DStatProbe@4beddc56 (class org.yardstickframework.probes.DStatProbe)
--Created Tue Apr 25 21:46:09 UTC 2017
--Benchmark config: BenchmarkConfiguration [memberId='0', driverNames='[IgnitePutAllTxBenchmark]', serverName='IgniteNode', threads=64, duration=300, warmup=60, dfltProbeClsNames=[ThroughputLatencyProbe, PercentileProbe, DStatProbe], propsFileName='yardstick/config/run.properties', packages=[org.yardstickframework, org.apache.ignite.yardstick], cmdArgs=[--outputFolder, /home/ubuntu/date-2504-204359-s-4-c-1-ver-2.0.0-SNAPSHOT-0be92732/yardstick/bin/../output/results-20170425-204411, -id, 0, -cfg, /home/ubuntu/date-2504-204359-s-4-c-1-ver-2.0.0-SNAPSHOT-0be92732/yardstick/bin/../config/ignite-config.xml, -nn, 5, -b, 1, -w, 60, -d, 300, -t, 64, -sm, FULL_SYNC, -bs, 6, --client, -dn, IgnitePutAllTxBenchmark, -sn, IgniteNode, -ds, 2.0.0-SNAPSHOT-0be92732-tx-putAll-bs-6-1-backup, --config, yardstick/config/run.properties, --logsFolder, /home/ubuntu/date-2504-204359-s-4-c-1-ver-2.0.0-SNAPSHOT-0be92732/yardstick/bin/../output/logs-20170425-204411/logs_drivers, --currentFolder, /home/ubuntu/date-2504-204359-s-4-c-1-ver-2.0.0-SNAPSHOT-0be92732, --scriptsFolder, /home/ubuntu/date-2504-204359-s-4-c-1-ver-2.0.0-SNAPSHOT-0be92732/yardstick/bin], probeWriter='null', customProps={ver=2.0.0-SNAPSHOT-0be92732- , b=1, d=300, SERVER_HOSTS=172.31.45.250,172.31.38.80,172.31.41.141,172.31.42.161, now0=`date +'%H%M%S'`, j=10, nodesNum=$((`echo ${SERVER_HOSTS} | tr ',' '' | wc -l` + `echo ${DRIVER_HOSTS} | tr ',' '' | wc -l`)), JVM_OPTS=${JVM_OPTS}" -Xms6g -Xmx6g -Xloggc:./gc${now0}.log -XX:+PrintGCDetails -verbose:gc -XX:+UseParNewGC -XX:+UseConcMarkSweepGC ", CONFIGS="-cfg ${SCRIPT_DIR}/../config/ignite-config.xml -nn ${nodesNum} -b ${b} -w ${w} -d ${d} -t ${t} -sm ${sm}  --client -dn IgnitePutBenchmark -sn IgniteNode -wom PRIMARY -ds ${ver}atomic-put-${b}-backup,-cfg ${SCRIPT_DIR}/../config/ignite-config.xml -nn ${nodesNum} -b ${b} -w ${w} -d ${d} -t ${t} -sm ${sm}  --client -dn IgnitePutGetBenchmark -sn IgniteNode -wom PRIMARY -ds ${ver}atomic-put-get-${b}-backup,-cfg ${SCRIPT_DIR}/../config/ignite-config.xml -nn ${nodesNum} -b ${b} -w ${w} -d ${d} -t ${t} -sm ${sm} -bs 6  --client -dn IgnitePutGetBatchBenchmark -wom PRIMARY -sn IgniteNode -ds ${ver}atomic-put-get-bs-6-${b}-backup,-cfg ${SCRIPT_DIR}/../config/ignite-config.xml -nn ${nodesNum} -b ${b} -w ${w} -d ${d} -t ${t} -sm ${sm}  --client -dn IgnitePutTxImplicitBenchmark -sn IgniteNode -ds ${ver}tx-optimistic-put-${b}-backup,-cfg ${SCRIPT_DIR}/../config/ignite-config.xml -nn ${nodesNum} -b ${b} -w ${w} -d ${d} -t ${t} -sm ${sm} -txc OPTIMISTIC  --client -dn IgnitePutGetTxBenchmark -sn IgniteNode -ds ${ver}tx-optim-repRead-put-get-${b}-backup,-cfg ${SCRIPT_DIR}/../config/ignite-config.xml -nn ${nodesNum} -b ${b} -w ${w} -d ${d} -t ${t} -sm ${sm} -txc PESSIMISTIC  --client -dn IgnitePutGetTxBenchmark -sn IgniteNode -ds ${ver}tx-pessim-repRead-put-get-${b}-backup,-cfg ${SCRIPT_DIR}/../config/ignite-config.xml -nn ${nodesNum} -b ${b} -w ${w} -d ${d} -t ${t} -sm ${sm} -txc OPTIMISTIC -txi SERIALIZABLE  --client -dn IgnitePutGetTxBenchmark -sn IgniteNode -ds ${ver}tx-opt-serial-put-get-${b}-backup,-cfg ${SCRIPT_DIR}/../config/ignite-config.xml -nn ${nodesNum} -b ${b} -w ${w} -d ${d} -t ${t} -sm ${sm}  --client -dn IgniteSqlQueryBenchmark -sn IgniteNode -ds ${ver}sql-query-${b}-backup,-cfg ${SCRIPT_DIR}/../config/ignite-config.xml -nn ${nodesNum} -b ${b} -w ${w} -d ${d} -t ${t} -sm ${sm}  --client -dn IgniteSqlQueryPutBenchmark -sn IgniteNode -ds ${ver}sql-query-put-${b}-backup,-cfg ${SCRIPT_DIR}/../config/ignite-config.xml -nn ${nodesNum} -b ${b} -w ${w} -d ${d} -t ${t} -sm ${sm} -bs 6  --client -dn IgnitePutAllBenchmark -wom PRIMARY -sn IgniteNode -ds ${ver}atomic-putAll-bs-6-${b}-backup,-cfg ${SCRIPT_DIR}/../config/ignite-config.xml -nn ${nodesNum} -b ${b} -w ${w} -d ${d} -t ${t} -sm ${sm} -bs 6  --client -dn IgnitePutAllTxBenchmark -sn IgniteNode -ds ${ver}tx-putAll-bs-6-${b}-backup,-cfg ${SCRIPT_DIR}/../config/ignite-config.xml -nn ${nodesNum} -b ${b} -w ${w} -d ${d} -t ${t} -sm ${sm} -bs 6  --client -dn IgnitePutAllSerializableTxBenchmark -sn IgniteNode -ds ${ver}tx-putAllSerializable-bs-6-${b}-backup,-cfg ${SCRIPT_DIR}/../config/ignite-config.xml -nn ${nodesNum} -b ${b} -w ${w} -d ${d} -t ${t} -sm ${sm} -bs 6 -txc OPTIMISTIC   --client -dn IgniteGetAllPutAllTxBenchmark -sn IgniteNode -ds ${ver}tx-optimistic-getAllPutAll-bs-6-${b}-backup,-cfg ${SCRIPT_DIR}/../config/ignite-config.xml -nn ${nodesNum} -b ${b} -w ${w} -d ${d} -t ${t} -sm ${sm} -bs 6 -txc PESSIMISTIC  --client -dn IgniteGetAllPutAllTxBenchmark -sn IgniteNode -ds ${ver}tx-pessimistic-getAllPutAll-bs-6-${b}-backup,-cfg ${SCRIPT_DIR}/../config/ignite-config.xml -nn ${nodesNum} -b ${b} -w ${w} -d ${d} -t ${t} -sm ${sm} -bs 6 -txc OPTIMISTIC -txi SERIALIZABLE  --client -dn IgniteGetAllPutAllTxBenchmark -sn IgniteNode -ds ${ver}tx-opt-serializable-getAllPutAll-bs-6-${b}-backup,", DRIVER_HOSTS=172.31.46.6, t=64, BENCHMARK_PACKAGES=org.yardstickframework,org.apache.ignite.yardstick, w=60, sm=FULL_SYNC, AUTO_COPY=false, RESTART_SERVERS=true}, shutdownHook=true, currentFolder=/home/ubuntu/date-2504-204359-s-4-c-1-ver-2.0.0-SNAPSHOT-0be92732, scriptsFolder=/home/ubuntu/date-2504-204359-s-4-c-1-ver-2.0.0-SNAPSHOT-0be92732/yardstick/bin, logsFolder=/home/ubuntu/date-2504-204359-s-4-c-1-ver-2.0.0-SNAPSHOT-0be92732/yardstick/bin/../output/logs-20170425-204411/logs_drivers, outputFolder=/home/ubuntu/date-2504-204359-s-4-c-1-ver-2.0.0-SNAPSHOT-0be92732/yardstick/bin/../output/results-20170425-204411, outputWriter=java.io.PrintStream@552d5a3d, errorWriter=java.io.PrintStream@5beabee8, descriptions=[2.0.0-SNAPSHOT-0be92732-tx-putAll-bs-6-1-backup], hostName=]
--Description: 2.0.0-SNAPSHOT-0be92732-tx-putAll-bs-6-1-backup
@@IgnitePutAllTxBenchmark
**"Time, sec","Memory Used, KB","Memory Buffered, KB","Memory Cached, KB","Memory Free, KB","CPU User, %","CPU System, %","CPU Idle, %","CPU Wait, %","CPU Hardware Interrupts","CPU Software Interrupts","Disk Read, B","Disk Write, B","Network Receive, B","Network Send, B","Page In, B","Page Out, B","System Interrupts, per sec","System Context Switches, per sec"
1493156830,1471488.00,158720.00,5146624.00,56098816.00,10.00,6.00,82.00,0.00,0.00,3.00,0.00,0.00,12582912.00,25165824.00,0.00,0.00,198656.00,188416.00
1493156831,1473536.00,158720.00,5146624.00,56098816.00,11.00,7.00,78.00,0.00,0.00,4.00,0.00,0.00,12582912.00,25165824.00,0.00,0.00,196608.00,187392.00
1493156832,1474560.00,158720.00,5146624.00,56098816.00,11.00,8.00,78.00,0.00,0.00,3.00,0.00,524288.00,12582912.00,26214400.00,0.00,0.00,195584.00,188416.00
1493156833,1473536.00,158720.00,5146624.00,56098816.00,10.00,6.00,81.00,0.00,0.00,3.00,0.00,180224.00,11534336.00,25165824.00,0.00,0.00,190464.00,181248.00
1493156834,1477632.00,158720.00,5146624.00,56098816.00,13.00,7.00,76.00,0.00,0.00,3.00,0.00,0.00,12582912.00,26214400.00,0.00,0.00,193536.00,186368.00
1493156835,1478656.00,158720.00,5146624.00,56098816.00,11.00,5.00,80.00,0.00,0.00,4.00,0.00,0.00,12582912.00,26214400.00,0.00,0.00,203776.00,193536.00
1493156836,1480704.00,158720.00,5146624.00,56098816.00,9.00,6.00,84.00,0.00,0.00,2.00,0.00,0.00,9415680.00,19922944.00,0.00,0.00,152576.00,146432.00
1493156837,1479680.00,158720.00,5146624.00,56098816.00,8.00,7.00,82.00,0.00,0.00,3.00,0.00,0.00,12582912.00,25165824.00,0.00,0.00,194560.00,186368.00
1493156838,1480704.00,158720.00,5146624.00,56098816.00,10.00,7.00,80.00,0.00,0.00,4.00,0.00,114688.00,12582912.00,27262976.00,0.00,0.00,204800.00,195584.00
1493156839,1484800.00,158720.00,5146624.00,56098816.00,10.00,5.00,83.00,0.00,0.00,3.00,0.00,0.00,10485760.00,22020096.00,0.00,0.00,176128.00,166912.00
1493156840,1484800.00,158720.00,5146624.00,56098816.00,8.00,9.00,79.00,0.00,0.00,4.00,0.00,0.00,12582912.00,27262976.00,0.00,0.00,201728.00,194560.00
1493156841,1486848.00,158720.00,5146624.00,56098816.00,14.00,5.00,77.00,0.00,0.00,4.00,0.00,0.00,12582912.00,27262976.00,0.00,0.00,207872.00,198656.00
1493156842,1486848.00,158720.00,5146624.00,56098816.00,8.00,6.00,84.00,0.00,0.00,3.00,0.00,0.00,11534336.00,24117248.00,0.00,0.00,178176.00,169984.00
1493156843,1490944.00,158720.00,5146624.00,56098816.00,12.00,6.00,78.00,0.00,0.00,4.00,0.00,114688.00,12582912.00,26214400.00,0.00,0.00,198656.00,189440.00
1493156844,1490944.00,158720.00,5146624.00,56098816.00,12.00,7.00,76.00,0.00,0.00,5.00,0.00,0.00,12582912.00,27262976.00,0.00,0.00,204800.00,196608.00
1493156845,1490944.00,158720.00,5146624.00,56098816.00,10.00,6.00,81.00,0.00,0.00,3.00,0.00,0.00,11534336.00,25165824.00,0.00,0.00,192512.00,183296.00
1493156846,1492992.00,158720.00,5146624.00,56098816.00,12.00,6.00,79.00,0.00,0.00,3.00,0.00,0.00,11534336.00,24117248.00,0.00,0.00,182272.00,176128.00
1493156847,1492992.00,158720.00,5146624.00,56098816.00,12.00,9.00,75.00,0.00,0.00,5.00,0.00,0.00,13631488.00,28311552.00,0.00,0.00,215040.00,204800.00
1493156848,1497088.00,158720.00,5146624.00,56098816.00,13.00,5.00,79.00,0.00,0.00,3.00,0.00,114688.00,11534336.00,24117248.00,0.00,0.00,181248.00,175104.00
1493156849,1498112.00,158720.00,5146624.00,56098816.00,9.00,6.00,81.00,0.00,0.00,4.00,0.00,0.00,11534336.00,25165824.00,0.00,0.00,186368.00,177152.00
1493156850,1500160.00,158720.00,5146624.00,56098816.00,13.00,6.00,75.00,0.00,0.00,5.00,0.00,0.00,12582912.00,26214400.00,0.00,0.00,204800.00,192512.00
1493156851,1500160.00,158720.00,5146624.00,56098816.00,10.00,6.00,81.00,0.00,0.00,4.00,0.00,0.00,11534336.00,24117248.00,0.00,0.00,187392.00,180224.00
1493156852,1499136.00,158720.00,5146624.00,56098816.00,9.00,7.00,81.00,0.00,0.00,3.00,0.00,0.00,11534336.00,25165824.00,0.00,0.00,188416.00,180224.00
1493156853,1504256.00,158720.00,5146624.00,56098816.00,16.00,6.00,73.00,0.00,0.00,4.00,0.00,114688.00,13631488.00,27262976.00,0.00,0.00,208896.00,199680.00
1493156854,1504256.00,158720.00,5146624.00,56098816.00,8.00,6.00,81.00,0.00,0.00,4.00,0.00,0.00,11534336.00,25165824.00,0.00,0.00,188416.00,179200.00
1493156855,1507328.00,158720.00,5146624.00,56098816.00,12.00,5.00,80.00,0.00,0.00,4.00,0.00,0.00,11534336.00,24117248.00,0.00,0.00,180224.00,172032.00
1493156856,1506304.00,158720.00,5146624.00,56098816.00,12.00,7.00,76.00,0.00,0.00,5.00,0.00,0.00,13631488.00,28311552.00,0.00,0.00,212992.00,203776.00
1493156857,1507328.00,158720.00,5146624.00,56098816.00,10.00,5.00,81.00,0.00,0.00,4.00,0.00,0.00,11534336.00,25165824.00,0.00,0.00,187392.00,178176.00
1493156858,1510400.00,158720.00,5146624.00,56098816.00,11.00,6.00,80.00,0.00,0.00,3.00,0.00,114688.00,10485760.00,22020096.00,0.00,0.00,169984.00,162816.00
1493156859,1510400.00,158720.00,5146624.00,56098816.00,12.00,7.00,76.00,0.00,0.00,5.00,0.00,0.00,13631488.00,28311552.00,0.00,0.00,212992.00,202752.00
1493156860,1513472.00,158720.00,5146624.00,56098816.00,13.00,6.00,78.00,0.00,0.00,3.00,0.00,0.00,11534336.00,25165824.00,0.00,0.00,186368.00,178176.00
1493156861,1513472.00,158720.00,5146624.00,56098816.00,9.00,7.00,80.00,0.00,0.00,4.00,0.00,0.00,12582912.00,26214400.00,0.00,0.00,197632.00,187392.00
1493156862,1516544.00,158720.00,5146624.00,56098816.00,14.00,6.00,76.00,0.00,0.00,4.00,0.00,49152.00,12582912.00,26214400.00,0.00,0.00,197632.00,189440.00
1493156863,1516544.00,158720.00,5146624.00,56098816.00,10.00,5.00,80.00,0.00,0.00,5.00,0.00,114688.00,12582912.00,26214400.00,0.00,0.00,196608.00,187392.00
1493156864,1517568.00,158720.00,5146624.00,56098816.00,10.00,7.00,80.00,0.00,0.00,3.00,0.00,0.00,12582912.00,26214400.00,0.00,0.00,194560.00,186368.00
1493156865,1518592.00,158720.00,5146624.00,56098816.00,14.00,7.00,75.00,0.00,0.00,3.00,0.00,0.00,12582912.00,26214400.00,0.00,0.00,195584.00,187392.00
1493156866,1517568.00,158720.00,5146624.00,56098816.00,9.00,7.00,80.00,0.00,0.00,4.00,0.00,0.00,12582912.00,26214400.00,0.00,0.00,197632.00,189440.00
1493156867,1522688.00,158720.00,5146624.00,56098816.00,12.00,7.00,78.00,0.00,0.00,3.00,0.00,581632.00,11534336.00,25165824.00,0.00,0.00,185344.00,177152.00
1493156868,1522688.00,158720.00,5146624.00,56098816.00,9.00,8.00,78.00,0.00,0.00,5.00,0.00,237568.00,12582912.00,27262976.00,0.00,0.00,201728.00,192512.00
1493156869,1524736.00,158720.00,5146624.00,56098816.00,14.00,7.00,76.00,0.00,0.00,3.00,0.00,0.00,12582912.00,26214400.00,0.00,0.00,197632.00,189440.00
1493156870,1525760.00,158720.00,5146624.00,56098816.00,9.00,6.00,81.00,0.00,0.00,4.00,0.00,0.00,11534336.00,25165824.00,0.00,0.00,188416.00,179200.00
1493156871,1525760.00,158720.00,5146624.00,56098816.00,12.00,9.00,76.00,0.00,0.00,4.00,0.00,0.00,12582912.00,26214400.00,0.00,0.00,197632.00,188416.00
1493156872,1528832.00,158720.00,5146624.00,55993958.40,14.00,8.00,75.00,0.00,0.00,3.00,0.00,0.00,12582912.00,26214400.00,0.00,0.00,196608.00,187392.00
1493156873,1528832.00,158720.00,5146624.00,55993958.40,10.00,6.00,80.00,0.00,0.00,3.00,0.00,114688.00,11534336.00,25165824.00,0.00,0.00,187392.00,177152.00
1493156874,1533952.00,158720.00,5146624.00,55993958.40,14.00,7.00,75.00,0.00,0.00,4.00,0.00,0.00,12582912.00,26214400.00,0.00,0.00,195584.00,187392.00
1493156875,1533952.00,158720.00,5146624.00,55993958.40,10.00,6.00,81.00,0.00,0.00,4.00,0.00,0.00,12582912.00,27262976.00,0.00,0.00,201728.00,192512.00
1493156876,1534976.00,158720.00,5146624.00,55993958.40,13.00,6.00,78.00,0.00,0.00,3.00,0.00,0.00,11534336.00,24117248.00,0.00,0.00,180224.00,173056.00
1493156877,1536000.00,158720.00,5146624.00,55993958.40,10.00,7.00,79.00,0.00,0.00,4.00,0.00,0.00,12582912.00,27262976.00,0.00,0.00,204800.00,194560.00
1493156878,1536000.00,158720.00,5146624.00,55993958.40,9.00,7.00,80.00,0.00,0.00,4.00,0.00,114688.00,12582912.00,26214400.00,0.00,0.00,200704.00,191488.00
1493156879,1538048.00,158720.00,5146624.00,55993958.40,12.00,6.00,78.00,0.00,0.00,4.00,0.00,0.00,11534336.00,24117248.00,0.00,0.00,181248.00,173056.00
1493156880,1538048.00,158720.00,5146624.00,55993958.40,12.00,8.00,76.00,0.00,0.00,4.00,0.00,0.00,13631488.00,28311552.00,0.00,0.00,211968.00,203776.00
1493156881,1542144.00,158720.00,5146624.00,55993958.40,10.00,5.00,82.00,0.00,0.00,3.00,0.00,0.00,10195968.00,20971520.00,0.00,0.00,173056.00,164864.00
1493156882,1542144.00,158720.00,5147648.00,55993958.40,8.00,6.00,83.00,0.00,0.00,3.00,0.00,0.00,11534336.00,24117248.00,0.00,0.00,186368.00,176128.00
1493156883,1547264.00,158720.00,5147648.00,55993958.40,15.00,8.00,74.00,0.00,0.00,4.00,0.00,114688.00,12582912.00,27262976.00,0.00,0.00,205824.00,195584.00
1493156884,1546240.00,158720.00,5147648.00,55993958.40,8.00,6.00,83.00,0.00,0.00,3.00,0.00,0.00,11534336.00,24117248.00,0.00,0.00,188416.00,179200.00
1493156885,1546240.00,158720.00,5147648.00,55993958.40,9.00,6.00,82.00,0.00,0.00,3.00,0.00,0.00,11534336.00,24117248.00,0.00,0.00,186368.00,176128.00
1493156886,1549312.00,158720.00,5147648.00,55993958.40,15.00,7.00,74.00,0.00,0.00,4.00,0.00,0.00,12582912.00,27262976.00,0.00,0.00,207872.00,198656.00
1493156887,1548288.00,158720.00,5147648.00,55993958.40,10.00,6.00,81.00,0.00,0.00,3.00,0.00,0.00,11534336.00,24117248.00,0.00,0.00,190464.00,179200.00
1493156888,1553408.00,158720.00,5147648.00,55993958.40,13.00,6.00,78.00,0.00,0.00,3.00,0.00,0.00,11534336.00,24117248.00,0.00,0.00,182272.00,174080.00
1493156889,1553408.00,158720.00,5147648.00,55993958.40,12.00,7.00,73.00,4.00,0.00,4.00,0.00,114688.00,12582912.00,26214400.00,0.00,0.00,207872.00,196608.00
1493156890,1552384.00,158720.00,5147648.00,55993958.40,11.00,6.00,79.00,0.00,0.00,4.00,0.00,0.00,12582912.00,27262976.00,0.00,0.00,203776.00,193536.00
1493156891,1555456.00,158720.00,5147648.00,55993958.40,13.00,5.00,80.00,0.00,0.00,2.00,0.00,0.00,10079232.00,20971520.00,0.00,0.00,161792.00,155648.00
1493156892,1555456.00,158720.00,5147648.00,55993958.40,10.00,8.00,78.00,0.00,0.00,4.00,0.00,40960.00,13631488.00,28311552.00,0.00,0.00,208896.00,202752.00
1493156893,1559552.00,158720.00,5147648.00,55993958.40,13.00,6.00,77.00,0.00,0.00,4.00,0.00,0.00,11534336.00,25165824.00,0.00,0.00,187392.00,184320.00
1493156894,1558528.00,158720.00,5147648.00,55993958.40,6.00,5.00,86.00,0.00,0.00,3.00,0.00,114688.00,10485760.00,22020096.00,0.00,0.00,169984.00,162816.00
1493156895,1562624.00,158720.00,5147648.00,55993958.40,12.00,8.00,76.00,0.00,0.00,4.00,0.00,0.00,13631488.00,27262976.00,0.00,0.00,208896.00,198656.00
1493156896,1561600.00,158720.00,5147648.00,55993958.40,12.00,6.00,77.00,0.00,0.00,5.00,0.00,0.00,12582912.00,26214400.00,0.00,0.00,198656.00,189440.00
1493156897,1561600.00,158720.00,5147648.00,55993958.40,9.00,6.00,82.00,0.00,0.00,3.00,0.00,16384.00,11534336.00,23068672.00,0.00,0.00,175104.00,165888.00
1493156898,1566720.00,158720.00,5147648.00,55993958.40,14.00,8.00,74.00,0.00,0.00,4.00,0.00,0.00,12582912.00,27262976.00,0.00,0.00,206848.00,197632.00
1493156899,1565696.00,158720.00,5147648.00,55993958.40,10.00,7.00,79.00,0.00,0.00,4.00,0.00,139264.00,12582912.00,25165824.00,0.00,0.00,193536.00,184320.00
1493156900,1567744.00,158720.00,5147648.00,55993958.40,10.00,6.00,81.00,0.00,0.00,3.00,0.00,0.00,10153984.00,20971520.00,0.00,0.00,165888.00,157696.00
1493156901,1568768.00,158720.00,5147648.00,55993958.40,8.00,5.00,85.00,0.00,0.00,3.00,0.00,0.00,10485760.00,22020096.00,0.00,0.00,172032.00,163840.00
1493156902,1568768.00,158720.00,5147648.00,55993958.40,11.00,7.00,78.00,0.00,0.00,5.00,0.00,548864.00,13631488.00,28311552.00,0.00,0.00,214016.00,202752.00
1493156903,1572864.00,158720.00,5147648.00,55993958.40,11.00,6.00,81.00,0.00,0.00,3.00,0.00,0.00,10485760.00,23068672.00,0.00,0.00,180224.00,173056.00
1493156904,1571840.00,158720.00,5147648.00,55993958.40,8.00,5.00,83.00,0.00,0.00,4.00,0.00,221184.00,11534336.00,23068672.00,0.00,0.00,184320.00,174080.00
1493156905,1573888.00,158720.00,5147648.00,55993958.40,14.00,8.00,75.00,0.00,0.00,3.00,0.00,0.00,12582912.00,27262976.00,0.00,0.00,208896.00,197632.00
1493156906,1573888.00,158720.00,5147648.00,55993958.40,10.00,6.00,81.00,0.00,0.00,3.00,0.00,0.00,11534336.00,25165824.00,0.00,0.00,190464.00,181248.00
1493156907,1574912.00,158720.00,5147648.00,55993958.40,9.00,5.00,81.00,0.00,0.00,4.00,0.00,0.00,11534336.00,25165824.00,0.00,0.00,188416.00,179200.00
1493156908,1577984.00,158720.00,5147648.00,55993958.40,14.00,8.00,75.00,0.00,0.00,3.00,0.00,0.00,12582912.00,27262976.00,0.00,0.00,205824.00,197632.00
1493156909,1579008.00,158720.00,5147648.00,55993958.40,10.00,6.00,80.00,0.00,0.00,4.00,0.00,114688.00,11534336.00,25165824.00,0.00,0.00,188416.00,179200.00
1493156910,1582080.00,158720.00,5147648.00,55993958.40,13.00,6.00,78.00,0.00,0.00,3.00,0.00,0.00,11534336.00,24117248.00,0.00,0.00,179200.00,172032.00
1493156911,1582080.00,158720.00,5147648.00,55993958.40,10.00,7.00,78.00,0.00,0.00,5.00,0.00,0.00,13631488.00,28311552.00,0.00,0.00,214016.00,202752.00
1493156912,1586176.00,158720.00,5147648.00,55993958.40,12.00,7.00,77.00,0.00,0.00,4.00,0.00,0.00,11534336.00,24117248.00,0.00,0.00,183296.00,174080.00
1493156913,1586176.00,158720.00,5147648.00,55993958.40,12.00,7.00,77.00,0.00,0.00,4.00,0.00,0.00,12582912.00,26214400.00,0.00,0.00,197632.00,188416.00
1493156914,1587200.00,158720.00,5147648.00,55993958.40,8.00,7.00,82.00,0.00,0.00,4.00,0.00,114688.00,11534336.00,24117248.00,0.00,0.00,191488.00,180224.00
1493156915,1588224.00,158720.00,5147648.00,55993958.40,13.00,5.00,77.00,0.00,0.00,4.00,0.00,0.00,11534336.00,23068672.00,0.00,0.00,182272.00,173056.00
1493156916,1587200.00,158720.00,5147648.00,55993958.40,8.00,5.00,83.00,0.00,0.00,4.00,0.00,0.00,10485760.00,23068672.00,0.00,0.00,177152.00,167936.00
1493156917,1591296.00,158720.00,5147648.00,55993958.40,15.00,6.00,75.00,0.00,0.00,3.00,0.00,0.00,12582912.00,25165824.00,0.00,0.00,192512.00,183296.00
1493156918,1591296.00,158720.00,5147648.00,55993958.40,9.00,6.00,83.00,0.00,0.00,3.00,0.00,0.00,11534336.00,25165824.00,0.00,0.00,188416.00,179200.00
1493156919,1591296.00,158720.00,5147648.00,55993958.40,9.00,7.00,81.00,0.00,0.00,4.00,0.00,131072.00,12582912.00,27262976.00,0.00,0.00,200704.00,190464.00
1493156920,1593344.00,158720.00,5147648.00,55993958.40,14.00,6.00,77.00,0.00,0.00,3.00,0.00,0.00,11534336.00,23068672.00,0.00,0.00,177152.00,168960.00
1493156921,1593344.00,158720.00,5147648.00,55993958.40,9.00,6.00,81.00,0.00,0.00,4.00,0.00,0.00,12582912.00,25165824.00,0.00,0.00,199680.00,188416.00
1493156922,1597440.00,158720.00,5147648.00,55993958.40,11.00,5.00,82.00,0.00,0.00,2.00,0.00,40960.00,10485760.00,23068672.00,0.00,0.00,182272.00,175104.00
1493156923,1598464.00,158720.00,5147648.00,55993958.40,7.00,6.00,83.00,0.00,0.00,3.00,0.00,0.00,11534336.00,23068672.00,0.00,0.00,185344.00,174080.00
1493156924,1597440.00,158720.00,5147648.00,55993958.40,9.00,5.00,83.00,0.00,0.00,3.00,0.00,114688.00,11534336.00,24117248.00,0.00,0.00,187392.00,178176.00
1493156925,1599488.00,158720.00,5147648.00,55993958.40,12.00,5.00,80.00,0.00,0.00,4.00,0.00,0.00,10485760.00,22020096.00,0.00,0.00,167936.00,159744.00
1493156926,1599488.00,158720.00,5147648.00,55993958.40,9.00,5.00,83.00,0.00,0.00,3.00,0.00,0.00,11534336.00,24117248.00,0.00,0.00,187392.00,178176.00
1493156927,1604608.00,158720.00,5147648.00,55993958.40,14.00,6.00,76.00,0.00,0.00,4.00,0.00,0.00,12582912.00,25165824.00,0.00,0.00,193536.00,185344.00
1493156928,1604608.00,158720.00,5147648.00,55993958.40,9.00,6.00,80.00,0.00,0.00,4.00,0.00,0.00,11534336.00,25165824.00,0.00,0.00,188416.00,178176.00
1493156929,1604608.00,158720.00,5147648.00,55993958.40,11.00,5.00,81.00,0.00,0.00,3.00,0.00,114688.00,12582912.00,26214400.00,0.00,0.00,196608.00,189440.00
1493156930,1605632.00,158720.00,5147648.00,55993958.40,13.00,8.00,74.00,0.00,0.00,4.00,0.00,0.00,12582912.00,26214400.00,0.00,0.00,197632.00,190464.00
1493156931,1606656.00,158720.00,5147648.00,55993958.40,9.00,6.00,81.00,0.00,0.00,4.00,0.00,0.00,11534336.00,24117248.00,0.00,0.00,183296.00,175104.00
1493156932,1610752.00,158720.00,5147648.00,55993958.40,14.00,6.00,77.00,0.00,0.00,4.00,0.00,16384.00,12582912.00,26214400.00,0.00,0.00,193536.00,187392.00
1493156933,1610752.00,158720.00,5147648.00,55993958.40,13.00,8.00,75.00,0.00,0.00,4.00,0.00,0.00,13631488.00,28311552.00,0.00,0.00,214016.00,204800.00
1493156934,1612800.00,158720.00,5147648.00,55993958.40,13.00,5.00,79.00,0.00,0.00,3.00,0.00,139264.00,10485760.00,22020096.00,0.00,0.00,172032.00,163840.00
1493156935,1612800.00,158720.00,5147648.00,55993958.40,11.00,7.00,79.00,0.00,0.00,3.00,0.00,0.00,12582912.00,26214400.00,0.00,0.00,200704.00,188416.00
1493156936,1612800.00,158720.00,5147648.00,55993958.40,11.00,8.00,77.00,0.00,0.00,4.00,0.00,0.00,13631488.00,28311552.00,0.00,0.00,208896.00,200704.00
1493156937,1616896.00,158720.00,5147648.00,55993958.40,12.00,5.00,80.00,0.00,0.00,4.00,0.00,589824.00,10485760.00,23068672.00,0.00,0.00,169984.00,163840.00
1493156938,1617920.00,158720.00,5147648.00,55993958.40,10.00,7.00,79.00,0.00,0.00,5.00,0.00,0.00,12582912.00,26214400.00,0.00,0.00,199680.00,188416.00
1493156939,1618944.00,158720.00,5147648.00,55993958.40,14.00,7.00,75.00,0.00,0.00,4.00,0.00,253952.00,13631488.00,27262976.00,0.00,0.00,206848.00,198656.00
1493156940,1619968.00,158720.00,5147648.00,55993958.40,8.00,6.00,84.00,0.00,0.00,2.00,0.00,0.00,11534336.00,23068672.00,0.00,0.00,176128.00,167936.00
1493156941,1623040.00,158720.00,5147648.00,55993958.40,14.00,6.00,77.00,0.00,0.00,4.00,0.00,0.00,12582912.00,25165824.00,0.00,0.00,200704.00,190464.00
1493156942,1624064.00,158720.00,5147648.00,55993958.40,8.00,5.00,83.00,0.00,0.00,3.00,0.00,0.00,11534336.00,24117248.00,0.00,0.00,188416.00,182272.00
1493156943,1623040.00,158720.00,5147648.00,55993958.40,11.00,5.00,81.00,0.00,0.00,4.00,0.00,0.00,11534336.00,24117248.00,0.00,0.00,183296.00,175104.00
1493156944,1626112.00,158720.00,5147648.00,55993958.40,14.00,7.00,76.00,0.00,0.00,3.00,0.00,114688.00,12582912.00,26214400.00,0.00,0.00,194560.00,185344.00
1493156945,1625088.00,158720.00,5147648.00,55993958.40,11.00,7.00,77.00,0.00,0.00,5.00,0.00,0.00,12582912.00,26214400.00,0.00,0.00,199680.00,189440.00
1493156946,1629184.00,158720.00,5147648.00,55993958.40,12.00,7.00,78.00,0.00,0.00,3.00,0.00,0.00,11534336.00,24117248.00,0.00,0.00,181248.00,174080.00
1493156947,1630208.00,158720.00,5147648.00,55993958.40,11.00,7.00,77.00,0.00,0.00,4.00,0.00,16384.00,12582912.00,26214400.00,0.00,0.00,199680.00,190464.00
1493156948,1630208.00,158720.00,5147648.00,55993958.40,11.00,7.00,78.00,0.00,0.00,4.00,0.00,0.00,12582912.00,27262976.00,0.00,0.00,198656.00,189440.00
1493156949,1632256.00,158720.00,5147648.00,55889100.80,11.00,7.00,78.00,0.00,0.00,4.00,0.00,114688.00,11534336.00,24117248.00,0.00,0.00,181248.00,175104.00
1493156950,1632256.00,158720.00,5147648.00,55889100.80,10.00,6.00,79.00,0.00,0.00,5.00,0.00,0.00,12582912.00,27262976.00,0.00,0.00,200704.00,192512.00
1493156951,1636352.00,158720.00,5147648.00,55889100.80,13.00,7.00,77.00,0.00,0.00,4.00,0.00,0.00,11534336.00,25165824.00,0.00,0.00,192512.00,184320.00
1493156952,1636352.00,158720.00,5147648.00,55889100.80,9.00,5.00,82.00,0.00,0.00,4.00,0.00,40960.00,11534336.00,24117248.00,0.00,0.00,186368.00,177152.00
1493156953,1638400.00,158720.00,5147648.00,55889100.80,14.00,7.00,75.00,0.00,0.00,4.00,0.00,0.00,12582912.00,26214400.00,0.00,0.00,193536.00,184320.00
1493156954,1638400.00,158720.00,5147648.00,55889100.80,11.00,6.00,79.00,0.00,0.00,5.00,0.00,114688.00,12582912.00,26214400.00,0.00,0.00,195584.00,186368.00
1493156955,1638400.00,158720.00,5147648.00,55889100.80,9.00,5.00,82.00,0.00,0.00,3.00,0.00,0.00,11534336.00,25165824.00,0.00,0.00,188416.00,180224.00
1493156956,1642496.00,158720.00,5147648.00,55889100.80,13.00,9.00,75.00,0.00,0.00,3.00,0.00,0.00,12582912.00,26214400.00,0.00,0.00,194560.00,185344.00
1493156957,1642496.00,158720.00,5147648.00,55889100.80,9.00,7.00,81.00,0.00,0.00,3.00,0.00,0.00,12582912.00,26214400.00,0.00,0.00,197632.00,189440.00
1493156958,1644544.00,158720.00,5147648.00,55889100.80,13.00,5.00,79.00,0.00,0.00,3.00,0.00,0.00,11534336.00,24117248.00,0.00,0.00,182272.00,175104.00
1493156959,1645568.00,158720.00,5147648.00,55889100.80,11.00,8.00,77.00,0.00,0.00,4.00,0.00,114688.00,13631488.00,28311552.00,0.00,0.00,212992.00,201728.00
1493156960,1647616.00,158720.00,5147648.00,55889100.80,8.00,7.00,82.00,0.00,0.00,3.00,0.00,0.00,11534336.00,24117248.00,0.00,0.00,184320.00,176128.00
1493156961,1649664.00,158720.00,5147648.00,55889100.80,10.00,5.00,83.00,0.00,0.00,3.00,0.00,0.00,10485760.00,22020096.00,0.00,0.00,173056.00,164864.00
1493156962,1649664.00,158720.00,5147648.00,55889100.80,8.00,4.00,84.00,0.00,0.00,3.00,0.00,0.00,10188800.00,20971520.00,0.00,0.00,164864.00,156672.00
1493156963,1651712.00,158720.00,5147648.00,55889100.80,12.00,5.00,78.00,0.00,0.00,5.00,0.00,0.00,11534336.00,25165824.00,0.00,0.00,185344.00,178176.00
1493156964,1651712.00,158720.00,5147648.00,55889100.80,10.00,7.00,80.00,0.00,0.00,4.00,0.00,114688.00,12582912.00,26214400.00,0.00,0.00,194560.00,184320.00
1493156965,1655808.00,158720.00,5147648.00,55889100.80,13.00,8.00,76.00,0.00,0.00,4.00,0.00,0.00,12582912.00,26214400.00,0.00,0.00,197632.00,189440.00
1493156966,1655808.00,158720.00,5147648.00,55889100.80,11.00,8.00,78.00,0.00,0.00,4.00,0.00,0.00,12582912.00,26214400.00,0.00,0.00,191488.00,183296.00
1493156967,1655808.00,158720.00,5147648.00,55889100.80,8.00,6.00,82.00,0.00,0.00,4.00,0.00,16384.00,11534336.00,24117248.00,0.00,0.00,181248.00,173056.00
1493156968,1657856.00,158720.00,5147648.00,55889100.80,14.00,6.00,76.00,0.00,0.00,4.00,0.00,0.00,12582912.00,25165824.00,0.00,0.00,190464.00,182272.00
1493156969,1658880.00,158720.00,5147648.00,55889100.80,11.00,8.00,76.00,0.00,0.00,4.00,0.00,139264.00,13631488.00,28311552.00,0.00,0.00,212992.00,201728.00
1493156970,1661952.00,158720.00,5147648.00,55889100.80,12.00,5.00,79.00,0.00,0.00,4.00,0.00,0.00,10485760.00,22020096.00,0.00,0.00,165888.00,158720.00
1493156971,1661952.00,158720.00,5147648.00,55889100.80,10.00,7.00,79.00,0.00,0.00,4.00,0.00,0.00,12582912.00,26214400.00,0.00,0.00,199680.00,190464.00
1493156972,1662976.00,158720.00,5147648.00,55889100.80,15.00,7.00,73.00,0.00,0.00,4.00,0.00,589824.00,13631488.00,28311552.00,0.00,0.00,204800.00,197632.00
1493156973,1664000.00,158720.00,5147648.00,55889100.80,8.00,5.00,83.00,0.00,0.00,4.00,0.00,0.00,10485760.00,23068672.00,0.00,0.00,169984.00,163840.00
1493156974,1664000.00,158720.00,5147648.00,55889100.80,9.00,6.00,82.00,0.00,0.00,3.00,0.00,245760.00,11534336.00,25165824.00,0.00,0.00,199680.00,190464.00
1493156975,1668096.00,158720.00,5147648.00,55889100.80,13.00,7.00,77.00,0.00,0.00,3.00,0.00,0.00,11534336.00,25165824.00,0.00,0.00,195584.00,186368.00
1493156976,1668096.00,158720.00,5147648.00,55889100.80,8.00,6.00,83.00,0.00,0.00,4.00,0.00,0.00,10485760.00,23068672.00,0.00,0.00,171008.00,163840.00
1493156977,1670144.00,158720.00,5147648.00,55889100.80,12.00,7.00,77.00,0.00,0.00,4.00,0.00,0.00,12582912.00,25165824.00,0.00,0.00,192512.00,182272.00
1493156978,1670144.00,158720.00,5147648.00,55889100.80,11.00,8.00,77.00,0.00,0.00,4.00,0.00,0.00,12582912.00,25165824.00,0.00,0.00,191488.00,183296.00
1493156979,1670144.00,158720.00,5147648.00,55889100.80,9.00,7.00,80.00,0.00,0.00,4.00,0.00,114688.00,11534336.00,25165824.00,0.00,0.00,185344.00,178176.00
1493156980,1674240.00,158720.00,5147648.00,55889100.80,13.00,6.00,78.00,0.00,0.00,3.00,0.00,0.00,11534336.00,24117248.00,0.00,0.00,177152.00,172032.00
1493156981,1674240.00,158720.00,5147648.00,55889100.80,10.00,8.00,77.00,0.00,0.00,4.00,0.00,0.00,13631488.00,28311552.00,0.00,0.00,207872.00,197632.00
1493156982,1676288.00,158720.00,5147648.00,55889100.80,13.00,5.00,78.00,0.00,0.00,4.00,0.00,40960.00,12582912.00,26214400.00,0.00,0.00,193536.00,185344.00
1493156983,1676288.00,158720.00,5147648.00,55889100.80,9.00,7.00,80.00,0.00,0.00,3.00,0.00,0.00,11534336.00,24117248.00,0.00,0.00,175104.00,167936.00
1493156984,1676288.00,158720.00,5147648.00,55889100.80,12.00,8.00,76.00,0.00,0.00,5.00,0.00,114688.00,13631488.00,28311552.00,0.00,0.00,210944.00,202752.00
1493156985,1680384.00,158720.00,5147648.00,55889100.80,14.00,5.00,78.00,0.00,0.00,3.00,0.00,0.00,11534336.00,23068672.00,0.00,0.00,187392.00,177152.00
1493156986,1681408.00,158720.00,5147648.00,55889100.80,7.00,5.00,85.00,0.00,0.00,3.00,0.00,0.00,10485760.00,22020096.00,0.00,0.00,172032.00,162816.00
1493156987,1683456.00,158720.00,5147648.00,55889100.80,15.00,6.00,74.00,0.00,0.00,5.00,0.00,425984.00,13631488.00,27262976.00,0.00,0.00,207872.00,198656.00
1493156988,1683456.00,158720.00,5147648.00,55889100.80,11.00,9.00,76.00,0.00,0.00,4.00,0.00,0.00,12582912.00,26214400.00,0.00,0.00,197632.00,188416.00
1493156989,1683456.00,158720.00,5147648.00,55889100.80,7.00,7.00,83.00,0.00,0.00,3.00,0.00,196608.00,11534336.00,23068672.00,0.00,0.00,175104.00,165888.00
1493156990,1687552.00,158720.00,5147648.00,55889100.80,15.00,7.00,73.00,0.00,0.00,5.00,0.00,0.00,13631488.00,28311552.00,0.00,0.00,207872.00,199680.00
1493156991,1687552.00,158720.00,5147648.00,55889100.80,10.00,6.00,80.00,0.00,0.00,3.00,0.00,0.00,12582912.00,26214400.00,0.00,0.00,196608.00,187392.00
1493156992,1689600.00,158720.00,5147648.00,55889100.80,12.00,6.00,77.00,0.00,0.00,4.00,0.00,278528.00,11534336.00,24117248.00,0.00,0.00,179200.00,171008.00
1493156993,1689600.00,158720.00,5147648.00,55889100.80,9.00,7.00,80.00,0.00,0.00,4.00,0.00,0.00,12582912.00,26214400.00,0.00,0.00,193536.00,189440.00
1493156994,1693696.00,158720.00,5147648.00,55889100.80,15.00,6.00,76.00,0.00,0.00,4.00,0.00,147456.00,12582912.00,25165824.00,0.00,0.00,191488.00,184320.00
1493156995,1692672.00,158720.00,5147648.00,55889100.80,11.00,6.00,80.00,0.00,0.00,4.00,0.00,0.00,12582912.00,26214400.00,0.00,0.00,191488.00,184320.00
1493156996,1697792.00,158720.00,5147648.00,55889100.80,13.00,7.00,77.00,0.00,0.00,4.00,0.00,0.00,11534336.00,25165824.00,0.00,0.00,184320.00,178176.00
1493156997,1696768.00,158720.00,5147648.00,55889100.80,9.00,6.00,81.00,0.00,0.00,4.00,0.00,237568.00,12582912.00,26214400.00,0.00,0.00,197632.00,192512.00
1493156998,1698816.00,158720.00,5147648.00,55889100.80,10.00,7.00,81.00,0.00,0.00,3.00,0.00,0.00,12582912.00,26214400.00,0.00,0.00,192512.00,185344.00
1493156999,1699840.00,158720.00,5147648.00,55889100.80,11.00,6.00,79.00,0.00,0.00,4.00,0.00,163840.00,11534336.00,24117248.00,0.00,0.00,180224.00,173056.00
1493157000,1699840.00,158720.00,5147648.00,55889100.80,10.00,7.00,77.00,0.00,0.00,6.00,0.00,0.00,13631488.00,28311552.00,0.00,0.00,210944.00,200704.00
1493157001,1703936.00,158720.00,5147648.00,55889100.80,10.00,6.00,81.00,0.00,0.00,3.00,0.00,0.00,10485760.00,22020096.00,0.00,0.00,176128.00,168960.00
1493157002,1703936.00,158720.00,5147648.00,55889100.80,7.00,5.00,85.00,0.00,0.00,3.00,0.00,0.00,10066944.00,20971520.00,0.00,0.00,178176.00,167936.00
1493157003,1703936.00,158720.00,5147648.00,55889100.80,10.00,7.00,80.00,0.00,0.00,3.00,0.00,0.00,12582912.00,26214400.00,0.00,0.00,198656.00,192512.00
1493157004,1705984.00,158720.00,5147648.00,55889100.80,12.00,7.00,77.00,0.00,0.00,4.00,0.00,114688.00,11534336.00,24117248.00,0.00,0.00,181248.00,174080.00
1493157005,1705984.00,158720.00,5147648.00,55889100.80,10.00,6.00,80.00,0.00,0.00,4.00,0.00,0.00,12582912.00,26214400.00,0.00,0.00,199680.00,189440.00
1493157006,1710080.00,158720.00,5147648.00,55889100.80,14.00,6.00,75.00,0.00,0.00,4.00,0.00,0.00,12582912.00,26214400.00,0.00,0.00,191488.00,184320.00
1493157007,1710080.00,158720.00,5147648.00,55889100.80,9.00,6.00,81.00,0.00,0.00,3.00,0.00,0.00,11534336.00,24117248.00,0.00,0.00,182272.00,173056.00
1493157008,1710080.00,158720.00,5147648.00,55889100.80,9.00,7.00,80.00,0.00,0.00,4.00,0.00,0.00,12582912.00,26214400.00,0.00,0.00,194560.00,186368.00
1493157009,1712128.00,158720.00,5147648.00,55889100.80,14.00,7.00,76.00,0.00,0.00,3.00,0.00,114688.00,12582912.00,26214400.00,0.00,0.00,194560.00,186368.00
1493157010,1712128.00,158720.00,5147648.00,55889100.80,9.00,6.00,81.00,0.00,0.00,4.00,0.00,0.00,11534336.00,25165824.00,0.00,0.00,187392.00,177152.00
1493157011,1716224.00,158720.00,5147648.00,55889100.80,13.00,5.00,77.00,0.00,0.00,4.00,0.00,0.00,12582912.00,25165824.00,0.00,0.00,194560.00,186368.00
1493157012,1715200.00,158720.00,5147648.00,55889100.80,12.00,7.00,76.00,0.00,0.00,5.00,0.00,0.00,12582912.00,26214400.00,0.00,0.00,199680.00,190464.00
1493157013,1718272.00,158720.00,5147648.00,55889100.80,13.00,6.00,78.00,0.00,0.00,3.00,0.00,0.00,11534336.00,24117248.00,0.00,0.00,180224.00,171008.00
1493157014,1718272.00,158720.00,5147648.00,55889100.80,9.00,8.00,80.00,0.00,0.00,4.00,0.00,114688.00,12582912.00,26214400.00,0.00,0.00,191488.00,190464.00
1493157015,1718272.00,158720.00,5147648.00,55889100.80,12.00,6.00,79.00,0.00,0.00,3.00,0.00,0.00,12582912.00,25165824.00,0.00,0.00,193536.00,183296.00
1493157016,1722368.00,158720.00,5147648.00,55889100.80,11.00,5.00,80.00,0.00,0.00,4.00,0.00,0.00,11534336.00,24117248.00,0.00,0.00,180224.00,173056.00
1493157017,1722368.00,158720.00,5147648.00,55889100.80,9.00,8.00,79.00,0.00,0.00,4.00,0.00,0.00,12582912.00,26214400.00,0.00,0.00,197632.00,188416.00
1493157018,1724416.00,158720.00,5147648.00,55889100.80,14.00,7.00,75.00,0.00,0.00,4.00,0.00,0.00,12582912.00,27262976.00,0.00,0.00,204800.00,195584.00
1493157019,1725440.00,158720.00,5147648.00,55889100.80,8.00,5.00,85.00,0.00,0.00,2.00,0.00,114688.00,10485760.00,22020096.00,0.00,0.00,173056.00,163840.00
1493157020,1728512.00,158720.00,5147648.00,55889100.80,13.00,6.00,77.00,0.00,0.00,4.00,0.00,0.00,12582912.00,26214400.00,0.00,0.00,193536.00,186368.00
1493157021,1728512.00,158720.00,5147648.00,55889100.80,10.00,8.00,78.00,0.00,0.00,4.00,0.00,0.00,13631488.00,28311552.00,0.00,0.00,209920.00,200704.00
1493157022,1728512.00,158720.00,5147648.00,55889100.80,9.00,6.00,82.00,0.00,0.00,3.00,0.00,0.00,11534336.00,23068672.00,0.00,0.00,175104.00,165888.00
1493157023,1730560.00,158720.00,5147648.00,55889100.80,12.00,4.00,81.00,0.00,0.00,3.00,0.00,0.00,9581568.00,19922944.00,0.00,0.00,156672.00,148480.00
1493157024,1730560.00,158720.00,5147648.00,55889100.80,9.00,7.00,80.00,0.00,0.00,3.00,0.00,114688.00,12582912.00,26214400.00,0.00,0.00,192512.00,183296.00
1493157025,1734656.00,158720.00,5147648.00,55889100.80,12.00,6.00,79.00,0.00,0.00,4.00,0.00,0.00,11534336.00,24117248.00,0.00,0.00,179200.00,172032.00
1493157026,1734656.00,158720.00,5147648.00,55889100.80,10.00,8.00,79.00,0.00,0.00,4.00,0.00,0.00,12582912.00,26214400.00,0.00,0.00,198656.00,189440.00
1493157027,1734656.00,158720.00,5147648.00,55889100.80,10.00,7.00,78.00,0.00,0.00,5.00,0.00,40960.00,12582912.00,26214400.00,0.00,0.00,200704.00,190464.00
1493157028,1737728.00,158720.00,5147648.00,55784243.20,16.00,7.00,74.00,0.00,0.00,4.00,0.00,0.00,12582912.00,25165824.00,0.00,0.00,191488.00,182272.00
1493157029,1736704.00,158720.00,5147648.00,55784243.20,10.00,6.00,77.00,5.00,0.00,3.00,0.00,114688.00,11534336.00,25165824.00,0.00,0.00,189440.00,180224.00
1493157030,1741824.00,158720.00,5147648.00,55784243.20,14.00,6.00,75.00,0.00,0.00,4.00,0.00,0.00,12582912.00,26214400.00,0.00,0.00,196608.00,188416.00
1493157031,1740800.00,158720.00,5147648.00,55784243.20,11.00,7.00,77.00,0.00,0.00,4.00,0.00,0.00,12582912.00,26214400.00,0.00,0.00,200704.00,190464.00
1493157032,1742848.00,158720.00,5147648.00,55784243.20,12.00,6.00,79.00,0.00,0.00,3.00,0.00,581632.00,11534336.00,24117248.00,0.00,0.00,179200.00,172032.00
1493157033,1742848.00,158720.00,5147648.00,55784243.20,10.00,9.00,78.00,0.00,0.00,3.00,0.00,0.00,12582912.00,27262976.00,0.00,0.00,199680.00,190464.00
1493157034,1742848.00,158720.00,5147648.00,55784243.20,9.00,7.00,81.00,0.00,0.00,4.00,0.00,270336.00,12582912.00,27262976.00,0.00,0.00,199680.00,191488.00
1493157035,1746944.00,158720.00,5147648.00,55784243.20,12.00,8.00,77.00,0.00,0.00,4.00,0.00,0.00,11534336.00,24117248.00,0.00,0.00,181248.00,173056.00
1493157036,1747968.00,158720.00,5147648.00,55784243.20,9.00,6.00,80.00,0.00,0.00,5.00,0.00,0.00,12582912.00,26214400.00,0.00,0.00,198656.00,188416.00
1493157037,1748992.00,158720.00,5147648.00,55784243.20,14.00,7.00,76.00,0.00,0.00,4.00,0.00,0.00,12582912.00,25165824.00,0.00,0.00,192512.00,184320.00
1493157038,1748992.00,158720.00,5147648.00,55784243.20,8.00,7.00,82.00,0.00,0.00,3.00,0.00,0.00,11534336.00,24117248.00,0.00,0.00,185344.00,176128.00
1493157039,1750016.00,158720.00,5147648.00,55784243.20,9.00,7.00,81.00,0.00,0.00,3.00,0.00,114688.00,11534336.00,25165824.00,0.00,0.00,187392.00,177152.00
1493157040,1754112.00,158720.00,5147648.00,55784243.20,14.00,7.00,75.00,0.00,0.00,5.00,0.00,0.00,12582912.00,26214400.00,0.00,0.00,193536.00,185344.00
1493157041,1754112.00,158720.00,5147648.00,55784243.20,9.00,6.00,81.00,0.00,0.00,4.00,0.00,0.00,11534336.00,25165824.00,0.00,0.00,192512.00,183296.00
1493157042,1756160.00,158720.00,5147648.00,55784243.20,12.00,6.00,78.00,0.00,0.00,4.00,0.00,0.00,11534336.00,25165824.00,0.00,0.00,188416.00,180224.00
1493157043,1756160.00,158720.00,5147648.00,55784243.20,7.00,6.00,83.00,0.00,0.00,3.00,0.00,0.00,11534336.00,25165824.00,0.00,0.00,196608.00,185344.00
1493157044,1760256.00,158720.00,5147648.00,55784243.20,13.00,6.00,77.00,0.00,0.00,4.00,0.00,114688.00,11534336.00,25165824.00,0.00,0.00,189440.00,181248.00
1493157045,1760256.00,158720.00,5147648.00,55784243.20,7.00,5.00,83.00,0.00,0.00,4.00,0.00,0.00,11534336.00,24117248.00,0.00,0.00,185344.00,176128.00
1493157046,1760256.00,158720.00,5147648.00,55784243.20,9.00,6.00,80.00,0.00,0.00,4.00,0.00,0.00,12582912.00,26214400.00,0.00,0.00,199680.00,189440.00
1493157047,1761280.00,158720.00,5147648.00,55784243.20,15.00,8.00,74.00,0.00,0.00,3.00,0.00,0.00,12582912.00,25165824.00,0.00,0.00,192512.00,183296.00
1493157048,1761280.00,158720.00,5147648.00,55784243.20,7.00,6.00,82.00,0.00,0.00,4.00,0.00,0.00,11534336.00,24117248.00,0.00,0.00,183296.00,175104.00
1493157049,1765376.00,158720.00,5147648.00,55784243.20,13.00,6.00,77.00,0.00,0.00,3.00,0.00,114688.00,11534336.00,25165824.00,0.00,0.00,192512.00,185344.00
1493157050,1765376.00,158720.00,5147648.00,55784243.20,10.00,8.00,77.00,0.00,0.00,5.00,0.00,0.00,13631488.00,28311552.00,0.00,0.00,211968.00,202752.00
1493157051,1765376.00,158720.00,5147648.00,55784243.20,8.00,5.00,84.00,0.00,0.00,2.00,0.00,0.00,10485760.00,22020096.00,0.00,0.00,171008.00,165888.00
1493157052,1767424.00,158720.00,5147648.00,55784243.20,15.00,5.00,76.00,0.00,0.00,3.00,0.00,0.00,12582912.00,25165824.00,0.00,0.00,191488.00,185344.00
1493157053,1767424.00,158720.00,5147648.00,55784243.20,13.00,7.00,75.00,0.00,0.00,5.00,0.00,0.00,13631488.00,28311552.00,0.00,0.00,208896.00,201728.00
1493157054,1772544.00,158720.00,5148672.00,55784243.20,12.00,6.00,79.00,0.00,0.00,3.00,0.00,114688.00,11534336.00,23068672.00,0.00,0.00,180224.00,173056.00
1493157055,1771520.00,158720.00,5148672.00,55784243.20,9.00,6.00,82.00,0.00,0.00,3.00,0.00,0.00,11534336.00,24117248.00,0.00,0.00,188416.00,179200.00
1493157056,1774592.00,158720.00,5148672.00,55784243.20,13.00,6.00,78.00,0.00,0.00,4.00,0.00,0.00,12582912.00,25165824.00,0.00,0.00,197632.00,187392.00
1493157057,1773568.00,158720.00,5148672.00,55784243.20,9.00,6.00,81.00,0.00,0.00,4.00,0.00,40960.00,11534336.00,25165824.00,0.00,0.00,191488.00,182272.00
1493157058,1774592.00,158720.00,5148672.00,55784243.20,7.00,7.00,83.00,0.00,0.00,4.00,0.00,0.00,11534336.00,24117248.00,0.00,0.00,186368.00,176128.00
1493157059,1778688.00,158720.00,5148672.00,55784243.20,13.00,7.00,77.00,0.00,0.00,3.00,0.00,114688.00,11534336.00,25165824.00,0.00,0.00,194560.00,186368.00
1493157060,1778688.00,158720.00,5148672.00,55784243.20,9.00,6.00,81.00,0.00,0.00,4.00,0.00,0.00,12582912.00,25165824.00,0.00,0.00,196608.00,185344.00
1493157061,1779712.00,158720.00,5148672.00,55784243.20,10.00,4.00,83.00,0.00,0.00,3.00,0.00,0.00,10171392.00,20971520.00,0.00,0.00,174080.00,164864.00
1493157062,1780736.00,158720.00,5148672.00,55784243.20,9.00,6.00,83.00,0.00,0.00,2.00,0.00,0.00,11534336.00,23068672.00,0.00,0.00,184320.00,176128.00
1493157063,1779712.00,158720.00,5148672.00,55784243.20,7.00,4.00,87.00,0.00,0.00,2.00,0.00,0.00,9109504.00,18874368.00,0.00,0.00,156672.00,145408.00
1493157064,1784832.00,158720.00,5148672.00,55784243.20,10.00,4.00,85.00,0.00,0.00,2.00,0.00,114688.00,8810496.00,18874368.00,0.00,0.00,146432.00,138240.00
1493157065,1784832.00,158720.00,5148672.00,55784243.20,9.00,5.00,82.00,0.00,0.00,4.00,0.00,0.00,11534336.00,23068672.00,0.00,0.00,182272.00,172032.00
1493157066,1784832.00,158720.00,5148672.00,55784243.20,9.00,7.00,79.00,0.00,0.00,4.00,0.00,0.00,12582912.00,27262976.00,0.00,0.00,206848.00,197632.00
1493157067,1786880.00,158720.00,5148672.00,55784243.20,11.00,6.00,79.00,0.00,0.00,3.00,0.00,573440.00,11534336.00,25165824.00,0.00,0.00,196608.00,186368.00
1493157068,1786880.00,158720.00,5148672.00,55784243.20,10.00,5.00,82.00,0.00,0.00,3.00,0.00,0.00,11534336.00,24117248.00,0.00,0.00,195584.00,183296.00
1493157069,1790976.00,158720.00,5148672.00,55784243.20,13.00,6.00,77.00,0.00,0.00,3.00,0.00,262144.00,11534336.00,25165824.00,0.00,0.00,188416.00,180224.00
1493157070,1790976.00,158720.00,5148672.00,55784243.20,10.00,7.00,79.00,0.00,0.00,4.00,0.00,0.00,12582912.00,26214400.00,0.00,0.00,200704.00,190464.00
1493157071,1790976.00,158720.00,5148672.00,55784243.20,8.00,6.00,82.00,0.00,0.00,4.00,0.00,0.00,11534336.00,25165824.00,0.00,0.00,199680.00,186368.00
1493157072,1793024.00,158720.00,5148672.00,55784243.20,11.00,6.00,80.00,0.00,0.00,3.00,0.00,0.00,10485760.00,22020096.00,0.00,0.00,181248.00,171008.00
1493157073,1793024.00,158720.00,5148672.00,55784243.20,10.00,8.00,79.00,0.00,0.00,4.00,0.00,0.00,12582912.00,26214400.00,0.00,0.00,201728.00,191488.00
1493157074,1797120.00,158720.00,5148672.00,55784243.20,14.00,6.00,77.00,0.00,0.00,3.00,0.00,114688.00,12582912.00,26214400.00,0.00,0.00,197632.00,188416.00
1493157075,1797120.00,158720.00,5148672.00,55784243.20,9.00,8.00,80.00,0.00,0.00,3.00,0.00,0.00,11534336.00,24117248.00,0.00,0.00,188416.00,177152.00
1493157076,1797120.00,158720.00,5148672.00,55784243.20,10.00,7.00,80.00,0.00,0.00,4.00,0.00,0.00,12582912.00,26214400.00,0.00,0.00,212992.00,199680.00
1493157077,1799168.00,158720.00,5148672.00,55784243.20,14.00,6.00,78.00,0.00,0.00,2.00,0.00,0.00,11534336.00,24117248.00,0.00,0.00,184320.00,176128.00
1493157078,1799168.00,158720.00,5148672.00,55784243.20,9.00,7.00,80.00,0.00,0.00,5.00,0.00,0.00,12582912.00,26214400.00,0.00,0.00,199680.00,188416.00
1493157079,1803264.00,158720.00,5148672.00,55784243.20,11.00,8.00,78.00,0.00,0.00,3.00,0.00,114688.00,12582912.00,25165824.00,0.00,0.00,195584.00,186368.00
1493157080,1803264.00,158720.00,5148672.00,55784243.20,6.00,7.00,84.00,0.00,0.00,3.00,0.00,0.00,11534336.00,23068672.00,0.00,0.00,189440.00,177152.00
1493157081,1805312.00,158720.00,5148672.00,55784243.20,14.00,6.00,76.00,0.00,0.00,4.00,0.00,0.00,12582912.00,26214400.00,0.00,0.00,195584.00,187392.00
1493157082,1805312.00,158720.00,5148672.00,55784243.20,9.00,6.00,80.00,0.00,0.00,4.00,0.00,0.00,12582912.00,27262976.00,0.00,0.00,200704.00,191488.00
1493157083,1805312.00,158720.00,5148672.00,55784243.20,9.00,6.00,81.00,0.00,0.00,4.00,0.00,0.00,11534336.00,25165824.00,0.00,0.00,185344.00,177152.00
1493157084,1809408.00,158720.00,5148672.00,55784243.20,10.00,4.00,83.00,1.00,0.00,2.00,0.00,114688.00,9769984.00,20971520.00,0.00,0.00,175104.00,163840.00
1493157085,1809408.00,158720.00,5148672.00,55784243.20,6.00,4.00,88.00,0.00,0.00,2.00,0.00,0.00,9617408.00,19922944.00,0.00,0.00,174080.00,160768.00
1493157086,1809408.00,158720.00,5148672.00,55784243.20,9.00,5.00,82.00,0.00,0.00,3.00,0.00,0.00,11534336.00,25165824.00,0.00,0.00,190464.00,183296.00
1493157087,1811456.00,158720.00,5148672.00,55784243.20,13.00,6.00,79.00,0.00,0.00,2.00,0.00,483328.00,11534336.00,23068672.00,0.00,0.00,172032.00,168960.00
1493157088,1811456.00,158720.00,5148672.00,55784243.20,11.00,6.00,80.00,0.00,0.00,3.00,0.00,0.00,12582912.00,27262976.00,0.00,0.00,207872.00,201728.00
1493157089,1815552.00,158720.00,5148672.00,55784243.20,12.00,6.00,80.00,0.00,0.00,3.00,0.00,221184.00,10485760.00,22020096.00,0.00,0.00,181248.00,172032.00
1493157090,1815552.00,158720.00,5148672.00,55784243.20,8.00,5.00,83.00,0.00,0.00,3.00,0.00,0.00,11534336.00,25165824.00,0.00,0.00,188416.00,179200.00
1493157091,1817600.00,158720.00,5148672.00,55784243.20,13.00,9.00,75.00,0.00,0.00,3.00,0.00,0.00,12582912.00,27262976.00,0.00,0.00,207872.00,198656.00
1493157092,1817600.00,158720.00,5148672.00,55784243.20,9.00,7.00,79.00,0.00,0.00,5.00,0.00,0.00,12582912.00,26214400.00,0.00,0.00,199680.00,190464.00
1493157093,1817600.00,158720.00,5148672.00,55784243.20,8.00,5.00,84.00,0.00,0.00,3.00,0.00,0.00,10485760.00,22020096.00,0.00,0.00,175104.00,164864.00
1493157094,1821696.00,158720.00,5148672.00,55784243.20,14.00,7.00,74.00,0.00,0.00,5.00,0.00,114688.00,12582912.00,27262976.00,0.00,0.00,207872.00,199680.00
1493157095,1821696.00,158720.00,5148672.00,55784243.20,11.00,8.00,77.00,0.00,0.00,4.00,0.00,0.00,12582912.00,27262976.00,0.00,0.00,201728.00,191488.00
1493157096,1823744.00,158720.00,5148672.00,55784243.20,11.00,5.00,80.00,0.00,0.00,3.00,0.00,0.00,10485760.00,22020096.00,0.00,0.00,167936.00,160768.00
1493157097,1823744.00,158720.00,5148672.00,55784243.20,9.00,9.00,77.00,0.00,0.00,5.00,0.00,0.00,13631488.00,29360128.00,0.00,0.00,214016.00,204800.00
1493157098,1828864.00,158720.00,5148672.00,55784243.20,16.00,6.00,73.00,0.00,0.00,4.00,0.00,0.00,12582912.00,27262976.00,0.00,0.00,200704.00,195584.00
1493157099,1827840.00,158720.00,5148672.00,55784243.20,9.00,5.00,84.00,0.00,0.00,2.00,0.00,114688.00,9733120.00,19922944.00,0.00,0.00,155648.00,151552.00
1493157100,1826816.00,158720.00,5148672.00,55784243.20,11.00,9.00,75.00,0.00,0.00,5.00,0.00,0.00,13631488.00,28311552.00,0.00,0.00,211968.00,200704.00
1493157101,1829888.00,158720.00,5148672.00,55784243.20,14.00,8.00,73.00,0.00,0.00,5.00,0.00,0.00,13631488.00,27262976.00,0.00,0.00,208896.00,200704.00
1493157102,1829888.00,158720.00,5148672.00,55784243.20,7.00,5.00,85.00,0.00,0.00,3.00,0.00,0.00,10485760.00,22020096.00,0.00,0.00,164864.00,156672.00
1493157103,1833984.00,158720.00,5148672.00,55784243.20,15.00,8.00,74.00,0.00,0.00,4.00,0.00,0.00,13631488.00,27262976.00,0.00,0.00,206848.00,198656.00
1493157104,1833984.00,158720.00,5148672.00,55784243.20,12.00,7.00,77.00,0.00,0.00,4.00,0.00,114688.00,13631488.00,28311552.00,0.00,0.00,211968.00,202752.00
1493157105,1833984.00,158720.00,5148672.00,55784243.20,8.00,4.00,86.00,0.00,0.00,2.00,0.00,0.00,9248768.00,19922944.00,0.00,0.00,146432.00,140288.00
1493157106,1838080.00,158720.00,5148672.00,55784243.20,11.00,5.00,82.00,0.00,0.00,2.00,0.00,0.00,10048512.00,20971520.00,0.00,0.00,161792.00,155648.00
1493157107,1837056.00,158720.00,5148672.00,55784243.20,12.00,9.00,75.00,0.00,0.00,4.00,0.00,0.00,13631488.00,28311552.00,0.00,0.00,214016.00,203776.00
1493157108,1840128.00,158720.00,5148672.00,55679385.60,14.00,5.00,78.00,0.00,0.00,3.00,0.00,0.00,11534336.00,24117248.00,0.00,0.00,181248.00,174080.00
1493157109,1840128.00,158720.00,5148672.00,55784243.20,9.00,7.00,80.00,0.00,0.00,4.00,0.00,114688.00,11534336.00,25165824.00,0.00,0.00,189440.00,180224.00
1493157110,1840128.00,158720.00,5148672.00,55784243.20,10.00,7.00,78.00,0.00,0.00,5.00,0.00,0.00,13631488.00,28311552.00,0.00,0.00,211968.00,202752.00
1493157111,1842176.00,158720.00,5148672.00,55679385.60,11.00,6.00,78.00,0.00,0.00,4.00,0.00,0.00,11534336.00,24117248.00,0.00,0.00,181248.00,174080.00
1493157112,1842176.00,158720.00,5148672.00,55679385.60,9.00,5.00,81.00,0.00,0.00,4.00,0.00,0.00,11534336.00,25165824.00,0.00,0.00,185344.00,178176.00
1493157113,1846272.00,158720.00,5148672.00,55679385.60,16.00,7.00,73.00,0.00,0.00,4.00,0.00,0.00,13631488.00,27262976.00,0.00,0.00,203776.00,198656.00
1493157114,1846272.00,158720.00,5148672.00,55679385.60,8.00,6.00,82.00,0.00,0.00,4.00,0.00,114688.00,11534336.00,25165824.00,0.00,0.00,185344.00,181248.00
1493157115,1850368.00,158720.00,5148672.00,55679385.60,12.00,6.00,78.00,0.00,0.00,4.00,0.00,0.00,11534336.00,24117248.00,0.00,0.00,184320.00,176128.00
1493157116,1850368.00,158720.00,5148672.00,55679385.60,11.00,7.00,78.00,0.00,0.00,4.00,0.00,0.00,13631488.00,28311552.00,0.00,0.00,209920.00,204800.00
1493157117,1850368.00,158720.00,5148672.00,55679385.60,7.00,6.00,82.00,0.00,0.00,4.00,0.00,557056.00,11534336.00,25165824.00,0.00,0.00,185344.00,180224.00
1493157118,1851392.00,158720.00,5148672.00,55679385.60,12.00,5.00,80.00,0.00,0.00,3.00,0.00,0.00,11534336.00,24117248.00,0.00,0.00,180224.00,174080.00
1493157119,1852416.00,158720.00,5148672.00,55679385.60,10.00,7.00,79.00,0.00,0.00,4.00,0.00,245760.00,13631488.00,28311552.00,0.00,0.00,211968.00,203776.00
1493157120,1856512.00,158720.00,5148672.00,55679385.60,12.00,5.00,80.00,0.00,0.00,3.00,0.00,0.00,11534336.00,24117248.00,0.00,0.00,183296.00,175104.00
1493157121,1855488.00,158720.00,5148672.00,55679385.60,7.00,5.00,85.00,0.00,0.00,3.00,0.00,0.00,10485760.00,22020096.00,0.00,0.00,186368.00,174080.00
1493157122,1856512.00,158720.00,5148672.00,55679385.60,8.00,5.00,84.00,0.00,0.00,3.00,0.00,0.00,11534336.00,24117248.00,0.00,0.00,188416.00,182272.00
1493157123,1858560.00,158720.00,5148672.00,55679385.60,14.00,6.00,77.00,0.00,0.00,4.00,0.00,0.00,12582912.00,26214400.00,0.00,0.00,205824.00,197632.00
1493157124,1858560.00,158720.00,5148672.00,55679385.60,9.00,5.00,83.00,0.00,0.00,3.00,0.00,114688.00,10485760.00,23068672.00,0.00,0.00,176128.00,166912.00
1493157125,1862656.00,158720.00,5148672.00,55679385.60,13.00,7.00,77.00,0.00,0.00,3.00,0.00,0.00,12582912.00,25165824.00,0.00,0.00,196608.00,186368.00
1493157126,1862656.00,158720.00,5148672.00,55679385.60,11.00,8.00,76.00,0.00,0.00,5.00,0.00,0.00,13631488.00,28311552.00,0.00,0.00,214016.00,201728.00
1493157127,1864704.00,158720.00,5148672.00,55679385.60,11.00,7.00,79.00,0.00,0.00,3.00,0.00,0.00,10485760.00,22020096.00,0.00,0.00,173056.00,162816.00
1493157128,1864704.00,158720.00,5148672.00,55679385.60,10.00,7.00,79.00,0.00,0.00,4.00,0.00,0.00,12582912.00,26214400.00,0.00,0.00,200704.00,189440.00
1493157129,1864704.00,158720.00,5148672.00,55679385.60,11.00,7.00,78.00,0.00,0.00,4.00,0.00,114688.00,12582912.00,27262976.00,0.00,0.00,210944.00,199680.00
