--Probe dump file for probe: org.yardstickframework.probes.PercentileProbe@25cc7470 (class org.yardstickframework.probes.PercentileProbe)
--Created Tue Apr 25 21:46:09 UTC 2017
--Benchmark config: BenchmarkConfiguration [memberId='0', driverNames='[IgnitePutAllTxBenchmark]', serverName='IgniteNode', threads=64, duration=300, warmup=60, dfltProbeClsNames=[ThroughputLatencyProbe, PercentileProbe, DStatProbe], propsFileName='yardstick/config/run.properties', packages=[org.yardstickframework, org.apache.ignite.yardstick], cmdArgs=[--outputFolder, /home/ubuntu/date-2504-204359-s-4-c-1-ver-2.0.0-SNAPSHOT-0be92732/yardstick/bin/../output/results-20170425-204411, -id, 0, -cfg, /home/ubuntu/date-2504-204359-s-4-c-1-ver-2.0.0-SNAPSHOT-0be92732/yardstick/bin/../config/ignite-config.xml, -nn, 5, -b, 1, -w, 60, -d, 300, -t, 64, -sm, FULL_SYNC, -bs, 6, --client, -dn, IgnitePutAllTxBenchmark, -sn, IgniteNode, -ds, 2.0.0-SNAPSHOT-0be92732-tx-putAll-bs-6-1-backup, --config, yardstick/config/run.properties, --logsFolder, /home/ubuntu/date-2504-204359-s-4-c-1-ver-2.0.0-SNAPSHOT-0be92732/yardstick/bin/../output/logs-20170425-204411/logs_drivers, --currentFolder, /home/ubuntu/date-2504-204359-s-4-c-1-ver-2.0.0-SNAPSHOT-0be92732, --scriptsFolder, /home/ubuntu/date-2504-204359-s-4-c-1-ver-2.0.0-SNAPSHOT-0be92732/yardstick/bin], probeWriter='null', customProps={ver=2.0.0-SNAPSHOT-0be92732- , b=1, d=300, SERVER_HOSTS=172.31.45.250,172.31.38.80,172.31.41.141,172.31.42.161, now0=`date +'%H%M%S'`, j=10, nodesNum=$((`echo ${SERVER_HOSTS} | tr ',' '' | wc -l` + `echo ${DRIVER_HOSTS} | tr ',' '' | wc -l`)), JVM_OPTS=${JVM_OPTS}" -Xms6g -Xmx6g -Xloggc:./gc${now0}.log -XX:+PrintGCDetails -verbose:gc -XX:+UseParNewGC -XX:+UseConcMarkSweepGC ", CONFIGS="-cfg ${SCRIPT_DIR}/../config/ignite-config.xml -nn ${nodesNum} -b ${b} -w ${w} -d ${d} -t ${t} -sm ${sm}  --client -dn IgnitePutBenchmark -sn IgniteNode -wom PRIMARY -ds ${ver}atomic-put-${b}-backup,-cfg ${SCRIPT_DIR}/../config/ignite-config.xml -nn ${nodesNum} -b ${b} -w ${w} -d ${d} -t ${t} -sm ${sm}  --client -dn IgnitePutGetBenchmark -sn IgniteNode -wom PRIMARY -ds ${ver}atomic-put-get-${b}-backup,-cfg ${SCRIPT_DIR}/../config/ignite-config.xml -nn ${nodesNum} -b ${b} -w ${w} -d ${d} -t ${t} -sm ${sm} -bs 6  --client -dn IgnitePutGetBatchBenchmark -wom PRIMARY -sn IgniteNode -ds ${ver}atomic-put-get-bs-6-${b}-backup,-cfg ${SCRIPT_DIR}/../config/ignite-config.xml -nn ${nodesNum} -b ${b} -w ${w} -d ${d} -t ${t} -sm ${sm}  --client -dn IgnitePutTxImplicitBenchmark -sn IgniteNode -ds ${ver}tx-optimistic-put-${b}-backup,-cfg ${SCRIPT_DIR}/../config/ignite-config.xml -nn ${nodesNum} -b ${b} -w ${w} -d ${d} -t ${t} -sm ${sm} -txc OPTIMISTIC  --client -dn IgnitePutGetTxBenchmark -sn IgniteNode -ds ${ver}tx-optim-repRead-put-get-${b}-backup,-cfg ${SCRIPT_DIR}/../config/ignite-config.xml -nn ${nodesNum} -b ${b} -w ${w} -d ${d} -t ${t} -sm ${sm} -txc PESSIMISTIC  --client -dn IgnitePutGetTxBenchmark -sn IgniteNode -ds ${ver}tx-pessim-repRead-put-get-${b}-backup,-cfg ${SCRIPT_DIR}/../config/ignite-config.xml -nn ${nodesNum} -b ${b} -w ${w} -d ${d} -t ${t} -sm ${sm} -txc OPTIMISTIC -txi SERIALIZABLE  --client -dn IgnitePutGetTxBenchmark -sn IgniteNode -ds ${ver}tx-opt-serial-put-get-${b}-backup,-cfg ${SCRIPT_DIR}/../config/ignite-config.xml -nn ${nodesNum} -b ${b} -w ${w} -d ${d} -t ${t} -sm ${sm}  --client -dn IgniteSqlQueryBenchmark -sn IgniteNode -ds ${ver}sql-query-${b}-backup,-cfg ${SCRIPT_DIR}/../config/ignite-config.xml -nn ${nodesNum} -b ${b} -w ${w} -d ${d} -t ${t} -sm ${sm}  --client -dn IgniteSqlQueryPutBenchmark -sn IgniteNode -ds ${ver}sql-query-put-${b}-backup,-cfg ${SCRIPT_DIR}/../config/ignite-config.xml -nn ${nodesNum} -b ${b} -w ${w} -d ${d} -t ${t} -sm ${sm} -bs 6  --client -dn IgnitePutAllBenchmark -wom PRIMARY -sn IgniteNode -ds ${ver}atomic-putAll-bs-6-${b}-backup,-cfg ${SCRIPT_DIR}/../config/ignite-config.xml -nn ${nodesNum} -b ${b} -w ${w} -d ${d} -t ${t} -sm ${sm} -bs 6  --client -dn IgnitePutAllTxBenchmark -sn IgniteNode -ds ${ver}tx-putAll-bs-6-${b}-backup,-cfg ${SCRIPT_DIR}/../config/ignite-config.xml -nn ${nodesNum} -b ${b} -w ${w} -d ${d} -t ${t} -sm ${sm} -bs 6  --client -dn IgnitePutAllSerializableTxBenchmark -sn IgniteNode -ds ${ver}tx-putAllSerializable-bs-6-${b}-backup,-cfg ${SCRIPT_DIR}/../config/ignite-config.xml -nn ${nodesNum} -b ${b} -w ${w} -d ${d} -t ${t} -sm ${sm} -bs 6 -txc OPTIMISTIC   --client -dn IgniteGetAllPutAllTxBenchmark -sn IgniteNode -ds ${ver}tx-optimistic-getAllPutAll-bs-6-${b}-backup,-cfg ${SCRIPT_DIR}/../config/ignite-config.xml -nn ${nodesNum} -b ${b} -w ${w} -d ${d} -t ${t} -sm ${sm} -bs 6 -txc PESSIMISTIC  --client -dn IgniteGetAllPutAllTxBenchmark -sn IgniteNode -ds ${ver}tx-pessimistic-getAllPutAll-bs-6-${b}-backup,-cfg ${SCRIPT_DIR}/../config/ignite-config.xml -nn ${nodesNum} -b ${b} -w ${w} -d ${d} -t ${t} -sm ${sm} -bs 6 -txc OPTIMISTIC -txi SERIALIZABLE  --client -dn IgniteGetAllPutAllTxBenchmark -sn IgniteNode -ds ${ver}tx-opt-serializable-getAllPutAll-bs-6-${b}-backup,", DRIVER_HOSTS=172.31.46.6, t=64, BENCHMARK_PACKAGES=org.yardstickframework,org.apache.ignite.yardstick, w=60, sm=FULL_SYNC, AUTO_COPY=false, RESTART_SERVERS=true}, shutdownHook=true, currentFolder=/home/ubuntu/date-2504-204359-s-4-c-1-ver-2.0.0-SNAPSHOT-0be92732, scriptsFolder=/home/ubuntu/date-2504-204359-s-4-c-1-ver-2.0.0-SNAPSHOT-0be92732/yardstick/bin, logsFolder=/home/ubuntu/date-2504-204359-s-4-c-1-ver-2.0.0-SNAPSHOT-0be92732/yardstick/bin/../output/logs-20170425-204411/logs_drivers, outputFolder=/home/ubuntu/date-2504-204359-s-4-c-1-ver-2.0.0-SNAPSHOT-0be92732/yardstick/bin/../output/results-20170425-204411, outputWriter=java.io.PrintStream@552d5a3d, errorWriter=java.io.PrintStream@5beabee8, descriptions=[2.0.0-SNAPSHOT-0be92732-tx-putAll-bs-6-1-backup], hostName=]
--Description: 2.0.0-SNAPSHOT-0be92732-tx-putAll-bs-6-1-backup
@@IgnitePutAllTxBenchmark
**"Latency, microseconds","Operations, %"
0,0.00
100,0.00
200,0.00
300,0.00
400,0.00
500,0.00
600,0.00
700,0.00
800,0.00
900,0.00
1000,0.00
1100,0.00
1200,0.00
1300,0.00
1400,0.00
1500,0.00
1600,0.00
1700,0.00
1800,0.00
1900,0.00
2000,0.00
2100,0.00
2200,0.00
2300,0.00
2400,0.00
2500,0.00
2600,0.00
2700,0.00
2800,0.00
2900,0.00
3000,0.00
3100,0.00
3200,0.00
3300,0.00
3400,0.00
3500,0.00
3600,0.00
3700,0.00
3800,0.01
3900,0.01
4000,0.01
4100,0.01
4200,0.01
4300,0.01
4400,0.02
4500,0.02
4600,0.02
4700,0.03
4800,0.03
4900,0.03
5000,0.03
5100,0.04
5200,0.04
5300,0.04
5400,0.04
5500,0.04
5600,0.04
5700,0.04
5800,0.04
5900,0.04
6000,0.04
6100,0.04
6200,0.03
6300,0.03
6400,0.03
6500,0.03
6600,0.02
6700,0.02
6800,0.02
6900,0.01
7000,0.01
7100,0.01
7200,0.01
7300,0.01
7400,0.01
7500,0.00
7600,0.00
7700,0.00
7800,0.00
7900,0.00
8000,0.00
8100,0.00
8200,0.00
8300,0.00
8400,0.00
8500,0.00
8600,0.00
8700,0.00
8800,0.00
8900,0.00
9000,0.00
9100,0.00
9200,0.00
9300,0.00
9400,0.00
9500,0.00
9600,0.00
9700,0.00
9800,0.00
9900,0.00
10000,0.00
10100,0.00
10200,0.00
10300,0.00
10400,0.00
10500,0.00
10600,0.00
10700,0.00
10800,0.00
10900,0.00
11000,0.00
11100,0.00
11200,0.00
11300,0.00
11400,0.00
11500,0.00
11600,0.00
11700,0.00
11800,0.00
11900,0.00
12000,0.00
12100,0.00
12200,0.00
12300,0.00
12400,0.00
12500,0.00
12600,0.00
12700,0.00
12800,0.00
12900,0.00
13000,0.00
13100,0.00
13200,0.00
13300,0.00
13400,0.00
13500,0.00
13600,0.00
13700,0.00
13800,0.00
13900,0.00
14000,0.00
14100,0.00
14200,0.00
14300,0.00
14400,0.00
14500,0.00
14600,0.00
14700,0.00
14800,0.00
14900,0.00
15000,0.00
15100,0.00
15200,0.00
15300,0.00
15400,0.00
15500,0.00
15600,0.00
15700,0.00
15800,0.00
15900,0.00
16000,0.00
16100,0.00
16200,0.00
16300,0.00
16400,0.00
16500,0.00
16600,0.00
16700,0.00
16800,0.00
16900,0.00
17000,0.00
17100,0.00
17200,0.00
17300,0.00
17400,0.00
17500,0.00
17600,0.00
17700,0.00
17800,0.00
17900,0.00
18000,0.00
18100,0.00
18200,0.00
18300,0.00
18400,0.00
18500,0.00
18600,0.00
18700,0.00
18800,0.00
18900,0.00
19000,0.00
19100,0.00
19200,0.00
19300,0.00
19400,0.00
19500,0.00
19600,0.00
19700,0.00
19800,0.00
19900,0.00
20000,0.01
