--Probe dump file for probe: org.yardstickframework.probes.ThroughputLatencyProbe@4fcc529 (class org.yardstickframework.probes.ThroughputLatencyProbe)
--Created Tue Apr 25 21:46:09 UTC 2017
--Benchmark config: BenchmarkConfiguration [memberId='0', driverNames='[IgnitePutAllTxBenchmark]', serverName='IgniteNode', threads=64, duration=300, warmup=60, dfltProbeClsNames=[ThroughputLatencyProbe, PercentileProbe, DStatProbe], propsFileName='yardstick/config/run.properties', packages=[org.yardstickframework, org.apache.ignite.yardstick], cmdArgs=[--outputFolder, /home/ubuntu/date-2504-204359-s-4-c-1-ver-2.0.0-SNAPSHOT-0be92732/yardstick/bin/../output/results-20170425-204411, -id, 0, -cfg, /home/ubuntu/date-2504-204359-s-4-c-1-ver-2.0.0-SNAPSHOT-0be92732/yardstick/bin/../config/ignite-config.xml, -nn, 5, -b, 1, -w, 60, -d, 300, -t, 64, -sm, FULL_SYNC, -bs, 6, --client, -dn, IgnitePutAllTxBenchmark, -sn, IgniteNode, -ds, 2.0.0-SNAPSHOT-0be92732-tx-putAll-bs-6-1-backup, --config, yardstick/config/run.properties, --logsFolder, /home/ubuntu/date-2504-204359-s-4-c-1-ver-2.0.0-SNAPSHOT-0be92732/yardstick/bin/../output/logs-20170425-204411/logs_drivers, --currentFolder, /home/ubuntu/date-2504-204359-s-4-c-1-ver-2.0.0-SNAPSHOT-0be92732, --scriptsFolder, /home/ubuntu/date-2504-204359-s-4-c-1-ver-2.0.0-SNAPSHOT-0be92732/yardstick/bin], probeWriter='null', customProps={ver=2.0.0-SNAPSHOT-0be92732- , b=1, d=300, SERVER_HOSTS=172.31.45.250,172.31.38.80,172.31.41.141,172.31.42.161, now0=`date +'%H%M%S'`, j=10, nodesNum=$((`echo ${SERVER_HOSTS} | tr ',' '' | wc -l` + `echo ${DRIVER_HOSTS} | tr ',' '' | wc -l`)), JVM_OPTS=${JVM_OPTS}" -Xms6g -Xmx6g -Xloggc:./gc${now0}.log -XX:+PrintGCDetails -verbose:gc -XX:+UseParNewGC -XX:+UseConcMarkSweepGC ", CONFIGS="-cfg ${SCRIPT_DIR}/../config/ignite-config.xml -nn ${nodesNum} -b ${b} -w ${w} -d ${d} -t ${t} -sm ${sm}  --client -dn IgnitePutBenchmark -sn IgniteNode -wom PRIMARY -ds ${ver}atomic-put-${b}-backup,-cfg ${SCRIPT_DIR}/../config/ignite-config.xml -nn ${nodesNum} -b ${b} -w ${w} -d ${d} -t ${t} -sm ${sm}  --client -dn IgnitePutGetBenchmark -sn IgniteNode -wom PRIMARY -ds ${ver}atomic-put-get-${b}-backup,-cfg ${SCRIPT_DIR}/../config/ignite-config.xml -nn ${nodesNum} -b ${b} -w ${w} -d ${d} -t ${t} -sm ${sm} -bs 6  --client -dn IgnitePutGetBatchBenchmark -wom PRIMARY -sn IgniteNode -ds ${ver}atomic-put-get-bs-6-${b}-backup,-cfg ${SCRIPT_DIR}/../config/ignite-config.xml -nn ${nodesNum} -b ${b} -w ${w} -d ${d} -t ${t} -sm ${sm}  --client -dn IgnitePutTxImplicitBenchmark -sn IgniteNode -ds ${ver}tx-optimistic-put-${b}-backup,-cfg ${SCRIPT_DIR}/../config/ignite-config.xml -nn ${nodesNum} -b ${b} -w ${w} -d ${d} -t ${t} -sm ${sm} -txc OPTIMISTIC  --client -dn IgnitePutGetTxBenchmark -sn IgniteNode -ds ${ver}tx-optim-repRead-put-get-${b}-backup,-cfg ${SCRIPT_DIR}/../config/ignite-config.xml -nn ${nodesNum} -b ${b} -w ${w} -d ${d} -t ${t} -sm ${sm} -txc PESSIMISTIC  --client -dn IgnitePutGetTxBenchmark -sn IgniteNode -ds ${ver}tx-pessim-repRead-put-get-${b}-backup,-cfg ${SCRIPT_DIR}/../config/ignite-config.xml -nn ${nodesNum} -b ${b} -w ${w} -d ${d} -t ${t} -sm ${sm} -txc OPTIMISTIC -txi SERIALIZABLE  --client -dn IgnitePutGetTxBenchmark -sn IgniteNode -ds ${ver}tx-opt-serial-put-get-${b}-backup,-cfg ${SCRIPT_DIR}/../config/ignite-config.xml -nn ${nodesNum} -b ${b} -w ${w} -d ${d} -t ${t} -sm ${sm}  --client -dn IgniteSqlQueryBenchmark -sn IgniteNode -ds ${ver}sql-query-${b}-backup,-cfg ${SCRIPT_DIR}/../config/ignite-config.xml -nn ${nodesNum} -b ${b} -w ${w} -d ${d} -t ${t} -sm ${sm}  --client -dn IgniteSqlQueryPutBenchmark -sn IgniteNode -ds ${ver}sql-query-put-${b}-backup,-cfg ${SCRIPT_DIR}/../config/ignite-config.xml -nn ${nodesNum} -b ${b} -w ${w} -d ${d} -t ${t} -sm ${sm} -bs 6  --client -dn IgnitePutAllBenchmark -wom PRIMARY -sn IgniteNode -ds ${ver}atomic-putAll-bs-6-${b}-backup,-cfg ${SCRIPT_DIR}/../config/ignite-config.xml -nn ${nodesNum} -b ${b} -w ${w} -d ${d} -t ${t} -sm ${sm} -bs 6  --client -dn IgnitePutAllTxBenchmark -sn IgniteNode -ds ${ver}tx-putAll-bs-6-${b}-backup,-cfg ${SCRIPT_DIR}/../config/ignite-config.xml -nn ${nodesNum} -b ${b} -w ${w} -d ${d} -t ${t} -sm ${sm} -bs 6  --client -dn IgnitePutAllSerializableTxBenchmark -sn IgniteNode -ds ${ver}tx-putAllSerializable-bs-6-${b}-backup,-cfg ${SCRIPT_DIR}/../config/ignite-config.xml -nn ${nodesNum} -b ${b} -w ${w} -d ${d} -t ${t} -sm ${sm} -bs 6 -txc OPTIMISTIC   --client -dn IgniteGetAllPutAllTxBenchmark -sn IgniteNode -ds ${ver}tx-optimistic-getAllPutAll-bs-6-${b}-backup,-cfg ${SCRIPT_DIR}/../config/ignite-config.xml -nn ${nodesNum} -b ${b} -w ${w} -d ${d} -t ${t} -sm ${sm} -bs 6 -txc PESSIMISTIC  --client -dn IgniteGetAllPutAllTxBenchmark -sn IgniteNode -ds ${ver}tx-pessimistic-getAllPutAll-bs-6-${b}-backup,-cfg ${SCRIPT_DIR}/../config/ignite-config.xml -nn ${nodesNum} -b ${b} -w ${w} -d ${d} -t ${t} -sm ${sm} -bs 6 -txc OPTIMISTIC -txi SERIALIZABLE  --client -dn IgniteGetAllPutAllTxBenchmark -sn IgniteNode -ds ${ver}tx-opt-serializable-getAllPutAll-bs-6-${b}-backup,", DRIVER_HOSTS=172.31.46.6, t=64, BENCHMARK_PACKAGES=org.yardstickframework,org.apache.ignite.yardstick, w=60, sm=FULL_SYNC, AUTO_COPY=false, RESTART_SERVERS=true}, shutdownHook=true, currentFolder=/home/ubuntu/date-2504-204359-s-4-c-1-ver-2.0.0-SNAPSHOT-0be92732, scriptsFolder=/home/ubuntu/date-2504-204359-s-4-c-1-ver-2.0.0-SNAPSHOT-0be92732/yardstick/bin, logsFolder=/home/ubuntu/date-2504-204359-s-4-c-1-ver-2.0.0-SNAPSHOT-0be92732/yardstick/bin/../output/logs-20170425-204411/logs_drivers, outputFolder=/home/ubuntu/date-2504-204359-s-4-c-1-ver-2.0.0-SNAPSHOT-0be92732/yardstick/bin/../output/results-20170425-204411, outputWriter=java.io.PrintStream@552d5a3d, errorWriter=java.io.PrintStream@5beabee8, descriptions=[2.0.0-SNAPSHOT-0be92732-tx-putAll-bs-6-1-backup], hostName=]
--Description: 2.0.0-SNAPSHOT-0be92732-tx-putAll-bs-6-1-backup
@@IgnitePutAllTxBenchmark
**"Time, sec","Operations/sec (more is better)","Latency, nsec (less is better)"
1493156831,10506.00,6067139.56
1493156832,10554.00,6064094.91
1493156833,10015.00,6387940.08
1493156834,10579.00,6045139.25
1493156835,10732.00,5967271.67
1493156836,8074.00,7921210.03
1493156837,10474.00,6109584.96
1493156838,10980.00,5828684.32
1493156839,8760.00,7304796.77
1493156840,11045.00,5794399.26
1493156841,11395.00,5613914.32
1493156842,9573.00,6685334.92
1493156843,10782.00,5935910.20
1493156844,11314.00,5626244.67
1493156845,10173.00,6323032.16
1493156846,10012.00,6391039.11
1493156847,11707.00,5465595.14
1493156848,9826.00,6511210.68
1493156849,10126.00,6322670.78
1493156850,11078.00,5703417.87
1493156851,10018.00,6577654.66
1493156852,10157.00,6304015.86
1493156853,11387.00,5618467.15
1493156854,10203.00,6275116.71
1493156855,9643.00,6636213.70
1493156856,11556.00,5533985.61
1493156857,10179.00,6290977.43
1493156858,9168.00,6980513.84
1493156859,11612.00,5509320.21
1493156860,10076.00,6037419.57
1493156861,10781.00,6226513.57
1493156862,10575.00,6055012.54
1493156863,10646.00,5805861.42
1493156864,10684.00,6194939.80
1493156865,10670.00,5998715.55
1493156866,10703.00,5850200.29
1493156867,10112.00,6463602.78
1493156868,10966.00,5832757.50
1493156869,10626.00,6025988.33
1493156870,10244.00,6244646.69
1493156871,10776.00,5937118.94
1493156872,10774.00,5943554.65
1493156873,10111.00,6327403.35
1493156874,10675.00,5996778.14
1493156875,10924.00,5855499.26
1493156876,9782.00,6542113.24
1493156877,11061.00,5453998.56
1493156878,10944.00,6184165.06
1493156879,9853.00,6496220.63
1493156880,11643.00,5495619.47
1493156881,8741.00,7325429.92
1493156882,9603.00,6655012.21
1493156883,11002.00,5822188.07
1493156884,9846.00,6456055.81
1493156885,10045.00,6415373.90
1493156886,11172.00,5725169.00
1493156887,9997.00,6406837.22
1493156888,9804.00,6522870.85
1493156889,10678.00,5993715.51
1493156890,10999.00,5819083.18
1493156891,8619.00,7423783.78
1493156892,11500.00,5565595.69
1493156893,10189.00,6279384.76
1493156894,8916.00,7179225.91
1493156895,11127.00,5592183.56
1493156896,10901.00,6043402.97
1493156897,9404.00,6789647.57
1493156898,11285.00,5684918.64
1493156899,10350.00,6183199.40
1493156900,8694.00,7361901.14
1493156901,9126.00,7009685.98
1493156902,11402.00,5614867.45
1493156903,9257.00,6914417.34
1493156904,9627.00,6650174.41
1493156905,10977.00,5828889.92
1493156906,10197.00,6271820.67
1493156907,10263.00,6238919.66
1493156908,11258.00,5683059.36
1493156909,10213.00,6267844.35
1493156910,9688.00,6605610.12
1493156911,11584.00,5522109.43
1493156912,9840.00,6508154.37
1493156913,10636.00,6012118.70
1493156914,9867.00,6487348.96
1493156915,9572.00,6677546.53
1493156916,9372.00,6833331.82
1493156917,10414.00,6151219.74
1493156918,10161.00,6294640.14
1493156919,10901.00,5871753.14
1493156920,9625.00,6648971.06
1493156921,10301.00,6211073.83
1493156922,9386.00,6819928.33
1493156923,9485.00,6746417.05
1493156924,9822.00,6492811.32
1493156925,8852.00,7192636.84
1493156926,10124.00,6366568.57
1493156927,10458.00,6132376.39
1493156928,10332.00,6191303.62
1493156929,10778.00,5937307.87
1493156930,10694.00,5594057.28
1493156931,10243.00,6656677.74
1493156932,10612.00,6030446.13
1493156933,11765.00,5439008.48
1493156934,9217.00,6944152.96
1493156935,10829.00,5910437.64
1493156936,11346.00,5637834.96
1493156937,9273.00,6903643.08
1493156938,10640.00,6011135.55
1493156939,11351.00,5637564.02
1493156940,9540.00,6712383.44
1493156941,10332.00,6193812.73
1493156942,9896.00,6464511.12
1493156943,9788.00,6542245.08
1493156944,10458.00,6118850.79
1493156945,10835.00,5908744.85
1493156946,9787.00,6527528.17
1493156947,10847.00,5906571.00
1493156948,10995.00,5821918.47
1493156949,10045.00,6370906.75
1493156950,10986.00,5828107.87
1493156951,10284.00,6217800.58
1493156952,10054.00,6369013.46
1493156953,10498.00,6097511.03
1493156954,10731.00,5963261.24
1493156955,10119.00,6323709.00
1493156956,10499.00,6091345.42
1493156957,10726.00,5970881.73
1493156958,9818.00,6515924.72
1493156959,11531.00,5549713.45
1493156960,9707.00,6506681.92
1493156961,9147.00,7049079.10
1493156962,8834.00,7288405.07
1493156963,9999.00,6372860.58
1493156964,10818.00,5940157.39
1493156965,10641.00,5932985.15
1493156966,10579.00,6031895.90
1493156967,10194.00,6379735.32
1493156968,10465.00,6116715.59
1493156969,11529.00,5458230.76
1493156970,9318.00,6982859.63
1493156971,10919.00,5860333.12
1493156972,11437.00,5598487.80
1493156973,9305.00,6877460.50
1493156974,10268.00,6229881.75
1493156975,10223.00,6260043.08
1493156976,9352.00,6844279.03
1493156977,10083.00,6282441.73
1493156978,10728.00,6028988.58
1493156979,10127.00,6269262.18
1493156980,9753.00,6579435.03
1493156981,11473.00,5605735.64
1493156982,10278.00,6078488.72
1493156983,9912.00,6610242.14
1493156984,11738.00,5452739.65
1493156985,9462.00,6754788.20
1493156986,8843.00,7246442.51
1493156987,11218.00,5704395.38
1493156988,10929.00,5853349.61
1493156989,9205.00,6794344.79
1493156990,11692.00,5627537.63
1493156991,10682.00,5990853.95
1493156992,9467.00,6451921.17
1493156993,11014.00,6077411.01
1493156994,10347.00,6183073.92
1493156995,10302.00,6213749.60
1493156996,10619.00,6027088.28
1493156997,10468.00,6114802.44
1493156998,10823.00,5910762.91
1493156999,9969.00,6421676.69
1493157000,11234.00,5445220.41
1493157001,9485.00,7046269.16
1493157002,8585.00,7453770.36
1493157003,10665.00,5999742.96
1493157004,9940.00,6440383.48
1493157005,10882.00,5878100.87
1493157006,10517.00,6082633.20
1493157007,9835.00,6513992.64
1493157008,10283.00,6222026.34
1493157009,10898.00,5869133.56
1493157010,10228.00,6259172.37
1493157011,10447.00,6128952.44
1493157012,10803.00,5924660.21
1493157013,9693.00,6600791.57
1493157014,10782.00,5934965.04
1493157015,10382.00,6167219.12
1493157016,9835.00,6500000.52
1493157017,10837.00,5908212.50
1493157018,10802.00,5646997.24
1493157019,9507.00,7051348.23
1493157020,10555.00,6057889.13
1493157021,11511.00,5559983.04
1493157022,9344.00,6844967.40
1493157023,8302.00,7672405.75
1493157024,10623.00,6057322.29
1493157025,9687.00,6607026.13
1493157026,10847.00,5901452.81
1493157027,10958.00,5841384.32
1493157028,9971.00,6065993.33
1493157029,10645.00,6339083.29
1493157030,10761.00,5948216.61
1493157031,10856.00,5897414.25
1493157032,9750.00,6561281.74
1493157033,10960.00,5842117.96
1493157034,10949.00,5842325.92
1493157035,9801.00,6528160.70
1493157036,10760.00,5949185.74
1493157037,10462.00,6118132.64
1493157038,9772.00,6548853.12
1493157039,10274.00,6230753.25
1493157040,10569.00,6054723.85
1493157041,9963.00,6423457.54
1493157042,10384.00,6163264.45
1493157043,10250.00,6243603.69
1493157044,10190.00,6283391.55
1493157045,9899.00,6464604.46
1493157046,10527.00,6079029.26
1493157047,10416.00,6140550.95
1493157048,9907.00,6461205.06
1493157049,10160.00,6302105.26
1493157050,11308.00,5628685.80
1493157051,9242.00,6953894.79
1493157052,10427.00,6141904.72
1493157053,11456.00,5587290.72
1493157054,9481.00,6751089.87
1493157055,9485.00,6746766.06
1493157056,10642.00,5939004.60
1493157057,9752.00,6257467.22
1493157058,10392.00,6523237.87
1493157059,10352.00,6182583.42
1493157060,10373.00,6167579.24
1493157061,8714.00,7340375.05
1493157062,9384.00,6774660.22
1493157063,7676.00,8391964.41
1493157064,7752.00,8258192.23
1493157065,9131.00,7014867.59
1493157066,11488.00,5567982.18
1493157067,10135.00,6313931.99
1493157068,9493.00,6745733.64
1493157069,10553.00,6063326.40
1493157070,10812.00,5920464.08
1493157071,9866.00,6400263.49
1493157072,9237.00,7022325.89
1493157073,10852.00,5893861.47
1493157074,10597.00,6042254.58
1493157075,9797.00,6526644.68
1493157076,10360.00,5996085.14
1493157077,10328.00,6382678.58
1493157078,10527.00,5966320.93
1493157079,10660.00,6096417.95
1493157080,9469.00,6779864.11
1493157081,10519.00,6083601.11
1493157082,10936.00,5851760.32
1493157083,10165.00,6296280.60
1493157084,8112.00,7892700.77
1493157085,8082.00,7916266.07
1493157086,10581.00,6044654.43
1493157087,9857.00,6696076.40
1493157088,10991.00,5822689.99
1493157089,9091.00,7035592.45
1493157090,10274.00,6233350.14
1493157091,10994.00,5820113.57
1493157092,10174.00,5928996.98
1493157093,9433.00,7169933.74
1493157094,11074.00,5783532.66
1493157095,10961.00,5839467.37
1493157096,9221.00,6941426.24
1493157097,11790.00,5426922.64
1493157098,10486.00,6102337.25
1493157099,8796.00,7273930.69
1493157100,11771.00,5439661.14
1493157101,11256.00,5685476.77
1493157102,8966.00,7136616.95
1493157103,11347.00,5641720.02
1493157104,11709.00,5463214.45
1493157105,7674.00,8338459.92
1493157106,8918.00,7180609.81
1493157107,11638.00,5496372.54
1493157108,9167.00,6634274.68
1493157109,11043.00,6086859.08
1493157110,11334.00,5647435.68
1493157111,9973.00,6296476.70
1493157112,10447.00,6239312.01
1493157113,11294.00,5666908.39
1493157114,9736.00,6290351.76
1493157115,10452.00,6384439.85
1493157116,11675.00,5482152.87
1493157117,9502.00,6736426.71
1493157118,10500.00,6096638.25
1493157119,11451.00,5592094.65
1493157120,9168.00,6813822.35
1493157121,8690.00,7533366.63
1493157122,10359.00,6179506.16
1493157123,10678.00,5996146.09
1493157124,9346.00,6847423.60
1493157125,10445.00,6124817.25
1493157126,11550.00,5543230.39
1493157127,9192.00,6956857.81
1493157128,10837.00,5907515.60
1493157129,11268.00,5678605.58
