--Probe dump file for probe: org.yardstickframework.probes.DStatProbe@64e92d61 (class org.yardstickframework.probes.DStatProbe)
--Created Tue Apr 25 20:44:18 UTC 2017
--Benchmark config: BenchmarkConfiguration [memberId='0', driverNames='[IgnitePutBenchmark]', serverName='IgniteNode', threads=64, duration=300, warmup=60, dfltProbeClsNames=[ThroughputLatencyProbe, PercentileProbe, DStatProbe], propsFileName='yardstick/config/run.properties', packages=[org.yardstickframework, org.apache.ignite.yardstick], cmdArgs=[--outputFolder, /home/ubuntu/date-2504-204359-s-4-c-1-ver-2.0.0-SNAPSHOT-0be92732/yardstick/bin/../output/results-20170425-204411, -id, 0, -cfg, /home/ubuntu/date-2504-204359-s-4-c-1-ver-2.0.0-SNAPSHOT-0be92732/yardstick/bin/../config/ignite-config.xml, -nn, 5, -b, 1, -w, 60, -d, 300, -t, 64, -sm, FULL_SYNC, --client, -dn, IgnitePutBenchmark, -sn, IgniteNode, -wom, PRIMARY, -ds, 2.0.0-SNAPSHOT-0be92732-atomic-put-1-backup, --config, yardstick/config/run.properties, --logsFolder, /home/ubuntu/date-2504-204359-s-4-c-1-ver-2.0.0-SNAPSHOT-0be92732/yardstick/bin/../output/logs-20170425-204411/logs_drivers, --currentFolder, /home/ubuntu/date-2504-204359-s-4-c-1-ver-2.0.0-SNAPSHOT-0be92732, --scriptsFolder, /home/ubuntu/date-2504-204359-s-4-c-1-ver-2.0.0-SNAPSHOT-0be92732/yardstick/bin], probeWriter='null', customProps={ver=2.0.0-SNAPSHOT-0be92732- , b=1, d=300, SERVER_HOSTS=172.31.45.250,172.31.38.80,172.31.41.141,172.31.42.161, now0=`date +'%H%M%S'`, j=10, nodesNum=$((`echo ${SERVER_HOSTS} | tr ',' '' | wc -l` + `echo ${DRIVER_HOSTS} | tr ',' '' | wc -l`)), JVM_OPTS=${JVM_OPTS}" -Xms6g -Xmx6g -Xloggc:./gc${now0}.log -XX:+PrintGCDetails -verbose:gc -XX:+UseParNewGC -XX:+UseConcMarkSweepGC ", CONFIGS="-cfg ${SCRIPT_DIR}/../config/ignite-config.xml -nn ${nodesNum} -b ${b} -w ${w} -d ${d} -t ${t} -sm ${sm}  --client -dn IgnitePutBenchmark -sn IgniteNode -wom PRIMARY -ds ${ver}atomic-put-${b}-backup,-cfg ${SCRIPT_DIR}/../config/ignite-config.xml -nn ${nodesNum} -b ${b} -w ${w} -d ${d} -t ${t} -sm ${sm}  --client -dn IgnitePutGetBenchmark -sn IgniteNode -wom PRIMARY -ds ${ver}atomic-put-get-${b}-backup,-cfg ${SCRIPT_DIR}/../config/ignite-config.xml -nn ${nodesNum} -b ${b} -w ${w} -d ${d} -t ${t} -sm ${sm} -bs 6  --client -dn IgnitePutGetBatchBenchmark -wom PRIMARY -sn IgniteNode -ds ${ver}atomic-put-get-bs-6-${b}-backup,-cfg ${SCRIPT_DIR}/../config/ignite-config.xml -nn ${nodesNum} -b ${b} -w ${w} -d ${d} -t ${t} -sm ${sm}  --client -dn IgnitePutTxImplicitBenchmark -sn IgniteNode -ds ${ver}tx-optimistic-put-${b}-backup,-cfg ${SCRIPT_DIR}/../config/ignite-config.xml -nn ${nodesNum} -b ${b} -w ${w} -d ${d} -t ${t} -sm ${sm} -txc OPTIMISTIC  --client -dn IgnitePutGetTxBenchmark -sn IgniteNode -ds ${ver}tx-optim-repRead-put-get-${b}-backup,-cfg ${SCRIPT_DIR}/../config/ignite-config.xml -nn ${nodesNum} -b ${b} -w ${w} -d ${d} -t ${t} -sm ${sm} -txc PESSIMISTIC  --client -dn IgnitePutGetTxBenchmark -sn IgniteNode -ds ${ver}tx-pessim-repRead-put-get-${b}-backup,-cfg ${SCRIPT_DIR}/../config/ignite-config.xml -nn ${nodesNum} -b ${b} -w ${w} -d ${d} -t ${t} -sm ${sm} -txc OPTIMISTIC -txi SERIALIZABLE  --client -dn IgnitePutGetTxBenchmark -sn IgniteNode -ds ${ver}tx-opt-serial-put-get-${b}-backup,-cfg ${SCRIPT_DIR}/../config/ignite-config.xml -nn ${nodesNum} -b ${b} -w ${w} -d ${d} -t ${t} -sm ${sm}  --client -dn IgniteSqlQueryBenchmark -sn IgniteNode -ds ${ver}sql-query-${b}-backup,-cfg ${SCRIPT_DIR}/../config/ignite-config.xml -nn ${nodesNum} -b ${b} -w ${w} -d ${d} -t ${t} -sm ${sm}  --client -dn IgniteSqlQueryPutBenchmark -sn IgniteNode -ds ${ver}sql-query-put-${b}-backup,-cfg ${SCRIPT_DIR}/../config/ignite-config.xml -nn ${nodesNum} -b ${b} -w ${w} -d ${d} -t ${t} -sm ${sm} -bs 6  --client -dn IgnitePutAllBenchmark -wom PRIMARY -sn IgniteNode -ds ${ver}atomic-putAll-bs-6-${b}-backup,-cfg ${SCRIPT_DIR}/../config/ignite-config.xml -nn ${nodesNum} -b ${b} -w ${w} -d ${d} -t ${t} -sm ${sm} -bs 6  --client -dn IgnitePutAllTxBenchmark -sn IgniteNode -ds ${ver}tx-putAll-bs-6-${b}-backup,-cfg ${SCRIPT_DIR}/../config/ignite-config.xml -nn ${nodesNum} -b ${b} -w ${w} -d ${d} -t ${t} -sm ${sm} -bs 6  --client -dn IgnitePutAllSerializableTxBenchmark -sn IgniteNode -ds ${ver}tx-putAllSerializable-bs-6-${b}-backup,-cfg ${SCRIPT_DIR}/../config/ignite-config.xml -nn ${nodesNum} -b ${b} -w ${w} -d ${d} -t ${t} -sm ${sm} -bs 6 -txc OPTIMISTIC   --client -dn IgniteGetAllPutAllTxBenchmark -sn IgniteNode -ds ${ver}tx-optimistic-getAllPutAll-bs-6-${b}-backup,-cfg ${SCRIPT_DIR}/../config/ignite-config.xml -nn ${nodesNum} -b ${b} -w ${w} -d ${d} -t ${t} -sm ${sm} -bs 6 -txc PESSIMISTIC  --client -dn IgniteGetAllPutAllTxBenchmark -sn IgniteNode -ds ${ver}tx-pessimistic-getAllPutAll-bs-6-${b}-backup,-cfg ${SCRIPT_DIR}/../config/ignite-config.xml -nn ${nodesNum} -b ${b} -w ${w} -d ${d} -t ${t} -sm ${sm} -bs 6 -txc OPTIMISTIC -txi SERIALIZABLE  --client -dn IgniteGetAllPutAllTxBenchmark -sn IgniteNode -ds ${ver}tx-opt-serializable-getAllPutAll-bs-6-${b}-backup,", DRIVER_HOSTS=172.31.46.6, t=64, BENCHMARK_PACKAGES=org.yardstickframework,org.apache.ignite.yardstick, w=60, sm=FULL_SYNC, AUTO_COPY=false, RESTART_SERVERS=true}, shutdownHook=true, currentFolder=/home/ubuntu/date-2504-204359-s-4-c-1-ver-2.0.0-SNAPSHOT-0be92732, scriptsFolder=/home/ubuntu/date-2504-204359-s-4-c-1-ver-2.0.0-SNAPSHOT-0be92732/yardstick/bin, logsFolder=/home/ubuntu/date-2504-204359-s-4-c-1-ver-2.0.0-SNAPSHOT-0be92732/yardstick/bin/../output/logs-20170425-204411/logs_drivers, outputFolder=/home/ubuntu/date-2504-204359-s-4-c-1-ver-2.0.0-SNAPSHOT-0be92732/yardstick/bin/../output/results-20170425-204411, outputWriter=java.io.PrintStream@2c17cf50, errorWriter=java.io.PrintStream@22d034a2, descriptions=[2.0.0-SNAPSHOT-0be92732-atomic-put-1-backup], hostName=]
--Description: 2.0.0-SNAPSHOT-0be92732-atomic-put-1-backup
@@IgnitePutBenchmark
**"Time, sec","Memory Used, KB","Memory Buffered, KB","Memory Cached, KB","Memory Free, KB","CPU User, %","CPU System, %","CPU Idle, %","CPU Wait, %","CPU Hardware Interrupts","CPU Software Interrupts","Disk Read, B","Disk Write, B","Network Receive, B","Network Send, B","Page In, B","Page Out, B","System Interrupts, per sec","System Context Switches, per sec"
1493153119,1390592.00,155648.00,5124096.00,56203673.60,10.00,8.00,78.00,0.00,0.00,4.00,0.00,221184.00,6523904.00,11534336.00,0.00,0.00,274432.00,323584.00
1493153120,1390592.00,155648.00,5124096.00,56203673.60,8.00,7.00,81.00,0.00,0.00,4.00,0.00,0.00,6239232.00,11534336.00,0.00,0.00,252928.00,303104.00
1493153121,1390592.00,155648.00,5124096.00,56203673.60,7.00,10.00,78.00,0.00,0.00,5.00,0.00,0.00,6748160.00,11534336.00,0.00,0.00,274432.00,328704.00
1493153122,1390592.00,155648.00,5124096.00,56203673.60,8.00,9.00,80.00,0.00,0.00,4.00,0.00,0.00,6761472.00,11534336.00,0.00,0.00,273408.00,329728.00
1493153123,1390592.00,155648.00,5124096.00,56203673.60,5.00,7.00,83.00,0.00,0.00,4.00,0.00,0.00,6416384.00,11534336.00,0.00,0.00,259072.00,313344.00
1493153124,1390592.00,155648.00,5124096.00,56203673.60,8.00,8.00,81.00,0.00,0.00,3.00,0.00,581632.00,6757376.00,11534336.00,0.00,0.00,272384.00,328704.00
1493153125,1390592.00,155648.00,5124096.00,56203673.60,8.00,7.00,82.00,0.00,0.00,3.00,0.00,0.00,6108160.00,10485760.00,0.00,0.00,250880.00,300032.00
1493153126,1389568.00,155648.00,5124096.00,56203673.60,6.00,7.00,84.00,0.00,0.00,3.00,0.00,0.00,6231040.00,11534336.00,0.00,0.00,259072.00,307200.00
1493153127,1390592.00,155648.00,5124096.00,56203673.60,8.00,8.00,80.00,0.00,0.00,4.00,0.00,0.00,6631424.00,11534336.00,0.00,0.00,277504.00,328704.00
1493153128,1390592.00,155648.00,5124096.00,56203673.60,8.00,7.00,82.00,0.00,0.00,3.00,0.00,0.00,6376448.00,11534336.00,0.00,0.00,273408.00,320512.00
1493153129,1390592.00,155648.00,5124096.00,56203673.60,6.00,7.00,83.00,0.00,0.00,4.00,0.00,106496.00,6537216.00,11534336.00,0.00,0.00,275456.00,327680.00
1493153130,1390592.00,155648.00,5124096.00,56203673.60,7.00,8.00,81.00,0.00,0.00,4.00,0.00,0.00,6573056.00,11534336.00,0.00,0.00,271360.00,323584.00
1493153131,1389568.00,155648.00,5124096.00,56203673.60,6.00,9.00,80.00,0.00,0.00,4.00,0.00,0.00,6806528.00,12582912.00,0.00,0.00,274432.00,331776.00
1493153132,1390592.00,155648.00,5124096.00,56203673.60,7.00,8.00,81.00,0.00,0.00,4.00,0.00,0.00,6394880.00,11534336.00,0.00,0.00,260096.00,311296.00
1493153133,1390592.00,155648.00,5124096.00,56203673.60,6.00,7.00,82.00,0.00,0.00,4.00,0.00,0.00,6512640.00,11534336.00,0.00,0.00,263168.00,317440.00
1493153134,1390592.00,155648.00,5124096.00,56203673.60,7.00,9.00,78.00,1.00,0.00,5.00,0.00,49152.00,6801408.00,12582912.00,0.00,0.00,278528.00,333824.00
1493153135,1389568.00,155648.00,5124096.00,56203673.60,4.00,6.00,88.00,0.00,0.00,2.00,0.00,434176.00,5323776.00,9461760.00,0.00,0.00,218112.00,263168.00
1493153136,1391616.00,155648.00,5124096.00,56203673.60,7.00,7.00,84.00,0.00,0.00,3.00,0.00,0.00,5405696.00,9592832.00,0.00,0.00,224256.00,269312.00
1493153137,1390592.00,155648.00,5124096.00,56203673.60,6.00,8.00,84.00,0.00,0.00,3.00,0.00,0.00,6375424.00,11534336.00,0.00,0.00,260096.00,313344.00
1493153138,1390592.00,155648.00,5124096.00,56203673.60,5.00,8.00,83.00,0.00,0.00,4.00,0.00,0.00,6641664.00,11534336.00,0.00,0.00,274432.00,327680.00
1493153139,1390592.00,155648.00,5124096.00,56203673.60,9.00,8.00,80.00,0.00,0.00,3.00,0.00,0.00,6693888.00,11534336.00,0.00,0.00,276480.00,330752.00
1493153140,1390592.00,155648.00,5124096.00,56203673.60,7.00,8.00,81.00,0.00,0.00,4.00,0.00,458752.00,6616064.00,11534336.00,0.00,0.00,274432.00,327680.00
1493153141,1390592.00,155648.00,5124096.00,56203673.60,7.00,8.00,81.00,0.00,0.00,4.00,0.00,0.00,6691840.00,11534336.00,0.00,0.00,275456.00,330752.00
1493153142,1390592.00,155648.00,5124096.00,56203673.60,9.00,9.00,78.00,0.00,0.00,4.00,0.00,0.00,6663168.00,11534336.00,0.00,0.00,273408.00,327680.00
1493153143,1390592.00,155648.00,5124096.00,56203673.60,5.00,8.00,84.00,0.00,0.00,3.00,0.00,0.00,5888000.00,10485760.00,0.00,0.00,240640.00,290816.00
1493153144,1390592.00,155648.00,5124096.00,56203673.60,7.00,7.00,82.00,0.00,0.00,4.00,0.00,0.00,6653952.00,11534336.00,0.00,0.00,275456.00,327680.00
1493153145,1390592.00,155648.00,5124096.00,56203673.60,8.00,10.00,79.00,0.00,0.00,4.00,0.00,442368.00,6748160.00,11534336.00,0.00,0.00,276480.00,331776.00
1493153146,1390592.00,155648.00,5124096.00,56203673.60,7.00,7.00,83.00,0.00,0.00,3.00,0.00,0.00,6295552.00,11534336.00,0.00,0.00,254976.00,308224.00
1493153147,1390592.00,155648.00,5124096.00,56203673.60,8.00,8.00,80.00,0.00,0.00,5.00,0.00,0.00,6315008.00,11534336.00,0.00,0.00,253952.00,308224.00
1493153148,1390592.00,155648.00,5124096.00,56203673.60,6.00,9.00,81.00,0.00,0.00,4.00,0.00,0.00,6892544.00,12582912.00,0.00,0.00,281600.00,336896.00
1493153149,1390592.00,155648.00,5124096.00,56203673.60,6.00,8.00,81.00,0.00,0.00,4.00,0.00,0.00,6836224.00,12582912.00,0.00,0.00,277504.00,334848.00
1493153150,1390592.00,155648.00,5124096.00,56203673.60,8.00,8.00,81.00,0.00,0.00,3.00,0.00,139264.00,6754304.00,11534336.00,0.00,0.00,275456.00,331776.00
1493153151,1390592.00,155648.00,5124096.00,56203673.60,7.00,8.00,80.00,0.00,0.00,4.00,0.00,0.00,6782976.00,11534336.00,0.00,0.00,275456.00,332800.00
1493153152,1389568.00,155648.00,5124096.00,56203673.60,8.00,9.00,79.00,0.00,0.00,4.00,0.00,0.00,6774784.00,11534336.00,0.00,0.00,275456.00,330752.00
1493153153,1390592.00,155648.00,5124096.00,56203673.60,8.00,7.00,81.00,0.00,0.00,4.00,0.00,0.00,6372352.00,11534336.00,0.00,0.00,259072.00,311296.00
1493153154,1390592.00,155648.00,5124096.00,56203673.60,8.00,6.00,83.00,0.00,0.00,3.00,0.00,0.00,6364160.00,11534336.00,0.00,0.00,261120.00,312320.00
1493153155,1390592.00,155648.00,5124096.00,56203673.60,7.00,9.00,80.00,0.00,0.00,4.00,0.00,106496.00,6836224.00,12582912.00,0.00,0.00,276480.00,333824.00
1493153156,1390592.00,155648.00,5124096.00,56203673.60,8.00,7.00,81.00,0.00,0.00,4.00,0.00,0.00,6379520.00,11534336.00,0.00,0.00,258048.00,310272.00
1493153157,1390592.00,155648.00,5124096.00,56203673.60,6.00,8.00,81.00,0.00,0.00,5.00,0.00,0.00,6477824.00,11534336.00,0.00,0.00,262144.00,317440.00
1493153158,1390592.00,155648.00,5124096.00,56203673.60,9.00,8.00,79.00,0.00,0.00,4.00,0.00,0.00,6758400.00,11534336.00,0.00,0.00,273408.00,329728.00
1493153159,1390592.00,155648.00,5124096.00,56203673.60,5.00,7.00,81.00,0.00,0.00,6.00,0.00,0.00,6929408.00,12582912.00,0.00,0.00,277504.00,335872.00
1493153160,1390592.00,155648.00,5124096.00,56203673.60,6.00,7.00,83.00,0.00,0.00,4.00,0.00,106496.00,6261760.00,11534336.00,0.00,0.00,268288.00,315392.00
1493153161,1390592.00,155648.00,5124096.00,56203673.60,5.00,6.00,85.00,0.00,0.00,3.00,0.00,0.00,6145024.00,10485760.00,0.00,0.00,260096.00,310272.00
1493153162,1390592.00,155648.00,5124096.00,56203673.60,6.00,8.00,82.00,0.00,0.00,4.00,0.00,0.00,6572032.00,11534336.00,0.00,0.00,272384.00,323584.00
1493153163,1390592.00,155648.00,5124096.00,56203673.60,6.00,6.00,84.00,0.00,0.00,4.00,0.00,0.00,6384640.00,11534336.00,0.00,0.00,262144.00,313344.00
1493153164,1390592.00,155648.00,5124096.00,56203673.60,10.00,7.00,80.00,0.00,0.00,3.00,0.00,0.00,6725632.00,11534336.00,0.00,0.00,272384.00,328704.00
1493153165,1390592.00,155648.00,5124096.00,56203673.60,5.00,6.00,84.00,0.00,0.00,4.00,0.00,106496.00,6316032.00,11534336.00,0.00,0.00,258048.00,311296.00
1493153166,1390592.00,155648.00,5124096.00,56203673.60,6.00,7.00,84.00,0.00,0.00,3.00,0.00,0.00,6097920.00,10485760.00,0.00,0.00,254976.00,303104.00
1493153167,1390592.00,155648.00,5124096.00,56203673.60,5.00,7.00,85.00,0.00,0.00,3.00,0.00,0.00,6207488.00,11534336.00,0.00,0.00,259072.00,310272.00
1493153168,1390592.00,155648.00,5124096.00,56203673.60,7.00,8.00,81.00,0.00,0.00,4.00,0.00,0.00,6562816.00,11534336.00,0.00,0.00,274432.00,325632.00
1493153169,1390592.00,155648.00,5124096.00,56203673.60,8.00,9.00,80.00,0.00,0.00,4.00,0.00,0.00,6602752.00,11534336.00,0.00,0.00,274432.00,326656.00
1493153170,1391616.00,155648.00,5124096.00,56203673.60,7.00,7.00,82.00,0.00,0.00,3.00,0.00,106496.00,6779904.00,11534336.00,0.00,0.00,276480.00,331776.00
1493153171,1391616.00,155648.00,5124096.00,56203673.60,5.00,8.00,84.00,0.00,0.00,4.00,0.00,0.00,6471680.00,11534336.00,0.00,0.00,273408.00,323584.00
1493153172,1390592.00,155648.00,5124096.00,56203673.60,6.00,9.00,80.00,0.00,0.00,5.00,0.00,0.00,6735872.00,11534336.00,0.00,0.00,278528.00,332800.00
1493153173,1390592.00,155648.00,5124096.00,56203673.60,5.00,7.00,85.00,0.00,0.00,3.00,0.00,0.00,5924864.00,10485760.00,0.00,0.00,244736.00,293888.00
1493153174,1390592.00,155648.00,5124096.00,56203673.60,6.00,7.00,83.00,0.00,0.00,4.00,0.00,0.00,6107136.00,10485760.00,0.00,0.00,256000.00,303104.00
1493153175,1390592.00,155648.00,5124096.00,56203673.60,7.00,4.00,86.00,0.00,0.00,2.00,0.00,180224.00,5293056.00,9411584.00,0.00,0.00,221184.00,265216.00
1493153176,1390592.00,155648.00,5124096.00,56203673.60,6.00,7.00,84.00,0.00,0.00,3.00,0.00,0.00,6310912.00,11534336.00,0.00,0.00,259072.00,311296.00
1493153177,1390592.00,155648.00,5124096.00,56203673.60,6.00,7.00,83.00,0.00,0.00,4.00,0.00,0.00,6008832.00,10485760.00,0.00,0.00,244736.00,294912.00
1493153178,1390592.00,155648.00,5124096.00,56203673.60,5.00,8.00,84.00,0.00,0.00,4.00,0.00,0.00,6324224.00,11534336.00,0.00,0.00,262144.00,313344.00
1493153179,1391616.00,155648.00,5124096.00,56203673.60,5.00,7.00,85.00,0.00,0.00,2.00,0.00,0.00,6049792.00,10485760.00,0.00,0.00,265216.00,306176.00
1493153180,1390592.00,155648.00,5124096.00,56203673.60,6.00,7.00,83.00,0.00,0.00,4.00,0.00,704512.00,6510592.00,11534336.00,0.00,0.00,269312.00,321536.00
1493153181,1390592.00,155648.00,5124096.00,56203673.60,9.00,9.00,78.00,0.00,0.00,4.00,0.00,0.00,6661120.00,11534336.00,0.00,0.00,272384.00,326656.00
1493153182,1390592.00,155648.00,5124096.00,56203673.60,6.00,7.00,84.00,0.00,0.00,3.00,0.00,0.00,6723584.00,11534336.00,0.00,0.00,274432.00,331776.00
1493153183,1391616.00,155648.00,5124096.00,56203673.60,4.00,7.00,85.00,0.00,0.00,4.00,0.00,0.00,6127616.00,10485760.00,0.00,0.00,258048.00,304128.00
1493153184,1390592.00,155648.00,5124096.00,56203673.60,6.00,6.00,86.00,0.00,0.00,3.00,0.00,0.00,6287360.00,11534336.00,0.00,0.00,269312.00,316416.00
1493153185,1391616.00,155648.00,5124096.00,56203673.60,6.00,9.00,81.00,0.00,0.00,4.00,0.00,237568.00,6660096.00,11534336.00,0.00,0.00,273408.00,328704.00
1493153186,1390592.00,155648.00,5124096.00,56203673.60,5.00,9.00,82.00,0.00,0.00,4.00,0.00,0.00,6656000.00,11534336.00,0.00,0.00,274432.00,327680.00
1493153187,1390592.00,155648.00,5124096.00,56203673.60,7.00,7.00,83.00,0.00,0.00,3.00,0.00,0.00,6166528.00,10485760.00,0.00,0.00,263168.00,310272.00
1493153188,1390592.00,155648.00,5124096.00,56203673.60,4.00,5.00,89.00,0.00,0.00,2.00,0.00,0.00,5485568.00,9755648.00,0.00,0.00,235520.00,277504.00
1493153189,1391616.00,155648.00,5124096.00,56203673.60,3.00,5.00,91.00,0.00,0.00,2.00,0.00,0.00,4574208.00,8133632.00,0.00,0.00,193536.00,229376.00
1493153190,1391616.00,155648.00,5124096.00,56203673.60,7.00,9.00,80.00,0.00,0.00,4.00,0.00,106496.00,6705152.00,11534336.00,0.00,0.00,276480.00,329728.00
1493153191,1391616.00,155648.00,5124096.00,56203673.60,6.00,6.00,85.00,0.00,0.00,3.00,0.00,0.00,6380544.00,11534336.00,0.00,0.00,272384.00,320512.00
1493153192,1391616.00,155648.00,5124096.00,56203673.60,5.00,7.00,85.00,0.00,0.00,3.00,0.00,0.00,6238208.00,11534336.00,0.00,0.00,268288.00,313344.00
1493153193,1390592.00,155648.00,5124096.00,56203673.60,8.00,8.00,79.00,0.00,0.00,4.00,0.00,0.00,6580224.00,11534336.00,0.00,0.00,271360.00,324608.00
1493153194,1390592.00,155648.00,5124096.00,56203673.60,5.00,7.00,84.00,0.00,0.00,3.00,0.00,0.00,6160384.00,10485760.00,0.00,0.00,252928.00,306176.00
1493153195,1390592.00,155648.00,5124096.00,56203673.60,4.00,6.00,87.00,0.00,0.00,3.00,0.00,106496.00,6067200.00,10485760.00,0.00,0.00,256000.00,307200.00
1493153196,1390592.00,155648.00,5124096.00,56203673.60,6.00,6.00,85.00,0.00,0.00,3.00,0.00,0.00,5839872.00,10485760.00,0.00,0.00,253952.00,296960.00
1493153197,1391616.00,155648.00,5124096.00,56203673.60,5.00,7.00,86.00,0.00,0.00,2.00,0.00,0.00,5941248.00,10485760.00,0.00,0.00,245760.00,295936.00
1493153198,1390592.00,155648.00,5124096.00,56203673.60,3.00,5.00,89.00,0.00,0.00,3.00,0.00,0.00,4998144.00,8883200.00,0.00,0.00,210944.00,250880.00
1493153199,1390592.00,155648.00,5124096.00,56203673.60,6.00,6.00,84.00,0.00,0.00,3.00,0.00,0.00,6183936.00,10485760.00,0.00,0.00,253952.00,304128.00
1493153200,1391616.00,155648.00,5125120.00,56203673.60,4.00,8.00,85.00,0.00,0.00,3.00,0.00,106496.00,6088704.00,10485760.00,0.00,0.00,258048.00,304128.00
1493153201,1390592.00,155648.00,5125120.00,56203673.60,5.00,6.00,87.00,0.00,0.00,2.00,0.00,0.00,5905408.00,10485760.00,0.00,0.00,253952.00,299008.00
1493153202,1391616.00,155648.00,5125120.00,56203673.60,6.00,9.00,80.00,0.00,0.00,4.00,0.00,0.00,6733824.00,11534336.00,0.00,0.00,279552.00,332800.00
1493153203,1390592.00,155648.00,5125120.00,56203673.60,5.00,9.00,82.00,0.00,0.00,4.00,0.00,0.00,6721536.00,11534336.00,0.00,0.00,276480.00,330752.00
1493153204,1390592.00,155648.00,5125120.00,56203673.60,7.00,8.00,81.00,0.00,0.00,4.00,0.00,0.00,6668288.00,11534336.00,0.00,0.00,276480.00,328704.00
1493153205,1390592.00,155648.00,5125120.00,56203673.60,7.00,5.00,86.00,0.00,0.00,2.00,0.00,147456.00,5436416.00,9673728.00,0.00,0.00,245760.00,279552.00
1493153206,1390592.00,155648.00,5125120.00,56203673.60,6.00,8.00,83.00,0.00,0.00,4.00,0.00,0.00,6469632.00,11534336.00,0.00,0.00,274432.00,322560.00
1493153207,1390592.00,155648.00,5125120.00,56203673.60,7.00,9.00,81.00,0.00,0.00,4.00,0.00,0.00,6795264.00,11534336.00,0.00,0.00,276480.00,332800.00
1493153208,1390592.00,155648.00,5125120.00,56203673.60,9.00,10.00,77.00,0.00,0.00,4.00,0.00,0.00,6762496.00,11534336.00,0.00,0.00,274432.00,329728.00
1493153209,1390592.00,155648.00,5125120.00,56203673.60,5.00,9.00,82.00,0.00,0.00,4.00,0.00,0.00,6775808.00,11534336.00,0.00,0.00,275456.00,333824.00
1493153210,1390592.00,155648.00,5125120.00,56203673.60,7.00,8.00,82.00,0.00,0.00,3.00,0.00,163840.00,6192128.00,10485760.00,0.00,0.00,254976.00,304128.00
1493153211,1390592.00,155648.00,5125120.00,56203673.60,6.00,8.00,82.00,0.00,0.00,4.00,0.00,0.00,6338560.00,11534336.00,0.00,0.00,260096.00,312320.00
1493153212,1390592.00,155648.00,5125120.00,56203673.60,7.00,9.00,79.00,0.00,0.00,4.00,0.00,0.00,6802432.00,12582912.00,0.00,0.00,276480.00,331776.00
1493153213,1391616.00,155648.00,5125120.00,56203673.60,7.00,8.00,82.00,0.00,0.00,3.00,0.00,0.00,6443008.00,11534336.00,0.00,0.00,262144.00,315392.00
1493153214,1391616.00,155648.00,5125120.00,56203673.60,7.00,9.00,81.00,0.00,0.00,3.00,0.00,0.00,6624256.00,11534336.00,0.00,0.00,273408.00,326656.00
1493153215,1390592.00,155648.00,5125120.00,56203673.60,7.00,7.00,82.00,0.00,0.00,4.00,0.00,745472.00,6333440.00,11534336.00,0.00,0.00,258048.00,310272.00
1493153216,1390592.00,155648.00,5125120.00,56203673.60,9.00,8.00,80.00,0.00,0.00,4.00,0.00,0.00,6630400.00,11534336.00,0.00,0.00,271360.00,325632.00
1493153217,1391616.00,155648.00,5125120.00,56203673.60,6.00,9.00,80.00,0.00,0.00,5.00,0.00,0.00,6797312.00,11534336.00,0.00,0.00,274432.00,331776.00
1493153218,1390592.00,155648.00,5125120.00,56203673.60,7.00,9.00,80.00,0.00,0.00,4.00,0.00,0.00,6839296.00,12582912.00,0.00,0.00,279552.00,334848.00
1493153219,1390592.00,155648.00,5125120.00,56203673.60,7.00,7.00,81.00,0.00,0.00,5.00,0.00,0.00,6770688.00,11534336.00,0.00,0.00,277504.00,333824.00
1493153220,1390592.00,155648.00,5125120.00,56203673.60,6.00,6.00,83.00,0.00,0.00,4.00,0.00,188416.00,6049792.00,10485760.00,0.00,0.00,259072.00,305152.00
1493153221,1391616.00,155648.00,5125120.00,56203673.60,4.00,7.00,86.00,0.00,0.00,3.00,0.00,0.00,5660672.00,10085376.00,0.00,0.00,245760.00,287744.00
1493153222,1391616.00,155648.00,5125120.00,56203673.60,9.00,6.00,82.00,0.00,0.00,4.00,0.00,0.00,6193152.00,10485760.00,0.00,0.00,253952.00,305152.00
1493153223,1390592.00,155648.00,5125120.00,56203673.60,5.00,8.00,84.00,0.00,0.00,4.00,0.00,0.00,6227968.00,11534336.00,0.00,0.00,263168.00,311296.00
1493153224,1390592.00,155648.00,5125120.00,56203673.60,5.00,8.00,84.00,0.00,0.00,4.00,0.00,0.00,6146048.00,10485760.00,0.00,0.00,258048.00,305152.00
1493153225,1391616.00,155648.00,5125120.00,56203673.60,6.00,6.00,86.00,0.00,0.00,3.00,0.00,106496.00,5985280.00,10485760.00,0.00,0.00,251904.00,297984.00
1493153226,1391616.00,155648.00,5125120.00,56203673.60,8.00,8.00,80.00,0.00,0.00,3.00,0.00,0.00,6401024.00,11534336.00,0.00,0.00,273408.00,319488.00
1493153227,1390592.00,155648.00,5125120.00,56203673.60,8.00,7.00,80.00,0.00,0.00,4.00,0.00,0.00,6506496.00,11534336.00,0.00,0.00,269312.00,321536.00
1493153228,1390592.00,155648.00,5125120.00,56203673.60,7.00,8.00,80.00,0.00,0.00,4.00,0.00,0.00,6683648.00,11534336.00,0.00,0.00,275456.00,328704.00
1493153229,1391616.00,155648.00,5125120.00,56203673.60,6.00,8.00,82.00,0.00,0.00,3.00,0.00,0.00,6437888.00,11534336.00,0.00,0.00,266240.00,318464.00
1493153230,1391616.00,155648.00,5125120.00,56203673.60,7.00,8.00,82.00,0.00,0.00,4.00,0.00,106496.00,6610944.00,11534336.00,0.00,0.00,273408.00,327680.00
1493153231,1391616.00,155648.00,5125120.00,56203673.60,6.00,7.00,84.00,0.00,0.00,4.00,0.00,0.00,6506496.00,11534336.00,0.00,0.00,271360.00,322560.00
1493153232,1390592.00,155648.00,5125120.00,56203673.60,5.00,7.00,85.00,0.00,0.00,3.00,0.00,0.00,5761024.00,10227712.00,0.00,0.00,237568.00,283648.00
1493153233,1390592.00,155648.00,5125120.00,56203673.60,8.00,6.00,82.00,0.00,0.00,4.00,0.00,0.00,6207488.00,11534336.00,0.00,0.00,256000.00,307200.00
1493153234,1391616.00,155648.00,5125120.00,56203673.60,9.00,7.00,79.00,0.00,0.00,5.00,0.00,0.00,6659072.00,11534336.00,0.00,0.00,279552.00,330752.00
1493153235,1391616.00,155648.00,5125120.00,56203673.60,4.00,8.00,84.00,0.00,0.00,4.00,0.00,147456.00,6217728.00,11534336.00,0.00,0.00,256000.00,305152.00
1493153236,1391616.00,155648.00,5125120.00,56203673.60,6.00,7.00,83.00,0.00,0.00,4.00,0.00,0.00,6359040.00,11534336.00,0.00,0.00,260096.00,312320.00
1493153237,1390592.00,155648.00,5125120.00,56203673.60,6.00,9.00,81.00,0.00,0.00,4.00,0.00,0.00,6785024.00,11534336.00,0.00,0.00,275456.00,331776.00
1493153238,1390592.00,155648.00,5125120.00,56203673.60,8.00,9.00,80.00,0.00,0.00,4.00,0.00,0.00,6735872.00,11534336.00,0.00,0.00,277504.00,330752.00
1493153239,1390592.00,155648.00,5125120.00,56203673.60,9.00,8.00,78.00,0.00,0.00,4.00,0.00,0.00,6689792.00,11534336.00,0.00,0.00,273408.00,328704.00
1493153240,1390592.00,155648.00,5125120.00,56203673.60,6.00,8.00,82.00,0.00,0.00,4.00,0.00,106496.00,6714368.00,11534336.00,0.00,0.00,276480.00,331776.00
1493153241,1390592.00,155648.00,5125120.00,56203673.60,7.00,8.00,81.00,0.00,0.00,4.00,0.00,0.00,6745088.00,11534336.00,0.00,0.00,276480.00,330752.00
1493153242,1390592.00,155648.00,5125120.00,56203673.60,5.00,6.00,85.00,0.00,0.00,4.00,0.00,0.00,6330368.00,11534336.00,0.00,0.00,260096.00,313344.00
1493153243,1390592.00,155648.00,5125120.00,56203673.60,5.00,6.00,85.00,0.00,0.00,4.00,0.00,0.00,6156288.00,10485760.00,0.00,0.00,254976.00,304128.00
1493153244,1391616.00,155648.00,5125120.00,56203673.60,10.00,8.00,78.00,0.00,0.00,4.00,0.00,0.00,6611968.00,11534336.00,0.00,0.00,271360.00,325632.00
1493153245,1390592.00,155648.00,5125120.00,56203673.60,7.00,8.00,82.00,0.00,0.00,4.00,0.00,172032.00,6349824.00,11534336.00,0.00,0.00,257024.00,311296.00
1493153246,1390592.00,155648.00,5125120.00,56203673.60,6.00,8.00,83.00,0.00,0.00,3.00,0.00,0.00,6800384.00,11534336.00,0.00,0.00,276480.00,332800.00
1493153247,1391616.00,155648.00,5125120.00,56203673.60,6.00,7.00,83.00,0.00,0.00,3.00,0.00,0.00,6427648.00,11534336.00,0.00,0.00,259072.00,314368.00
1493153248,1390592.00,155648.00,5125120.00,56203673.60,7.00,8.00,80.00,0.00,0.00,5.00,0.00,0.00,6744064.00,11534336.00,0.00,0.00,277504.00,331776.00
1493153249,1390592.00,155648.00,5125120.00,56203673.60,7.00,7.00,82.00,0.00,0.00,4.00,0.00,0.00,6768640.00,11534336.00,0.00,0.00,277504.00,331776.00
1493153250,1390592.00,155648.00,5125120.00,56203673.60,8.00,9.00,79.00,0.00,0.00,4.00,0.00,663552.00,6674432.00,11534336.00,0.00,0.00,276480.00,328704.00
1493153251,1391616.00,155648.00,5125120.00,56203673.60,6.00,7.00,82.00,0.00,0.00,5.00,0.00,0.00,6715392.00,11534336.00,0.00,0.00,274432.00,330752.00
1493153252,1390592.00,155648.00,5125120.00,56203673.60,5.00,8.00,83.00,0.00,0.00,4.00,0.00,0.00,6601728.00,11534336.00,0.00,0.00,269312.00,323584.00
1493153253,1391616.00,155648.00,5125120.00,56203673.60,5.00,8.00,83.00,0.00,0.00,4.00,0.00,0.00,6142976.00,10485760.00,0.00,0.00,250880.00,301056.00
1493153254,1391616.00,155648.00,5125120.00,56203673.60,6.00,8.00,81.00,0.00,0.00,5.00,0.00,0.00,6756352.00,11534336.00,0.00,0.00,277504.00,332800.00
1493153255,1391616.00,155648.00,5125120.00,56203673.60,9.00,7.00,82.00,0.00,0.00,2.00,0.00,245760.00,6300672.00,11534336.00,0.00,0.00,253952.00,308224.00
1493153256,1391616.00,155648.00,5125120.00,56203673.60,8.00,8.00,79.00,0.00,0.00,5.00,0.00,0.00,6847488.00,12582912.00,0.00,0.00,277504.00,333824.00
1493153257,1391616.00,155648.00,5125120.00,56203673.60,7.00,10.00,80.00,0.00,0.00,3.00,0.00,0.00,6825984.00,12582912.00,0.00,0.00,274432.00,332800.00
1493153258,1391616.00,155648.00,5125120.00,56203673.60,6.00,7.00,84.00,0.00,0.00,3.00,0.00,0.00,6427648.00,11534336.00,0.00,0.00,263168.00,315392.00
1493153259,1391616.00,155648.00,5125120.00,56203673.60,4.00,5.00,88.00,0.00,0.00,3.00,0.00,0.00,5062656.00,8993792.00,0.00,0.00,211968.00,250880.00
1493153260,1390592.00,155648.00,5125120.00,56203673.60,6.00,8.00,83.00,0.00,0.00,4.00,0.00,106496.00,6216704.00,11534336.00,0.00,0.00,254976.00,305152.00
1493153261,1391616.00,155648.00,5125120.00,56203673.60,9.00,8.00,78.00,0.00,0.00,5.00,0.00,0.00,6730752.00,11534336.00,0.00,0.00,270336.00,327680.00
1493153262,1391616.00,155648.00,5125120.00,56203673.60,7.00,8.00,81.00,0.00,0.00,4.00,0.00,0.00,6756352.00,11534336.00,0.00,0.00,278528.00,332800.00
1493153263,1390592.00,155648.00,5125120.00,56203673.60,5.00,6.00,85.00,0.00,0.00,4.00,0.00,0.00,6313984.00,11534336.00,0.00,0.00,259072.00,311296.00
1493153264,1391616.00,155648.00,5125120.00,56203673.60,6.00,8.00,82.00,0.00,0.00,4.00,0.00,0.00,6274048.00,11534336.00,0.00,0.00,257024.00,309248.00
1493153265,1391616.00,155648.00,5125120.00,56203673.60,6.00,7.00,84.00,0.00,0.00,3.00,0.00,147456.00,6294528.00,11534336.00,0.00,0.00,259072.00,313344.00
1493153266,1391616.00,155648.00,5125120.00,56203673.60,7.00,8.00,81.00,0.00,0.00,5.00,0.00,0.00,6765568.00,11534336.00,0.00,0.00,276480.00,332800.00
1493153267,1391616.00,155648.00,5125120.00,56203673.60,8.00,8.00,79.00,0.00,0.00,4.00,0.00,0.00,6720512.00,11534336.00,0.00,0.00,273408.00,329728.00
1493153268,1391616.00,155648.00,5125120.00,56203673.60,7.00,9.00,80.00,0.00,0.00,4.00,0.00,0.00,6727680.00,11534336.00,0.00,0.00,274432.00,330752.00
1493153269,1391616.00,155648.00,5125120.00,56203673.60,7.00,9.00,80.00,0.00,0.00,4.00,0.00,0.00,6781952.00,11534336.00,0.00,0.00,277504.00,331776.00
1493153270,1390592.00,155648.00,5125120.00,56203673.60,6.00,9.00,82.00,0.00,0.00,3.00,0.00,106496.00,6320128.00,11534336.00,0.00,0.00,262144.00,312320.00
1493153271,1391616.00,155648.00,5125120.00,56203673.60,6.00,7.00,83.00,0.00,0.00,4.00,0.00,0.00,6763520.00,11534336.00,0.00,0.00,277504.00,332800.00
1493153272,1391616.00,155648.00,5125120.00,56203673.60,9.00,8.00,78.00,0.00,0.00,5.00,0.00,0.00,6756352.00,11534336.00,0.00,0.00,272384.00,329728.00
1493153273,1390592.00,155648.00,5125120.00,56203673.60,7.00,8.00,80.00,0.00,0.00,4.00,0.00,0.00,6755328.00,11534336.00,0.00,0.00,276480.00,331776.00
1493153274,1391616.00,155648.00,5125120.00,56203673.60,5.00,7.00,85.00,0.00,0.00,3.00,0.00,0.00,5957632.00,10485760.00,0.00,0.00,243712.00,291840.00
1493153275,1391616.00,155648.00,5125120.00,56203673.60,6.00,8.00,82.00,0.00,0.00,3.00,0.00,106496.00,6355968.00,11534336.00,0.00,0.00,259072.00,312320.00
1493153276,1391616.00,155648.00,5125120.00,56203673.60,5.00,8.00,82.00,0.00,0.00,4.00,0.00,0.00,6800384.00,11534336.00,0.00,0.00,278528.00,332800.00
1493153277,1390592.00,155648.00,5125120.00,56203673.60,7.00,9.00,79.00,0.00,0.00,5.00,0.00,0.00,6838272.00,12582912.00,0.00,0.00,280576.00,334848.00
1493153278,1391616.00,155648.00,5125120.00,56203673.60,9.00,9.00,79.00,0.00,0.00,4.00,0.00,0.00,6781952.00,11534336.00,0.00,0.00,276480.00,331776.00
1493153279,1391616.00,155648.00,5125120.00,56203673.60,6.00,10.00,80.00,0.00,0.00,4.00,0.00,0.00,6853632.00,12582912.00,0.00,0.00,279552.00,334848.00
1493153280,1391616.00,155648.00,5125120.00,56203673.60,6.00,8.00,83.00,0.00,0.00,3.00,0.00,188416.00,6177792.00,10485760.00,0.00,0.00,265216.00,312320.00
1493153281,1391616.00,155648.00,5125120.00,56203673.60,5.00,7.00,85.00,0.00,0.00,2.00,0.00,0.00,5798912.00,10485760.00,0.00,0.00,244736.00,292864.00
1493153282,1391616.00,155648.00,5125120.00,56203673.60,6.00,9.00,81.00,0.00,0.00,4.00,0.00,0.00,6494208.00,11534336.00,0.00,0.00,272384.00,324608.00
1493153283,1391616.00,155648.00,5125120.00,56203673.60,8.00,9.00,81.00,0.00,0.00,3.00,0.00,0.00,6287360.00,11534336.00,0.00,0.00,260096.00,309248.00
1493153284,1391616.00,155648.00,5125120.00,56203673.60,4.00,6.00,86.00,0.00,0.00,4.00,0.00,0.00,5853184.00,10485760.00,0.00,0.00,243712.00,289792.00
1493153285,1391616.00,155648.00,5125120.00,56203673.60,5.00,6.00,86.00,0.00,0.00,3.00,0.00,729088.00,5510144.00,9783296.00,0.00,0.00,228352.00,272384.00
1493153286,1391616.00,155648.00,5125120.00,56203673.60,6.00,8.00,82.00,0.00,0.00,4.00,0.00,0.00,6625280.00,11534336.00,0.00,0.00,271360.00,326656.00
1493153287,1390592.00,155648.00,5125120.00,56203673.60,6.00,10.00,80.00,0.00,0.00,4.00,0.00,0.00,6809600.00,12582912.00,0.00,0.00,277504.00,333824.00
1493153288,1390592.00,155648.00,5125120.00,56203673.60,7.00,8.00,81.00,0.00,0.00,4.00,0.00,0.00,6803456.00,12582912.00,0.00,0.00,276480.00,332800.00
1493153289,1391616.00,155648.00,5125120.00,56203673.60,8.00,8.00,80.00,0.00,0.00,4.00,0.00,0.00,6725632.00,11534336.00,0.00,0.00,273408.00,330752.00
1493153290,1391616.00,155648.00,5125120.00,56203673.60,5.00,8.00,83.00,0.00,0.00,3.00,0.00,221184.00,6321152.00,11534336.00,0.00,0.00,273408.00,320512.00
1493153291,1391616.00,155648.00,5125120.00,56203673.60,4.00,7.00,86.00,0.00,0.00,3.00,0.00,0.00,6195200.00,11534336.00,0.00,0.00,265216.00,312320.00
1493153292,1391616.00,155648.00,5125120.00,56203673.60,5.00,9.00,83.00,0.00,0.00,3.00,0.00,0.00,6405120.00,11534336.00,0.00,0.00,270336.00,320512.00
1493153293,1391616.00,155648.00,5125120.00,56203673.60,6.00,8.00,85.00,0.00,0.00,2.00,0.00,0.00,5848064.00,10485760.00,0.00,0.00,246784.00,292864.00
1493153294,1390592.00,155648.00,5125120.00,56203673.60,6.00,7.00,83.00,0.00,0.00,4.00,0.00,0.00,6350848.00,11534336.00,0.00,0.00,270336.00,317440.00
1493153295,1391616.00,155648.00,5125120.00,56203673.60,7.00,7.00,82.00,0.00,0.00,4.00,0.00,147456.00,6018048.00,10485760.00,0.00,0.00,250880.00,299008.00
1493153296,1391616.00,155648.00,5125120.00,56203673.60,7.00,6.00,84.00,0.00,0.00,3.00,0.00,0.00,5826560.00,10485760.00,0.00,0.00,242688.00,287744.00
1493153297,1390592.00,155648.00,5125120.00,56203673.60,7.00,7.00,82.00,0.00,0.00,5.00,0.00,0.00,6784000.00,11534336.00,0.00,0.00,277504.00,332800.00
1493153298,1390592.00,155648.00,5125120.00,56203673.60,8.00,8.00,80.00,0.00,0.00,5.00,0.00,0.00,6800384.00,12582912.00,0.00,0.00,277504.00,332800.00
1493153299,1390592.00,155648.00,5125120.00,56203673.60,6.00,8.00,81.00,0.00,0.00,5.00,0.00,0.00,6747136.00,11534336.00,0.00,0.00,273408.00,329728.00
1493153300,1391616.00,155648.00,5125120.00,56203673.60,10.00,7.00,79.00,0.00,0.00,4.00,0.00,106496.00,6628352.00,11534336.00,0.00,0.00,275456.00,327680.00
1493153301,1390592.00,155648.00,5125120.00,56203673.60,5.00,8.00,84.00,0.00,0.00,3.00,0.00,0.00,6453248.00,11534336.00,0.00,0.00,273408.00,322560.00
1493153302,1391616.00,155648.00,5125120.00,56203673.60,5.00,7.00,85.00,0.00,0.00,3.00,0.00,0.00,6206464.00,11534336.00,0.00,0.00,269312.00,314368.00
1493153303,1391616.00,155648.00,5125120.00,56203673.60,5.00,6.00,86.00,0.00,0.00,4.00,0.00,0.00,6278144.00,11534336.00,0.00,0.00,270336.00,319488.00
1493153304,1391616.00,155648.00,5125120.00,56203673.60,5.00,6.00,85.00,0.00,0.00,4.00,0.00,0.00,6253568.00,11534336.00,0.00,0.00,268288.00,314368.00
1493153305,1390592.00,155648.00,5125120.00,56203673.60,5.00,7.00,84.00,0.00,0.00,3.00,0.00,106496.00,5975040.00,10485760.00,0.00,0.00,256000.00,302080.00
1493153306,1390592.00,155648.00,5125120.00,56203673.60,7.00,5.00,86.00,0.00,0.00,2.00,0.00,0.00,5514240.00,9821184.00,0.00,0.00,233472.00,277504.00
1493153307,1390592.00,155648.00,5125120.00,56203673.60,5.00,8.00,84.00,0.00,0.00,3.00,0.00,0.00,6258688.00,11534336.00,0.00,0.00,256000.00,308224.00
1493153308,1391616.00,155648.00,5125120.00,56203673.60,6.00,9.00,80.00,0.00,0.00,5.00,0.00,0.00,6788096.00,11534336.00,0.00,0.00,276480.00,333824.00
1493153309,1391616.00,155648.00,5125120.00,56203673.60,7.00,8.00,81.00,0.00,0.00,4.00,0.00,0.00,6791168.00,12582912.00,0.00,0.00,278528.00,333824.00
1493153310,1390592.00,155648.00,5125120.00,56203673.60,5.00,8.00,83.00,0.00,0.00,4.00,0.00,106496.00,6545408.00,11534336.00,0.00,0.00,274432.00,324608.00
1493153311,1391616.00,155648.00,5125120.00,56203673.60,6.00,7.00,83.00,0.00,0.00,4.00,0.00,0.00,6609920.00,11534336.00,0.00,0.00,273408.00,328704.00
1493153312,1390592.00,155648.00,5125120.00,56203673.60,8.00,9.00,79.00,0.00,0.00,4.00,0.00,0.00,6659072.00,11534336.00,0.00,0.00,273408.00,326656.00
1493153313,1391616.00,155648.00,5125120.00,56203673.60,7.00,7.00,82.00,0.00,0.00,5.00,0.00,0.00,6693888.00,11534336.00,0.00,0.00,276480.00,331776.00
1493153314,1390592.00,155648.00,5125120.00,56203673.60,7.00,8.00,81.00,0.00,0.00,5.00,0.00,0.00,6625280.00,11534336.00,0.00,0.00,276480.00,329728.00
1493153315,1391616.00,155648.00,5125120.00,56203673.60,6.00,8.00,83.00,0.00,0.00,3.00,0.00,172032.00,6597632.00,11534336.00,0.00,0.00,270336.00,326656.00
1493153316,1390592.00,155648.00,5125120.00,56203673.60,5.00,7.00,86.00,0.00,0.00,3.00,0.00,0.00,5779456.00,10232832.00,0.00,0.00,239616.00,284672.00
1493153317,1391616.00,155648.00,5125120.00,56203673.60,4.00,7.00,86.00,0.00,0.00,3.00,0.00,0.00,5943296.00,10485760.00,0.00,0.00,245760.00,293888.00
1493153318,1391616.00,155648.00,5125120.00,56203673.60,8.00,8.00,80.00,0.00,0.00,4.00,0.00,0.00,6700032.00,11534336.00,0.00,0.00,275456.00,329728.00
1493153319,1391616.00,155648.00,5125120.00,56203673.60,6.00,9.00,81.00,0.00,0.00,4.00,0.00,0.00,6652928.00,11534336.00,0.00,0.00,276480.00,328704.00
1493153320,1390592.00,155648.00,5125120.00,56203673.60,4.00,6.00,87.00,0.00,0.00,3.00,0.00,704512.00,5610496.00,9951232.00,0.00,0.00,234496.00,278528.00
1493153321,1391616.00,155648.00,5125120.00,56203673.60,4.00,6.00,86.00,0.00,0.00,4.00,0.00,0.00,5611520.00,9953280.00,0.00,0.00,231424.00,276480.00
1493153322,1391616.00,155648.00,5125120.00,56203673.60,6.00,7.00,82.00,0.00,0.00,5.00,0.00,0.00,6756352.00,11534336.00,0.00,0.00,277504.00,333824.00
1493153323,1391616.00,155648.00,5125120.00,56203673.60,8.00,6.00,82.00,0.00,0.00,4.00,0.00,0.00,6497280.00,11534336.00,0.00,0.00,266240.00,320512.00
1493153324,1391616.00,155648.00,5125120.00,56203673.60,6.00,6.00,84.00,0.00,0.00,4.00,0.00,0.00,6419456.00,11534336.00,0.00,0.00,263168.00,315392.00
1493153325,1391616.00,155648.00,5125120.00,56203673.60,6.00,9.00,80.00,0.00,0.00,4.00,0.00,262144.00,6711296.00,11534336.00,0.00,0.00,276480.00,331776.00
1493153326,1391616.00,155648.00,5125120.00,56203673.60,6.00,7.00,84.00,0.00,0.00,4.00,0.00,0.00,6412288.00,11534336.00,0.00,0.00,262144.00,314368.00
1493153327,1391616.00,155648.00,5125120.00,56203673.60,5.00,7.00,85.00,0.00,0.00,3.00,0.00,0.00,6219776.00,11534336.00,0.00,0.00,253952.00,306176.00
1493153328,1391616.00,155648.00,5125120.00,56203673.60,5.00,7.00,85.00,0.00,0.00,3.00,0.00,0.00,6001664.00,10485760.00,0.00,0.00,245760.00,294912.00
1493153329,1391616.00,155648.00,5125120.00,56203673.60,8.00,9.00,78.00,0.00,0.00,5.00,0.00,0.00,6710272.00,11534336.00,0.00,0.00,274432.00,328704.00
1493153330,1391616.00,155648.00,5125120.00,56203673.60,6.00,8.00,81.00,0.00,0.00,4.00,0.00,106496.00,6677504.00,11534336.00,0.00,0.00,273408.00,329728.00
1493153331,1391616.00,155648.00,5125120.00,56203673.60,6.00,8.00,82.00,0.00,0.00,4.00,0.00,0.00,6746112.00,11534336.00,0.00,0.00,274432.00,330752.00
1493153332,1390592.00,155648.00,5125120.00,56203673.60,6.00,7.00,82.00,0.00,0.00,5.00,0.00,0.00,6632448.00,11534336.00,0.00,0.00,270336.00,324608.00
1493153333,1391616.00,155648.00,5125120.00,56203673.60,5.00,8.00,81.00,0.00,0.00,6.00,0.00,0.00,6707200.00,11534336.00,0.00,0.00,276480.00,330752.00
1493153334,1391616.00,155648.00,5125120.00,56203673.60,7.00,9.00,81.00,0.00,0.00,4.00,0.00,0.00,6685696.00,11534336.00,0.00,0.00,274432.00,328704.00
1493153335,1391616.00,155648.00,5125120.00,56203673.60,8.00,8.00,80.00,0.00,0.00,4.00,0.00,106496.00,6657024.00,11534336.00,0.00,0.00,272384.00,327680.00
1493153336,1391616.00,155648.00,5125120.00,56203673.60,5.00,8.00,83.00,0.00,0.00,4.00,0.00,0.00,6693888.00,11534336.00,0.00,0.00,271360.00,328704.00
1493153337,1392640.00,155648.00,5125120.00,56203673.60,5.00,7.00,84.00,0.00,0.00,4.00,0.00,0.00,6383616.00,11534336.00,0.00,0.00,259072.00,314368.00
1493153338,1390592.00,155648.00,5125120.00,56203673.60,6.00,8.00,83.00,0.00,0.00,4.00,0.00,0.00,5913600.00,10485760.00,0.00,0.00,241664.00,289792.00
1493153339,1391616.00,155648.00,5125120.00,56203673.60,8.00,9.00,80.00,0.00,0.00,4.00,0.00,0.00,6828032.00,12582912.00,0.00,0.00,275456.00,333824.00
1493153340,1391616.00,155648.00,5125120.00,56203673.60,6.00,6.00,85.00,0.00,0.00,3.00,0.00,106496.00,5607424.00,9974784.00,0.00,0.00,242688.00,284672.00
1493153341,1391616.00,155648.00,5125120.00,56203673.60,4.00,7.00,87.00,0.00,0.00,3.00,0.00,0.00,6221824.00,11534336.00,0.00,0.00,267264.00,315392.00
1493153342,1391616.00,155648.00,5125120.00,56203673.60,6.00,5.00,86.00,0.00,0.00,3.00,0.00,0.00,5999616.00,10485760.00,0.00,0.00,257024.00,303104.00
1493153343,1391616.00,155648.00,5125120.00,56203673.60,6.00,7.00,84.00,0.00,0.00,4.00,0.00,0.00,6342656.00,11534336.00,0.00,0.00,260096.00,315392.00
1493153344,1391616.00,155648.00,5125120.00,56203673.60,6.00,7.00,82.00,0.00,0.00,5.00,0.00,0.00,6435840.00,11534336.00,0.00,0.00,264192.00,316416.00
1493153345,1391616.00,155648.00,5125120.00,56203673.60,6.00,8.00,81.00,0.00,0.00,5.00,0.00,106496.00,6568960.00,11534336.00,0.00,0.00,270336.00,324608.00
1493153346,1391616.00,155648.00,5125120.00,56203673.60,9.00,6.00,81.00,0.00,0.00,3.00,0.00,0.00,6395904.00,11534336.00,0.00,0.00,264192.00,317440.00
1493153347,1391616.00,155648.00,5125120.00,56203673.60,5.00,6.00,85.00,0.00,0.00,3.00,0.00,0.00,6190080.00,10485760.00,0.00,0.00,251904.00,304128.00
1493153348,1391616.00,155648.00,5125120.00,56203673.60,7.00,8.00,82.00,0.00,0.00,3.00,0.00,0.00,6640640.00,11534336.00,0.00,0.00,273408.00,327680.00
1493153349,1391616.00,155648.00,5125120.00,56203673.60,5.00,7.00,84.00,0.00,0.00,4.00,0.00,0.00,5801984.00,10485760.00,0.00,0.00,237568.00,285696.00
1493153350,1390592.00,155648.00,5125120.00,56203673.60,5.00,6.00,86.00,0.00,0.00,2.00,0.00,163840.00,6191104.00,10485760.00,0.00,0.00,265216.00,312320.00
1493153351,1391616.00,155648.00,5125120.00,56203673.60,5.00,6.00,85.00,0.00,0.00,4.00,0.00,0.00,6124544.00,10485760.00,0.00,0.00,262144.00,310272.00
1493153352,1390592.00,155648.00,5125120.00,56203673.60,7.00,7.00,83.00,0.00,0.00,3.00,0.00,0.00,5968896.00,10485760.00,0.00,0.00,250880.00,296960.00
1493153353,1391616.00,155648.00,5125120.00,56203673.60,7.00,9.00,81.00,0.00,0.00,4.00,0.00,0.00,6702080.00,11534336.00,0.00,0.00,274432.00,329728.00
1493153354,1391616.00,155648.00,5125120.00,56203673.60,7.00,7.00,82.00,0.00,0.00,4.00,0.00,0.00,6224896.00,11534336.00,0.00,0.00,259072.00,308224.00
1493153355,1391616.00,155648.00,5125120.00,56203673.60,7.00,8.00,81.00,0.00,0.00,4.00,0.00,704512.00,6648832.00,11534336.00,0.00,0.00,273408.00,327680.00
1493153356,1391616.00,155648.00,5125120.00,56203673.60,7.00,8.00,81.00,0.00,0.00,4.00,0.00,0.00,6458368.00,11534336.00,0.00,0.00,268288.00,320512.00
1493153357,1391616.00,155648.00,5125120.00,56203673.60,8.00,7.00,82.00,0.00,0.00,3.00,0.00,0.00,6195200.00,10485760.00,0.00,0.00,254976.00,305152.00
1493153358,1391616.00,155648.00,5125120.00,56203673.60,8.00,7.00,82.00,0.00,0.00,3.00,0.00,0.00,6334464.00,11534336.00,0.00,0.00,266240.00,316416.00
1493153359,1391616.00,155648.00,5125120.00,56203673.60,6.00,7.00,83.00,0.00,0.00,4.00,0.00,0.00,6170624.00,10485760.00,0.00,0.00,256000.00,306176.00
1493153360,1391616.00,155648.00,5125120.00,56203673.60,6.00,6.00,86.00,0.00,0.00,3.00,0.00,245760.00,6153216.00,10485760.00,0.00,0.00,257024.00,306176.00
1493153361,1391616.00,155648.00,5125120.00,56203673.60,6.00,9.00,82.00,0.00,0.00,4.00,0.00,0.00,6560768.00,11534336.00,0.00,0.00,266240.00,321536.00
1493153362,1391616.00,155648.00,5125120.00,56203673.60,5.00,9.00,82.00,0.00,0.00,3.00,0.00,0.00,6502400.00,11534336.00,0.00,0.00,272384.00,322560.00
1493153363,1391616.00,155648.00,5125120.00,56203673.60,7.00,7.00,83.00,0.00,0.00,4.00,0.00,0.00,6164480.00,10485760.00,0.00,0.00,257024.00,305152.00
1493153364,1391616.00,155648.00,5125120.00,56203673.60,7.00,7.00,84.00,0.00,0.00,3.00,0.00,0.00,6345728.00,11534336.00,0.00,0.00,273408.00,320512.00
1493153365,1391616.00,155648.00,5125120.00,56203673.60,7.00,9.00,81.00,0.00,0.00,3.00,0.00,106496.00,6364160.00,11534336.00,0.00,0.00,272384.00,320512.00
1493153366,1391616.00,155648.00,5125120.00,56203673.60,6.00,8.00,82.00,0.00,0.00,4.00,0.00,0.00,6445056.00,11534336.00,0.00,0.00,266240.00,318464.00
1493153367,1391616.00,155648.00,5125120.00,56203673.60,6.00,8.00,82.00,0.00,0.00,4.00,0.00,0.00,6604800.00,11534336.00,0.00,0.00,272384.00,325632.00
1493153368,1391616.00,155648.00,5125120.00,56203673.60,5.00,8.00,84.00,0.00,0.00,3.00,0.00,0.00,6204416.00,10485760.00,0.00,0.00,257024.00,308224.00
1493153369,1391616.00,155648.00,5125120.00,56203673.60,9.00,9.00,79.00,0.00,0.00,3.00,0.00,0.00,6497280.00,11534336.00,0.00,0.00,269312.00,322560.00
1493153370,1391616.00,155648.00,5125120.00,56203673.60,5.00,7.00,84.00,0.00,0.00,3.00,0.00,106496.00,6157312.00,10485760.00,0.00,0.00,253952.00,303104.00
1493153371,1391616.00,155648.00,5126144.00,56203673.60,5.00,8.00,83.00,0.00,0.00,3.00,0.00,0.00,6234112.00,11534336.00,0.00,0.00,253952.00,306176.00
1493153372,1391616.00,155648.00,5126144.00,56203673.60,5.00,8.00,84.00,0.00,0.00,3.00,0.00,0.00,6440960.00,11534336.00,0.00,0.00,268288.00,319488.00
1493153373,1392640.00,155648.00,5126144.00,56203673.60,5.00,7.00,83.00,0.00,0.00,4.00,0.00,0.00,6459392.00,11534336.00,0.00,0.00,269312.00,320512.00
1493153374,1391616.00,155648.00,5126144.00,56203673.60,7.00,9.00,80.00,0.00,0.00,5.00,0.00,0.00,6661120.00,11534336.00,0.00,0.00,275456.00,328704.00
1493153375,1391616.00,155648.00,5126144.00,56203673.60,8.00,7.00,82.00,0.00,0.00,4.00,0.00,106496.00,6130688.00,10485760.00,0.00,0.00,252928.00,302080.00
1493153376,1391616.00,155648.00,5126144.00,56203673.60,6.00,7.00,84.00,0.00,0.00,3.00,0.00,0.00,6585344.00,11534336.00,0.00,0.00,269312.00,324608.00
1493153377,1391616.00,155648.00,5126144.00,56203673.60,6.00,9.00,81.00,0.00,0.00,4.00,0.00,0.00,6756352.00,11534336.00,0.00,0.00,273408.00,330752.00
1493153378,1391616.00,155648.00,5126144.00,56203673.60,5.00,8.00,83.00,0.00,0.00,4.00,0.00,0.00,6153216.00,10485760.00,0.00,0.00,254976.00,304128.00
1493153379,1391616.00,155648.00,5126144.00,56203673.60,6.00,7.00,83.00,0.00,0.00,4.00,0.00,0.00,6679552.00,11534336.00,0.00,0.00,275456.00,328704.00
1493153380,1391616.00,155648.00,5126144.00,56203673.60,7.00,6.00,81.00,0.00,0.00,5.00,0.00,106496.00,6390784.00,11534336.00,0.00,0.00,265216.00,315392.00
1493153381,1391616.00,155648.00,5126144.00,56203673.60,6.00,6.00,84.00,0.00,0.00,4.00,0.00,0.00,6025216.00,10485760.00,0.00,0.00,247808.00,295936.00
1493153382,1391616.00,155648.00,5126144.00,56203673.60,4.00,4.00,90.00,0.00,0.00,2.00,0.00,0.00,4661248.00,8285184.00,0.00,0.00,194560.00,232448.00
1493153383,1391616.00,155648.00,5126144.00,56203673.60,6.00,9.00,80.00,0.00,0.00,5.00,0.00,0.00,6633472.00,11534336.00,0.00,0.00,271360.00,326656.00
1493153384,1391616.00,155648.00,5126144.00,56203673.60,7.00,9.00,80.00,0.00,0.00,5.00,0.00,0.00,6791168.00,11534336.00,0.00,0.00,278528.00,333824.00
1493153385,1391616.00,155648.00,5126144.00,56203673.60,7.00,9.00,80.00,0.00,0.00,4.00,0.00,237568.00,6835200.00,12582912.00,0.00,0.00,279552.00,335872.00
1493153386,1391616.00,155648.00,5126144.00,56203673.60,8.00,10.00,78.00,0.00,0.00,4.00,0.00,0.00,6658048.00,11534336.00,0.00,0.00,271360.00,324608.00
1493153387,1391616.00,155648.00,5126144.00,56203673.60,5.00,7.00,85.00,0.00,0.00,4.00,0.00,0.00,6350848.00,11534336.00,0.00,0.00,260096.00,312320.00
1493153388,1391616.00,155648.00,5126144.00,56203673.60,10.00,7.00,80.00,0.00,0.00,4.00,0.00,0.00,6456320.00,11534336.00,0.00,0.00,258048.00,315392.00
1493153389,1391616.00,155648.00,5126144.00,56203673.60,6.00,10.00,79.00,0.00,0.00,4.00,0.00,0.00,6791168.00,11534336.00,0.00,0.00,275456.00,332800.00
1493153390,1391616.00,155648.00,5126144.00,56203673.60,6.00,11.00,79.00,0.00,0.00,5.00,0.00,720896.00,6749184.00,11534336.00,0.00,0.00,274432.00,329728.00
1493153391,1391616.00,155648.00,5126144.00,56203673.60,5.00,7.00,83.00,0.00,0.00,4.00,0.00,0.00,6344704.00,11534336.00,0.00,0.00,256000.00,309248.00
1493153392,1391616.00,155648.00,5126144.00,56203673.60,8.00,8.00,80.00,0.00,0.00,4.00,0.00,0.00,6280192.00,11534336.00,0.00,0.00,256000.00,307200.00
1493153393,1391616.00,155648.00,5126144.00,56203673.60,7.00,7.00,81.00,0.00,0.00,5.00,0.00,0.00,6847488.00,12582912.00,0.00,0.00,277504.00,335872.00
1493153394,1392640.00,155648.00,5126144.00,56203673.60,7.00,8.00,80.00,0.00,0.00,5.00,0.00,0.00,6836224.00,12582912.00,0.00,0.00,278528.00,333824.00
1493153395,1391616.00,155648.00,5126144.00,56203673.60,8.00,8.00,80.00,0.00,0.00,4.00,0.00,212992.00,6847488.00,12582912.00,0.00,0.00,279552.00,333824.00
1493153396,1392640.00,155648.00,5126144.00,56203673.60,6.00,8.00,82.00,0.00,0.00,4.00,0.00,0.00,6463488.00,11534336.00,0.00,0.00,270336.00,321536.00
1493153397,1391616.00,155648.00,5126144.00,56203673.60,8.00,7.00,81.00,0.00,0.00,4.00,0.00,0.00,6787072.00,11534336.00,0.00,0.00,274432.00,331776.00
1493153398,1391616.00,155648.00,5126144.00,56203673.60,6.00,6.00,84.00,0.00,0.00,4.00,0.00,0.00,6034432.00,10485760.00,0.00,0.00,246784.00,294912.00
1493153399,1392640.00,155648.00,5126144.00,56203673.60,8.00,8.00,80.00,0.00,0.00,5.00,0.00,0.00,6814720.00,12582912.00,0.00,0.00,276480.00,333824.00
1493153400,1391616.00,155648.00,5126144.00,56203673.60,7.00,7.00,83.00,0.00,0.00,2.00,0.00,106496.00,6002688.00,10485760.00,0.00,0.00,260096.00,305152.00
1493153401,1391616.00,155648.00,5126144.00,56203673.60,5.00,7.00,87.00,0.00,0.00,2.00,0.00,0.00,5688320.00,10124288.00,0.00,0.00,250880.00,294912.00
1493153402,1391616.00,155648.00,5126144.00,56203673.60,6.00,5.00,87.00,0.00,0.00,3.00,0.00,0.00,5755904.00,10485760.00,0.00,0.00,252928.00,294912.00
1493153403,1391616.00,155648.00,5126144.00,56203673.60,7.00,8.00,83.00,0.00,0.00,2.00,0.00,0.00,6067200.00,10485760.00,0.00,0.00,251904.00,299008.00
1493153404,1391616.00,155648.00,5126144.00,56203673.60,7.00,8.00,81.00,0.00,0.00,4.00,0.00,0.00,6685696.00,11534336.00,0.00,0.00,276480.00,329728.00
1493153405,1391616.00,155648.00,5126144.00,56203673.60,5.00,9.00,82.00,0.00,0.00,5.00,0.00,106496.00,6614016.00,11534336.00,0.00,0.00,273408.00,326656.00
1493153406,1392640.00,155648.00,5126144.00,56203673.60,6.00,8.00,82.00,0.00,0.00,4.00,0.00,0.00,6678528.00,11534336.00,0.00,0.00,273408.00,330752.00
1493153407,1391616.00,155648.00,5126144.00,56203673.60,8.00,8.00,80.00,0.00,0.00,4.00,0.00,0.00,6801408.00,11534336.00,0.00,0.00,275456.00,332800.00
1493153408,1391616.00,155648.00,5126144.00,56203673.60,6.00,9.00,81.00,0.00,0.00,5.00,0.00,0.00,6752256.00,11534336.00,0.00,0.00,277504.00,332800.00
1493153409,1391616.00,155648.00,5126144.00,56203673.60,7.00,7.00,83.00,0.00,0.00,3.00,0.00,0.00,6166528.00,10485760.00,0.00,0.00,254976.00,305152.00
1493153410,1391616.00,155648.00,5126144.00,56203673.60,5.00,8.00,83.00,0.00,0.00,4.00,0.00,106496.00,6277120.00,11534336.00,0.00,0.00,263168.00,311296.00
1493153411,1391616.00,155648.00,5126144.00,56203673.60,6.00,9.00,81.00,0.00,0.00,5.00,0.00,0.00,6663168.00,11534336.00,0.00,0.00,274432.00,328704.00
1493153412,1391616.00,155648.00,5126144.00,56203673.60,7.00,8.00,81.00,0.00,0.00,4.00,0.00,0.00,6542336.00,11534336.00,0.00,0.00,272384.00,325632.00
1493153413,1401856.00,155648.00,5126144.00,56203673.60,10.00,9.00,78.00,0.00,0.00,3.00,0.00,0.00,5981184.00,10485760.00,0.00,0.00,239616.00,294912.00
1493153414,1401856.00,155648.00,5126144.00,56203673.60,6.00,7.00,83.00,0.00,0.00,3.00,0.00,0.00,6223872.00,11534336.00,0.00,0.00,257024.00,307200.00
1493153415,1401856.00,155648.00,5126144.00,56203673.60,10.00,10.00,77.00,0.00,0.00,3.00,0.00,155648.00,6686720.00,11534336.00,0.00,0.00,272384.00,327680.00
1493153416,1401856.00,155648.00,5126144.00,56203673.60,7.00,9.00,80.00,0.00,0.00,5.00,0.00,0.00,6765568.00,11534336.00,0.00,0.00,276480.00,330752.00
1493153417,1392640.00,155648.00,5126144.00,56203673.60,7.00,8.00,80.00,0.00,0.00,4.00,0.00,0.00,6863872.00,12582912.00,0.00,0.00,276480.00,334848.00
1493153418,1392640.00,155648.00,5126144.00,56203673.60,6.00,9.00,80.00,0.00,0.00,5.00,0.00,0.00,6854656.00,12582912.00,0.00,0.00,278528.00,335872.00
