--Probe dump file for probe: org.yardstickframework.probes.ThroughputLatencyProbe@1bd81830 (class org.yardstickframework.probes.ThroughputLatencyProbe)
--Created Tue Apr 25 20:44:18 UTC 2017
--Benchmark config: BenchmarkConfiguration [memberId='0', driverNames='[IgnitePutBenchmark]', serverName='IgniteNode', threads=64, duration=300, warmup=60, dfltProbeClsNames=[ThroughputLatencyProbe, PercentileProbe, DStatProbe], propsFileName='yardstick/config/run.properties', packages=[org.yardstickframework, org.apache.ignite.yardstick], cmdArgs=[--outputFolder, /home/ubuntu/date-2504-204359-s-4-c-1-ver-2.0.0-SNAPSHOT-0be92732/yardstick/bin/../output/results-20170425-204411, -id, 0, -cfg, /home/ubuntu/date-2504-204359-s-4-c-1-ver-2.0.0-SNAPSHOT-0be92732/yardstick/bin/../config/ignite-config.xml, -nn, 5, -b, 1, -w, 60, -d, 300, -t, 64, -sm, FULL_SYNC, --client, -dn, IgnitePutBenchmark, -sn, IgniteNode, -wom, PRIMARY, -ds, 2.0.0-SNAPSHOT-0be92732-atomic-put-1-backup, --config, yardstick/config/run.properties, --logsFolder, /home/ubuntu/date-2504-204359-s-4-c-1-ver-2.0.0-SNAPSHOT-0be92732/yardstick/bin/../output/logs-20170425-204411/logs_drivers, --currentFolder, /home/ubuntu/date-2504-204359-s-4-c-1-ver-2.0.0-SNAPSHOT-0be92732, --scriptsFolder, /home/ubuntu/date-2504-204359-s-4-c-1-ver-2.0.0-SNAPSHOT-0be92732/yardstick/bin], probeWriter='null', customProps={ver=2.0.0-SNAPSHOT-0be92732- , b=1, d=300, SERVER_HOSTS=172.31.45.250,172.31.38.80,172.31.41.141,172.31.42.161, now0=`date +'%H%M%S'`, j=10, nodesNum=$((`echo ${SERVER_HOSTS} | tr ',' '' | wc -l` + `echo ${DRIVER_HOSTS} | tr ',' '' | wc -l`)), JVM_OPTS=${JVM_OPTS}" -Xms6g -Xmx6g -Xloggc:./gc${now0}.log -XX:+PrintGCDetails -verbose:gc -XX:+UseParNewGC -XX:+UseConcMarkSweepGC ", CONFIGS="-cfg ${SCRIPT_DIR}/../config/ignite-config.xml -nn ${nodesNum} -b ${b} -w ${w} -d ${d} -t ${t} -sm ${sm}  --client -dn IgnitePutBenchmark -sn IgniteNode -wom PRIMARY -ds ${ver}atomic-put-${b}-backup,-cfg ${SCRIPT_DIR}/../config/ignite-config.xml -nn ${nodesNum} -b ${b} -w ${w} -d ${d} -t ${t} -sm ${sm}  --client -dn IgnitePutGetBenchmark -sn IgniteNode -wom PRIMARY -ds ${ver}atomic-put-get-${b}-backup,-cfg ${SCRIPT_DIR}/../config/ignite-config.xml -nn ${nodesNum} -b ${b} -w ${w} -d ${d} -t ${t} -sm ${sm} -bs 6  --client -dn IgnitePutGetBatchBenchmark -wom PRIMARY -sn IgniteNode -ds ${ver}atomic-put-get-bs-6-${b}-backup,-cfg ${SCRIPT_DIR}/../config/ignite-config.xml -nn ${nodesNum} -b ${b} -w ${w} -d ${d} -t ${t} -sm ${sm}  --client -dn IgnitePutTxImplicitBenchmark -sn IgniteNode -ds ${ver}tx-optimistic-put-${b}-backup,-cfg ${SCRIPT_DIR}/../config/ignite-config.xml -nn ${nodesNum} -b ${b} -w ${w} -d ${d} -t ${t} -sm ${sm} -txc OPTIMISTIC  --client -dn IgnitePutGetTxBenchmark -sn IgniteNode -ds ${ver}tx-optim-repRead-put-get-${b}-backup,-cfg ${SCRIPT_DIR}/../config/ignite-config.xml -nn ${nodesNum} -b ${b} -w ${w} -d ${d} -t ${t} -sm ${sm} -txc PESSIMISTIC  --client -dn IgnitePutGetTxBenchmark -sn IgniteNode -ds ${ver}tx-pessim-repRead-put-get-${b}-backup,-cfg ${SCRIPT_DIR}/../config/ignite-config.xml -nn ${nodesNum} -b ${b} -w ${w} -d ${d} -t ${t} -sm ${sm} -txc OPTIMISTIC -txi SERIALIZABLE  --client -dn IgnitePutGetTxBenchmark -sn IgniteNode -ds ${ver}tx-opt-serial-put-get-${b}-backup,-cfg ${SCRIPT_DIR}/../config/ignite-config.xml -nn ${nodesNum} -b ${b} -w ${w} -d ${d} -t ${t} -sm ${sm}  --client -dn IgniteSqlQueryBenchmark -sn IgniteNode -ds ${ver}sql-query-${b}-backup,-cfg ${SCRIPT_DIR}/../config/ignite-config.xml -nn ${nodesNum} -b ${b} -w ${w} -d ${d} -t ${t} -sm ${sm}  --client -dn IgniteSqlQueryPutBenchmark -sn IgniteNode -ds ${ver}sql-query-put-${b}-backup,-cfg ${SCRIPT_DIR}/../config/ignite-config.xml -nn ${nodesNum} -b ${b} -w ${w} -d ${d} -t ${t} -sm ${sm} -bs 6  --client -dn IgnitePutAllBenchmark -wom PRIMARY -sn IgniteNode -ds ${ver}atomic-putAll-bs-6-${b}-backup,-cfg ${SCRIPT_DIR}/../config/ignite-config.xml -nn ${nodesNum} -b ${b} -w ${w} -d ${d} -t ${t} -sm ${sm} -bs 6  --client -dn IgnitePutAllTxBenchmark -sn IgniteNode -ds ${ver}tx-putAll-bs-6-${b}-backup,-cfg ${SCRIPT_DIR}/../config/ignite-config.xml -nn ${nodesNum} -b ${b} -w ${w} -d ${d} -t ${t} -sm ${sm} -bs 6  --client -dn IgnitePutAllSerializableTxBenchmark -sn IgniteNode -ds ${ver}tx-putAllSerializable-bs-6-${b}-backup,-cfg ${SCRIPT_DIR}/../config/ignite-config.xml -nn ${nodesNum} -b ${b} -w ${w} -d ${d} -t ${t} -sm ${sm} -bs 6 -txc OPTIMISTIC   --client -dn IgniteGetAllPutAllTxBenchmark -sn IgniteNode -ds ${ver}tx-optimistic-getAllPutAll-bs-6-${b}-backup,-cfg ${SCRIPT_DIR}/../config/ignite-config.xml -nn ${nodesNum} -b ${b} -w ${w} -d ${d} -t ${t} -sm ${sm} -bs 6 -txc PESSIMISTIC  --client -dn IgniteGetAllPutAllTxBenchmark -sn IgniteNode -ds ${ver}tx-pessimistic-getAllPutAll-bs-6-${b}-backup,-cfg ${SCRIPT_DIR}/../config/ignite-config.xml -nn ${nodesNum} -b ${b} -w ${w} -d ${d} -t ${t} -sm ${sm} -bs 6 -txc OPTIMISTIC -txi SERIALIZABLE  --client -dn IgniteGetAllPutAllTxBenchmark -sn IgniteNode -ds ${ver}tx-opt-serializable-getAllPutAll-bs-6-${b}-backup,", DRIVER_HOSTS=172.31.46.6, t=64, BENCHMARK_PACKAGES=org.yardstickframework,org.apache.ignite.yardstick, w=60, sm=FULL_SYNC, AUTO_COPY=false, RESTART_SERVERS=true}, shutdownHook=true, currentFolder=/home/ubuntu/date-2504-204359-s-4-c-1-ver-2.0.0-SNAPSHOT-0be92732, scriptsFolder=/home/ubuntu/date-2504-204359-s-4-c-1-ver-2.0.0-SNAPSHOT-0be92732/yardstick/bin, logsFolder=/home/ubuntu/date-2504-204359-s-4-c-1-ver-2.0.0-SNAPSHOT-0be92732/yardstick/bin/../output/logs-20170425-204411/logs_drivers, outputFolder=/home/ubuntu/date-2504-204359-s-4-c-1-ver-2.0.0-SNAPSHOT-0be92732/yardstick/bin/../output/results-20170425-204411, outputWriter=java.io.PrintStream@2c17cf50, errorWriter=java.io.PrintStream@22d034a2, descriptions=[2.0.0-SNAPSHOT-0be92732-atomic-put-1-backup], hostName=]
--Description: 2.0.0-SNAPSHOT-0be92732-atomic-put-1-backup
@@IgnitePutBenchmark
**"Time, sec","Operations/sec (more is better)","Latency, nsec (less is better)"
1493153119,76859.00,829648.73
1493153120,73334.00,870842.01
1493153121,79540.00,802264.80
1493153122,79515.00,804174.81
1493153123,75665.00,844765.38
1493153124,79555.00,803313.57
1493153125,71436.00,894742.09
1493153126,73105.00,874366.10
1493153127,77720.00,822571.23
1493153128,74448.00,858662.64
1493153129,76544.00,835175.98
1493153130,77203.00,827982.59
1493153131,79986.00,799265.26
1493153132,75521.00,846534.28
1493153133,76881.00,831600.63
1493153134,80262.00,796427.14
1493153135,62742.00,1019267.13
1493153136,63604.00,1005403.12
1493153137,75209.00,850073.36
1493153138,78092.00,818702.65
1493153139,78822.00,811026.56
1493153140,77991.00,819793.39
1493153141,78623.00,813194.32
1493153142,78566.00,813755.90
1493153143,69463.00,920589.55
1493153144,78102.00,818650.26
1493153145,79504.00,804137.43
1493153146,74102.00,862855.29
1493153147,74519.00,858047.71
1493153148,81228.00,787052.09
1493153149,80810.00,791139.05
1493153150,79779.00,801450.47
1493153151,80035.00,798774.43
1493153152,79710.00,802077.41
1493153153,75220.00,850113.75
1493153154,75230.00,849794.96
1493153155,80575.00,793503.21
1493153156,75197.00,850321.82
1493153157,76660.00,833966.07
1493153158,79858.00,800621.35
1493153159,81822.00,781364.97
1493153160,73706.00,867516.53
1493153161,72071.00,887194.79
1493153162,77547.00,824511.44
1493153163,75277.00,849310.60
1493153164,79307.00,806156.52
1493153165,74463.00,858737.02
1493153166,71740.00,891239.08
1493153167,72752.00,878889.31
1493153168,77212.00,828085.38
1493153169,77599.00,823966.10
1493153170,79858.00,800552.38
1493153171,76002.00,841231.75
1493153172,79282.00,806431.80
1493153173,69869.00,915256.82
1493153174,72694.00,879516.29
1493153175,61443.00,1040890.65
1493153176,74360.00,859893.09
1493153177,70916.00,901673.27
1493153178,74452.00,858727.08
1493153179,70562.00,906132.21
1493153180,76513.00,835731.58
1493153181,78500.00,814392.13
1493153182,78940.00,810035.39
1493153183,71988.00,888216.99
1493153184,73515.00,869796.68
1493153185,78259.00,816908.47
1493153186,78376.00,815740.81
1493153187,72351.00,883072.74
1493153188,63941.00,1001026.02
1493153189,53795.00,1188914.72
1493153190,78869.00,810732.89
1493153191,74870.00,853936.85
1493153192,72822.00,878138.06
1493153193,77327.00,826769.07
1493153194,72169.00,886059.91
1493153195,70890.00,901809.67
1493153196,67764.00,943851.06
1493153197,69420.00,919467.87
1493153198,58829.00,1089061.12
1493153199,72773.00,878643.67
1493153200,71421.00,895274.91
1493153201,69102.00,925358.92
1493153202,79147.00,807750.14
1493153203,79270.00,806597.70
1493153204,78308.00,816470.46
1493153205,63069.00,1013987.96
1493153206,75875.00,842715.79
1493153207,79985.00,799310.92
1493153208,79403.00,805264.62
1493153209,79810.00,801195.86
1493153210,72801.00,878457.32
1493153211,74591.00,857106.16
1493153212,80089.00,798334.05
1493153213,75843.00,842969.53
1493153214,77980.00,820015.20
1493153215,74641.00,856658.64
1493153216,77899.00,820737.30
1493153217,80212.00,796998.07
1493153218,80591.00,793301.65
1493153219,79906.00,800202.24
1493153220,70931.00,901457.50
1493153221,66291.00,964602.48
1493153222,72808.00,878125.54
1493153223,73149.00,874150.65
1493153224,71963.00,888601.28
1493153225,70425.00,907849.69
1493153226,75133.00,851037.64
1493153227,76524.00,835556.96
1493153228,78626.00,813101.63
1493153229,75767.00,843909.74
1493153230,77649.00,823375.19
1493153231,76557.00,831354.67
1493153232,67498.00,951688.11
1493153233,73119.00,874493.74
1493153234,78335.00,816230.18
1493153235,73167.00,873740.60
1493153236,75019.00,852398.13
1493153237,79586.00,803335.57
1493153238,79126.00,808057.06
1493153239,78821.00,811080.08
1493153240,78993.00,809349.36
1493153241,79366.00,805618.79
1493153242,74516.00,858071.19
1493153243,72379.00,884028.63
1493153244,77915.00,820559.16
1493153245,74827.00,853934.97
1493153246,80066.00,798516.82
1493153247,75927.00,842350.92
1493153248,79338.00,805541.43
1493153249,79639.00,802772.60
1493153250,78543.00,814006.99
1493153251,79191.00,807321.89
1493153252,77709.00,801696.81
1493153253,72380.00,905902.92
1493153254,79573.00,803527.24
1493153255,74462.00,858987.83
1493153256,80796.00,791240.65
1493153257,80550.00,793779.15
1493153258,75843.00,843088.27
1493153259,59450.00,1075733.43
1493153260,73141.00,874237.45
1493153261,79412.00,805142.92
1493153262,79621.00,802968.67
1493153263,74616.00,856889.81
1493153264,74019.00,863829.47
1493153265,74372.00,859769.60
1493153266,79693.00,802323.95
1493153267,79367.00,805534.39
1493153268,79423.00,804892.29
1493153269,79936.00,799872.39
1493153270,74261.00,860973.84
1493153271,79550.00,803805.51
1493153272,79611.00,802581.45
1493153273,79510.00,804743.90
1493153274,70359.00,908718.97
1493153275,75055.00,851825.85
1493153276,80198.00,797231.89
1493153277,80647.00,792784.90
1493153278,80091.00,798195.96
1493153279,80957.00,789818.43
1493153280,72396.00,883137.53
1493153281,68002.00,940360.69
1493153282,76508.00,835722.88
1493153283,74031.00,863567.91
1493153284,68967.00,927438.87
1493153285,64496.00,939645.87
1493153286,78557.00,856419.63
1493153287,80298.00,796159.59
1493153288,80276.00,796478.53
1493153289,79448.00,804781.46
1493153290,74182.00,861858.60
1493153291,72545.00,881383.20
1493153292,74983.00,852699.93
1493153293,68572.00,932478.72
1493153294,74303.00,860585.35
1493153295,70592.00,905782.53
1493153296,68598.00,932184.66
1493153297,80047.00,798796.81
1493153298,80127.00,797895.00
1493153299,79423.00,804927.28
1493153300,77960.00,820073.57
1493153301,75636.00,845385.77
1493153302,72614.00,880397.13
1493153303,73595.00,868878.39
1493153304,73298.00,872333.39
1493153305,70061.00,912806.39
1493153306,64902.00,985197.09
1493153307,73746.00,867130.20
1493153308,80011.00,799030.73
1493153309,80076.00,798455.73
1493153310,77104.00,829189.77
1493153311,77728.00,822567.67
1493153312,78334.00,816236.64
1493153313,78832.00,811006.31
1493153314,77602.00,824058.19
1493153315,77558.00,824319.12
1493153316,67246.00,942191.32
1493153317,70782.00,911555.59
1493153318,78955.00,809862.98
1493153319,78163.00,818032.20
1493153320,65839.00,971258.13
1493153321,66062.00,967883.69
1493153322,79530.00,803759.50
1493153323,76684.00,833965.84
1493153324,75465.00,847279.25
1493153325,79212.00,807079.27
1493153326,74580.00,808892.30
1493153327,74282.00,909408.04
1493153328,70619.00,905474.70
1493153329,79160.00,807671.49
1493153330,78580.00,813657.20
1493153331,79676.00,802496.78
1493153332,78004.00,819647.75
1493153333,78856.00,810711.77
1493153334,78729.00,812175.61
1493153335,78447.00,815020.76
1493153336,78046.00,811342.75
1493153337,75943.00,850028.29
1493153338,69691.00,917535.98
1493153339,80565.00,793605.54
1493153340,65453.00,977030.73
1493153341,72869.00,877475.74
1493153342,70111.00,911971.54
1493153343,74621.00,856828.29
1493153344,75618.00,845614.68
1493153345,77420.00,825776.15
1493153346,75363.00,848458.46
1493153347,72835.00,877910.06
1493153348,77152.00,812791.10
1493153349,69523.00,937382.37
1493153350,72272.00,884512.47
1493153351,71797.00,890834.20
1493153352,69972.00,913864.49
1493153353,79337.00,805866.79
1493153354,73444.00,870586.15
1493153355,78316.00,816375.86
1493153356,76092.00,840354.67
1493153357,72486.00,881061.29
1493153358,75090.00,852431.48
1493153359,72715.00,879352.36
1493153360,72343.00,883851.77
1493153361,77192.00,828270.85
1493153362,76472.00,836108.61
1493153363,72166.00,886038.26
1493153364,74484.00,858364.60
1493153365,74896.00,853676.44
1493153366,75905.00,842496.98
1493153367,77953.00,820156.93
1493153368,72868.00,877330.38
1493153369,76405.00,836996.52
1493153370,72518.00,881558.88
1493153371,73179.00,871909.28
1493153372,75678.00,846725.60
1493153373,76368.00,837248.14
1493153374,78623.00,813146.78
1493153375,72355.00,883759.67
1493153376,77529.00,824655.63
1493153377,79763.00,801474.24
1493153378,72386.00,883397.20
1493153379,78716.00,812208.27
1493153380,74482.00,858518.55
1493153381,70247.00,907915.05
1493153382,55465.00,1155946.05
1493153383,78626.00,813085.78
1493153384,79746.00,801728.90
1493153385,80886.00,790524.89
1493153386,78563.00,813848.83
1493153387,74621.00,856735.64
1493153388,75758.00,844024.22
1493153389,80707.00,792178.49
1493153390,79445.00,804683.96
1493153391,74991.00,852557.02
1493153392,73992.00,864234.04
1493153393,80826.00,790994.50
1493153394,80636.00,792913.35
1493153395,80790.00,791292.73
1493153396,75892.00,842436.04
1493153397,80173.00,797497.59
1493153398,71066.00,899633.00
1493153399,80427.00,794984.09
1493153400,70289.00,909803.79
1493153401,65705.00,973030.32
1493153402,67767.00,943729.33
1493153403,71325.00,896425.16
1493153404,78862.00,810727.10
1493153405,77780.00,822065.19
1493153406,78434.00,815170.43
1493153407,79980.00,799437.01
1493153408,79664.00,802508.47
1493153409,72410.00,883059.79
1493153410,73672.00,867900.98
1493153411,78465.00,814805.96
1493153412,76801.00,832442.07
1493153413,68901.00,928226.82
1493153414,74716.00,855695.70
1493153415,79123.00,808046.26
1493153416,79782.00,801432.21
1493153417,80899.00,790230.25
1493153418,80889.00,790348.35
