--Probe dump file for probe: org.yardstickframework.probes.DStatProbe@272a179c (class org.yardstickframework.probes.DStatProbe)
--Created Tue Apr 25 21:02:51 UTC 2017
--Benchmark config: BenchmarkConfiguration [memberId='0', driverNames='[IgnitePutTxImplicitBenchmark]', serverName='IgniteNode', threads=64, duration=300, warmup=60, dfltProbeClsNames=[ThroughputLatencyProbe, PercentileProbe, DStatProbe], propsFileName='yardstick/config/run.properties', packages=[org.yardstickframework, org.apache.ignite.yardstick], cmdArgs=[--outputFolder, /home/ubuntu/date-2504-204359-s-4-c-1-ver-2.0.0-SNAPSHOT-0be92732/yardstick/bin/../output/results-20170425-204411, -id, 0, -cfg, /home/ubuntu/date-2504-204359-s-4-c-1-ver-2.0.0-SNAPSHOT-0be92732/yardstick/bin/../config/ignite-config.xml, -nn, 5, -b, 1, -w, 60, -d, 300, -t, 64, -sm, FULL_SYNC, --client, -dn, IgnitePutTxImplicitBenchmark, -sn, IgniteNode, -ds, 2.0.0-SNAPSHOT-0be92732-tx-optimistic-put-1-backup, --config, yardstick/config/run.properties, --logsFolder, /home/ubuntu/date-2504-204359-s-4-c-1-ver-2.0.0-SNAPSHOT-0be92732/yardstick/bin/../output/logs-20170425-204411/logs_drivers, --currentFolder, /home/ubuntu/date-2504-204359-s-4-c-1-ver-2.0.0-SNAPSHOT-0be92732, --scriptsFolder, /home/ubuntu/date-2504-204359-s-4-c-1-ver-2.0.0-SNAPSHOT-0be92732/yardstick/bin], probeWriter='null', customProps={ver=2.0.0-SNAPSHOT-0be92732- , b=1, d=300, SERVER_HOSTS=172.31.45.250,172.31.38.80,172.31.41.141,172.31.42.161, now0=`date +'%H%M%S'`, j=10, nodesNum=$((`echo ${SERVER_HOSTS} | tr ',' '' | wc -l` + `echo ${DRIVER_HOSTS} | tr ',' '' | wc -l`)), JVM_OPTS=${JVM_OPTS}" -Xms6g -Xmx6g -Xloggc:./gc${now0}.log -XX:+PrintGCDetails -verbose:gc -XX:+UseParNewGC -XX:+UseConcMarkSweepGC ", CONFIGS="-cfg ${SCRIPT_DIR}/../config/ignite-config.xml -nn ${nodesNum} -b ${b} -w ${w} -d ${d} -t ${t} -sm ${sm}  --client -dn IgnitePutBenchmark -sn IgniteNode -wom PRIMARY -ds ${ver}atomic-put-${b}-backup,-cfg ${SCRIPT_DIR}/../config/ignite-config.xml -nn ${nodesNum} -b ${b} -w ${w} -d ${d} -t ${t} -sm ${sm}  --client -dn IgnitePutGetBenchmark -sn IgniteNode -wom PRIMARY -ds ${ver}atomic-put-get-${b}-backup,-cfg ${SCRIPT_DIR}/../config/ignite-config.xml -nn ${nodesNum} -b ${b} -w ${w} -d ${d} -t ${t} -sm ${sm} -bs 6  --client -dn IgnitePutGetBatchBenchmark -wom PRIMARY -sn IgniteNode -ds ${ver}atomic-put-get-bs-6-${b}-backup,-cfg ${SCRIPT_DIR}/../config/ignite-config.xml -nn ${nodesNum} -b ${b} -w ${w} -d ${d} -t ${t} -sm ${sm}  --client -dn IgnitePutTxImplicitBenchmark -sn IgniteNode -ds ${ver}tx-optimistic-put-${b}-backup,-cfg ${SCRIPT_DIR}/../config/ignite-config.xml -nn ${nodesNum} -b ${b} -w ${w} -d ${d} -t ${t} -sm ${sm} -txc OPTIMISTIC  --client -dn IgnitePutGetTxBenchmark -sn IgniteNode -ds ${ver}tx-optim-repRead-put-get-${b}-backup,-cfg ${SCRIPT_DIR}/../config/ignite-config.xml -nn ${nodesNum} -b ${b} -w ${w} -d ${d} -t ${t} -sm ${sm} -txc PESSIMISTIC  --client -dn IgnitePutGetTxBenchmark -sn IgniteNode -ds ${ver}tx-pessim-repRead-put-get-${b}-backup,-cfg ${SCRIPT_DIR}/../config/ignite-config.xml -nn ${nodesNum} -b ${b} -w ${w} -d ${d} -t ${t} -sm ${sm} -txc OPTIMISTIC -txi SERIALIZABLE  --client -dn IgnitePutGetTxBenchmark -sn IgniteNode -ds ${ver}tx-opt-serial-put-get-${b}-backup,-cfg ${SCRIPT_DIR}/../config/ignite-config.xml -nn ${nodesNum} -b ${b} -w ${w} -d ${d} -t ${t} -sm ${sm}  --client -dn IgniteSqlQueryBenchmark -sn IgniteNode -ds ${ver}sql-query-${b}-backup,-cfg ${SCRIPT_DIR}/../config/ignite-config.xml -nn ${nodesNum} -b ${b} -w ${w} -d ${d} -t ${t} -sm ${sm}  --client -dn IgniteSqlQueryPutBenchmark -sn IgniteNode -ds ${ver}sql-query-put-${b}-backup,-cfg ${SCRIPT_DIR}/../config/ignite-config.xml -nn ${nodesNum} -b ${b} -w ${w} -d ${d} -t ${t} -sm ${sm} -bs 6  --client -dn IgnitePutAllBenchmark -wom PRIMARY -sn IgniteNode -ds ${ver}atomic-putAll-bs-6-${b}-backup,-cfg ${SCRIPT_DIR}/../config/ignite-config.xml -nn ${nodesNum} -b ${b} -w ${w} -d ${d} -t ${t} -sm ${sm} -bs 6  --client -dn IgnitePutAllTxBenchmark -sn IgniteNode -ds ${ver}tx-putAll-bs-6-${b}-backup,-cfg ${SCRIPT_DIR}/../config/ignite-config.xml -nn ${nodesNum} -b ${b} -w ${w} -d ${d} -t ${t} -sm ${sm} -bs 6  --client -dn IgnitePutAllSerializableTxBenchmark -sn IgniteNode -ds ${ver}tx-putAllSerializable-bs-6-${b}-backup,-cfg ${SCRIPT_DIR}/../config/ignite-config.xml -nn ${nodesNum} -b ${b} -w ${w} -d ${d} -t ${t} -sm ${sm} -bs 6 -txc OPTIMISTIC   --client -dn IgniteGetAllPutAllTxBenchmark -sn IgniteNode -ds ${ver}tx-optimistic-getAllPutAll-bs-6-${b}-backup,-cfg ${SCRIPT_DIR}/../config/ignite-config.xml -nn ${nodesNum} -b ${b} -w ${w} -d ${d} -t ${t} -sm ${sm} -bs 6 -txc PESSIMISTIC  --client -dn IgniteGetAllPutAllTxBenchmark -sn IgniteNode -ds ${ver}tx-pessimistic-getAllPutAll-bs-6-${b}-backup,-cfg ${SCRIPT_DIR}/../config/ignite-config.xml -nn ${nodesNum} -b ${b} -w ${w} -d ${d} -t ${t} -sm ${sm} -bs 6 -txc OPTIMISTIC -txi SERIALIZABLE  --client -dn IgniteGetAllPutAllTxBenchmark -sn IgniteNode -ds ${ver}tx-opt-serializable-getAllPutAll-bs-6-${b}-backup,", DRIVER_HOSTS=172.31.46.6, t=64, BENCHMARK_PACKAGES=org.yardstickframework,org.apache.ignite.yardstick, w=60, sm=FULL_SYNC, AUTO_COPY=false, RESTART_SERVERS=true}, shutdownHook=true, currentFolder=/home/ubuntu/date-2504-204359-s-4-c-1-ver-2.0.0-SNAPSHOT-0be92732, scriptsFolder=/home/ubuntu/date-2504-204359-s-4-c-1-ver-2.0.0-SNAPSHOT-0be92732/yardstick/bin, logsFolder=/home/ubuntu/date-2504-204359-s-4-c-1-ver-2.0.0-SNAPSHOT-0be92732/yardstick/bin/../output/logs-20170425-204411/logs_drivers, outputFolder=/home/ubuntu/date-2504-204359-s-4-c-1-ver-2.0.0-SNAPSHOT-0be92732/yardstick/bin/../output/results-20170425-204411, outputWriter=java.io.PrintStream@4f7f7938, errorWriter=java.io.PrintStream@41b88ea7, descriptions=[2.0.0-SNAPSHOT-0be92732-tx-optimistic-put-1-backup], hostName=]
--Description: 2.0.0-SNAPSHOT-0be92732-tx-optimistic-put-1-backup
@@IgnitePutTxImplicitBenchmark
**"Time, sec","Memory Used, KB","Memory Buffered, KB","Memory Cached, KB","Memory Free, KB","CPU User, %","CPU System, %","CPU Idle, %","CPU Wait, %","CPU Hardware Interrupts","CPU Software Interrupts","Disk Read, B","Disk Write, B","Network Receive, B","Network Send, B","Page In, B","Page Out, B","System Interrupts, per sec","System Context Switches, per sec"
1493154232,1538048.00,155648.00,5131264.00,56098816.00,17.00,9.00,72.00,0.00,0.00,2.00,0.00,0.00,9423872.00,16777216.00,0.00,0.00,192512.00,220160.00
1493154233,1538048.00,155648.00,5131264.00,56098816.00,16.00,9.00,71.00,0.00,0.00,4.00,0.00,0.00,10221568.00,17825792.00,0.00,0.00,205824.00,235520.00
1493154234,1540096.00,155648.00,5131264.00,56098816.00,19.00,9.00,69.00,0.00,0.00,3.00,0.00,147456.00,10485760.00,17825792.00,0.00,0.00,204800.00,235520.00
1493154235,1540096.00,155648.00,5131264.00,56098816.00,16.00,12.00,67.00,0.00,0.00,5.00,0.00,0.00,11534336.00,19922944.00,0.00,0.00,228352.00,262144.00
1493154236,1544192.00,155648.00,5131264.00,56098816.00,18.00,9.00,71.00,0.00,0.00,2.00,0.00,32768.00,9274368.00,15728640.00,0.00,0.00,186368.00,215040.00
1493154237,1544192.00,155648.00,5131264.00,56098816.00,15.00,11.00,71.00,0.00,0.00,3.00,0.00,0.00,10485760.00,18874368.00,0.00,0.00,212992.00,245760.00
1493154238,1545216.00,155648.00,5131264.00,56098816.00,18.00,10.00,69.00,0.00,0.00,3.00,0.00,0.00,10485760.00,17825792.00,0.00,0.00,203776.00,237568.00
1493154239,1550336.00,155648.00,5131264.00,55993958.40,21.00,11.00,65.00,0.00,0.00,3.00,0.00,139264.00,10485760.00,18874368.00,0.00,0.00,217088.00,251904.00
1493154240,1550336.00,155648.00,5131264.00,55993958.40,8.00,7.00,82.00,0.00,0.00,2.00,0.00,0.00,8826880.00,15728640.00,0.00,0.00,185344.00,211968.00
1493154241,1552384.00,155648.00,5131264.00,55993958.40,17.00,7.00,74.00,0.00,0.00,3.00,0.00,0.00,9544704.00,16777216.00,0.00,0.00,204800.00,232448.00
1493154242,1552384.00,155648.00,5131264.00,55993958.40,10.00,8.00,78.00,0.00,0.00,4.00,0.00,0.00,9683968.00,16777216.00,0.00,0.00,202752.00,230400.00
1493154243,1554432.00,155648.00,5131264.00,55993958.40,16.00,9.00,72.00,0.00,0.00,3.00,0.00,0.00,9553920.00,16777216.00,0.00,0.00,193536.00,222208.00
1493154244,1554432.00,155648.00,5131264.00,55993958.40,10.00,7.00,81.00,0.00,0.00,2.00,0.00,122880.00,8663040.00,14680064.00,0.00,0.00,176128.00,201728.00
1493154245,1559552.00,155648.00,5131264.00,55993958.40,22.00,10.00,64.00,0.00,0.00,4.00,0.00,0.00,10485760.00,18874368.00,0.00,0.00,215040.00,250880.00
1493154246,1559552.00,155648.00,5131264.00,55993958.40,15.00,10.00,72.00,0.00,0.00,3.00,0.00,0.00,10485760.00,17825792.00,0.00,0.00,204800.00,234496.00
1493154247,1561600.00,155648.00,5131264.00,55993958.40,18.00,10.00,69.00,0.00,0.00,3.00,0.00,16384.00,10485760.00,18874368.00,0.00,0.00,207872.00,243712.00
1493154248,1561600.00,155648.00,5131264.00,55993958.40,16.00,9.00,70.00,0.00,0.00,4.00,0.00,0.00,11534336.00,18874368.00,0.00,0.00,217088.00,250880.00
1493154249,1565696.00,155648.00,5131264.00,55993958.40,20.00,9.00,68.00,0.00,0.00,4.00,0.00,147456.00,10485760.00,18874368.00,0.00,0.00,211968.00,246784.00
1493154250,1567744.00,155648.00,5131264.00,55993958.40,18.00,9.00,69.00,0.00,0.00,4.00,0.00,0.00,10485760.00,17825792.00,0.00,0.00,208896.00,243712.00
1493154251,1568768.00,155648.00,5131264.00,55993958.40,14.00,8.00,74.00,0.00,0.00,4.00,0.00,0.00,10485760.00,17825792.00,0.00,0.00,202752.00,233472.00
1493154252,1572864.00,155648.00,5131264.00,55993958.40,21.00,10.00,65.00,0.00,0.00,4.00,0.00,32768.00,11534336.00,19922944.00,0.00,0.00,224256.00,261120.00
1493154253,1571840.00,155648.00,5131264.00,55993958.40,13.00,10.00,72.00,0.00,0.00,5.00,0.00,0.00,11534336.00,19922944.00,0.00,0.00,220160.00,254976.00
1493154254,1574912.00,155648.00,5131264.00,55993958.40,17.00,8.00,72.00,0.00,0.00,3.00,0.00,163840.00,10189824.00,17825792.00,0.00,0.00,201728.00,235520.00
1493154255,1573888.00,155648.00,5131264.00,55993958.40,13.00,9.00,75.00,0.00,0.00,4.00,0.00,0.00,10188800.00,17825792.00,0.00,0.00,201728.00,234496.00
1493154256,1576960.00,155648.00,5131264.00,55993958.40,19.00,10.00,68.00,0.00,0.00,3.00,0.00,0.00,10485760.00,18874368.00,0.00,0.00,212992.00,245760.00
1493154257,1580032.00,155648.00,5131264.00,55993958.40,21.00,12.00,64.00,0.00,0.00,3.00,0.00,524288.00,11534336.00,19922944.00,0.00,0.00,225280.00,262144.00
1493154258,1580032.00,155648.00,5131264.00,55993958.40,13.00,8.00,76.00,0.00,0.00,3.00,0.00,0.00,9943040.00,17825792.00,0.00,0.00,197632.00,227328.00
1493154259,1583104.00,155648.00,5131264.00,55993958.40,21.00,11.00,64.00,0.00,0.00,4.00,0.00,229376.00,10485760.00,18874368.00,0.00,0.00,218112.00,251904.00
1493154260,1583104.00,156672.00,5131264.00,55993958.40,17.00,11.00,68.00,0.00,0.00,3.00,0.00,122880.00,10485760.00,18874368.00,0.00,0.00,214016.00,249856.00
1493154261,1587200.00,156672.00,5131264.00,55993958.40,21.00,12.00,62.00,0.00,0.00,5.00,0.00,0.00,11534336.00,19922944.00,0.00,0.00,226304.00,263168.00
1493154262,1590272.00,156672.00,5131264.00,55993958.40,15.00,8.00,73.00,0.00,0.00,3.00,0.00,40960.00,9322496.00,15728640.00,0.00,0.00,183296.00,214016.00
1493154263,1589248.00,156672.00,5131264.00,55993958.40,15.00,10.00,72.00,0.00,0.00,3.00,0.00,0.00,11534336.00,18874368.00,0.00,0.00,219136.00,254976.00
1493154264,1594368.00,156672.00,5131264.00,55993958.40,21.00,13.00,63.00,0.00,0.00,3.00,0.00,0.00,11534336.00,18874368.00,0.00,0.00,219136.00,254976.00
1493154265,1593344.00,156672.00,5131264.00,55993958.40,15.00,11.00,70.00,0.00,0.00,4.00,0.00,131072.00,11534336.00,19922944.00,0.00,0.00,225280.00,260096.00
1493154266,1595392.00,156672.00,5131264.00,55993958.40,16.00,8.00,74.00,0.00,0.00,3.00,0.00,0.00,9118720.00,15728640.00,0.00,0.00,179200.00,208896.00
1493154267,1596416.00,156672.00,5131264.00,55993958.40,14.00,10.00,71.00,0.00,0.00,5.00,0.00,40960.00,11534336.00,19922944.00,0.00,0.00,219136.00,254976.00
1493154268,1600512.00,156672.00,5131264.00,55993958.40,21.00,11.00,64.00,0.00,0.00,5.00,0.00,0.00,11534336.00,19922944.00,0.00,0.00,223232.00,261120.00
1493154269,1602560.00,156672.00,5131264.00,55993958.40,16.00,9.00,72.00,0.00,0.00,3.00,0.00,0.00,9928704.00,16777216.00,0.00,0.00,192512.00,226304.00
1493154270,1602560.00,156672.00,5131264.00,55993958.40,13.00,10.00,74.00,0.00,0.00,3.00,0.00,139264.00,10485760.00,17825792.00,0.00,0.00,203776.00,235520.00
1493154271,1604608.00,156672.00,5131264.00,55993958.40,20.00,10.00,66.00,0.00,0.00,3.00,0.00,0.00,11534336.00,19922944.00,0.00,0.00,222208.00,259072.00
1493154272,1605632.00,156672.00,5131264.00,55993958.40,15.00,13.00,67.00,0.00,0.00,5.00,0.00,40960.00,11534336.00,20971520.00,0.00,0.00,234496.00,272384.00
1493154273,1608704.00,156672.00,5131264.00,55993958.40,17.00,10.00,70.00,0.00,0.00,3.00,0.00,0.00,9862144.00,16777216.00,0.00,0.00,196608.00,227328.00
1493154274,1610752.00,156672.00,5131264.00,55993958.40,17.00,9.00,71.00,0.00,0.00,3.00,0.00,0.00,9933824.00,16777216.00,0.00,0.00,196608.00,227328.00
1493154275,1610752.00,156672.00,5131264.00,55993958.40,15.00,12.00,69.00,0.00,0.00,4.00,0.00,139264.00,11534336.00,20971520.00,0.00,0.00,235520.00,273408.00
1493154276,1614848.00,156672.00,5131264.00,55993958.40,18.00,13.00,67.00,0.00,0.00,2.00,0.00,0.00,10485760.00,18874368.00,0.00,0.00,211968.00,246784.00
1493154277,1615872.00,156672.00,5131264.00,55993958.40,12.00,12.00,74.00,0.00,0.00,3.00,0.00,0.00,10485760.00,17825792.00,0.00,0.00,203776.00,236544.00
1493154278,1617920.00,156672.00,5131264.00,55993958.40,19.00,9.00,69.00,0.00,0.00,3.00,0.00,0.00,10485760.00,17825792.00,0.00,0.00,208896.00,241664.00
1493154280,1618944.00,156672.00,5131264.00,55993958.40,17.00,12.00,67.00,0.00,0.00,4.00,0.00,0.00,11534336.00,19922944.00,0.00,0.00,231424.00,266240.00
1493154280,1622016.00,156672.00,5131264.00,55993958.40,16.00,8.00,73.00,0.00,0.00,2.00,0.00,122880.00,9981952.00,17825792.00,0.00,0.00,197632.00,230400.00
1493154281,1624064.00,156672.00,5131264.00,55993958.40,19.00,11.00,67.00,0.00,0.00,3.00,0.00,0.00,10485760.00,18874368.00,0.00,0.00,212992.00,246784.00
1493154282,1623040.00,156672.00,5131264.00,55993958.40,16.00,11.00,71.00,0.00,0.00,2.00,0.00,16384.00,11534336.00,18874368.00,0.00,0.00,221184.00,252928.00
1493154283,1625088.00,156672.00,5131264.00,55993958.40,20.00,10.00,66.00,0.00,0.00,4.00,0.00,0.00,11534336.00,19922944.00,0.00,0.00,225280.00,262144.00
1493154284,1625088.00,156672.00,5131264.00,55993958.40,9.00,10.00,78.00,0.00,0.00,3.00,0.00,0.00,9439232.00,16777216.00,0.00,0.00,186368.00,216064.00
1493154285,1629184.00,156672.00,5131264.00,55993958.40,18.00,10.00,67.00,0.00,0.00,4.00,0.00,147456.00,11534336.00,19922944.00,0.00,0.00,225280.00,260096.00
1493154286,1632256.00,156672.00,5131264.00,55993958.40,19.00,9.00,68.00,0.00,0.00,4.00,0.00,0.00,10485760.00,17825792.00,0.00,0.00,209920.00,239616.00
1493154287,1632256.00,156672.00,5131264.00,55993958.40,15.00,10.00,71.00,0.00,0.00,4.00,0.00,16384.00,10485760.00,18874368.00,0.00,0.00,211968.00,245760.00
1493154288,1636352.00,156672.00,5131264.00,55993958.40,19.00,10.00,69.00,0.00,0.00,2.00,0.00,0.00,10110976.00,17825792.00,0.00,0.00,199680.00,232448.00
1493154289,1636352.00,156672.00,5131264.00,55993958.40,16.00,12.00,68.00,0.00,0.00,5.00,0.00,0.00,11534336.00,20971520.00,0.00,0.00,234496.00,270336.00
1493154290,1638400.00,156672.00,5131264.00,55993958.40,19.00,8.00,69.00,0.00,0.00,4.00,0.00,122880.00,10485760.00,17825792.00,0.00,0.00,207872.00,240640.00
1493154291,1638400.00,156672.00,5131264.00,55993958.40,11.00,8.00,78.00,0.00,0.00,3.00,0.00,0.00,9357312.00,16777216.00,0.00,0.00,186368.00,216064.00
1493154292,1642496.00,156672.00,5131264.00,55993958.40,19.00,10.00,66.00,0.00,0.00,4.00,0.00,565248.00,11534336.00,19922944.00,0.00,0.00,226304.00,261120.00
1493154293,1644544.00,156672.00,5131264.00,55993958.40,22.00,11.00,63.00,0.00,0.00,4.00,0.00,0.00,11534336.00,19922944.00,0.00,0.00,227328.00,265216.00
1493154294,1644544.00,156672.00,5131264.00,55993958.40,14.00,10.00,72.00,0.00,0.00,4.00,0.00,0.00,11534336.00,18874368.00,0.00,0.00,219136.00,253952.00
1493154295,1649664.00,156672.00,5131264.00,55993958.40,14.00,7.00,77.00,0.00,0.00,2.00,0.00,0.00,8948736.00,15728640.00,0.00,0.00,177152.00,206848.00
1493154296,1649664.00,156672.00,5131264.00,55993958.40,17.00,11.00,67.00,0.00,0.00,5.00,0.00,221184.00,11534336.00,20971520.00,0.00,0.00,233472.00,272384.00
1493154297,1651712.00,156672.00,5131264.00,55889100.80,21.00,11.00,64.00,0.00,0.00,3.00,0.00,0.00,11534336.00,18874368.00,0.00,0.00,216064.00,253952.00
1493154298,1650688.00,156672.00,5131264.00,55993958.40,12.00,9.00,76.00,0.00,0.00,4.00,0.00,0.00,10104832.00,17825792.00,0.00,0.00,198656.00,231424.00
1493154299,1653760.00,156672.00,5131264.00,55889100.80,21.00,10.00,66.00,0.00,0.00,3.00,0.00,0.00,10485760.00,18874368.00,0.00,0.00,209920.00,246784.00
1493154300,1656832.00,156672.00,5131264.00,55889100.80,19.00,8.00,70.00,0.00,0.00,3.00,0.00,0.00,10485760.00,17825792.00,0.00,0.00,219136.00,247808.00
1493154301,1656832.00,156672.00,5131264.00,55889100.80,11.00,10.00,75.00,0.00,0.00,3.00,0.00,122880.00,10485760.00,18874368.00,0.00,0.00,227328.00,253952.00
1493154302,1658880.00,156672.00,5131264.00,55889100.80,12.00,5.00,81.00,0.00,0.00,2.00,0.00,32768.00,7689216.00,13631488.00,0.00,0.00,159744.00,184320.00
1493154303,1658880.00,156672.00,5131264.00,55889100.80,16.00,11.00,68.00,0.00,0.00,5.00,0.00,0.00,11534336.00,20971520.00,0.00,0.00,235520.00,272384.00
1493154304,1662976.00,156672.00,5131264.00,55889100.80,20.00,11.00,64.00,0.00,0.00,4.00,0.00,0.00,11534336.00,19922944.00,0.00,0.00,222208.00,258048.00
1493154305,1662976.00,156672.00,5131264.00,55889100.80,10.00,8.00,77.00,0.00,0.00,4.00,0.00,0.00,9716736.00,16777216.00,0.00,0.00,197632.00,226304.00
1493154306,1665024.00,156672.00,5131264.00,55889100.80,15.00,6.00,77.00,0.00,0.00,2.00,0.00,139264.00,7797760.00,13631488.00,0.00,0.00,158720.00,181248.00
1493154307,1665024.00,156672.00,5131264.00,55889100.80,17.00,10.00,68.00,0.00,0.00,5.00,0.00,40960.00,11534336.00,20971520.00,0.00,0.00,233472.00,270336.00
1493154308,1669120.00,156672.00,5131264.00,55889100.80,18.00,9.00,69.00,0.00,0.00,4.00,0.00,0.00,10485760.00,18874368.00,0.00,0.00,212992.00,247808.00
1493154309,1671168.00,156672.00,5131264.00,55889100.80,18.00,10.00,70.00,0.00,0.00,3.00,0.00,0.00,10175488.00,17825792.00,0.00,0.00,210944.00,240640.00
1493154310,1671168.00,156672.00,5131264.00,55889100.80,8.00,6.00,83.00,0.00,0.00,3.00,0.00,0.00,8111104.00,13631488.00,0.00,0.00,163840.00,188416.00
1493154311,1673216.00,156672.00,5131264.00,55889100.80,21.00,10.00,65.00,0.00,0.00,4.00,0.00,139264.00,11534336.00,19922944.00,0.00,0.00,225280.00,262144.00
1493154312,1673216.00,156672.00,5131264.00,55889100.80,16.00,12.00,68.00,0.00,0.00,4.00,0.00,0.00,11534336.00,20971520.00,0.00,0.00,237568.00,271360.00
1493154313,1677312.00,156672.00,5131264.00,55889100.80,17.00,8.00,72.00,0.00,0.00,3.00,0.00,0.00,9834496.00,16777216.00,0.00,0.00,196608.00,228352.00
1493154314,1677312.00,156672.00,5131264.00,55889100.80,13.00,8.00,77.00,0.00,0.00,3.00,0.00,0.00,10238976.00,17825792.00,0.00,0.00,203776.00,235520.00
1493154315,1679360.00,156672.00,5131264.00,55889100.80,22.00,12.00,62.00,0.00,0.00,3.00,0.00,0.00,11534336.00,19922944.00,0.00,0.00,227328.00,263168.00
1493154316,1683456.00,156672.00,5131264.00,55889100.80,21.00,9.00,66.00,0.00,0.00,4.00,0.00,122880.00,11534336.00,19922944.00,0.00,0.00,224256.00,259072.00
1493154317,1684480.00,156672.00,5131264.00,55889100.80,11.00,8.00,78.00,0.00,0.00,3.00,0.00,16384.00,9491456.00,16777216.00,0.00,0.00,187392.00,217088.00
1493154318,1685504.00,156672.00,5131264.00,55889100.80,16.00,10.00,70.00,0.00,0.00,5.00,0.00,0.00,10485760.00,18874368.00,0.00,0.00,209920.00,245760.00
1493154319,1685504.00,156672.00,5131264.00,55889100.80,17.00,13.00,65.00,0.00,0.00,5.00,0.00,0.00,11534336.00,20971520.00,0.00,0.00,231424.00,270336.00
1493154320,1689600.00,156672.00,5131264.00,55889100.80,19.00,10.00,67.00,0.00,0.00,4.00,0.00,0.00,10485760.00,18874368.00,0.00,0.00,208896.00,243712.00
1493154321,1690624.00,156672.00,5131264.00,55889100.80,13.00,9.00,74.00,0.00,0.00,3.00,0.00,147456.00,10485760.00,17825792.00,0.00,0.00,202752.00,235520.00
1493154322,1691648.00,156672.00,5131264.00,55889100.80,19.00,9.00,67.00,0.00,0.00,5.00,0.00,73728.00,10485760.00,18874368.00,0.00,0.00,207872.00,243712.00
1493154323,1693696.00,156672.00,5131264.00,55889100.80,20.00,11.00,64.00,0.00,0.00,4.00,0.00,0.00,11534336.00,19922944.00,0.00,0.00,225280.00,260096.00
1493154324,1694720.00,156672.00,5131264.00,55889100.80,11.00,9.00,78.00,0.00,0.00,3.00,0.00,0.00,9225216.00,15728640.00,0.00,0.00,185344.00,214016.00
1493154325,1698816.00,156672.00,5131264.00,55889100.80,18.00,10.00,68.00,0.00,0.00,3.00,0.00,0.00,10485760.00,18874368.00,0.00,0.00,212992.00,246784.00
1493154326,1698816.00,156672.00,5131264.00,55889100.80,15.00,11.00,71.00,0.00,0.00,4.00,0.00,163840.00,11534336.00,18874368.00,0.00,0.00,220160.00,253952.00
1493154327,1700864.00,156672.00,5131264.00,55889100.80,20.00,11.00,66.00,0.00,0.00,4.00,0.00,499712.00,10485760.00,18874368.00,0.00,0.00,214016.00,249856.00
1493154328,1699840.00,156672.00,5131264.00,55889100.80,10.00,10.00,77.00,0.00,0.00,3.00,0.00,0.00,9943040.00,17825792.00,0.00,0.00,198656.00,230400.00
1493154329,1704960.00,156672.00,5131264.00,55889100.80,21.00,10.00,65.00,0.00,0.00,4.00,0.00,0.00,11534336.00,18874368.00,0.00,0.00,225280.00,259072.00
1493154330,1707008.00,156672.00,5131264.00,55889100.80,19.00,9.00,69.00,0.00,0.00,3.00,0.00,0.00,10485760.00,17825792.00,0.00,0.00,210944.00,242688.00
1493154331,1707008.00,156672.00,5131264.00,55889100.80,14.00,11.00,71.00,0.00,0.00,3.00,0.00,212992.00,11534336.00,19922944.00,0.00,0.00,222208.00,256000.00
1493154332,1711104.00,156672.00,5131264.00,55889100.80,17.00,9.00,71.00,0.00,0.00,3.00,0.00,0.00,9911296.00,16777216.00,0.00,0.00,196608.00,228352.00
1493154333,1711104.00,156672.00,5131264.00,55889100.80,16.00,12.00,66.00,0.00,0.00,6.00,0.00,0.00,11534336.00,20971520.00,0.00,0.00,236544.00,274432.00
1493154334,1713152.00,156672.00,5131264.00,55889100.80,19.00,9.00,69.00,0.00,0.00,3.00,0.00,0.00,10485760.00,18874368.00,0.00,0.00,210944.00,246784.00
1493154336,1714176.00,156672.00,5131264.00,55889100.80,13.00,8.00,77.00,0.00,0.00,2.00,0.00,0.00,9340928.00,15728640.00,0.00,0.00,181248.00,212992.00
1493154336,1717248.00,156672.00,5131264.00,55889100.80,17.00,11.00,69.00,0.00,0.00,4.00,0.00,122880.00,10485760.00,18874368.00,0.00,0.00,216064.00,253952.00
1493154337,1719296.00,156672.00,5131264.00,55889100.80,20.00,10.00,66.00,0.00,0.00,4.00,0.00,32768.00,11534336.00,18874368.00,0.00,0.00,219136.00,258048.00
1493154338,1719296.00,156672.00,5131264.00,55889100.80,12.00,9.00,78.00,0.00,0.00,2.00,0.00,0.00,10485760.00,17825792.00,0.00,0.00,204800.00,236544.00
1493154339,1720320.00,156672.00,5131264.00,55889100.80,16.00,9.00,73.00,0.00,0.00,3.00,0.00,0.00,9786368.00,16777216.00,0.00,0.00,192512.00,224256.00
1493154340,1721344.00,156672.00,5131264.00,55889100.80,16.00,12.00,68.00,0.00,0.00,4.00,0.00,0.00,11534336.00,19922944.00,0.00,0.00,234496.00,270336.00
1493154341,1724416.00,156672.00,5131264.00,55889100.80,21.00,12.00,64.00,0.00,0.00,3.00,0.00,139264.00,11534336.00,19922944.00,0.00,0.00,225280.00,262144.00
1493154342,1726464.00,156672.00,5131264.00,55889100.80,18.00,8.00,71.00,0.00,0.00,2.00,0.00,49152.00,9986048.00,17825792.00,0.00,0.00,197632.00,230400.00
1493154343,1726464.00,156672.00,5131264.00,55889100.80,13.00,9.00,74.00,0.00,0.00,3.00,0.00,0.00,10485760.00,17825792.00,0.00,0.00,204800.00,236544.00
1493154344,1730560.00,156672.00,5131264.00,55889100.80,19.00,11.00,66.00,0.00,0.00,4.00,0.00,0.00,11534336.00,19922944.00,0.00,0.00,225280.00,261120.00
1493154345,1731584.00,156672.00,5131264.00,55889100.80,15.00,10.00,72.00,0.00,0.00,3.00,0.00,0.00,11534336.00,18874368.00,0.00,0.00,223232.00,256000.00
1493154346,1732608.00,156672.00,5131264.00,55889100.80,17.00,8.00,73.00,0.00,0.00,3.00,0.00,155648.00,9154560.00,15728640.00,0.00,0.00,181248.00,209920.00
1493154347,1733632.00,156672.00,5131264.00,55889100.80,13.00,11.00,72.00,0.00,0.00,4.00,0.00,0.00,11534336.00,20971520.00,0.00,0.00,234496.00,272384.00
1493154348,1737728.00,156672.00,5131264.00,55889100.80,21.00,12.00,63.00,0.00,0.00,4.00,0.00,0.00,11534336.00,19922944.00,0.00,0.00,226304.00,262144.00
1493154349,1739776.00,156672.00,5131264.00,55889100.80,20.00,9.00,67.00,0.00,0.00,4.00,0.00,0.00,10485760.00,18874368.00,0.00,0.00,210944.00,247808.00
1493154350,1739776.00,156672.00,5131264.00,55889100.80,10.00,9.00,77.00,0.00,0.00,3.00,0.00,0.00,9637888.00,16777216.00,0.00,0.00,190464.00,220160.00
1493154351,1740800.00,156672.00,5131264.00,55889100.80,23.00,12.00,61.00,0.00,0.00,3.00,0.00,122880.00,11534336.00,19922944.00,0.00,0.00,225280.00,262144.00
1493154352,1740800.00,156672.00,5131264.00,55889100.80,15.00,11.00,71.00,0.00,0.00,2.00,0.00,49152.00,11534336.00,19922944.00,0.00,0.00,219136.00,254976.00
1493154353,1744896.00,156672.00,5131264.00,55889100.80,20.00,9.00,67.00,0.00,0.00,3.00,0.00,0.00,10485760.00,18874368.00,0.00,0.00,209920.00,245760.00
1493154354,1746944.00,156672.00,5131264.00,55889100.80,18.00,9.00,70.00,0.00,0.00,3.00,0.00,0.00,10006528.00,17825792.00,0.00,0.00,196608.00,230400.00
1493154355,1747968.00,156672.00,5131264.00,55889100.80,16.00,12.00,68.00,0.00,0.00,3.00,0.00,0.00,11534336.00,20971520.00,0.00,0.00,235520.00,273408.00
1493154356,1752064.00,156672.00,5131264.00,55889100.80,18.00,11.00,68.00,0.00,0.00,3.00,0.00,122880.00,10485760.00,18874368.00,0.00,0.00,210944.00,247808.00
1493154357,1751040.00,156672.00,5131264.00,55889100.80,13.00,8.00,76.00,0.00,0.00,3.00,0.00,49152.00,10485760.00,17825792.00,0.00,0.00,204800.00,237568.00
1493154358,1754112.00,156672.00,5131264.00,55889100.80,20.00,12.00,65.00,0.00,0.00,3.00,0.00,0.00,10485760.00,18874368.00,0.00,0.00,212992.00,246784.00
1493154359,1758208.00,156672.00,5131264.00,55784243.20,19.00,11.00,67.00,0.00,0.00,3.00,0.00,0.00,10485760.00,18874368.00,0.00,0.00,210944.00,245760.00
1493154360,1758208.00,156672.00,5131264.00,55784243.20,13.00,10.00,73.00,0.00,0.00,4.00,0.00,0.00,10485760.00,18874368.00,0.00,0.00,220160.00,249856.00
1493154361,1760256.00,156672.00,5131264.00,55784243.20,16.00,7.00,74.00,0.00,0.00,2.00,0.00,172032.00,9538560.00,16777216.00,0.00,0.00,197632.00,227328.00
1493154362,1759232.00,156672.00,5131264.00,55784243.20,17.00,11.00,69.00,0.00,0.00,4.00,0.00,516096.00,11534336.00,18874368.00,0.00,0.00,220160.00,252928.00
1493154363,1764352.00,156672.00,5131264.00,55784243.20,20.00,11.00,66.00,0.00,0.00,3.00,0.00,0.00,10485760.00,18874368.00,0.00,0.00,212992.00,247808.00
1493154364,1764352.00,156672.00,5131264.00,55784243.20,13.00,9.00,75.00,0.00,0.00,3.00,0.00,0.00,10485760.00,17825792.00,0.00,0.00,203776.00,236544.00
1493154365,1765376.00,156672.00,5131264.00,55784243.20,20.00,12.00,63.00,0.00,0.00,5.00,0.00,0.00,11534336.00,19922944.00,0.00,0.00,225280.00,261120.00
1493154366,1767424.00,156672.00,5131264.00,55784243.20,16.00,8.00,73.00,0.00,0.00,3.00,0.00,204800.00,9151488.00,15728640.00,0.00,0.00,184320.00,210944.00
1493154367,1768448.00,156672.00,5131264.00,55784243.20,9.00,6.00,81.00,0.00,0.00,3.00,0.00,0.00,8901632.00,15728640.00,0.00,0.00,181248.00,208896.00
1493154368,1771520.00,156672.00,5131264.00,55784243.20,17.00,7.00,72.00,0.00,0.00,3.00,0.00,0.00,9778176.00,16777216.00,0.00,0.00,193536.00,225280.00
1493154369,1772544.00,156672.00,5131264.00,55784243.20,17.00,12.00,66.00,0.00,0.00,5.00,0.00,0.00,11534336.00,20971520.00,0.00,0.00,235520.00,272384.00
1493154370,1774592.00,156672.00,5131264.00,55784243.20,16.00,8.00,72.00,0.00,0.00,3.00,0.00,0.00,9565184.00,16777216.00,0.00,0.00,190464.00,221184.00
1493154371,1773568.00,156672.00,5131264.00,55784243.20,15.00,11.00,69.00,0.00,0.00,5.00,0.00,122880.00,11534336.00,20971520.00,0.00,0.00,234496.00,272384.00
1493154372,1778688.00,156672.00,5131264.00,55784243.20,18.00,9.00,70.00,0.00,0.00,3.00,0.00,24576.00,9972736.00,17825792.00,0.00,0.00,196608.00,229376.00
1493154373,1780736.00,156672.00,5131264.00,55784243.20,20.00,12.00,63.00,0.00,0.00,5.00,0.00,0.00,11534336.00,19922944.00,0.00,0.00,225280.00,262144.00
1493154374,1780736.00,156672.00,5131264.00,55784243.20,11.00,10.00,76.00,0.00,0.00,3.00,0.00,0.00,10205184.00,17825792.00,0.00,0.00,203776.00,237568.00
1493154375,1784832.00,156672.00,5131264.00,55784243.20,20.00,12.00,64.00,0.00,0.00,4.00,0.00,0.00,10485760.00,18874368.00,0.00,0.00,214016.00,248832.00
1493154376,1784832.00,156672.00,5131264.00,55784243.20,15.00,11.00,70.00,0.00,0.00,4.00,0.00,139264.00,10485760.00,18874368.00,0.00,0.00,216064.00,250880.00
1493154377,1786880.00,156672.00,5131264.00,55784243.20,19.00,10.00,67.00,0.00,0.00,4.00,0.00,40960.00,10485760.00,17825792.00,0.00,0.00,209920.00,241664.00
1493154378,1786880.00,156672.00,5132288.00,55784243.20,13.00,9.00,74.00,0.00,0.00,4.00,0.00,0.00,10485760.00,18874368.00,0.00,0.00,220160.00,249856.00
1493154379,1789952.00,156672.00,5132288.00,55784243.20,17.00,8.00,72.00,0.00,0.00,3.00,0.00,0.00,9586688.00,16777216.00,0.00,0.00,192512.00,223232.00
1493154380,1793024.00,156672.00,5132288.00,55784243.20,21.00,11.00,63.00,0.00,0.00,4.00,0.00,0.00,11534336.00,19922944.00,0.00,0.00,225280.00,262144.00
1493154381,1792000.00,156672.00,5132288.00,55784243.20,12.00,11.00,73.00,0.00,0.00,4.00,0.00,155648.00,11534336.00,18874368.00,0.00,0.00,222208.00,256000.00
1493154382,1795072.00,156672.00,5132288.00,55784243.20,19.00,9.00,68.00,0.00,0.00,4.00,0.00,40960.00,10485760.00,18874368.00,0.00,0.00,211968.00,246784.00
1493154383,1795072.00,156672.00,5132288.00,55784243.20,13.00,9.00,75.00,0.00,0.00,3.00,0.00,0.00,10485760.00,17825792.00,0.00,0.00,204800.00,237568.00
1493154384,1798144.00,156672.00,5132288.00,55784243.20,19.00,10.00,67.00,0.00,0.00,4.00,0.00,0.00,10485760.00,18874368.00,0.00,0.00,212992.00,247808.00
1493154385,1799168.00,156672.00,5132288.00,55784243.20,13.00,12.00,72.00,0.00,0.00,3.00,0.00,0.00,11534336.00,19922944.00,0.00,0.00,223232.00,258048.00
1493154386,1801216.00,156672.00,5132288.00,55784243.20,17.00,10.00,69.00,0.00,0.00,3.00,0.00,122880.00,10120192.00,17825792.00,0.00,0.00,198656.00,231424.00
1493154387,1805312.00,156672.00,5132288.00,55784243.20,17.00,12.00,68.00,0.00,0.00,3.00,0.00,16384.00,10485760.00,18874368.00,0.00,0.00,207872.00,242688.00
1493154388,1805312.00,156672.00,5132288.00,55784243.20,14.00,10.00,71.00,0.00,0.00,4.00,0.00,0.00,11534336.00,19922944.00,0.00,0.00,221184.00,256000.00
1493154389,1807360.00,156672.00,5132288.00,55784243.20,20.00,13.00,64.00,0.00,0.00,4.00,0.00,0.00,11534336.00,19922944.00,0.00,0.00,227328.00,265216.00
1493154390,1807360.00,156672.00,5132288.00,55784243.20,10.00,8.00,79.00,0.00,0.00,3.00,0.00,0.00,9412608.00,16777216.00,0.00,0.00,188416.00,217088.00
1493154391,1809408.00,156672.00,5132288.00,55784243.20,21.00,9.00,67.00,0.00,0.00,3.00,0.00,147456.00,10485760.00,18874368.00,0.00,0.00,209920.00,243712.00
1493154392,1813504.00,156672.00,5132288.00,55784243.20,22.00,12.00,63.00,0.00,0.00,3.00,0.00,49152.00,11534336.00,19922944.00,0.00,0.00,226304.00,264192.00
1493154393,1812480.00,156672.00,5132288.00,55784243.20,12.00,11.00,73.00,0.00,0.00,4.00,0.00,0.00,10485760.00,18874368.00,0.00,0.00,216064.00,246784.00
1493154394,1815552.00,156672.00,5132288.00,55784243.20,12.00,5.00,81.00,0.00,0.00,1.00,0.00,0.00,7498752.00,12582912.00,0.00,0.00,153600.00,177152.00
1493154395,1815552.00,156672.00,5132288.00,55784243.20,15.00,11.00,70.00,0.00,0.00,4.00,0.00,0.00,11534336.00,19922944.00,0.00,0.00,221184.00,256000.00
1493154396,1819648.00,156672.00,5132288.00,55784243.20,21.00,12.00,64.00,0.00,0.00,4.00,0.00,172032.00,11534336.00,19922944.00,0.00,0.00,224256.00,260096.00
1493154397,1819648.00,156672.00,5132288.00,55784243.20,15.00,12.00,70.00,0.00,0.00,4.00,0.00,524288.00,11534336.00,19922944.00,0.00,0.00,222208.00,257024.00
1493154398,1822720.00,156672.00,5132288.00,55784243.20,16.00,9.00,71.00,0.00,0.00,3.00,0.00,0.00,9953280.00,17825792.00,0.00,0.00,194560.00,228352.00
1493154399,1825792.00,156672.00,5132288.00,55784243.20,19.00,12.00,65.00,0.00,0.00,4.00,0.00,0.00,10485760.00,18874368.00,0.00,0.00,210944.00,244736.00
1493154400,1825792.00,156672.00,5132288.00,55784243.20,15.00,11.00,70.00,0.00,0.00,4.00,0.00,0.00,11534336.00,19922944.00,0.00,0.00,235520.00,272384.00
1493154401,1827840.00,156672.00,5132288.00,55784243.20,16.00,9.00,71.00,0.00,0.00,3.00,0.00,204800.00,9858048.00,16777216.00,0.00,0.00,194560.00,227328.00
1493154402,1827840.00,156672.00,5132288.00,55784243.20,13.00,10.00,73.00,0.00,0.00,3.00,0.00,0.00,10485760.00,17825792.00,0.00,0.00,204800.00,237568.00
1493154403,1831936.00,156672.00,5132288.00,55784243.20,21.00,12.00,64.00,0.00,0.00,3.00,0.00,0.00,11534336.00,19922944.00,0.00,0.00,226304.00,261120.00
1493154404,1831936.00,156672.00,5132288.00,55784243.20,13.00,10.00,72.00,0.00,0.00,4.00,0.00,0.00,11534336.00,19922944.00,0.00,0.00,233472.00,266240.00
1493154405,1833984.00,156672.00,5132288.00,55784243.20,17.00,8.00,71.00,0.00,0.00,4.00,0.00,0.00,10137600.00,17825792.00,0.00,0.00,200704.00,232448.00
1493154406,1837056.00,156672.00,5132288.00,55784243.20,17.00,9.00,71.00,0.00,0.00,2.00,0.00,122880.00,10001408.00,17825792.00,0.00,0.00,197632.00,229376.00
1493154407,1836032.00,156672.00,5132288.00,55784243.20,17.00,11.00,68.00,0.00,0.00,5.00,0.00,32768.00,11534336.00,20971520.00,0.00,0.00,236544.00,274432.00
1493154408,1840128.00,156672.00,5132288.00,55784243.20,17.00,8.00,73.00,0.00,0.00,3.00,0.00,0.00,9832448.00,16777216.00,0.00,0.00,192512.00,226304.00
1493154409,1840128.00,156672.00,5132288.00,55784243.20,15.00,11.00,70.00,0.00,0.00,4.00,0.00,0.00,11534336.00,18874368.00,0.00,0.00,217088.00,252928.00
1493154410,1841152.00,156672.00,5132288.00,55784243.20,17.00,10.00,69.00,0.00,0.00,4.00,0.00,0.00,10485760.00,18874368.00,0.00,0.00,215040.00,248832.00
1493154411,1846272.00,156672.00,5132288.00,55784243.20,21.00,12.00,63.00,0.00,0.00,4.00,0.00,155648.00,11534336.00,19922944.00,0.00,0.00,228352.00,264192.00
1493154412,1846272.00,156672.00,5132288.00,55784243.20,13.00,8.00,76.00,0.00,0.00,3.00,0.00,90112.00,10485760.00,17825792.00,0.00,0.00,203776.00,237568.00
1493154413,1848320.00,156672.00,5132288.00,55784243.20,19.00,10.00,67.00,0.00,0.00,4.00,0.00,0.00,10485760.00,18874368.00,0.00,0.00,211968.00,246784.00
1493154414,1848320.00,156672.00,5132288.00,55784243.20,13.00,11.00,72.00,0.00,0.00,4.00,0.00,0.00,11534336.00,19922944.00,0.00,0.00,221184.00,256000.00
1493154415,1852416.00,156672.00,5132288.00,55784243.20,20.00,9.00,68.00,0.00,0.00,3.00,0.00,0.00,10485760.00,18874368.00,0.00,0.00,212992.00,247808.00
1493154416,1852416.00,156672.00,5132288.00,55784243.20,15.00,9.00,73.00,0.00,0.00,3.00,0.00,172032.00,10485760.00,17825792.00,0.00,0.00,204800.00,236544.00
1493154417,1854464.00,156672.00,5132288.00,55784243.20,21.00,11.00,64.00,0.00,0.00,4.00,0.00,0.00,11534336.00,19922944.00,0.00,0.00,225280.00,264192.00
1493154418,1858560.00,156672.00,5132288.00,55784243.20,20.00,10.00,67.00,0.00,0.00,3.00,0.00,0.00,10485760.00,18874368.00,0.00,0.00,211968.00,246784.00
1493154419,1858560.00,156672.00,5132288.00,55784243.20,13.00,10.00,74.00,0.00,0.00,3.00,0.00,0.00,10485760.00,17825792.00,0.00,0.00,205824.00,239616.00
1493154420,1860608.00,156672.00,5132288.00,55679385.60,18.00,8.00,72.00,0.00,0.00,2.00,0.00,0.00,9601024.00,16777216.00,0.00,0.00,199680.00,228352.00
1493154421,1860608.00,156672.00,5132288.00,55679385.60,14.00,11.00,70.00,0.00,0.00,4.00,0.00,122880.00,11534336.00,19922944.00,0.00,0.00,231424.00,265216.00
1493154422,1862656.00,156672.00,5132288.00,55679385.60,17.00,9.00,71.00,0.00,0.00,4.00,0.00,16384.00,10485760.00,17825792.00,0.00,0.00,211968.00,242688.00
1493154423,1862656.00,156672.00,5132288.00,55679385.60,11.00,7.00,78.00,0.00,0.00,4.00,0.00,0.00,9448448.00,16777216.00,0.00,0.00,187392.00,217088.00
1493154424,1866752.00,156672.00,5132288.00,55679385.60,19.00,12.00,65.00,0.00,0.00,5.00,0.00,0.00,11534336.00,19922944.00,0.00,0.00,222208.00,259072.00
1493154425,1868800.00,156672.00,5132288.00,55679385.60,20.00,10.00,66.00,0.00,0.00,4.00,0.00,0.00,11534336.00,18874368.00,0.00,0.00,224256.00,260096.00
1493154426,1868800.00,156672.00,5132288.00,55679385.60,14.00,10.00,69.00,4.00,0.00,3.00,0.00,147456.00,10485760.00,17825792.00,0.00,0.00,206848.00,238592.00
1493154427,1872896.00,156672.00,5132288.00,55679385.60,18.00,8.00,71.00,0.00,0.00,3.00,0.00,49152.00,9769984.00,16777216.00,0.00,0.00,192512.00,225280.00
1493154428,1872896.00,156672.00,5132288.00,55679385.60,11.00,10.00,77.00,0.00,0.00,3.00,0.00,0.00,9992192.00,17825792.00,0.00,0.00,201728.00,231424.00
1493154429,1874944.00,156672.00,5132288.00,55679385.60,18.00,10.00,69.00,0.00,0.00,3.00,0.00,0.00,10049536.00,17825792.00,0.00,0.00,202752.00,234496.00
1493154430,1874944.00,156672.00,5132288.00,55679385.60,12.00,8.00,76.00,0.00,0.00,3.00,0.00,0.00,9992192.00,17825792.00,0.00,0.00,198656.00,229376.00
1493154431,1879040.00,156672.00,5132288.00,55679385.60,16.00,9.00,72.00,0.00,0.00,3.00,0.00,172032.00,9974784.00,17825792.00,0.00,0.00,199680.00,231424.00
1493154432,1881088.00,156672.00,5132288.00,55679385.60,20.00,12.00,65.00,0.00,0.00,3.00,0.00,540672.00,11534336.00,19922944.00,0.00,0.00,223232.00,260096.00
1493154433,1881088.00,156672.00,5132288.00,55679385.60,16.00,12.00,69.00,0.00,0.00,3.00,0.00,0.00,11534336.00,20971520.00,0.00,0.00,231424.00,268288.00
1493154434,1883136.00,156672.00,5132288.00,55679385.60,13.00,7.00,78.00,0.00,0.00,3.00,0.00,0.00,8199168.00,14680064.00,0.00,0.00,161792.00,189440.00
1493154435,1884160.00,156672.00,5132288.00,55679385.60,16.00,12.00,68.00,0.00,0.00,5.00,0.00,0.00,11534336.00,20971520.00,0.00,0.00,233472.00,272384.00
1493154436,1887232.00,156672.00,5132288.00,55679385.60,21.00,12.00,64.00,0.00,0.00,4.00,0.00,172032.00,11534336.00,19922944.00,0.00,0.00,224256.00,263168.00
1493154437,1889280.00,156672.00,5132288.00,55679385.60,20.00,11.00,66.00,0.00,0.00,3.00,0.00,0.00,10485760.00,18874368.00,0.00,0.00,212992.00,247808.00
1493154438,1889280.00,156672.00,5132288.00,55679385.60,11.00,9.00,77.00,0.00,0.00,3.00,0.00,0.00,9533440.00,16777216.00,0.00,0.00,188416.00,219136.00
1493154439,1893376.00,156672.00,5132288.00,55679385.60,18.00,11.00,67.00,0.00,0.00,4.00,0.00,0.00,11534336.00,19922944.00,0.00,0.00,225280.00,261120.00
1493154440,1893376.00,156672.00,5132288.00,55679385.60,16.00,12.00,68.00,0.00,0.00,4.00,0.00,0.00,11534336.00,19922944.00,0.00,0.00,235520.00,270336.00
1493154441,1895424.00,156672.00,5132288.00,55679385.60,15.00,9.00,74.00,0.00,0.00,2.00,0.00,122880.00,8719360.00,15728640.00,0.00,0.00,183296.00,208896.00
1493154442,1895424.00,156672.00,5132288.00,55679385.60,11.00,11.00,75.00,0.00,0.00,3.00,0.00,73728.00,10485760.00,18874368.00,0.00,0.00,217088.00,248832.00
1493154443,1899520.00,156672.00,5132288.00,55679385.60,21.00,13.00,63.00,0.00,0.00,4.00,0.00,0.00,11534336.00,19922944.00,0.00,0.00,224256.00,262144.00
1493154444,1901568.00,156672.00,5132288.00,55679385.60,21.00,12.00,62.00,0.00,0.00,4.00,0.00,0.00,11534336.00,19922944.00,0.00,0.00,225280.00,262144.00
1493154445,1901568.00,156672.00,5132288.00,55679385.60,11.00,10.00,77.00,0.00,0.00,3.00,0.00,0.00,9323520.00,15728640.00,0.00,0.00,184320.00,214016.00
1493154446,1904640.00,156672.00,5132288.00,55679385.60,19.00,10.00,67.00,0.00,0.00,4.00,0.00,147456.00,10485760.00,17825792.00,0.00,0.00,208896.00,241664.00
1493154447,1904640.00,156672.00,5132288.00,55679385.60,15.00,12.00,70.00,0.00,0.00,4.00,0.00,40960.00,11534336.00,19922944.00,0.00,0.00,224256.00,257024.00
1493154448,1908736.00,156672.00,5132288.00,55679385.60,17.00,10.00,71.00,0.00,0.00,2.00,0.00,0.00,9943040.00,17825792.00,0.00,0.00,200704.00,230400.00
1493154449,1908736.00,156672.00,5132288.00,55679385.60,12.00,9.00,76.00,0.00,0.00,4.00,0.00,0.00,10031104.00,17825792.00,0.00,0.00,201728.00,231424.00
1493154450,1911808.00,156672.00,5132288.00,55679385.60,18.00,10.00,68.00,0.00,0.00,4.00,0.00,0.00,9956352.00,17825792.00,0.00,0.00,200704.00,231424.00
1493154451,1911808.00,156672.00,5132288.00,55679385.60,15.00,11.00,71.00,0.00,0.00,4.00,0.00,180224.00,10485760.00,18874368.00,0.00,0.00,221184.00,251904.00
1493154452,1914880.00,156672.00,5132288.00,55679385.60,14.00,7.00,76.00,0.00,0.00,3.00,0.00,0.00,8987648.00,15728640.00,0.00,0.00,183296.00,211968.00
1493154453,1917952.00,156672.00,5132288.00,55679385.60,19.00,10.00,67.00,0.00,0.00,3.00,0.00,0.00,10485760.00,18874368.00,0.00,0.00,209920.00,242688.00
1493154454,1917952.00,156672.00,5132288.00,55679385.60,12.00,9.00,75.00,0.00,0.00,3.00,0.00,0.00,10485760.00,17825792.00,0.00,0.00,206848.00,237568.00
1493154455,1922048.00,156672.00,5132288.00,55679385.60,15.00,6.00,76.00,0.00,0.00,2.00,0.00,0.00,8743936.00,15728640.00,0.00,0.00,179200.00,205824.00
1493154456,1922048.00,156672.00,5132288.00,55679385.60,13.00,9.00,75.00,0.00,0.00,3.00,0.00,147456.00,9762816.00,16777216.00,0.00,0.00,196608.00,225280.00
1493154457,1923072.00,156672.00,5132288.00,55679385.60,19.00,10.00,66.00,0.00,0.00,4.00,0.00,16384.00,10485760.00,18874368.00,0.00,0.00,209920.00,245760.00
1493154458,1923072.00,156672.00,5132288.00,55679385.60,16.00,14.00,67.00,0.00,0.00,3.00,0.00,0.00,11534336.00,20971520.00,0.00,0.00,233472.00,272384.00
1493154459,1927168.00,156672.00,5132288.00,55679385.60,18.00,9.00,69.00,0.00,0.00,4.00,0.00,0.00,10098688.00,17825792.00,0.00,0.00,209920.00,238592.00
1493154460,1927168.00,156672.00,5132288.00,55679385.60,10.00,7.00,80.00,0.00,0.00,3.00,0.00,0.00,9247744.00,15728640.00,0.00,0.00,188416.00,215040.00
1493154461,1930240.00,156672.00,5132288.00,55679385.60,21.00,11.00,64.00,0.00,0.00,4.00,0.00,147456.00,11534336.00,19922944.00,0.00,0.00,227328.00,265216.00
1493154462,1931264.00,156672.00,5132288.00,55679385.60,21.00,12.00,62.00,0.00,0.00,5.00,0.00,32768.00,11534336.00,19922944.00,0.00,0.00,228352.00,265216.00
1493154463,1932288.00,156672.00,5132288.00,55679385.60,12.00,8.00,77.00,0.00,0.00,3.00,0.00,0.00,9746432.00,16777216.00,0.00,0.00,202752.00,230400.00
1493154464,1936384.00,156672.00,5132288.00,55679385.60,14.00,11.00,71.00,0.00,0.00,3.00,0.00,0.00,9879552.00,16777216.00,0.00,0.00,195584.00,228352.00
1493154465,1936384.00,156672.00,5132288.00,55679385.60,15.00,13.00,69.00,0.00,0.00,4.00,0.00,0.00,11534336.00,19922944.00,0.00,0.00,227328.00,262144.00
1493154466,1937408.00,156672.00,5132288.00,55679385.60,21.00,11.00,63.00,0.00,0.00,4.00,0.00,147456.00,11534336.00,19922944.00,0.00,0.00,226304.00,265216.00
1493154467,1937408.00,156672.00,5132288.00,55679385.60,11.00,8.00,78.00,0.00,0.00,3.00,0.00,548864.00,9179136.00,15728640.00,0.00,0.00,188416.00,214016.00
1493154468,1941504.00,156672.00,5132288.00,55679385.60,18.00,9.00,68.00,0.00,0.00,4.00,0.00,0.00,10485760.00,18874368.00,0.00,0.00,210944.00,244736.00
1493154469,1944576.00,156672.00,5132288.00,55679385.60,21.00,10.00,64.00,0.00,0.00,4.00,0.00,0.00,11534336.00,19922944.00,0.00,0.00,227328.00,263168.00
1493154470,1944576.00,156672.00,5132288.00,55679385.60,14.00,9.00,73.00,0.00,0.00,4.00,0.00,0.00,11534336.00,18874368.00,0.00,0.00,221184.00,254976.00
1493154471,1947648.00,156672.00,5132288.00,55679385.60,15.00,7.00,75.00,0.00,0.00,2.00,0.00,204800.00,8638464.00,14680064.00,0.00,0.00,180224.00,204800.00
1493154472,1949696.00,156672.00,5132288.00,55679385.60,15.00,10.00,72.00,0.00,0.00,3.00,0.00,40960.00,11534336.00,19922944.00,0.00,0.00,230400.00,265216.00
1493154473,1950720.00,156672.00,5132288.00,55679385.60,20.00,11.00,65.00,0.00,0.00,4.00,0.00,0.00,11534336.00,19922944.00,0.00,0.00,226304.00,262144.00
1493154474,1954816.00,156672.00,5132288.00,55679385.60,19.00,11.00,66.00,0.00,0.00,4.00,0.00,0.00,10485760.00,18874368.00,0.00,0.00,210944.00,244736.00
1493154475,1954816.00,156672.00,5132288.00,55679385.60,11.00,6.00,80.00,0.00,0.00,2.00,0.00,0.00,8905728.00,15728640.00,0.00,0.00,186368.00,212992.00
1493154476,1958912.00,156672.00,5132288.00,55679385.60,19.00,11.00,65.00,0.00,0.00,5.00,0.00,122880.00,11534336.00,19922944.00,0.00,0.00,225280.00,260096.00
1493154477,1958912.00,156672.00,5132288.00,55679385.60,16.00,11.00,68.00,0.00,0.00,5.00,0.00,24576.00,11534336.00,19922944.00,0.00,0.00,225280.00,260096.00
1493154478,1960960.00,156672.00,5132288.00,55679385.60,19.00,10.00,68.00,0.00,0.00,4.00,0.00,0.00,10485760.00,17825792.00,0.00,0.00,204800.00,239616.00
1493154479,1960960.00,156672.00,5132288.00,55679385.60,12.00,10.00,75.00,0.00,0.00,4.00,0.00,0.00,10485760.00,17825792.00,0.00,0.00,203776.00,236544.00
1493154480,1966080.00,156672.00,5132288.00,55574528.00,16.00,8.00,72.00,0.00,0.00,4.00,0.00,0.00,9990144.00,17825792.00,0.00,0.00,215040.00,241664.00
1493154481,1965056.00,156672.00,5132288.00,55574528.00,11.00,8.00,77.00,0.00,0.00,3.00,0.00,147456.00,10059776.00,17825792.00,0.00,0.00,216064.00,242688.00
1493154482,1968128.00,156672.00,5132288.00,55574528.00,16.00,9.00,71.00,0.00,0.00,4.00,0.00,65536.00,10485760.00,17825792.00,0.00,0.00,209920.00,242688.00
1493154483,1971200.00,156672.00,5132288.00,55574528.00,17.00,9.00,71.00,0.00,0.00,3.00,0.00,0.00,9816064.00,16777216.00,0.00,0.00,193536.00,224256.00
1493154484,1971200.00,156672.00,5132288.00,55574528.00,14.00,11.00,71.00,0.00,0.00,4.00,0.00,0.00,11534336.00,19922944.00,0.00,0.00,233472.00,269312.00
1493154485,1973248.00,156672.00,5132288.00,55574528.00,17.00,9.00,71.00,0.00,0.00,4.00,0.00,0.00,10002432.00,17825792.00,0.00,0.00,209920.00,238592.00
1493154486,1974272.00,156672.00,5132288.00,55574528.00,11.00,9.00,76.00,0.00,0.00,3.00,0.00,163840.00,10019840.00,17825792.00,0.00,0.00,203776.00,232448.00
1493154487,1976320.00,156672.00,5132288.00,55574528.00,19.00,8.00,68.00,0.00,0.00,5.00,0.00,0.00,10485760.00,18874368.00,0.00,0.00,209920.00,246784.00
1493154488,1975296.00,156672.00,5132288.00,55574528.00,15.00,10.00,71.00,0.00,0.00,4.00,0.00,0.00,11534336.00,18874368.00,0.00,0.00,218112.00,253952.00
1493154489,1980416.00,156672.00,5132288.00,55574528.00,19.00,11.00,67.00,0.00,0.00,2.00,0.00,0.00,10485760.00,18874368.00,0.00,0.00,221184.00,253952.00
1493154490,1979392.00,156672.00,5132288.00,55574528.00,6.00,4.00,89.00,0.00,0.00,1.00,0.00,0.00,5797888.00,10136576.00,0.00,0.00,125952.00,142336.00
1493154491,1981440.00,156672.00,5132288.00,55574528.00,17.00,10.00,71.00,0.00,0.00,3.00,0.00,122880.00,9915392.00,16777216.00,0.00,0.00,203776.00,233472.00
1493154492,1982464.00,156672.00,5132288.00,55574528.00,15.00,10.00,70.00,0.00,0.00,4.00,0.00,16384.00,11534336.00,19922944.00,0.00,0.00,230400.00,264192.00
1493154493,1986560.00,156672.00,5132288.00,55574528.00,21.00,10.00,66.00,0.00,0.00,4.00,0.00,0.00,10485760.00,18874368.00,0.00,0.00,215040.00,250880.00
1493154494,1988608.00,156672.00,5132288.00,55574528.00,17.00,9.00,70.00,0.00,0.00,3.00,0.00,0.00,9845760.00,16777216.00,0.00,0.00,196608.00,226304.00
1493154495,1988608.00,156672.00,5132288.00,55574528.00,14.00,12.00,72.00,0.00,0.00,3.00,0.00,0.00,11534336.00,18874368.00,0.00,0.00,220160.00,254976.00
1493154496,1992704.00,156672.00,5132288.00,55574528.00,19.00,10.00,67.00,0.00,0.00,4.00,0.00,147456.00,10485760.00,18874368.00,0.00,0.00,214016.00,247808.00
1493154497,1992704.00,156672.00,5132288.00,55574528.00,15.00,10.00,71.00,0.00,0.00,4.00,0.00,573440.00,11534336.00,19922944.00,0.00,0.00,219136.00,253952.00
1493154498,1995776.00,156672.00,5132288.00,55574528.00,19.00,10.00,68.00,0.00,0.00,4.00,0.00,0.00,10485760.00,18874368.00,0.00,0.00,209920.00,245760.00
1493154499,1996800.00,156672.00,5132288.00,55574528.00,19.00,11.00,68.00,0.00,0.00,3.00,0.00,0.00,10485760.00,18874368.00,0.00,0.00,209920.00,245760.00
1493154500,1997824.00,156672.00,5132288.00,55574528.00,14.00,11.00,72.00,0.00,0.00,4.00,0.00,0.00,11534336.00,19922944.00,0.00,0.00,220160.00,256000.00
1493154501,2000896.00,156672.00,5132288.00,55574528.00,19.00,9.00,69.00,0.00,0.00,3.00,0.00,270336.00,9890816.00,16777216.00,0.00,0.00,191488.00,225280.00
1493154502,2000896.00,156672.00,5132288.00,55574528.00,15.00,12.00,68.00,0.00,0.00,5.00,0.00,0.00,11534336.00,20971520.00,0.00,0.00,234496.00,272384.00
1493154503,2003968.00,156672.00,5132288.00,55574528.00,18.00,8.00,70.00,0.00,0.00,4.00,0.00,0.00,9940992.00,17825792.00,0.00,0.00,195584.00,228352.00
1493154504,2002944.00,156672.00,5132288.00,55574528.00,13.00,10.00,72.00,0.00,0.00,5.00,0.00,0.00,11534336.00,19922944.00,0.00,0.00,221184.00,257024.00
1493154505,2006016.00,156672.00,5132288.00,55574528.00,18.00,9.00,69.00,0.00,0.00,3.00,0.00,0.00,10485760.00,18874368.00,0.00,0.00,207872.00,243712.00
1493154506,2009088.00,156672.00,5132288.00,55574528.00,18.00,12.00,67.00,0.00,0.00,3.00,0.00,131072.00,10485760.00,18874368.00,0.00,0.00,216064.00,251904.00
1493154507,2009088.00,156672.00,5132288.00,55574528.00,14.00,10.00,73.00,0.00,0.00,3.00,0.00,0.00,10217472.00,17825792.00,0.00,0.00,199680.00,233472.00
1493154508,2013184.00,156672.00,5132288.00,55574528.00,18.00,9.00,71.00,0.00,0.00,3.00,0.00,0.00,10485760.00,17825792.00,0.00,0.00,205824.00,237568.00
1493154509,2013184.00,156672.00,5132288.00,55574528.00,13.00,12.00,71.00,0.00,0.00,4.00,0.00,0.00,11534336.00,19922944.00,0.00,0.00,224256.00,260096.00
1493154510,2014208.00,156672.00,5132288.00,55574528.00,20.00,12.00,65.00,0.00,0.00,3.00,0.00,0.00,10485760.00,18874368.00,0.00,0.00,210944.00,245760.00
1493154511,2019328.00,156672.00,5132288.00,55574528.00,18.00,11.00,68.00,0.00,0.00,4.00,0.00,122880.00,10485760.00,18874368.00,0.00,0.00,211968.00,248832.00
1493154512,2019328.00,156672.00,5132288.00,55574528.00,14.00,8.00,75.00,0.00,0.00,3.00,0.00,0.00,10485760.00,17825792.00,0.00,0.00,203776.00,237568.00
1493154513,2021376.00,156672.00,5132288.00,55574528.00,20.00,12.00,64.00,0.00,0.00,4.00,0.00,0.00,11534336.00,19922944.00,0.00,0.00,226304.00,264192.00
1493154514,2021376.00,156672.00,5132288.00,55574528.00,15.00,12.00,70.00,0.00,0.00,3.00,0.00,0.00,11534336.00,19922944.00,0.00,0.00,218112.00,256000.00
1493154515,2023424.00,156672.00,5132288.00,55574528.00,18.00,9.00,71.00,0.00,0.00,3.00,0.00,0.00,10060800.00,17825792.00,0.00,0.00,196608.00,229376.00
1493154516,2027520.00,156672.00,5132288.00,55574528.00,20.00,9.00,67.00,0.00,0.00,5.00,0.00,122880.00,10485760.00,18874368.00,0.00,0.00,208896.00,244736.00
1493154517,2027520.00,156672.00,5132288.00,55574528.00,13.00,10.00,72.00,0.00,0.00,4.00,0.00,0.00,10485760.00,18874368.00,0.00,0.00,216064.00,251904.00
1493154518,2029568.00,156672.00,5132288.00,55574528.00,21.00,12.00,63.00,0.00,0.00,4.00,0.00,0.00,11534336.00,19922944.00,0.00,0.00,226304.00,262144.00
1493154519,2028544.00,156672.00,5132288.00,55574528.00,12.00,8.00,77.00,0.00,0.00,3.00,0.00,0.00,9537536.00,16777216.00,0.00,0.00,189440.00,218112.00
1493154520,2033664.00,156672.00,5132288.00,55574528.00,22.00,11.00,63.00,0.00,0.00,5.00,0.00,0.00,11534336.00,19922944.00,0.00,0.00,225280.00,263168.00
1493154521,2033664.00,156672.00,5132288.00,55574528.00,14.00,11.00,71.00,0.00,0.00,4.00,0.00,139264.00,10485760.00,18874368.00,0.00,0.00,218112.00,251904.00
1493154522,2035712.00,156672.00,5132288.00,55574528.00,16.00,10.00,70.00,0.00,0.00,4.00,0.00,0.00,10485760.00,17825792.00,0.00,0.00,210944.00,243712.00
1493154523,2039808.00,156672.00,5132288.00,55574528.00,16.00,9.00,72.00,0.00,0.00,3.00,0.00,0.00,9445376.00,16777216.00,0.00,0.00,191488.00,220160.00
1493154524,2039808.00,156672.00,5132288.00,55574528.00,15.00,10.00,73.00,0.00,0.00,3.00,0.00,0.00,10485760.00,18874368.00,0.00,0.00,217088.00,250880.00
1493154525,2041856.00,156672.00,5132288.00,55574528.00,21.00,10.00,66.00,0.00,0.00,3.00,0.00,0.00,11534336.00,19922944.00,0.00,0.00,225280.00,259072.00
1493154526,2041856.00,156672.00,5132288.00,55574528.00,14.00,10.00,72.00,0.00,0.00,4.00,0.00,122880.00,10485760.00,18874368.00,0.00,0.00,217088.00,249856.00
1493154527,2043904.00,156672.00,5132288.00,55574528.00,16.00,7.00,74.00,0.00,0.00,3.00,0.00,57344.00,9603072.00,16777216.00,0.00,0.00,191488.00,222208.00
1493154528,2043904.00,156672.00,5132288.00,55574528.00,14.00,11.00,71.00,0.00,0.00,4.00,0.00,0.00,10485760.00,18874368.00,0.00,0.00,217088.00,249856.00
1493154529,2048000.00,156672.00,5132288.00,55574528.00,21.00,10.00,64.00,0.00,0.00,4.00,0.00,0.00,11534336.00,19922944.00,0.00,0.00,222208.00,259072.00
1493154530,2049024.00,156672.00,5132288.00,55574528.00,17.00,9.00,71.00,0.00,0.00,2.00,0.00,0.00,9657344.00,16777216.00,0.00,0.00,194560.00,224256.00
1493154531,2050048.00,156672.00,5132288.00,55574528.00,14.00,9.00,74.00,0.00,0.00,4.00,0.00,163840.00,10485760.00,17825792.00,0.00,0.00,201728.00,235520.00
