--Probe dump file for probe: org.yardstickframework.probes.ThroughputLatencyProbe@4d8539de (class org.yardstickframework.probes.ThroughputLatencyProbe)
--Created Tue Apr 25 21:02:51 UTC 2017
--Benchmark config: BenchmarkConfiguration [memberId='0', driverNames='[IgnitePutTxImplicitBenchmark]', serverName='IgniteNode', threads=64, duration=300, warmup=60, dfltProbeClsNames=[ThroughputLatencyProbe, PercentileProbe, DStatProbe], propsFileName='yardstick/config/run.properties', packages=[org.yardstickframework, org.apache.ignite.yardstick], cmdArgs=[--outputFolder, /home/ubuntu/date-2504-204359-s-4-c-1-ver-2.0.0-SNAPSHOT-0be92732/yardstick/bin/../output/results-20170425-204411, -id, 0, -cfg, /home/ubuntu/date-2504-204359-s-4-c-1-ver-2.0.0-SNAPSHOT-0be92732/yardstick/bin/../config/ignite-config.xml, -nn, 5, -b, 1, -w, 60, -d, 300, -t, 64, -sm, FULL_SYNC, --client, -dn, IgnitePutTxImplicitBenchmark, -sn, IgniteNode, -ds, 2.0.0-SNAPSHOT-0be92732-tx-optimistic-put-1-backup, --config, yardstick/config/run.properties, --logsFolder, /home/ubuntu/date-2504-204359-s-4-c-1-ver-2.0.0-SNAPSHOT-0be92732/yardstick/bin/../output/logs-20170425-204411/logs_drivers, --currentFolder, /home/ubuntu/date-2504-204359-s-4-c-1-ver-2.0.0-SNAPSHOT-0be92732, --scriptsFolder, /home/ubuntu/date-2504-204359-s-4-c-1-ver-2.0.0-SNAPSHOT-0be92732/yardstick/bin], probeWriter='null', customProps={ver=2.0.0-SNAPSHOT-0be92732- , b=1, d=300, SERVER_HOSTS=172.31.45.250,172.31.38.80,172.31.41.141,172.31.42.161, now0=`date +'%H%M%S'`, j=10, nodesNum=$((`echo ${SERVER_HOSTS} | tr ',' '' | wc -l` + `echo ${DRIVER_HOSTS} | tr ',' '' | wc -l`)), JVM_OPTS=${JVM_OPTS}" -Xms6g -Xmx6g -Xloggc:./gc${now0}.log -XX:+PrintGCDetails -verbose:gc -XX:+UseParNewGC -XX:+UseConcMarkSweepGC ", CONFIGS="-cfg ${SCRIPT_DIR}/../config/ignite-config.xml -nn ${nodesNum} -b ${b} -w ${w} -d ${d} -t ${t} -sm ${sm}  --client -dn IgnitePutBenchmark -sn IgniteNode -wom PRIMARY -ds ${ver}atomic-put-${b}-backup,-cfg ${SCRIPT_DIR}/../config/ignite-config.xml -nn ${nodesNum} -b ${b} -w ${w} -d ${d} -t ${t} -sm ${sm}  --client -dn IgnitePutGetBenchmark -sn IgniteNode -wom PRIMARY -ds ${ver}atomic-put-get-${b}-backup,-cfg ${SCRIPT_DIR}/../config/ignite-config.xml -nn ${nodesNum} -b ${b} -w ${w} -d ${d} -t ${t} -sm ${sm} -bs 6  --client -dn IgnitePutGetBatchBenchmark -wom PRIMARY -sn IgniteNode -ds ${ver}atomic-put-get-bs-6-${b}-backup,-cfg ${SCRIPT_DIR}/../config/ignite-config.xml -nn ${nodesNum} -b ${b} -w ${w} -d ${d} -t ${t} -sm ${sm}  --client -dn IgnitePutTxImplicitBenchmark -sn IgniteNode -ds ${ver}tx-optimistic-put-${b}-backup,-cfg ${SCRIPT_DIR}/../config/ignite-config.xml -nn ${nodesNum} -b ${b} -w ${w} -d ${d} -t ${t} -sm ${sm} -txc OPTIMISTIC  --client -dn IgnitePutGetTxBenchmark -sn IgniteNode -ds ${ver}tx-optim-repRead-put-get-${b}-backup,-cfg ${SCRIPT_DIR}/../config/ignite-config.xml -nn ${nodesNum} -b ${b} -w ${w} -d ${d} -t ${t} -sm ${sm} -txc PESSIMISTIC  --client -dn IgnitePutGetTxBenchmark -sn IgniteNode -ds ${ver}tx-pessim-repRead-put-get-${b}-backup,-cfg ${SCRIPT_DIR}/../config/ignite-config.xml -nn ${nodesNum} -b ${b} -w ${w} -d ${d} -t ${t} -sm ${sm} -txc OPTIMISTIC -txi SERIALIZABLE  --client -dn IgnitePutGetTxBenchmark -sn IgniteNode -ds ${ver}tx-opt-serial-put-get-${b}-backup,-cfg ${SCRIPT_DIR}/../config/ignite-config.xml -nn ${nodesNum} -b ${b} -w ${w} -d ${d} -t ${t} -sm ${sm}  --client -dn IgniteSqlQueryBenchmark -sn IgniteNode -ds ${ver}sql-query-${b}-backup,-cfg ${SCRIPT_DIR}/../config/ignite-config.xml -nn ${nodesNum} -b ${b} -w ${w} -d ${d} -t ${t} -sm ${sm}  --client -dn IgniteSqlQueryPutBenchmark -sn IgniteNode -ds ${ver}sql-query-put-${b}-backup,-cfg ${SCRIPT_DIR}/../config/ignite-config.xml -nn ${nodesNum} -b ${b} -w ${w} -d ${d} -t ${t} -sm ${sm} -bs 6  --client -dn IgnitePutAllBenchmark -wom PRIMARY -sn IgniteNode -ds ${ver}atomic-putAll-bs-6-${b}-backup,-cfg ${SCRIPT_DIR}/../config/ignite-config.xml -nn ${nodesNum} -b ${b} -w ${w} -d ${d} -t ${t} -sm ${sm} -bs 6  --client -dn IgnitePutAllTxBenchmark -sn IgniteNode -ds ${ver}tx-putAll-bs-6-${b}-backup,-cfg ${SCRIPT_DIR}/../config/ignite-config.xml -nn ${nodesNum} -b ${b} -w ${w} -d ${d} -t ${t} -sm ${sm} -bs 6  --client -dn IgnitePutAllSerializableTxBenchmark -sn IgniteNode -ds ${ver}tx-putAllSerializable-bs-6-${b}-backup,-cfg ${SCRIPT_DIR}/../config/ignite-config.xml -nn ${nodesNum} -b ${b} -w ${w} -d ${d} -t ${t} -sm ${sm} -bs 6 -txc OPTIMISTIC   --client -dn IgniteGetAllPutAllTxBenchmark -sn IgniteNode -ds ${ver}tx-optimistic-getAllPutAll-bs-6-${b}-backup,-cfg ${SCRIPT_DIR}/../config/ignite-config.xml -nn ${nodesNum} -b ${b} -w ${w} -d ${d} -t ${t} -sm ${sm} -bs 6 -txc PESSIMISTIC  --client -dn IgniteGetAllPutAllTxBenchmark -sn IgniteNode -ds ${ver}tx-pessimistic-getAllPutAll-bs-6-${b}-backup,-cfg ${SCRIPT_DIR}/../config/ignite-config.xml -nn ${nodesNum} -b ${b} -w ${w} -d ${d} -t ${t} -sm ${sm} -bs 6 -txc OPTIMISTIC -txi SERIALIZABLE  --client -dn IgniteGetAllPutAllTxBenchmark -sn IgniteNode -ds ${ver}tx-opt-serializable-getAllPutAll-bs-6-${b}-backup,", DRIVER_HOSTS=172.31.46.6, t=64, BENCHMARK_PACKAGES=org.yardstickframework,org.apache.ignite.yardstick, w=60, sm=FULL_SYNC, AUTO_COPY=false, RESTART_SERVERS=true}, shutdownHook=true, currentFolder=/home/ubuntu/date-2504-204359-s-4-c-1-ver-2.0.0-SNAPSHOT-0be92732, scriptsFolder=/home/ubuntu/date-2504-204359-s-4-c-1-ver-2.0.0-SNAPSHOT-0be92732/yardstick/bin, logsFolder=/home/ubuntu/date-2504-204359-s-4-c-1-ver-2.0.0-SNAPSHOT-0be92732/yardstick/bin/../output/logs-20170425-204411/logs_drivers, outputFolder=/home/ubuntu/date-2504-204359-s-4-c-1-ver-2.0.0-SNAPSHOT-0be92732/yardstick/bin/../output/results-20170425-204411, outputWriter=java.io.PrintStream@4f7f7938, errorWriter=java.io.PrintStream@41b88ea7, descriptions=[2.0.0-SNAPSHOT-0be92732-tx-optimistic-put-1-backup], hostName=]
--Description: 2.0.0-SNAPSHOT-0be92732-tx-optimistic-put-1-backup
@@IgnitePutTxImplicitBenchmark
**"Time, sec","Operations/sec (more is better)","Latency, nsec (less is better)"
1493154232,54855.00,1162614.98
1493154233,59534.00,1073084.16
1493154234,59696.00,1070353.66
1493154235,66964.00,954194.81
1493154236,54037.00,1183045.95
1493154237,62000.00,1030298.52
1493154238,60232.00,1061938.42
1493154239,63455.00,1007686.11
1493154240,51235.00,1248167.19
1493154241,55248.00,1157290.86
1493154242,56201.00,1137750.14
1493154243,55550.00,1151184.17
1493154244,50402.00,1268925.32
1493154245,63934.00,1000039.65
1493154246,59857.00,1068275.72
1493154247,61563.00,985644.70
1493154248,64576.00,1040883.40
1493154249,62590.00,1021689.54
1493154250,60970.00,1048901.88
1493154251,59665.00,1071851.08
1493154252,66576.00,960412.29
1493154253,65254.00,980004.62
1493154254,59381.00,1076743.77
1493154255,59419.00,1076485.63
1493154256,61979.00,1031762.14
1493154257,66473.00,962083.43
1493154258,57850.00,1105301.53
1493154259,63896.00,1000686.97
1493154260,62949.00,1015873.52
1493154261,66822.00,957121.11
1493154262,54298.00,1177849.01
1493154263,64916.00,985091.42
1493154264,64619.00,988871.52
1493154265,66317.00,964292.18
1493154266,53208.00,1202216.22
1493154268,65749.00,972512.95
1493154269,67194.00,951721.27
1493154270,57891.00,1104580.39
1493154271,59841.00,1068706.52
1493154272,65292.00,979493.14
1493154273,69412.00,921179.23
1493154274,57641.00,1109546.56
1493154275,57826.00,1106075.18
1493154276,69182.00,924339.47
1493154277,62792.00,1015002.29
1493154278,60668.00,1057674.03
1493154279,60869.00,1050614.39
1493154280,66327.00,940558.46
1493154281,59543.00,1111768.06
1493154282,62381.00,1025163.99
1493154283,64442.00,992325.39
1493154284,66066.00,968049.61
1493154285,54637.00,1164958.68
1493154286,65586.00,979551.69
1493154287,59729.00,1070889.83
1493154288,60121.00,1012615.93
1493154289,60519.00,1107621.02
1493154290,68651.00,931492.11
1493154291,59869.00,1068187.98
1493154292,54471.00,1174133.84
1493154293,65099.00,982412.32
1493154294,66654.00,959316.31
1493154295,64543.00,990834.70
1493154296,52189.00,1225697.93
1493154297,69600.00,918520.16
1493154298,62967.00,982175.64
1493154299,59828.00,1093059.71
1493154300,63476.00,1018146.95
1493154301,60054.00,1064904.79
1493154302,60903.00,1050078.28
1493154303,44800.00,1428125.59
1493154304,68878.00,928330.63
1493154305,65217.00,980503.22
1493154306,56237.00,1137202.34
1493154307,45832.00,1395888.50
1493154308,68738.00,930178.64
1493154309,61783.00,1035104.77
1493154310,59130.00,1081678.71
1493154311,47209.00,1354969.64
1493154312,66560.00,960486.90
1493154313,68865.00,928892.24
1493154314,57276.00,1116474.98
1493154315,59731.00,1070920.23
1493154316,66569.00,960659.20
1493154317,65547.00,975589.04
1493154318,56009.00,1141994.50
1493154319,62314.00,1026203.85
1493154320,69729.00,917033.08
1493154321,61277.00,1043520.35
1493154322,60107.00,1064217.51
1493154323,61594.00,1038268.90
1493154324,65223.00,980444.15
1493154325,53865.00,1187290.87
1493154326,62078.00,1030302.63
1493154327,64468.00,991873.22
1493154328,61391.00,1041941.37
1493154329,59538.00,1074049.83
1493154330,64681.00,988474.46
1493154331,60699.00,1053965.59
1493154332,65328.00,978890.12
1493154333,57852.00,1105310.17
1493154334,70161.00,911533.39
1493154335,62528.00,1022785.20
1493154336,52231.00,1184472.34
1493154337,66065.00,1001339.68
1493154338,64971.00,984389.97
1493154339,59781.00,1069715.03
1493154340,57011.00,1122019.20
1493154341,68339.00,935618.06
1493154342,66545.00,961059.18
1493154343,58185.00,1099182.80
1493154344,59690.00,1071424.38
1493154345,65969.00,969358.95
1493154346,64797.00,986907.06
1493154347,53198.00,1200570.74
1493154348,67677.00,915576.59
1493154349,69621.00,955682.77
1493154350,63167.00,1012403.39
1493154351,56055.00,1141083.61
1493154352,66831.00,956832.22
1493154353,65053.00,983009.80
1493154354,59724.00,1010785.26
1493154355,61396.00,1100082.77
1493154356,70123.00,911932.99
1493154357,62827.00,1017865.23
1493154358,60890.00,1050369.95
1493154359,63092.00,1013501.98
1493154360,63071.00,1014059.50
1493154361,60075.00,1064410.03
1493154362,57180.00,1118568.56
1493154363,64869.00,985822.92
1493154364,63285.00,1010551.32
1493154365,60255.00,1061409.63
1493154366,66784.00,957514.84
1493154367,52045.00,1228881.82
1493154368,52656.00,1214709.28
1493154369,57244.00,1117338.16
1493154370,69181.00,924246.66
1493154371,55821.00,1145886.19
1493154372,69589.00,918814.93
1493154373,58120.00,1100434.98
1493154374,67545.00,946736.01
1493154375,59430.00,1076064.71
1493154376,63432.00,1008129.72
1493154377,64111.00,997618.62
1493154378,60807.00,1051759.14
1493154379,61790.00,1035068.44
1493154380,55770.00,1146773.79
1493154381,66701.00,958494.00
1493154382,64465.00,992120.02
1493154383,62765.00,1019041.39
1493154384,60489.00,1057163.38
1493154385,63105.00,1013500.58
1493154386,64999.00,976302.83
1493154387,58055.00,1084801.49
1493154388,64918.00,1033397.79
1493154389,65526.00,976000.61
1493154390,67250.00,950936.57
1493154391,54524.00,1173116.06
1493154392,61629.00,1037822.49
1493154393,67246.00,950919.07
1493154394,58716.00,1086450.10
1493154395,47186.00,1359044.92
1493154396,64995.00,983975.03
1493154397,66117.00,967152.88
1493154398,63699.00,969598.85
1493154399,58120.00,1105534.03
1493154400,65143.00,1010718.99
1493154401,68100.00,939001.78
1493154402,57624.00,1109912.40
1493154403,60402.00,1058797.88
1493154404,64851.00,986166.31
1493154405,63213.00,1006949.72
1493154406,62921.00,1025326.22
1493154407,60133.00,1090191.30
1493154408,70303.00,909495.43
1493154409,56677.00,1128447.37
1493154410,65314.00,979164.50
1493154411,62622.00,1021244.68
1493154412,67280.00,950524.79
1493154413,60252.00,1056440.41
1493154414,63403.00,1013347.96
1493154415,65305.00,979217.61
1493154416,61323.00,1013835.80
1493154417,59566.00,1103716.87
1493154418,70196.00,910829.09
1493154419,63426.00,1008323.67
1493154420,57641.00,1051484.73
1493154421,59259.00,1135766.14
1493154422,65335.00,978805.35
1493154423,58014.00,1050205.52
1493154424,55746.00,1201751.94
1493154425,68236.00,937106.16
1493154426,64769.00,987401.61
1493154427,57649.00,1067473.18
1493154428,59943.00,1107242.22
1493154429,57370.00,1114754.34
1493154430,59412.00,1076624.63
1493154431,54577.00,1171750.17
1493154432,61561.00,1038810.96
1493154433,65945.00,969821.43
1493154434,68826.00,929112.49
1493154435,47827.00,1337466.25
1493154436,69833.00,915638.73
1493154437,67229.00,951185.06
1493154438,61821.00,1007306.60
1493154439,57332.00,1144722.35
1493154440,64914.00,985307.45
1493154441,67982.00,940440.24
1493154442,49757.00,1285635.50
1493154443,64037.00,998709.36
1493154444,66830.00,956836.37
1493154445,66768.00,957843.78
1493154446,52707.00,1213435.03
1493154447,62954.00,1015831.48
1493154448,64302.00,994414.19
1493154449,56699.00,1127864.89
1493154450,59550.00,1074149.32
1493154451,58907.00,1085622.76
1493154452,59884.00,1068022.76
1493154453,55745.00,1147560.55
1493154454,61845.00,1034025.09
1493154455,56584.00,1130385.39
1493154456,52782.00,1211804.23
1493154457,57904.00,1104537.70
1493154458,62421.00,1024591.15
1493154459,66978.00,917233.07
1493154460,58912.00,1096823.95
1493154461,56148.00,1172057.90
1493154462,67218.00,951395.12
1493154463,65938.00,960207.53
1493154464,57387.00,1125461.78
1493154465,57579.00,1110726.47
1493154466,67210.00,951514.50
1493154467,65118.00,946795.24
1493154468,55290.00,1198312.89
1493154469,62253.00,1027195.31
1493154470,67059.00,953630.28
1493154471,64052.00,992034.09
1493154472,50162.00,1283146.45
1493154473,67162.00,952150.51
1493154474,66747.00,958163.37
1493154475,60613.00,1032589.04
1493154476,53062.00,1231006.28
1493154477,65338.00,978770.46
1493154478,64421.00,992764.18
1493154479,62883.00,1017097.73
1493154480,60269.00,1060960.35
1493154481,56613.00,1129704.11
1493154482,59288.00,1079022.65
1493154483,55927.00,1143377.07
1493154484,62264.00,1027160.41
1493154485,66265.00,964994.19
1493154486,58790.00,1087900.24
1493154487,58377.00,1095589.13
1493154488,62220.00,1027894.47
1493154489,64339.00,993911.68
1493154490,57128.00,1118634.30
1493154491,37700.00,1698303.94
1493154492,58960.00,1084655.50
1493154493,63749.00,1001470.83
1493154494,65208.00,1015182.59
1493154495,61331.00,1042801.33
1493154496,65253.00,979945.97
1493154497,63212.00,1011734.63
1493154498,62938.00,982514.25
1493154499,65283.00,1011921.85
1493154500,58315.00,1096712.95
1493154501,69174.00,924487.87
1493154502,57868.00,1105256.90
1493154503,69705.00,917321.86
1493154504,58059.00,1101601.44
1493154505,63186.00,1012100.19
1493154506,64062.00,998301.56
1493154507,60597.00,1055304.55
1493154508,63963.00,999818.23
1493154509,57132.00,1119565.32
1493154510,69501.00,920099.07
1493154511,62210.00,1027928.53
1493154512,62129.00,1011293.17
1493154513,62191.00,1046513.09
1493154514,63301.00,1010138.84
1493154515,69675.00,917779.40
1493154516,56583.00,1094110.09
1493154517,64943.00,1016254.98
1493154518,63543.00,1006471.06
1493154519,67320.00,949959.76
1493154520,55443.00,1153593.35
1493154521,62296.00,1026633.91
1493154522,65186.00,980919.50
1493154523,62460.00,1023646.57
1493154524,54916.00,1164251.34
1493154525,62687.00,1020697.48
1493154526,64608.00,989919.53
1493154527,58344.00,1096020.23
1493154528,60925.00,1049633.04
1493154529,63675.00,1004570.19
1493154530,65665.00,973821.77
1493154531,55798.00,1146165.12
1493154532,60371.00,1059267.17
