--Probe dump file for probe: org.yardstickframework.probes.DStatProbe@4007f65e (class org.yardstickframework.probes.DStatProbe)
--Created Tue Apr 25 22:43:31 UTC 2017
--Benchmark config: BenchmarkConfiguration [memberId='0', driverNames='[HazelcastSetGetTxOptimisticBenchmark]', serverName='HazelcastNode', threads=64, duration=300, warmup=60, dfltProbeClsNames=[ThroughputLatencyProbe, PercentileProbe, DStatProbe], propsFileName='yardstick/config/run.properties', packages=[org.yardstickframework], cmdArgs=[--outputFolder, /home/ubuntu/date-2504-221749-s-4-c-1-ver-3.8.1-f1e9264/yardstick/bin/../output/results-20170425-221800, -id, 0, -hzcfg, /home/ubuntu/date-2504-221749-s-4-c-1-ver-3.8.1-f1e9264/yardstick/bin/../config/hz-config.xml, --hzClientConfig, /home/ubuntu/date-2504-221749-s-4-c-1-ver-3.8.1-f1e9264/yardstick/bin/../config/hz-client-config.xml, --clientMode, -nn, 4, -b, 1, -w, 60, -d, 300, -t, 64, --syncBackups, --readBackups, -dn, HazelcastSetGetTxOptimisticBenchmark, -sn, HazelcastNode, -ds, 3.8.1-f1e9264-tx-set-get-opt-1-backup, --config, yardstick/config/run.properties, --logsFolder, /home/ubuntu/date-2504-221749-s-4-c-1-ver-3.8.1-f1e9264/yardstick/bin/../output/logs-20170425-221800/logs_drivers, --currentFolder, /home/ubuntu/date-2504-221749-s-4-c-1-ver-3.8.1-f1e9264, --scriptsFolder, /home/ubuntu/date-2504-221749-s-4-c-1-ver-3.8.1-f1e9264/yardstick/bin], probeWriter='null', customProps={ver=3.8.1-f1e9264-, b=1, d=300, SERVER_HOSTS=172.31.45.250,172.31.38.80,172.31.41.141,172.31.42.161, now0=`date +'%H%M%S'`, nodesNum=$((`echo ${SERVER_HOSTS} | tr ',' '' | wc -l`)), JVM_OPTS=${JVM_OPTS}" -Xms6g -Xmx6g -Xloggc:./gc${now0}.log -XX:+PrintGCDetails -verbose:gc -XX:+UseParNewGC -XX:+UseConcMarkSweepGC ", CONFIGS="-hzcfg ${SCRIPT_DIR}/../config/hz-config.xml --hzClientConfig ${SCRIPT_DIR}/../config/hz-client-config.xml --clientMode -nn ${nodesNum} -b ${b} -w ${w} -d ${d} -t ${t}  ${sm} --readBackups -dn HazelcastSetBenchmark -sn HazelcastNode -ds ${ver}atomic-set-1-backup,-hzcfg ${SCRIPT_DIR}/../config/hz-config.xml --hzClientConfig ${SCRIPT_DIR}/../config/hz-client-config.xml --clientMode -nn ${nodesNum} -b ${b} -w ${w} -d ${d} -t ${t}  ${sm} --readBackups -dn HazelcastSetGetBenchmark -sn HazelcastNode -ds ${ver}atomic-set-get-1-backup,-hzcfg ${SCRIPT_DIR}/../config/hz-config.xml --hzClientConfig ${SCRIPT_DIR}/../config/hz-client-config.xml --clientMode -nn ${nodesNum} -b ${b} -w ${w} -d ${d} -t ${t}  ${sm} --readBackups -bs 6 -dn HazelcastPutGetBatchBenchmark -sn HazelcastNode -ds ${ver}atomic-set-get-bs-6-1-backup,-hzcfg ${SCRIPT_DIR}/../config/hz-config.xml --hzClientConfig ${SCRIPT_DIR}/../config/hz-client-config.xml --clientMode -nn ${nodesNum} -b ${b} -w ${w} -d ${d} -t ${t}  ${sm} --readBackups -dn HazelcastSetTxBenchmark -sn HazelcastNode -ds ${ver}tx-set-pessimistic-1-backup,-hzcfg ${SCRIPT_DIR}/../config/hz-config.xml --hzClientConfig ${SCRIPT_DIR}/../config/hz-client-config.xml --clientMode -nn ${nodesNum} -b ${b} -w ${w} -d ${d} -t ${t}  ${sm} --readBackups -dn HazelcastSetGetTxOptimisticBenchmark -sn HazelcastNode -ds ${ver}tx-set-get-opt-1-backup,-hzcfg ${SCRIPT_DIR}/../config/hz-config.xml --hzClientConfig ${SCRIPT_DIR}/../config/hz-client-config.xml --clientMode -nn ${nodesNum} -b ${b} -w ${w} -d ${d} -t ${t}  ${sm} --readBackups -dn HazelcastSetGetTxPessimisticBenchmark -sn HazelcastNode -ds ${ver}tx-set-get-pes-1-backup,-hzcfg ${SCRIPT_DIR}/../config/hz-config.xml --hzClientConfig ${SCRIPT_DIR}/../config/hz-client-config.xml --clientMode -nn ${nodesNum} -b ${b} -w ${w} -d ${d} -t ${t}  ${sm} --readBackups -dn HazelcastSqlQueryBenchmark -sn HazelcastNode -ds ${ver}sql-query-1-backup,-hzcfg ${SCRIPT_DIR}/../config/hz-config.xml --hzClientConfig ${SCRIPT_DIR}/../config/hz-client-config.xml --clientMode -nn ${nodesNum} -b ${b} -w ${w} -d ${d} -t ${t}  ${sm} --readBackups -dn HazelcastSqlQuerySetBenchmark -sn HazelcastNode -ds ${ver}sql-query-set-1-backup,-hzcfg ${SCRIPT_DIR}/../config/hz-config.xml --hzClientConfig ${SCRIPT_DIR}/../config/hz-client-config.xml --clientMode -nn ${nodesNum} -b ${b} -w ${w} -d ${d} -t ${t}  ${sm} --readBackups -bs 6 -dn HazelcastPutAllBenchmark -sn HazelcastNode -ds ${ver}atomic-setAll-bs-6-1-backup,-hzcfg ${SCRIPT_DIR}/../config/hz-config.xml --hzClientConfig ${SCRIPT_DIR}/../config/hz-client-config.xml --clientMode -nn ${nodesNum} -b ${b} -w ${w} -d ${d} -t ${t}  ${sm} --readBackups -bs 6 -dn HazelcastSetAllTxBenchmark -sn HazelcastNode -ds ${ver}tx-setAll-bs-6-1-backup,-hzcfg ${SCRIPT_DIR}/../config/hz-config.xml --hzClientConfig ${SCRIPT_DIR}/../config/hz-client-config.xml --clientMode -nn ${nodesNum} -b ${b} -w ${w} -d ${d} -t ${t}  ${sm} --readBackups -bs 6 -dn HazelcastGetAllSetAllTxOptimisticBenchmark -sn HazelcastNode -ds ${ver}tx-optimistic-getAllSetAll-bs-6-1-backup,-hzcfg ${SCRIPT_DIR}/../config/hz-config.xml --hzClientConfig ${SCRIPT_DIR}/../config/hz-client-config.xml --clientMode -nn ${nodesNum} -b ${b} -w ${w} -d ${d} -t ${t}  ${sm} --readBackups -bs 6 -dn HazelcastGetAllSetAllTxPessimisticBenchmark -sn HazelcastNode -ds ${ver}tx-pessimistic-getAllSetAll-bs-6-1-backup,", DRIVER_HOSTS=172.31.46.6, t=64, BENCHMARK_PACKAGES=org.yardstickframework, w=60, BENCHMARK_LABEL=hazelcast, sm="--syncBackups", AUTO_COPY=false, RESTART_SERVERS=true}, shutdownHook=true, currentFolder=/home/ubuntu/date-2504-221749-s-4-c-1-ver-3.8.1-f1e9264, scriptsFolder=/home/ubuntu/date-2504-221749-s-4-c-1-ver-3.8.1-f1e9264/yardstick/bin, logsFolder=/home/ubuntu/date-2504-221749-s-4-c-1-ver-3.8.1-f1e9264/yardstick/bin/../output/logs-20170425-221800/logs_drivers, outputFolder=/home/ubuntu/date-2504-221749-s-4-c-1-ver-3.8.1-f1e9264/yardstick/bin/../output/results-20170425-221800, outputWriter=java.io.PrintStream@3a92b7c2, errorWriter=java.io.PrintStream@3ead2448, descriptions=[3.8.1-f1e9264-tx-set-get-opt-1-backup], hostName=]
--Description: 3.8.1-f1e9264-tx-set-get-opt-1-backup
@@HazelcastSetGetTxOptimisticBenchmark
**"Time, sec","Memory Used, KB","Memory Buffered, KB","Memory Cached, KB","Memory Free, KB","CPU User, %","CPU System, %","CPU Idle, %","CPU Wait, %","CPU Hardware Interrupts","CPU Software Interrupts","Disk Read, B","Disk Write, B","Network Receive, B","Network Send, B","Page In, B","Page Out, B","System Interrupts, per sec","System Context Switches, per sec"
1493160272,1186816.00,161792.00,5303296.00,56203673.60,2.00,1.00,97.00,0.00,0.00,0.00,0.00,0.00,5877760.00,9585664.00,0.00,0.00,208896.00,214016.00
1493160273,1187840.00,161792.00,5303296.00,56203673.60,1.00,1.00,97.00,0.00,0.00,1.00,0.00,106496.00,6927360.00,11534336.00,0.00,0.00,235520.00,244736.00
1493160274,1186816.00,161792.00,5303296.00,56203673.60,1.00,1.00,97.00,0.00,0.00,0.00,0.00,0.00,6988800.00,11534336.00,0.00,0.00,244736.00,249856.00
1493160275,1187840.00,161792.00,5303296.00,56203673.60,3.00,1.00,95.00,0.00,0.00,0.00,0.00,0.00,6914048.00,11534336.00,0.00,0.00,237568.00,246784.00
1493160276,1187840.00,161792.00,5303296.00,56203673.60,1.00,1.00,98.00,0.00,0.00,0.00,0.00,229376.00,6961152.00,11534336.00,0.00,0.00,237568.00,246784.00
1493160277,1186816.00,161792.00,5303296.00,56203673.60,1.00,1.00,98.00,0.00,0.00,0.00,0.00,0.00,6728704.00,10485760.00,0.00,0.00,230400.00,239616.00
1493160278,1187840.00,161792.00,5303296.00,56203673.60,2.00,1.00,96.00,0.00,0.00,0.00,0.00,491520.00,5948416.00,9638912.00,0.00,0.00,208896.00,214016.00
1493160279,1187840.00,161792.00,5303296.00,56203673.60,0.00,1.00,98.00,0.00,0.00,0.00,0.00,0.00,6984704.00,11534336.00,0.00,0.00,242688.00,248832.00
1493160280,1187840.00,161792.00,5303296.00,56203673.60,1.00,1.00,98.00,0.00,0.00,0.00,0.00,0.00,7069696.00,11534336.00,0.00,0.00,241664.00,249856.00
1493160281,1187840.00,161792.00,5303296.00,56203673.60,2.00,2.00,96.00,0.00,0.00,0.00,0.00,147456.00,6782976.00,10485760.00,0.00,0.00,234496.00,240640.00
1493160282,1186816.00,161792.00,5303296.00,56203673.60,0.00,2.00,97.00,0.00,0.00,1.00,0.00,0.00,7061504.00,11534336.00,0.00,0.00,246784.00,251904.00
1493160283,1186816.00,161792.00,5303296.00,56203673.60,0.00,1.00,99.00,0.00,0.00,0.00,0.00,0.00,6462464.00,10485760.00,0.00,0.00,221184.00,229376.00
1493160284,1187840.00,161792.00,5303296.00,56203673.60,2.00,1.00,96.00,0.00,0.00,1.00,0.00,0.00,6276096.00,10144768.00,0.00,0.00,219136.00,225280.00
1493160285,1187840.00,161792.00,5303296.00,56203673.60,0.00,2.00,97.00,0.00,0.00,0.00,0.00,0.00,6766592.00,10485760.00,0.00,0.00,237568.00,242688.00
1493160286,1187840.00,161792.00,5303296.00,56203673.60,0.00,1.00,99.00,0.00,0.00,0.00,0.00,122880.00,5448704.00,8806400.00,0.00,0.00,202752.00,203776.00
1493160287,1187840.00,161792.00,5303296.00,56203673.60,2.00,1.00,96.00,0.00,0.00,1.00,0.00,0.00,6352896.00,10485760.00,0.00,0.00,233472.00,234496.00
1493160288,1187840.00,161792.00,5303296.00,56203673.60,1.00,1.00,98.00,0.00,0.00,0.00,0.00,0.00,6782976.00,10485760.00,0.00,0.00,240640.00,243712.00
1493160289,1187840.00,161792.00,5303296.00,56203673.60,0.00,1.00,98.00,0.00,0.00,1.00,0.00,0.00,6735872.00,10485760.00,0.00,0.00,235520.00,239616.00
1493160290,1188864.00,161792.00,5303296.00,56203673.60,2.00,1.00,98.00,0.00,0.00,0.00,0.00,0.00,5704704.00,9179136.00,0.00,0.00,201728.00,205824.00
1493160291,1188864.00,161792.00,5303296.00,56203673.60,1.00,1.00,98.00,0.00,0.00,0.00,0.00,122880.00,6619136.00,10485760.00,0.00,0.00,226304.00,234496.00
1493160292,1187840.00,161792.00,5303296.00,56203673.60,1.00,1.00,98.00,0.00,0.00,0.00,0.00,0.00,6916096.00,11534336.00,0.00,0.00,242688.00,247808.00
1493160293,1187840.00,161792.00,5303296.00,56203673.60,3.00,1.00,96.00,0.00,0.00,0.00,0.00,40960.00,6752256.00,10485760.00,0.00,0.00,239616.00,241664.00
1493160294,1187840.00,161792.00,5303296.00,56203673.60,0.00,1.00,98.00,0.00,0.00,0.00,0.00,0.00,6896640.00,11534336.00,0.00,0.00,239616.00,244736.00
1493160295,1187840.00,161792.00,5304320.00,56203673.60,1.00,1.00,97.00,0.00,0.00,0.00,0.00,0.00,6610944.00,10485760.00,0.00,0.00,230400.00,235520.00
1493160296,1187840.00,161792.00,5303296.00,56203673.60,2.00,1.00,97.00,0.00,0.00,0.00,0.00,122880.00,6168576.00,9913344.00,0.00,0.00,212992.00,220160.00
1493160297,1187840.00,161792.00,5304320.00,56203673.60,1.00,1.00,98.00,0.00,0.00,0.00,0.00,0.00,6706176.00,10485760.00,0.00,0.00,230400.00,238592.00
1493160298,1187840.00,161792.00,5304320.00,56203673.60,1.00,1.00,98.00,0.00,0.00,0.00,0.00,0.00,7030784.00,11534336.00,0.00,0.00,241664.00,248832.00
1493160299,1188864.00,161792.00,5304320.00,56203673.60,2.00,2.00,96.00,0.00,0.00,0.00,0.00,0.00,6894592.00,11534336.00,0.00,0.00,240640.00,245760.00
1493160300,1188864.00,161792.00,5304320.00,56203673.60,1.00,1.00,98.00,0.00,0.00,0.00,0.00,0.00,6923264.00,11534336.00,0.00,0.00,244736.00,247808.00
1493160301,1188864.00,161792.00,5304320.00,56203673.60,1.00,1.00,98.00,0.00,0.00,0.00,0.00,122880.00,6178816.00,9969664.00,0.00,0.00,232448.00,230400.00
1493160302,1188864.00,161792.00,5304320.00,56203673.60,1.00,1.00,98.00,0.00,0.00,0.00,0.00,0.00,4794368.00,7497728.00,0.00,0.00,161792.00,167936.00
1493160303,1189888.00,161792.00,5304320.00,56203673.60,1.00,1.00,97.00,0.00,0.00,1.00,0.00,73728.00,5762048.00,9262080.00,0.00,0.00,210944.00,210944.00
1493160304,1189888.00,161792.00,5304320.00,56203673.60,1.00,1.00,98.00,0.00,0.00,0.00,0.00,0.00,6653952.00,10485760.00,0.00,0.00,237568.00,240640.00
1493160305,1188864.00,161792.00,5304320.00,56203673.60,2.00,2.00,96.00,0.00,0.00,0.00,0.00,0.00,6929408.00,11534336.00,0.00,0.00,241664.00,246784.00
1493160306,1189888.00,161792.00,5304320.00,56203673.60,2.00,1.00,96.00,0.00,0.00,1.00,0.00,188416.00,6837248.00,10485760.00,0.00,0.00,239616.00,244736.00
1493160307,1189888.00,161792.00,5304320.00,56203673.60,1.00,1.00,98.00,0.00,0.00,1.00,0.00,0.00,7054336.00,11534336.00,0.00,0.00,247808.00,251904.00
1493160308,1189888.00,161792.00,5304320.00,56203673.60,2.00,1.00,97.00,0.00,0.00,0.00,0.00,131072.00,6387712.00,10238976.00,0.00,0.00,221184.00,227328.00
1493160309,1188864.00,161792.00,5304320.00,56203673.60,0.00,2.00,98.00,0.00,0.00,1.00,0.00,0.00,6306816.00,10137600.00,0.00,0.00,220160.00,226304.00
1493160310,1188864.00,161792.00,5304320.00,56203673.60,1.00,1.00,97.00,0.00,0.00,1.00,0.00,0.00,6907904.00,11534336.00,0.00,0.00,242688.00,246784.00
1493160311,1188864.00,161792.00,5304320.00,56203673.60,2.00,2.00,96.00,0.00,0.00,0.00,0.00,204800.00,6556672.00,10485760.00,0.00,0.00,231424.00,236544.00
1493160312,1188864.00,161792.00,5304320.00,56203673.60,1.00,1.00,97.00,0.00,0.00,1.00,0.00,0.00,7010304.00,11534336.00,0.00,0.00,243712.00,248832.00
1493160313,1188864.00,161792.00,5304320.00,56203673.60,1.00,1.00,98.00,0.00,0.00,0.00,0.00,475136.00,7007232.00,11534336.00,0.00,0.00,241664.00,248832.00
1493160314,1188864.00,161792.00,5304320.00,56203673.60,2.00,1.00,96.00,0.00,0.00,1.00,0.00,0.00,6200320.00,9975808.00,0.00,0.00,221184.00,224256.00
1493160315,1188864.00,161792.00,5304320.00,56203673.60,1.00,1.00,97.00,0.00,0.00,1.00,0.00,0.00,6294528.00,10110976.00,0.00,0.00,223232.00,225280.00
1493160316,1188864.00,161792.00,5304320.00,56203673.60,1.00,1.00,97.00,0.00,0.00,1.00,0.00,139264.00,6769664.00,10485760.00,0.00,0.00,244736.00,245760.00
1493160317,1189888.00,161792.00,5304320.00,56203673.60,2.00,1.00,96.00,0.00,0.00,1.00,0.00,0.00,6876160.00,11534336.00,0.00,0.00,238592.00,245760.00
1493160318,1188864.00,161792.00,5304320.00,56203673.60,1.00,1.00,97.00,0.00,0.00,1.00,0.00,0.00,7032832.00,11534336.00,0.00,0.00,245760.00,250880.00
1493160319,1188864.00,161792.00,5304320.00,56203673.60,1.00,2.00,97.00,0.00,0.00,1.00,0.00,0.00,7089152.00,11534336.00,0.00,0.00,242688.00,250880.00
1493160320,1188864.00,161792.00,5304320.00,56203673.60,1.00,1.00,97.00,0.00,0.00,1.00,0.00,0.00,6197248.00,9926656.00,0.00,0.00,212992.00,221184.00
1493160321,1188864.00,161792.00,5304320.00,56203673.60,0.00,1.00,99.00,0.00,0.00,0.00,0.00,122880.00,6662144.00,10485760.00,0.00,0.00,233472.00,236544.00
1493160322,1188864.00,161792.00,5304320.00,56203673.60,1.00,1.00,97.00,0.00,0.00,1.00,0.00,0.00,7058432.00,11534336.00,0.00,0.00,241664.00,247808.00
1493160323,1188864.00,161792.00,5304320.00,56203673.60,2.00,1.00,97.00,0.00,0.00,0.00,0.00,40960.00,6904832.00,11534336.00,0.00,0.00,239616.00,244736.00
1493160324,1188864.00,161792.00,5304320.00,56203673.60,1.00,2.00,97.00,0.00,0.00,0.00,0.00,0.00,7017472.00,11534336.00,0.00,0.00,245760.00,249856.00
1493160325,1188864.00,161792.00,5304320.00,56203673.60,2.00,2.00,96.00,0.00,0.00,1.00,0.00,0.00,6884352.00,11534336.00,0.00,0.00,240640.00,244736.00
1493160326,1188864.00,161792.00,5304320.00,56203673.60,0.00,1.00,98.00,0.00,0.00,0.00,0.00,122880.00,6153216.00,9865216.00,0.00,0.00,217088.00,221184.00
1493160327,1188864.00,161792.00,5304320.00,56203673.60,1.00,2.00,98.00,0.00,0.00,0.00,0.00,0.00,6765568.00,10485760.00,0.00,0.00,233472.00,239616.00
1493160328,1188864.00,161792.00,5304320.00,56203673.60,2.00,2.00,95.00,0.00,0.00,1.00,0.00,0.00,6994944.00,11534336.00,0.00,0.00,237568.00,246784.00
1493160329,1189888.00,161792.00,5304320.00,56203673.60,1.00,1.00,98.00,0.00,0.00,0.00,0.00,0.00,7093248.00,11534336.00,0.00,0.00,240640.00,249856.00
1493160330,1188864.00,161792.00,5304320.00,56203673.60,1.00,2.00,97.00,0.00,0.00,1.00,0.00,0.00,7130112.00,11534336.00,0.00,0.00,247808.00,253952.00
1493160331,1188864.00,161792.00,5304320.00,56203673.60,2.00,1.00,96.00,0.00,0.00,0.00,0.00,122880.00,6379520.00,10178560.00,0.00,0.00,218112.00,225280.00
1493160332,1188864.00,161792.00,5304320.00,56203673.60,0.00,1.00,98.00,0.00,0.00,1.00,0.00,0.00,5942272.00,9484288.00,0.00,0.00,205824.00,209920.00
1493160333,1188864.00,161792.00,5304320.00,56203673.60,1.00,1.00,98.00,0.00,0.00,0.00,0.00,0.00,6668288.00,10485760.00,0.00,0.00,235520.00,240640.00
1493160334,1188864.00,161792.00,5304320.00,56203673.60,2.00,1.00,97.00,0.00,0.00,1.00,0.00,0.00,6888448.00,11534336.00,0.00,0.00,240640.00,245760.00
1493160335,1189888.00,161792.00,5304320.00,56203673.60,1.00,2.00,97.00,0.00,0.00,1.00,0.00,0.00,7078912.00,11534336.00,0.00,0.00,245760.00,250880.00
1493160336,1189888.00,161792.00,5304320.00,56203673.60,1.00,1.00,97.00,0.00,0.00,0.00,0.00,122880.00,6817792.00,10485760.00,0.00,0.00,234496.00,241664.00
1493160337,1188864.00,161792.00,5304320.00,56203673.60,2.00,1.00,97.00,0.00,0.00,0.00,0.00,0.00,6041600.00,9670656.00,0.00,0.00,211968.00,216064.00
1493160338,1188864.00,161792.00,5304320.00,56203673.60,1.00,1.00,98.00,0.00,0.00,0.00,0.00,57344.00,6900736.00,10485760.00,0.00,0.00,235520.00,240640.00
1493160339,1189888.00,161792.00,5304320.00,56203673.60,1.00,1.00,98.00,0.00,0.00,0.00,0.00,0.00,7000064.00,11534336.00,0.00,0.00,238592.00,245760.00
1493160340,1189888.00,161792.00,5304320.00,56203673.60,2.00,1.00,96.00,0.00,0.00,1.00,0.00,0.00,6829056.00,10485760.00,0.00,0.00,236544.00,241664.00
1493160341,1189888.00,161792.00,5304320.00,56203673.60,0.00,2.00,97.00,0.00,0.00,1.00,0.00,155648.00,6070272.00,9693184.00,0.00,0.00,211968.00,217088.00
1493160342,1189888.00,161792.00,5304320.00,56203673.60,1.00,1.00,97.00,0.00,0.00,0.00,0.00,0.00,7028736.00,11534336.00,0.00,0.00,245760.00,250880.00
1493160343,1189888.00,161792.00,5304320.00,56203673.60,2.00,1.00,97.00,0.00,0.00,0.00,0.00,147456.00,6938624.00,11534336.00,0.00,0.00,237568.00,245760.00
1493160344,1189888.00,161792.00,5304320.00,56203673.60,0.00,1.00,97.00,0.00,0.00,1.00,0.00,0.00,7057408.00,11534336.00,0.00,0.00,245760.00,249856.00
1493160345,1189888.00,161792.00,5304320.00,56203673.60,1.00,1.00,98.00,0.00,0.00,0.00,0.00,0.00,6471680.00,10485760.00,0.00,0.00,226304.00,230400.00
1493160346,1189888.00,161792.00,5304320.00,56203673.60,2.00,0.00,98.00,0.00,0.00,0.00,0.00,0.00,6293504.00,10062848.00,0.00,0.00,217088.00,223232.00
1493160347,1189888.00,161792.00,5304320.00,56203673.60,1.00,1.00,98.00,0.00,0.00,0.00,0.00,221184.00,5746688.00,9195520.00,0.00,0.00,205824.00,208896.00
1493160348,1189888.00,161792.00,5304320.00,56203673.60,0.00,1.00,98.00,0.00,0.00,1.00,0.00,466944.00,6311936.00,10114048.00,0.00,0.00,224256.00,227328.00
1493160349,1188864.00,161792.00,5304320.00,56203673.60,2.00,1.00,97.00,0.00,0.00,0.00,0.00,0.00,6817792.00,10485760.00,0.00,0.00,235520.00,243712.00
1493160350,1188864.00,161792.00,5304320.00,56203673.60,0.00,1.00,98.00,0.00,0.00,1.00,0.00,0.00,6109184.00,9781248.00,0.00,0.00,215040.00,219136.00
1493160351,1188864.00,161792.00,5304320.00,56203673.60,1.00,1.00,97.00,0.00,0.00,1.00,0.00,0.00,6534144.00,10485760.00,0.00,0.00,229376.00,232448.00
1493160352,1188864.00,161792.00,5304320.00,56203673.60,2.00,1.00,96.00,1.00,0.00,1.00,0.00,147456.00,6916096.00,11534336.00,0.00,0.00,235520.00,244736.00
1493160353,1189888.00,161792.00,5304320.00,56203673.60,1.00,1.00,98.00,0.00,0.00,0.00,0.00,40960.00,6934528.00,11534336.00,0.00,0.00,236544.00,243712.00
1493160354,1189888.00,161792.00,5304320.00,56203673.60,1.00,1.00,98.00,0.00,0.00,0.00,0.00,0.00,6643712.00,10485760.00,0.00,0.00,232448.00,236544.00
1493160355,1189888.00,161792.00,5304320.00,56203673.60,2.00,1.00,97.00,0.00,0.00,0.00,0.00,0.00,5817344.00,9235456.00,0.00,0.00,198656.00,205824.00
1493160356,1189888.00,161792.00,5304320.00,56203673.60,0.00,1.00,98.00,0.00,0.00,0.00,0.00,0.00,7073792.00,11534336.00,0.00,0.00,244736.00,249856.00
1493160357,1189888.00,161792.00,5304320.00,56203673.60,1.00,1.00,98.00,0.00,0.00,1.00,0.00,122880.00,7012352.00,11534336.00,0.00,0.00,245760.00,248832.00
1493160358,1189888.00,161792.00,5304320.00,56203673.60,2.00,1.00,97.00,0.00,0.00,0.00,0.00,0.00,6684672.00,10485760.00,0.00,0.00,229376.00,235520.00
1493160359,1188864.00,161792.00,5304320.00,56203673.60,0.00,1.00,98.00,0.00,0.00,0.00,0.00,0.00,6362112.00,10172416.00,0.00,0.00,218112.00,224256.00
1493160360,1190912.00,161792.00,5304320.00,56203673.60,1.00,1.00,98.00,0.00,0.00,1.00,0.00,0.00,7041024.00,11534336.00,0.00,0.00,243712.00,248832.00
1493160361,1189888.00,161792.00,5304320.00,56203673.60,2.00,1.00,97.00,0.00,0.00,0.00,0.00,0.00,6349824.00,10141696.00,0.00,0.00,229376.00,230400.00
1493160362,1189888.00,161792.00,5304320.00,56203673.60,0.00,1.00,98.00,0.00,0.00,0.00,0.00,122880.00,6526976.00,10485760.00,0.00,0.00,228352.00,232448.00
1493160363,1189888.00,161792.00,5304320.00,56203673.60,1.00,1.00,98.00,0.00,0.00,1.00,0.00,0.00,5370880.00,8591360.00,0.00,0.00,194560.00,197632.00
1493160364,1188864.00,161792.00,5304320.00,56203673.60,2.00,1.00,97.00,0.00,0.00,0.00,0.00,0.00,5338112.00,8528896.00,0.00,0.00,190464.00,194560.00
1493160365,1188864.00,161792.00,5304320.00,56203673.60,1.00,1.00,98.00,0.00,0.00,0.00,0.00,0.00,7005184.00,11534336.00,0.00,0.00,245760.00,248832.00
1493160366,1189888.00,161792.00,5304320.00,56203673.60,1.00,2.00,97.00,0.00,0.00,1.00,0.00,0.00,7104512.00,11534336.00,0.00,0.00,245760.00,250880.00
1493160367,1189888.00,161792.00,5304320.00,56203673.60,2.00,1.00,97.00,0.00,0.00,0.00,0.00,122880.00,6567936.00,10485760.00,0.00,0.00,230400.00,234496.00
1493160368,1189888.00,161792.00,5304320.00,56203673.60,1.00,1.00,99.00,0.00,0.00,0.00,0.00,0.00,5736448.00,9210880.00,0.00,0.00,210944.00,211968.00
1493160369,1191936.00,161792.00,5304320.00,56203673.60,1.00,1.00,98.00,0.00,0.00,0.00,0.00,0.00,7001088.00,11534336.00,0.00,0.00,242688.00,248832.00
1493160370,1191936.00,161792.00,5304320.00,56203673.60,2.00,1.00,97.00,0.00,0.00,0.00,0.00,0.00,6959104.00,11534336.00,0.00,0.00,243712.00,247808.00
1493160371,1191936.00,161792.00,5304320.00,56203673.60,1.00,1.00,97.00,0.00,0.00,1.00,0.00,0.00,6675456.00,10485760.00,0.00,0.00,235520.00,238592.00
1493160372,1191936.00,161792.00,5304320.00,56203673.60,1.00,1.00,98.00,0.00,0.00,1.00,0.00,122880.00,6365184.00,10208256.00,0.00,0.00,230400.00,231424.00
1493160373,1191936.00,161792.00,5304320.00,56203673.60,2.00,1.00,96.00,0.00,0.00,0.00,0.00,73728.00,5854208.00,9377792.00,0.00,0.00,208896.00,210944.00
1493160374,1192960.00,161792.00,5304320.00,56203673.60,1.00,1.00,97.00,0.00,0.00,1.00,0.00,0.00,7069696.00,11534336.00,0.00,0.00,242688.00,249856.00
1493160375,1191936.00,161792.00,5304320.00,56203673.60,1.00,2.00,98.00,0.00,0.00,0.00,0.00,0.00,6757376.00,10485760.00,0.00,0.00,239616.00,242688.00
1493160376,1192960.00,161792.00,5304320.00,56203673.60,2.00,1.00,97.00,0.00,0.00,0.00,0.00,0.00,6065152.00,9650176.00,0.00,0.00,214016.00,217088.00
1493160377,1191936.00,161792.00,5304320.00,56203673.60,0.00,1.00,98.00,0.00,0.00,0.00,0.00,188416.00,6183936.00,9857024.00,0.00,0.00,211968.00,218112.00
1493160378,1192960.00,161792.00,5304320.00,56203673.60,1.00,1.00,98.00,0.00,0.00,0.00,0.00,0.00,7086080.00,11534336.00,0.00,0.00,241664.00,249856.00
1493160379,1192960.00,161792.00,5304320.00,56203673.60,2.00,1.00,96.00,0.00,0.00,1.00,0.00,139264.00,6625280.00,10485760.00,0.00,0.00,236544.00,240640.00
1493160380,1191936.00,161792.00,5304320.00,56203673.60,1.00,1.00,98.00,0.00,0.00,0.00,0.00,0.00,6896640.00,10485760.00,0.00,0.00,240640.00,245760.00
1493160381,1192960.00,161792.00,5304320.00,56203673.60,1.00,1.00,98.00,0.00,0.00,0.00,0.00,0.00,6241280.00,9961472.00,0.00,0.00,214016.00,219136.00
1493160382,1191936.00,161792.00,5304320.00,56203673.60,2.00,2.00,96.00,0.00,0.00,1.00,0.00,229376.00,6758400.00,10485760.00,0.00,0.00,232448.00,238592.00
1493160383,1192960.00,161792.00,5304320.00,56203673.60,0.00,1.00,98.00,0.00,0.00,0.00,0.00,0.00,6836224.00,10485760.00,0.00,0.00,242688.00,246784.00
1493160384,1192960.00,161792.00,5304320.00,56203673.60,0.00,2.00,98.00,0.00,0.00,0.00,0.00,516096.00,6601728.00,10485760.00,0.00,0.00,238592.00,239616.00
1493160385,1192960.00,161792.00,5304320.00,56203673.60,2.00,1.00,97.00,0.00,0.00,0.00,0.00,0.00,6730752.00,10485760.00,0.00,0.00,228352.00,235520.00
1493160386,1191936.00,161792.00,5304320.00,56203673.60,0.00,1.00,98.00,0.00,0.00,0.00,0.00,0.00,6145024.00,9803776.00,0.00,0.00,211968.00,217088.00
1493160387,1191936.00,161792.00,5304320.00,56203673.60,1.00,2.00,97.00,0.00,0.00,0.00,0.00,139264.00,6821888.00,10485760.00,0.00,0.00,240640.00,245760.00
1493160388,1192960.00,161792.00,5304320.00,56203673.60,2.00,1.00,97.00,0.00,0.00,0.00,0.00,0.00,6595584.00,10485760.00,0.00,0.00,238592.00,240640.00
1493160389,1191936.00,161792.00,5304320.00,56203673.60,1.00,1.00,98.00,0.00,0.00,0.00,0.00,0.00,6751232.00,10485760.00,0.00,0.00,230400.00,237568.00
1493160390,1191936.00,161792.00,5304320.00,56203673.60,1.00,1.00,98.00,0.00,0.00,0.00,0.00,0.00,6115328.00,9765888.00,0.00,0.00,211968.00,217088.00
1493160391,1191936.00,161792.00,5304320.00,56203673.60,2.00,1.00,97.00,0.00,0.00,0.00,0.00,0.00,6703104.00,10485760.00,0.00,0.00,234496.00,239616.00
1493160392,1192960.00,161792.00,5304320.00,56203673.60,1.00,1.00,98.00,0.00,0.00,0.00,0.00,122880.00,6648832.00,10485760.00,0.00,0.00,240640.00,241664.00
1493160393,1192960.00,161792.00,5304320.00,56203673.60,0.00,1.00,99.00,0.00,0.00,0.00,0.00,0.00,6690816.00,10485760.00,0.00,0.00,238592.00,241664.00
1493160394,1191936.00,161792.00,5304320.00,56203673.60,3.00,1.00,96.00,0.00,0.00,0.00,0.00,0.00,6549504.00,10485760.00,0.00,0.00,229376.00,233472.00
1493160395,1192960.00,161792.00,5304320.00,56203673.60,1.00,1.00,98.00,0.00,0.00,1.00,0.00,0.00,6036480.00,9655296.00,0.00,0.00,215040.00,217088.00
1493160396,1192960.00,161792.00,5304320.00,56203673.60,0.00,1.00,98.00,0.00,0.00,0.00,0.00,0.00,6943744.00,11534336.00,0.00,0.00,241664.00,245760.00
1493160397,1191936.00,161792.00,5304320.00,56203673.60,2.00,1.00,96.00,0.00,0.00,1.00,0.00,122880.00,6847488.00,10485760.00,0.00,0.00,239616.00,244736.00
1493160398,1192960.00,161792.00,5304320.00,56203673.60,0.00,1.00,99.00,0.00,0.00,0.00,0.00,0.00,6144000.00,9807872.00,0.00,0.00,217088.00,222208.00
1493160399,1192960.00,161792.00,5304320.00,56203673.60,1.00,1.00,98.00,0.00,0.00,0.00,0.00,0.00,5925888.00,9532416.00,0.00,0.00,217088.00,217088.00
1493160400,1191936.00,161792.00,5304320.00,56203673.60,2.00,2.00,96.00,0.00,0.00,0.00,0.00,0.00,6712320.00,10485760.00,0.00,0.00,236544.00,241664.00
1493160401,1191936.00,161792.00,5304320.00,56203673.60,1.00,1.00,97.00,0.00,0.00,1.00,0.00,0.00,6662144.00,10485760.00,0.00,0.00,236544.00,239616.00
1493160402,1191936.00,161792.00,5304320.00,56203673.60,1.00,1.00,98.00,0.00,0.00,0.00,0.00,122880.00,6705152.00,10485760.00,0.00,0.00,243712.00,243712.00
1493160403,1191936.00,161792.00,5304320.00,56203673.60,2.00,1.00,96.00,0.00,0.00,1.00,0.00,0.00,6375424.00,10192896.00,0.00,0.00,225280.00,229376.00
1493160404,1192960.00,161792.00,5304320.00,56203673.60,0.00,1.00,98.00,0.00,0.00,0.00,0.00,0.00,5990400.00,9572352.00,0.00,0.00,210944.00,214016.00
1493160405,1192960.00,161792.00,5304320.00,56203673.60,1.00,1.00,97.00,0.00,0.00,1.00,0.00,0.00,6977536.00,11534336.00,0.00,0.00,245760.00,249856.00
1493160406,1191936.00,161792.00,5304320.00,56203673.60,2.00,1.00,96.00,0.00,0.00,1.00,0.00,0.00,6960128.00,11534336.00,0.00,0.00,241664.00,246784.00
1493160407,1192960.00,161792.00,5304320.00,56203673.60,0.00,1.00,97.00,1.00,0.00,0.00,0.00,122880.00,6598656.00,10485760.00,0.00,0.00,231424.00,235520.00
1493160408,1192960.00,161792.00,5304320.00,56203673.60,0.00,1.00,98.00,0.00,0.00,1.00,0.00,0.00,5646336.00,9033728.00,0.00,0.00,200704.00,203776.00
1493160409,1191936.00,161792.00,5304320.00,56203673.60,1.00,1.00,97.00,0.00,0.00,0.00,0.00,90112.00,5507072.00,8802304.00,0.00,0.00,198656.00,201728.00
1493160410,1191936.00,161792.00,5304320.00,56203673.60,1.00,1.00,98.00,0.00,0.00,0.00,0.00,0.00,7029760.00,11534336.00,0.00,0.00,244736.00,248832.00
1493160411,1191936.00,161792.00,5304320.00,56203673.60,1.00,2.00,97.00,0.00,0.00,1.00,0.00,0.00,6810624.00,10485760.00,0.00,0.00,230400.00,236544.00
1493160412,1191936.00,161792.00,5304320.00,56203673.60,2.00,1.00,97.00,0.00,0.00,0.00,0.00,196608.00,6158336.00,9602048.00,0.00,0.00,203776.00,208896.00
1493160413,1192960.00,161792.00,5304320.00,56203673.60,1.00,1.00,98.00,0.00,0.00,1.00,0.00,0.00,5982208.00,9452544.00,0.00,0.00,201728.00,207872.00
1493160414,1191936.00,161792.00,5304320.00,56203673.60,1.00,1.00,97.00,0.00,0.00,1.00,0.00,147456.00,7054336.00,11534336.00,0.00,0.00,243712.00,249856.00
1493160415,1192960.00,161792.00,5304320.00,56203673.60,2.00,2.00,96.00,0.00,0.00,1.00,0.00,0.00,6414336.00,10139648.00,0.00,0.00,218112.00,225280.00
1493160416,1191936.00,161792.00,5304320.00,56203673.60,1.00,1.00,98.00,0.00,0.00,0.00,0.00,0.00,6475776.00,10222592.00,0.00,0.00,214016.00,223232.00
1493160417,1191936.00,161792.00,5304320.00,56203673.60,0.00,1.00,98.00,0.00,0.00,1.00,0.00,196608.00,6060032.00,9657344.00,0.00,0.00,214016.00,216064.00
1493160418,1192960.00,161792.00,5304320.00,56203673.60,2.00,1.00,97.00,0.00,0.00,0.00,0.00,0.00,6216704.00,9984000.00,0.00,0.00,231424.00,228352.00
1493160419,1191936.00,161792.00,5304320.00,56203673.60,0.00,2.00,97.00,0.00,0.00,1.00,0.00,466944.00,6693888.00,10485760.00,0.00,0.00,241664.00,243712.00
1493160420,1192960.00,161792.00,5304320.00,56203673.60,0.00,1.00,98.00,0.00,0.00,1.00,0.00,0.00,5931008.00,9405440.00,0.00,0.00,208896.00,211968.00
1493160421,1192960.00,161792.00,5304320.00,56203673.60,0.00,1.00,98.00,0.00,0.00,0.00,0.00,0.00,5001216.00,7971840.00,0.00,0.00,185344.00,185344.00
1493160422,1193984.00,161792.00,5304320.00,56203673.60,2.00,1.00,98.00,0.00,0.00,0.00,0.00,147456.00,5709824.00,9109504.00,0.00,0.00,204800.00,205824.00
1493160423,1192960.00,161792.00,5304320.00,56203673.60,1.00,2.00,96.00,0.00,0.00,1.00,0.00,0.00,6960128.00,11534336.00,0.00,0.00,240640.00,246784.00
1493160424,1192960.00,161792.00,5304320.00,56203673.60,1.00,2.00,97.00,0.00,0.00,1.00,0.00,0.00,6839296.00,10485760.00,0.00,0.00,238592.00,241664.00
1493160425,1192960.00,161792.00,5304320.00,56203673.60,2.00,1.00,96.00,0.00,0.00,1.00,0.00,0.00,6957056.00,11534336.00,0.00,0.00,240640.00,245760.00
1493160426,1191936.00,161792.00,5304320.00,56203673.60,0.00,1.00,98.00,0.00,0.00,0.00,0.00,0.00,6018048.00,9636864.00,0.00,0.00,217088.00,219136.00
1493160427,1191936.00,161792.00,5304320.00,56203673.60,1.00,1.00,98.00,0.00,0.00,0.00,0.00,131072.00,6468608.00,10485760.00,0.00,0.00,225280.00,230400.00
1493160428,1191936.00,161792.00,5304320.00,56203673.60,2.00,2.00,96.00,0.00,0.00,0.00,0.00,0.00,6763520.00,10485760.00,0.00,0.00,235520.00,240640.00
1493160429,1191936.00,161792.00,5304320.00,56203673.60,1.00,1.00,97.00,0.00,0.00,1.00,0.00,0.00,6806528.00,10485760.00,0.00,0.00,242688.00,244736.00
1493160430,1191936.00,161792.00,5304320.00,56203673.60,2.00,1.00,97.00,0.00,0.00,0.00,0.00,0.00,6355968.00,10200064.00,0.00,0.00,227328.00,230400.00
1493160431,1191936.00,161792.00,5304320.00,56203673.60,0.00,2.00,97.00,0.00,0.00,1.00,0.00,0.00,5797888.00,9246720.00,0.00,0.00,202752.00,206848.00
1493160432,1191936.00,161792.00,5304320.00,56203673.60,1.00,1.00,98.00,0.00,0.00,0.00,0.00,122880.00,6535168.00,10485760.00,0.00,0.00,219136.00,225280.00
1493160433,1191936.00,161792.00,5304320.00,56203673.60,0.00,1.00,98.00,0.00,0.00,1.00,0.00,0.00,6735872.00,10485760.00,0.00,0.00,233472.00,238592.00
1493160434,1192960.00,161792.00,5304320.00,56203673.60,2.00,2.00,96.00,0.00,0.00,1.00,0.00,0.00,6776832.00,10485760.00,0.00,0.00,235520.00,238592.00
1493160435,1191936.00,161792.00,5304320.00,56203673.60,0.00,1.00,98.00,0.00,0.00,1.00,0.00,0.00,6420480.00,10184704.00,0.00,0.00,219136.00,225280.00
1493160436,1191936.00,161792.00,5304320.00,56203673.60,1.00,1.00,98.00,0.00,0.00,0.00,0.00,0.00,6254592.00,9892864.00,0.00,0.00,208896.00,219136.00
1493160437,1192960.00,161792.00,5304320.00,56203673.60,2.00,1.00,96.00,0.00,0.00,0.00,0.00,122880.00,6791168.00,10485760.00,0.00,0.00,236544.00,240640.00
1493160438,1191936.00,161792.00,5304320.00,56203673.60,1.00,1.00,98.00,0.00,0.00,0.00,0.00,0.00,6981632.00,11534336.00,0.00,0.00,243712.00,247808.00
1493160439,1192960.00,161792.00,5304320.00,56203673.60,2.00,1.00,96.00,0.00,0.00,0.00,0.00,16384.00,6675456.00,10485760.00,0.00,0.00,228352.00,235520.00
1493160440,1192960.00,161792.00,5304320.00,56203673.60,0.00,1.00,98.00,0.00,0.00,0.00,0.00,0.00,6138880.00,9811968.00,0.00,0.00,208896.00,217088.00
1493160441,1192960.00,161792.00,5304320.00,56203673.60,0.00,1.00,98.00,0.00,0.00,0.00,0.00,0.00,6895616.00,10485760.00,0.00,0.00,236544.00,242688.00
1493160442,1191936.00,161792.00,5304320.00,56203673.60,2.00,1.00,96.00,0.00,0.00,0.00,0.00,147456.00,6994944.00,11534336.00,0.00,0.00,243712.00,247808.00
1493160443,1192960.00,161792.00,5304320.00,56203673.60,1.00,1.00,98.00,0.00,0.00,1.00,0.00,0.00,6767616.00,10485760.00,0.00,0.00,232448.00,239616.00
1493160444,1192960.00,161792.00,5304320.00,56203673.60,0.00,1.00,99.00,0.00,0.00,0.00,0.00,139264.00,6135808.00,9800704.00,0.00,0.00,211968.00,217088.00
1493160445,1192960.00,161792.00,5304320.00,56203673.60,2.00,2.00,95.00,0.00,0.00,1.00,0.00,0.00,6973440.00,11534336.00,0.00,0.00,240640.00,246784.00
1493160446,1192960.00,161792.00,5304320.00,56203673.60,0.00,2.00,98.00,0.00,0.00,0.00,0.00,0.00,7004160.00,11534336.00,0.00,0.00,243712.00,247808.00
1493160447,1192960.00,161792.00,5304320.00,56203673.60,1.00,1.00,97.00,0.00,0.00,0.00,0.00,212992.00,6946816.00,11534336.00,0.00,0.00,242688.00,247808.00
1493160448,1191936.00,161792.00,5304320.00,56203673.60,2.00,1.00,96.00,0.00,0.00,1.00,0.00,0.00,6361088.00,10159104.00,0.00,0.00,217088.00,225280.00
1493160449,1192960.00,161792.00,5304320.00,56203673.60,0.00,2.00,97.00,0.00,0.00,1.00,0.00,98304.00,6690816.00,10485760.00,0.00,0.00,231424.00,237568.00
1493160450,1192960.00,161792.00,5304320.00,56203673.60,0.00,1.00,99.00,0.00,0.00,0.00,0.00,0.00,6940672.00,11534336.00,0.00,0.00,245760.00,246784.00
1493160451,1192960.00,161792.00,5304320.00,56203673.60,2.00,1.00,96.00,0.00,0.00,0.00,0.00,0.00,6767616.00,10485760.00,0.00,0.00,232448.00,238592.00
1493160452,1192960.00,161792.00,5304320.00,56203673.60,1.00,1.00,97.00,0.00,0.00,1.00,0.00,212992.00,6793216.00,10485760.00,0.00,0.00,237568.00,240640.00
1493160453,1192960.00,161792.00,5304320.00,56203673.60,0.00,1.00,99.00,0.00,0.00,0.00,0.00,0.00,5660672.00,8890368.00,0.00,0.00,189440.00,196608.00
1493160454,1192960.00,161792.00,5304320.00,56203673.60,2.00,1.00,97.00,0.00,0.00,1.00,0.00,532480.00,6184960.00,9662464.00,0.00,0.00,211968.00,212992.00
1493160455,1191936.00,161792.00,5304320.00,56203673.60,1.00,1.00,98.00,0.00,0.00,0.00,0.00,0.00,6287360.00,9726976.00,0.00,0.00,204800.00,211968.00
1493160456,1192960.00,161792.00,5304320.00,56203673.60,0.00,1.00,99.00,0.00,0.00,0.00,0.00,0.00,6025216.00,9276416.00,0.00,0.00,195584.00,199680.00
1493160457,1191936.00,161792.00,5304320.00,56203673.60,2.00,1.00,97.00,1.00,0.00,0.00,0.00,163840.00,5968896.00,9221120.00,0.00,0.00,203776.00,200704.00
1493160458,1192960.00,161792.00,5304320.00,56203673.60,1.00,2.00,98.00,0.00,0.00,0.00,0.00,0.00,5951488.00,9233408.00,0.00,0.00,200704.00,201728.00
1493160459,1192960.00,161792.00,5304320.00,56203673.60,1.00,2.00,98.00,0.00,0.00,0.00,0.00,0.00,6817792.00,10485760.00,0.00,0.00,236544.00,239616.00
1493160460,1192960.00,161792.00,5304320.00,56203673.60,1.00,1.00,98.00,0.00,0.00,0.00,0.00,0.00,6448128.00,10061824.00,0.00,0.00,217088.00,221184.00
1493160461,1192960.00,161792.00,5304320.00,56203673.60,2.00,1.00,96.00,0.00,0.00,1.00,0.00,0.00,5860352.00,9059328.00,0.00,0.00,198656.00,196608.00
1493160462,1191936.00,161792.00,5304320.00,56203673.60,1.00,1.00,98.00,0.00,0.00,0.00,0.00,122880.00,5760000.00,8849408.00,0.00,0.00,193536.00,192512.00
1493160463,1191936.00,161792.00,5304320.00,56203673.60,0.00,1.00,99.00,0.00,0.00,0.00,0.00,0.00,5742592.00,8824832.00,0.00,0.00,189440.00,190464.00
1493160464,1192960.00,161792.00,5304320.00,56203673.60,2.00,1.00,96.00,0.00,0.00,1.00,0.00,0.00,6424576.00,10024960.00,0.00,0.00,216064.00,218112.00
1493160465,1191936.00,161792.00,5304320.00,56203673.60,1.00,1.00,98.00,0.00,0.00,1.00,0.00,0.00,6588416.00,10485760.00,0.00,0.00,232448.00,231424.00
1493160466,1192960.00,161792.00,5304320.00,56203673.60,1.00,1.00,98.00,0.00,0.00,0.00,0.00,0.00,6469632.00,10203136.00,0.00,0.00,223232.00,225280.00
1493160467,1191936.00,161792.00,5304320.00,56203673.60,2.00,1.00,96.00,0.00,0.00,1.00,0.00,122880.00,5763072.00,9082880.00,0.00,0.00,192512.00,198656.00
1493160468,1192960.00,161792.00,5305344.00,56203673.60,1.00,1.00,97.00,0.00,0.00,0.00,0.00,0.00,6987776.00,11534336.00,0.00,0.00,236544.00,243712.00
1493160469,1192960.00,161792.00,5305344.00,56203673.60,1.00,1.00,97.00,0.00,0.00,1.00,0.00,0.00,6961152.00,11534336.00,0.00,0.00,240640.00,245760.00
1493160470,1192960.00,161792.00,5305344.00,56203673.60,2.00,1.00,97.00,0.00,0.00,0.00,0.00,0.00,5188608.00,8261632.00,0.00,0.00,185344.00,189440.00
1493160471,1192960.00,161792.00,5305344.00,56203673.60,1.00,1.00,98.00,0.00,0.00,0.00,0.00,0.00,5804032.00,9240576.00,0.00,0.00,202752.00,206848.00
1493160472,1192960.00,161792.00,5305344.00,56203673.60,1.00,1.00,98.00,0.00,0.00,1.00,0.00,122880.00,6100992.00,9702400.00,0.00,0.00,209920.00,216064.00
1493160473,1192960.00,161792.00,5305344.00,56203673.60,1.00,1.00,97.00,0.00,0.00,0.00,0.00,0.00,6278144.00,9972736.00,0.00,0.00,217088.00,222208.00
1493160474,1192960.00,161792.00,5305344.00,56203673.60,1.00,1.00,97.00,0.00,0.00,1.00,0.00,73728.00,6967296.00,11534336.00,0.00,0.00,247808.00,248832.00
1493160475,1192960.00,161792.00,5305344.00,56203673.60,1.00,3.00,95.00,0.00,0.00,2.00,0.00,0.00,6750208.00,10485760.00,0.00,0.00,254976.00,249856.00
1493160476,1191936.00,161792.00,5305344.00,56203673.60,2.00,2.00,95.00,0.00,0.00,1.00,0.00,0.00,6135808.00,10014720.00,0.00,0.00,232448.00,228352.00
1493160477,1191936.00,161792.00,5305344.00,56203673.60,1.00,2.00,95.00,0.00,0.00,1.00,0.00,155648.00,7485440.00,12582912.00,0.00,0.00,273408.00,272384.00
1493160478,1192960.00,161792.00,5305344.00,56203673.60,1.00,3.00,95.00,0.00,0.00,1.00,0.00,0.00,7411712.00,12582912.00,0.00,0.00,272384.00,270336.00
1493160479,1192960.00,161792.00,5305344.00,56203673.60,2.00,3.00,94.00,0.00,0.00,1.00,0.00,106496.00,7007232.00,11534336.00,0.00,0.00,259072.00,258048.00
1493160480,1192960.00,161792.00,5305344.00,56203673.60,1.00,2.00,95.00,0.00,0.00,2.00,0.00,0.00,7019520.00,11534336.00,0.00,0.00,263168.00,260096.00
1493160481,1192960.00,161792.00,5305344.00,56203673.60,0.00,2.00,97.00,0.00,0.00,1.00,0.00,0.00,6139904.00,10052608.00,0.00,0.00,243712.00,236544.00
1493160482,1192960.00,161792.00,5305344.00,56203673.60,2.00,2.00,95.00,0.00,0.00,1.00,0.00,204800.00,7067648.00,11534336.00,0.00,0.00,269312.00,263168.00
1493160483,1191936.00,161792.00,5305344.00,56203673.60,1.00,2.00,95.00,0.00,0.00,1.00,0.00,0.00,7223296.00,11534336.00,0.00,0.00,267264.00,265216.00
1493160484,1192960.00,161792.00,5305344.00,56203673.60,1.00,2.00,97.00,0.00,0.00,1.00,0.00,65536.00,7031808.00,11534336.00,0.00,0.00,260096.00,260096.00
1493160485,1191936.00,161792.00,5305344.00,56203673.60,2.00,2.00,95.00,0.00,0.00,1.00,0.00,0.00,6374400.00,10485760.00,0.00,0.00,241664.00,235520.00
1493160486,1192960.00,161792.00,5305344.00,56203673.60,1.00,2.00,97.00,0.00,0.00,1.00,0.00,0.00,7336960.00,11534336.00,0.00,0.00,277504.00,271360.00
1493160487,1191936.00,162816.00,5305344.00,56203673.60,2.00,3.00,93.00,0.00,0.00,1.00,0.00,163840.00,7276544.00,11534336.00,0.00,0.00,271360.00,267264.00
1493160488,1191936.00,162816.00,5305344.00,56203673.60,1.00,4.00,95.00,0.00,0.00,1.00,0.00,0.00,7016448.00,11534336.00,0.00,0.00,263168.00,261120.00
1493160489,1192960.00,162816.00,5305344.00,56203673.60,1.00,1.00,97.00,0.00,0.00,1.00,0.00,450560.00,6521856.00,10485760.00,0.00,0.00,246784.00,241664.00
1493160490,1193984.00,162816.00,5305344.00,56203673.60,3.00,3.00,93.00,0.00,0.00,2.00,0.00,0.00,7310336.00,11534336.00,0.00,0.00,269312.00,267264.00
1493160491,1192960.00,162816.00,5305344.00,56203673.60,1.00,3.00,94.00,0.00,0.00,2.00,0.00,0.00,7008256.00,11534336.00,0.00,0.00,265216.00,263168.00
1493160492,1192960.00,162816.00,5305344.00,56203673.60,1.00,2.00,89.00,7.00,0.00,1.00,0.00,155648.00,7056384.00,11534336.00,0.00,0.00,257024.00,257024.00
1493160493,1192960.00,162816.00,5305344.00,56203673.60,3.00,2.00,95.00,0.00,0.00,1.00,0.00,0.00,6839296.00,11534336.00,0.00,0.00,250880.00,250880.00
1493160494,1192960.00,162816.00,5305344.00,56203673.60,1.00,2.00,96.00,0.00,0.00,1.00,0.00,0.00,6847488.00,11534336.00,0.00,0.00,256000.00,250880.00
1493160495,1193984.00,162816.00,5305344.00,56203673.60,1.00,3.00,94.00,0.00,0.00,1.00,0.00,0.00,7316480.00,11534336.00,0.00,0.00,274432.00,270336.00
1493160496,1192960.00,162816.00,5305344.00,56203673.60,2.00,3.00,93.00,0.00,0.00,2.00,0.00,0.00,6855680.00,11534336.00,0.00,0.00,257024.00,252928.00
1493160497,1192960.00,162816.00,5305344.00,56203673.60,0.00,1.00,97.00,0.00,0.00,1.00,0.00,122880.00,7209984.00,11534336.00,0.00,0.00,266240.00,264192.00
1493160498,1193984.00,162816.00,5305344.00,56203673.60,1.00,2.00,96.00,0.00,0.00,1.00,0.00,0.00,6850560.00,11534336.00,0.00,0.00,258048.00,251904.00
1493160499,1192960.00,162816.00,5305344.00,56203673.60,2.00,2.00,95.00,0.00,0.00,1.00,0.00,0.00,7275520.00,11534336.00,0.00,0.00,268288.00,266240.00
1493160500,1192960.00,162816.00,5305344.00,56203673.60,1.00,2.00,97.00,0.00,0.00,1.00,0.00,0.00,7291904.00,11534336.00,0.00,0.00,268288.00,267264.00
1493160501,1192960.00,162816.00,5305344.00,56203673.60,2.00,2.00,95.00,0.00,0.00,1.00,0.00,0.00,6318080.00,10485760.00,0.00,0.00,246784.00,239616.00
1493160502,1192960.00,162816.00,5305344.00,56203673.60,1.00,2.00,92.00,4.00,0.00,1.00,0.00,122880.00,6085632.00,9960448.00,0.00,0.00,235520.00,229376.00
1493160503,1192960.00,162816.00,5305344.00,56203673.60,1.00,3.00,95.00,0.00,0.00,1.00,0.00,0.00,6935552.00,11534336.00,0.00,0.00,268288.00,261120.00
1493160504,1192960.00,162816.00,5305344.00,56203673.60,2.00,3.00,94.00,0.00,0.00,2.00,0.00,368640.00,6876160.00,11534336.00,0.00,0.00,267264.00,260096.00
1493160505,1193984.00,162816.00,5305344.00,56203673.60,1.00,2.00,96.00,0.00,0.00,1.00,0.00,0.00,6654976.00,10485760.00,0.00,0.00,252928.00,247808.00
1493160506,1192960.00,162816.00,5305344.00,56203673.60,1.00,2.00,96.00,0.00,0.00,1.00,0.00,0.00,6834176.00,11534336.00,0.00,0.00,250880.00,248832.00
1493160507,1192960.00,162816.00,5305344.00,56203673.60,2.00,2.00,95.00,0.00,0.00,1.00,0.00,237568.00,7086080.00,11534336.00,0.00,0.00,259072.00,258048.00
1493160508,1193984.00,162816.00,5305344.00,56203673.60,1.00,3.00,95.00,0.00,0.00,1.00,0.00,0.00,7526400.00,12582912.00,0.00,0.00,273408.00,273408.00
1493160509,1192960.00,162816.00,5305344.00,56203673.60,1.00,3.00,94.00,0.00,0.00,1.00,0.00,0.00,7223296.00,11534336.00,0.00,0.00,263168.00,263168.00
1493160510,1192960.00,162816.00,5305344.00,56203673.60,2.00,2.00,96.00,0.00,0.00,1.00,0.00,0.00,6971392.00,11534336.00,0.00,0.00,260096.00,254976.00
1493160511,1192960.00,162816.00,5305344.00,56203673.60,1.00,3.00,95.00,0.00,0.00,1.00,0.00,0.00,6656000.00,10485760.00,0.00,0.00,249856.00,246784.00
1493160512,1192960.00,162816.00,5305344.00,56203673.60,0.00,3.00,96.00,0.00,0.00,1.00,0.00,122880.00,7434240.00,12582912.00,0.00,0.00,275456.00,272384.00
1493160513,1192960.00,162816.00,5305344.00,56203673.60,2.00,2.00,95.00,0.00,0.00,1.00,0.00,0.00,7034880.00,11534336.00,0.00,0.00,261120.00,257024.00
1493160514,1192960.00,162816.00,5305344.00,56203673.60,1.00,2.00,95.00,0.00,0.00,2.00,0.00,0.00,7171072.00,11534336.00,0.00,0.00,269312.00,264192.00
1493160515,1193984.00,162816.00,5305344.00,56203673.60,0.00,2.00,97.00,0.00,0.00,1.00,0.00,0.00,6760448.00,11534336.00,0.00,0.00,252928.00,249856.00
1493160516,1192960.00,162816.00,5305344.00,56203673.60,2.00,2.00,94.00,0.00,0.00,2.00,0.00,0.00,7223296.00,11534336.00,0.00,0.00,266240.00,265216.00
1493160517,1193984.00,162816.00,5305344.00,56203673.60,1.00,3.00,95.00,0.00,0.00,2.00,0.00,122880.00,7296000.00,11534336.00,0.00,0.00,269312.00,267264.00
1493160518,1191936.00,162816.00,5305344.00,56203673.60,3.00,2.00,94.00,0.00,0.00,2.00,0.00,0.00,6976512.00,11534336.00,0.00,0.00,261120.00,257024.00
1493160519,1192960.00,162816.00,5305344.00,56203673.60,1.00,2.00,96.00,0.00,0.00,1.00,0.00,0.00,6538240.00,10485760.00,0.00,0.00,238592.00,237568.00
1493160520,1193984.00,162816.00,5305344.00,56203673.60,1.00,3.00,94.00,0.00,0.00,2.00,0.00,0.00,7312384.00,11534336.00,0.00,0.00,271360.00,270336.00
1493160521,1192960.00,162816.00,5305344.00,56203673.60,3.00,1.00,95.00,0.00,0.00,1.00,0.00,0.00,7168000.00,11534336.00,0.00,0.00,265216.00,262144.00
1493160522,1192960.00,162816.00,5305344.00,56203673.60,1.00,2.00,96.00,0.00,0.00,1.00,0.00,122880.00,6999040.00,11534336.00,0.00,0.00,258048.00,256000.00
1493160523,1192960.00,162816.00,5305344.00,56203673.60,2.00,2.00,96.00,0.00,0.00,1.00,0.00,0.00,6792192.00,11534336.00,0.00,0.00,249856.00,247808.00
1493160524,1192960.00,162816.00,5305344.00,56203673.60,3.00,2.00,94.00,0.00,0.00,1.00,0.00,0.00,7117824.00,11534336.00,0.00,0.00,258048.00,257024.00
1493160525,1191936.00,162816.00,5305344.00,56203673.60,1.00,5.00,91.00,0.00,0.00,3.00,0.00,0.00,7276544.00,11534336.00,0.00,0.00,275456.00,273408.00
1493160526,1193984.00,162816.00,5305344.00,56203673.60,1.00,2.00,96.00,0.00,0.00,1.00,0.00,0.00,7163904.00,11534336.00,0.00,0.00,263168.00,259072.00
1493160527,1192960.00,162816.00,5305344.00,56203673.60,2.00,2.00,95.00,0.00,0.00,1.00,0.00,122880.00,7043072.00,11534336.00,0.00,0.00,251904.00,253952.00
1493160528,1192960.00,162816.00,5305344.00,56203673.60,1.00,2.00,96.00,0.00,0.00,1.00,0.00,0.00,6831104.00,11534336.00,0.00,0.00,245760.00,244736.00
1493160529,1192960.00,162816.00,5305344.00,56203673.60,2.00,3.00,93.00,0.00,0.00,2.00,0.00,0.00,7233536.00,11534336.00,0.00,0.00,263168.00,264192.00
1493160530,1193984.00,162816.00,5305344.00,56203673.60,1.00,2.00,97.00,0.00,0.00,1.00,0.00,0.00,7099392.00,11534336.00,0.00,0.00,259072.00,256000.00
1493160531,1192960.00,162816.00,5305344.00,56203673.60,1.00,2.00,96.00,0.00,0.00,1.00,0.00,0.00,6099968.00,9997312.00,0.00,0.00,233472.00,229376.00
1493160532,1192960.00,162816.00,5305344.00,56203673.60,1.00,2.00,97.00,0.00,0.00,1.00,0.00,122880.00,5664768.00,9223168.00,0.00,0.00,211968.00,209920.00
1493160533,1192960.00,162816.00,5305344.00,56203673.60,2.00,3.00,94.00,0.00,0.00,1.00,0.00,0.00,7362560.00,11534336.00,0.00,0.00,266240.00,266240.00
1493160534,1193984.00,162816.00,5305344.00,56203673.60,1.00,2.00,96.00,0.00,0.00,1.00,0.00,40960.00,7414784.00,12582912.00,0.00,0.00,272384.00,271360.00
1493160535,1193984.00,162816.00,5305344.00,56203673.60,2.00,3.00,93.00,0.00,0.00,1.00,0.00,0.00,6835200.00,11534336.00,0.00,0.00,252928.00,251904.00
1493160536,1192960.00,162816.00,5305344.00,56203673.60,1.00,1.00,98.00,0.00,0.00,0.00,0.00,0.00,6030336.00,9869312.00,0.00,0.00,239616.00,231424.00
1493160537,1193984.00,162816.00,5305344.00,56203673.60,1.00,2.00,95.00,0.00,0.00,1.00,0.00,122880.00,7008256.00,11534336.00,0.00,0.00,264192.00,260096.00
1493160538,1193984.00,162816.00,5305344.00,56203673.60,5.00,2.00,92.00,0.00,0.00,1.00,0.00,0.00,7413760.00,12582912.00,0.00,0.00,266240.00,266240.00
1493160539,1192960.00,162816.00,5305344.00,56203673.60,1.00,2.00,97.00,0.00,0.00,1.00,0.00,573440.00,7160832.00,11534336.00,0.00,0.00,263168.00,260096.00
1493160540,1193984.00,162816.00,5305344.00,56203673.60,1.00,2.00,97.00,0.00,0.00,1.00,0.00,0.00,7147520.00,11534336.00,0.00,0.00,262144.00,260096.00
1493160541,1192960.00,162816.00,5305344.00,56203673.60,3.00,2.00,94.00,0.00,0.00,0.00,0.00,0.00,6064128.00,9914368.00,0.00,0.00,236544.00,230400.00
1493160542,1192960.00,162816.00,5305344.00,56203673.60,1.00,2.00,96.00,0.00,0.00,1.00,0.00,311296.00,6701056.00,10485760.00,0.00,0.00,265216.00,254976.00
1493160543,1192960.00,162816.00,5305344.00,56203673.60,1.00,3.00,96.00,0.00,0.00,1.00,0.00,0.00,6977536.00,11534336.00,0.00,0.00,263168.00,261120.00
1493160544,1192960.00,162816.00,5305344.00,56203673.60,3.00,2.00,94.00,0.00,0.00,1.00,0.00,0.00,6800384.00,11534336.00,0.00,0.00,261120.00,252928.00
1493160545,1193984.00,162816.00,5305344.00,56203673.60,1.00,2.00,96.00,0.00,0.00,2.00,0.00,0.00,6626304.00,10485760.00,0.00,0.00,249856.00,245760.00
1493160546,1192960.00,162816.00,5305344.00,56203673.60,1.00,3.00,95.00,0.00,0.00,1.00,0.00,0.00,7157760.00,11534336.00,0.00,0.00,273408.00,266240.00
1493160547,1192960.00,162816.00,5305344.00,56203673.60,4.00,2.00,90.00,3.00,0.00,1.00,0.00,0.00,7267328.00,11534336.00,0.00,0.00,271360.00,266240.00
1493160548,1192960.00,162816.00,5305344.00,56203673.60,1.00,2.00,94.00,2.00,0.00,1.00,0.00,122880.00,6617088.00,10485760.00,0.00,0.00,261120.00,251904.00
1493160549,1192960.00,162816.00,5305344.00,56203673.60,1.00,2.00,96.00,0.00,0.00,1.00,0.00,0.00,7034880.00,11534336.00,0.00,0.00,267264.00,260096.00
1493160550,1192960.00,162816.00,5305344.00,56203673.60,2.00,4.00,93.00,0.00,0.00,1.00,0.00,0.00,6595584.00,10485760.00,0.00,0.00,253952.00,247808.00
1493160551,1193984.00,162816.00,5305344.00,56203673.60,0.00,3.00,95.00,0.00,0.00,2.00,0.00,0.00,7259136.00,11534336.00,0.00,0.00,273408.00,269312.00
1493160552,1192960.00,162816.00,5305344.00,56203673.60,3.00,2.00,94.00,0.00,0.00,1.00,0.00,122880.00,7036928.00,11534336.00,0.00,0.00,261120.00,259072.00
1493160553,1192960.00,162816.00,5305344.00,56203673.60,0.00,4.00,94.00,0.00,0.00,2.00,0.00,0.00,6920192.00,11534336.00,0.00,0.00,264192.00,261120.00
1493160554,1193984.00,162816.00,5305344.00,56203673.60,2.00,2.00,95.00,0.00,0.00,1.00,0.00,0.00,6733824.00,10485760.00,0.00,0.00,250880.00,246784.00
1493160555,1195008.00,162816.00,5305344.00,56203673.60,2.00,2.00,95.00,0.00,0.00,0.00,0.00,0.00,6956032.00,11534336.00,0.00,0.00,270336.00,263168.00
1493160556,1193984.00,162816.00,5305344.00,56203673.60,1.00,2.00,97.00,0.00,0.00,1.00,0.00,0.00,7403520.00,12582912.00,0.00,0.00,280576.00,273408.00
1493160557,1193984.00,162816.00,5305344.00,56203673.60,1.00,2.00,96.00,0.00,0.00,1.00,0.00,122880.00,7128064.00,11534336.00,0.00,0.00,264192.00,260096.00
1493160558,1193984.00,162816.00,5305344.00,56203673.60,2.00,2.00,94.00,0.00,0.00,2.00,0.00,0.00,6091776.00,9959424.00,0.00,0.00,232448.00,228352.00
1493160559,1193984.00,162816.00,5305344.00,56203673.60,1.00,4.00,94.00,0.00,0.00,2.00,0.00,0.00,7251968.00,11534336.00,0.00,0.00,271360.00,270336.00
1493160560,1193984.00,162816.00,5305344.00,56203673.60,1.00,3.00,94.00,0.00,0.00,2.00,0.00,0.00,7450624.00,12582912.00,0.00,0.00,278528.00,274432.00
1493160561,1193984.00,162816.00,5305344.00,56203673.60,2.00,1.00,96.00,0.00,0.00,1.00,0.00,0.00,7021568.00,11534336.00,0.00,0.00,264192.00,259072.00
1493160562,1193984.00,162816.00,5305344.00,56203673.60,1.00,2.00,96.00,0.00,0.00,1.00,0.00,0.00,6746112.00,11534336.00,0.00,0.00,258048.00,251904.00
1493160563,1193984.00,162816.00,5305344.00,56203673.60,1.00,3.00,95.00,0.00,0.00,1.00,0.00,122880.00,6970368.00,11534336.00,0.00,0.00,265216.00,260096.00
1493160564,1193984.00,162816.00,5305344.00,56203673.60,2.00,2.00,95.00,0.00,0.00,1.00,0.00,40960.00,6705152.00,10485760.00,0.00,0.00,264192.00,254976.00
1493160565,1193984.00,162816.00,5305344.00,56203673.60,1.00,3.00,95.00,0.00,0.00,2.00,0.00,0.00,6722560.00,11534336.00,0.00,0.00,264192.00,256000.00
1493160566,1193984.00,162816.00,5305344.00,56203673.60,1.00,4.00,94.00,0.00,0.00,1.00,0.00,0.00,6982656.00,11534336.00,0.00,0.00,268288.00,261120.00
1493160567,1193984.00,162816.00,5305344.00,56203673.60,2.00,1.00,97.00,0.00,0.00,1.00,0.00,0.00,6546432.00,10485760.00,0.00,0.00,235520.00,236544.00
1493160568,1193984.00,162816.00,5305344.00,56203673.60,1.00,1.00,97.00,0.00,0.00,1.00,0.00,122880.00,6808576.00,10485760.00,0.00,0.00,244736.00,247808.00
1493160569,1192960.00,162816.00,5305344.00,56203673.60,1.00,2.00,97.00,0.00,0.00,1.00,0.00,0.00,6556672.00,10485760.00,0.00,0.00,238592.00,238592.00
1493160570,1192960.00,162816.00,5305344.00,56203673.60,1.00,1.00,97.00,0.00,0.00,0.00,0.00,0.00,6966272.00,11534336.00,0.00,0.00,245760.00,250880.00
1493160571,1193984.00,162816.00,5305344.00,56203673.60,1.00,1.00,98.00,0.00,0.00,0.00,0.00,0.00,6013952.00,9615360.00,0.00,0.00,212992.00,215040.00
