--Probe dump file for probe: org.yardstickframework.probes.ThroughputLatencyProbe@7d900ecf (class org.yardstickframework.probes.ThroughputLatencyProbe)
--Created Tue Apr 25 22:43:31 UTC 2017
--Benchmark config: BenchmarkConfiguration [memberId='0', driverNames='[HazelcastSetGetTxOptimisticBenchmark]', serverName='HazelcastNode', threads=64, duration=300, warmup=60, dfltProbeClsNames=[ThroughputLatencyProbe, PercentileProbe, DStatProbe], propsFileName='yardstick/config/run.properties', packages=[org.yardstickframework], cmdArgs=[--outputFolder, /home/ubuntu/date-2504-221749-s-4-c-1-ver-3.8.1-f1e9264/yardstick/bin/../output/results-20170425-221800, -id, 0, -hzcfg, /home/ubuntu/date-2504-221749-s-4-c-1-ver-3.8.1-f1e9264/yardstick/bin/../config/hz-config.xml, --hzClientConfig, /home/ubuntu/date-2504-221749-s-4-c-1-ver-3.8.1-f1e9264/yardstick/bin/../config/hz-client-config.xml, --clientMode, -nn, 4, -b, 1, -w, 60, -d, 300, -t, 64, --syncBackups, --readBackups, -dn, HazelcastSetGetTxOptimisticBenchmark, -sn, HazelcastNode, -ds, 3.8.1-f1e9264-tx-set-get-opt-1-backup, --config, yardstick/config/run.properties, --logsFolder, /home/ubuntu/date-2504-221749-s-4-c-1-ver-3.8.1-f1e9264/yardstick/bin/../output/logs-20170425-221800/logs_drivers, --currentFolder, /home/ubuntu/date-2504-221749-s-4-c-1-ver-3.8.1-f1e9264, --scriptsFolder, /home/ubuntu/date-2504-221749-s-4-c-1-ver-3.8.1-f1e9264/yardstick/bin], probeWriter='null', customProps={ver=3.8.1-f1e9264-, b=1, d=300, SERVER_HOSTS=172.31.45.250,172.31.38.80,172.31.41.141,172.31.42.161, now0=`date +'%H%M%S'`, nodesNum=$((`echo ${SERVER_HOSTS} | tr ',' '' | wc -l`)), JVM_OPTS=${JVM_OPTS}" -Xms6g -Xmx6g -Xloggc:./gc${now0}.log -XX:+PrintGCDetails -verbose:gc -XX:+UseParNewGC -XX:+UseConcMarkSweepGC ", CONFIGS="-hzcfg ${SCRIPT_DIR}/../config/hz-config.xml --hzClientConfig ${SCRIPT_DIR}/../config/hz-client-config.xml --clientMode -nn ${nodesNum} -b ${b} -w ${w} -d ${d} -t ${t}  ${sm} --readBackups -dn HazelcastSetBenchmark -sn HazelcastNode -ds ${ver}atomic-set-1-backup,-hzcfg ${SCRIPT_DIR}/../config/hz-config.xml --hzClientConfig ${SCRIPT_DIR}/../config/hz-client-config.xml --clientMode -nn ${nodesNum} -b ${b} -w ${w} -d ${d} -t ${t}  ${sm} --readBackups -dn HazelcastSetGetBenchmark -sn HazelcastNode -ds ${ver}atomic-set-get-1-backup,-hzcfg ${SCRIPT_DIR}/../config/hz-config.xml --hzClientConfig ${SCRIPT_DIR}/../config/hz-client-config.xml --clientMode -nn ${nodesNum} -b ${b} -w ${w} -d ${d} -t ${t}  ${sm} --readBackups -bs 6 -dn HazelcastPutGetBatchBenchmark -sn HazelcastNode -ds ${ver}atomic-set-get-bs-6-1-backup,-hzcfg ${SCRIPT_DIR}/../config/hz-config.xml --hzClientConfig ${SCRIPT_DIR}/../config/hz-client-config.xml --clientMode -nn ${nodesNum} -b ${b} -w ${w} -d ${d} -t ${t}  ${sm} --readBackups -dn HazelcastSetTxBenchmark -sn HazelcastNode -ds ${ver}tx-set-pessimistic-1-backup,-hzcfg ${SCRIPT_DIR}/../config/hz-config.xml --hzClientConfig ${SCRIPT_DIR}/../config/hz-client-config.xml --clientMode -nn ${nodesNum} -b ${b} -w ${w} -d ${d} -t ${t}  ${sm} --readBackups -dn HazelcastSetGetTxOptimisticBenchmark -sn HazelcastNode -ds ${ver}tx-set-get-opt-1-backup,-hzcfg ${SCRIPT_DIR}/../config/hz-config.xml --hzClientConfig ${SCRIPT_DIR}/../config/hz-client-config.xml --clientMode -nn ${nodesNum} -b ${b} -w ${w} -d ${d} -t ${t}  ${sm} --readBackups -dn HazelcastSetGetTxPessimisticBenchmark -sn HazelcastNode -ds ${ver}tx-set-get-pes-1-backup,-hzcfg ${SCRIPT_DIR}/../config/hz-config.xml --hzClientConfig ${SCRIPT_DIR}/../config/hz-client-config.xml --clientMode -nn ${nodesNum} -b ${b} -w ${w} -d ${d} -t ${t}  ${sm} --readBackups -dn HazelcastSqlQueryBenchmark -sn HazelcastNode -ds ${ver}sql-query-1-backup,-hzcfg ${SCRIPT_DIR}/../config/hz-config.xml --hzClientConfig ${SCRIPT_DIR}/../config/hz-client-config.xml --clientMode -nn ${nodesNum} -b ${b} -w ${w} -d ${d} -t ${t}  ${sm} --readBackups -dn HazelcastSqlQuerySetBenchmark -sn HazelcastNode -ds ${ver}sql-query-set-1-backup,-hzcfg ${SCRIPT_DIR}/../config/hz-config.xml --hzClientConfig ${SCRIPT_DIR}/../config/hz-client-config.xml --clientMode -nn ${nodesNum} -b ${b} -w ${w} -d ${d} -t ${t}  ${sm} --readBackups -bs 6 -dn HazelcastPutAllBenchmark -sn HazelcastNode -ds ${ver}atomic-setAll-bs-6-1-backup,-hzcfg ${SCRIPT_DIR}/../config/hz-config.xml --hzClientConfig ${SCRIPT_DIR}/../config/hz-client-config.xml --clientMode -nn ${nodesNum} -b ${b} -w ${w} -d ${d} -t ${t}  ${sm} --readBackups -bs 6 -dn HazelcastSetAllTxBenchmark -sn HazelcastNode -ds ${ver}tx-setAll-bs-6-1-backup,-hzcfg ${SCRIPT_DIR}/../config/hz-config.xml --hzClientConfig ${SCRIPT_DIR}/../config/hz-client-config.xml --clientMode -nn ${nodesNum} -b ${b} -w ${w} -d ${d} -t ${t}  ${sm} --readBackups -bs 6 -dn HazelcastGetAllSetAllTxOptimisticBenchmark -sn HazelcastNode -ds ${ver}tx-optimistic-getAllSetAll-bs-6-1-backup,-hzcfg ${SCRIPT_DIR}/../config/hz-config.xml --hzClientConfig ${SCRIPT_DIR}/../config/hz-client-config.xml --clientMode -nn ${nodesNum} -b ${b} -w ${w} -d ${d} -t ${t}  ${sm} --readBackups -bs 6 -dn HazelcastGetAllSetAllTxPessimisticBenchmark -sn HazelcastNode -ds ${ver}tx-pessimistic-getAllSetAll-bs-6-1-backup,", DRIVER_HOSTS=172.31.46.6, t=64, BENCHMARK_PACKAGES=org.yardstickframework, w=60, BENCHMARK_LABEL=hazelcast, sm="--syncBackups", AUTO_COPY=false, RESTART_SERVERS=true}, shutdownHook=true, currentFolder=/home/ubuntu/date-2504-221749-s-4-c-1-ver-3.8.1-f1e9264, scriptsFolder=/home/ubuntu/date-2504-221749-s-4-c-1-ver-3.8.1-f1e9264/yardstick/bin, logsFolder=/home/ubuntu/date-2504-221749-s-4-c-1-ver-3.8.1-f1e9264/yardstick/bin/../output/logs-20170425-221800/logs_drivers, outputFolder=/home/ubuntu/date-2504-221749-s-4-c-1-ver-3.8.1-f1e9264/yardstick/bin/../output/results-20170425-221800, outputWriter=java.io.PrintStream@3a92b7c2, errorWriter=java.io.PrintStream@3ead2448, descriptions=[3.8.1-f1e9264-tx-set-get-opt-1-backup], hostName=]
--Description: 3.8.1-f1e9264-tx-set-get-opt-1-backup
@@HazelcastSetGetTxOptimisticBenchmark
**"Time, sec","Operations/sec (more is better)","Latency, nsec (less is better)"
1493160272,17719.00,3602737.61
1493160273,20887.00,3061316.05
1493160274,21037.00,3041922.66
1493160275,20764.00,3080637.82
1493160276,20951.00,3052947.91
1493160277,20179.00,3170627.63
1493160278,17827.00,3589741.22
1493160279,20999.00,3045021.25
1493160280,21184.00,3021279.68
1493160281,20343.00,3144934.57
1493160282,21201.00,3016741.51
1493160283,19371.00,3303102.76
1493160284,18764.00,3410807.97
1493160285,20208.00,3152993.74
1493160286,16317.00,3933262.28
1493160287,18674.00,3430378.03
1493160288,20202.00,3167075.24
1493160289,20324.00,3149250.99
1493160290,17145.00,3731040.44
1493160291,19304.00,3314955.22
1493160292,20570.00,3109552.70
1493160293,20075.00,3188625.84
1493160294,20550.00,3113404.75
1493160295,19659.00,3255102.67
1493160296,18394.00,3479381.91
1493160297,19867.00,3220184.06
1493160298,20913.00,3058558.77
1493160299,20535.00,3117335.97
1493160300,20618.00,3103197.84
1493160301,18378.00,3481734.01
1493160302,14439.00,4426303.78
1493160303,16803.00,3812969.50
1493160304,19733.00,3242278.57
1493160305,20560.00,3112574.21
1493160306,20312.00,3149446.92
1493160307,20939.00,3055968.68
1493160308,18873.00,3391691.85
1493160309,18674.00,3426915.98
1493160310,20455.00,3127782.24
1493160311,19441.00,3291615.87
1493160312,20804.00,3075427.02
1493160313,20770.00,3081733.44
1493160314,18416.00,3473459.38
1493160315,18649.00,3431036.17
1493160316,20069.00,3189191.76
1493160317,20379.00,3140267.64
1493160318,20838.00,3071427.70
1493160319,20993.00,3047888.48
1493160320,18776.00,3366155.39
1493160321,19316.00,3353826.99
1493160322,20906.00,3060890.92
1493160323,20427.00,3132093.07
1493160324,20808.00,3075889.33
1493160325,20345.00,3144522.54
1493160326,18185.00,3519081.83
1493160327,20005.00,3198095.33
1493160328,20699.00,3091894.96
1493160329,21003.00,3046061.72
1493160330,21105.00,3032979.73
1493160331,18901.00,3384830.69
1493160332,17926.00,3508088.55
1493160333,19259.00,3380442.01
1493160334,20322.00,3148231.93
1493160335,20915.00,3059497.75
1493160336,20164.00,3173855.47
1493160337,17843.00,3586319.14
1493160338,20367.00,3141626.52
1493160339,20664.00,3096592.82
1493160340,20549.00,3085751.29
1493160341,17510.00,3686877.78
1493160342,20776.00,3080143.01
1493160343,20557.00,3113197.85
1493160344,20816.00,3073465.89
1493160345,19449.00,3221135.01
1493160346,18236.00,3583362.35
1493160347,16962.00,3749632.91
1493160348,18561.00,3455149.96
1493160349,20121.00,3193114.41
1493160350,18036.00,3545547.12
1493160351,19282.00,3320447.79
1493160352,20466.00,3125972.22
1493160353,20417.00,3135464.59
1493160354,19912.00,3211094.59
1493160355,16820.00,3808033.66
1493160356,20954.00,3054915.36
1493160357,20708.00,3089220.47
1493160358,19681.00,3252250.92
1493160359,18798.00,3404142.13
1493160360,20837.00,3070024.98
1493160361,18840.00,3396849.19
1493160362,19244.00,3324311.49
1493160363,15801.00,4052077.93
1493160364,15720.00,4070080.64
1493160365,20713.00,3090556.79
1493160366,21016.00,3043893.41
1493160367,19401.00,3297657.57
1493160368,16868.00,3650087.47
1493160369,20666.00,3216264.34
1493160370,20604.00,3112124.59
1493160371,19685.00,3250622.66
1493160372,18743.00,3414455.37
1493160373,17306.00,3698197.18
1493160374,20899.00,3062014.14
1493160375,19943.00,3207928.30
1493160376,17869.00,3582059.63
1493160377,18272.00,3502647.01
1493160378,20934.00,3056651.90
1493160379,19555.00,3272126.33
1493160380,20313.00,3150403.87
1493160381,18425.00,3472332.95
1493160382,19956.00,3206986.59
1493160383,20171.00,3172244.36
1493160384,19418.00,3295605.44
1493160385,19894.00,3216386.99
1493160386,18144.00,3527267.96
1493160387,20169.00,3171354.21
1493160388,19401.00,3299680.49
1493160389,19970.00,3204649.07
1493160390,18095.00,3424654.77
1493160391,19740.00,3343415.57
1493160392,19503.00,3281118.68
1493160393,19736.00,3242545.97
1493160394,19305.00,3314575.46
1493160395,17807.00,3594037.30
1493160396,20490.00,3123098.98
1493160397,20201.00,3167812.18
1493160398,18119.00,3531155.60
1493160399,17488.00,3660181.92
1493160400,19727.00,3243897.88
1493160401,19605.00,3264047.25
1493160402,19746.00,3240047.51
1493160403,18746.00,3415317.95
1493160404,17623.00,3630470.35
1493160405,20558.00,3113158.85
1493160406,20532.00,3116362.83
1493160407,19451.00,3290092.67
1493160408,16643.00,3842964.64
1493160409,16173.00,3959118.42
1493160410,20787.00,3077732.60
1493160411,20109.00,3183045.05
1493160412,18147.00,3525076.75
1493160413,17616.00,3631589.20
1493160414,20783.00,3080916.59
1493160415,18886.00,3387392.26
1493160416,19136.00,3343738.91
1493160417,17870.00,3581353.25
1493160418,18413.00,3474915.68
1493160419,19728.00,3244313.05
1493160420,17465.00,3663031.64
1493160421,14706.00,4353135.16
1493160422,16830.00,3802097.79
1493160423,20537.00,3115871.63
1493160424,20179.00,3170758.22
1493160425,20547.00,3114536.61
1493160426,17768.00,3602429.83
1493160427,19092.00,3351309.76
1493160428,19977.00,3201552.10
1493160429,20077.00,3188768.05
1493160430,18817.00,3401028.35
1493160431,17121.00,3737671.95
1493160432,19266.00,3321443.05
1493160433,19871.00,3219951.99
1493160434,19982.00,3167868.69
1493160435,18918.00,3417343.02
1493160436,18444.00,3471082.21
1493160437,20056.00,3191444.99
1493160438,20637.00,3099871.56
1493160439,19710.00,3247233.38
1493160440,18153.00,3525470.34
1493160441,20383.00,3137501.05
1493160442,20647.00,3100618.48
1493160443,19952.00,3205477.60
1493160444,18130.00,3532217.98
1493160445,20575.00,3109439.42
1493160446,20692.00,3091284.92
1493160447,20521.00,3119163.20
1493160448,18806.00,3403046.94
1493160449,19715.00,3245793.60
1493160450,20486.00,3124508.19
1493160451,20011.00,3197647.74
1493160452,20010.00,3197707.84
1493160453,16677.00,3837594.39
1493160454,18161.00,3523617.49
1493160455,18499.00,3456618.41
1493160456,17655.00,3491903.19
1493160457,17647.00,3759957.69
1493160458,17554.00,3646436.99
1493160459,20112.00,3182509.11
1493160460,19010.00,3365539.23
1493160461,17273.00,3703551.47
1493160462,16840.00,3751988.18
1493160463,16996.00,3814156.02
1493160464,18872.00,3384446.24
1493160465,19468.00,3293381.33
1493160466,19032.00,3362588.64
1493160467,17027.00,3759160.52
1493160468,20629.00,3102135.81
1493160469,20547.00,3113622.02
1493160470,15210.00,4207165.98
1493160471,17112.00,3740063.66
1493160472,17942.00,3566698.65
1493160473,18527.00,3453493.28
1493160474,20533.00,3116742.90
1493160475,19615.00,3218103.87
1493160476,18210.00,3562826.89
1493160477,22034.00,2903385.89
1493160478,21819.00,2932931.71
1493160479,20536.00,3115561.58
1493160480,20504.00,3111322.38
1493160481,18129.00,3540427.37
1493160482,20804.00,3074959.06
1493160483,21292.00,3006655.38
1493160484,20709.00,3089613.28
1493160485,18765.00,3409979.93
1493160486,21610.00,2961540.31
1493160487,21460.00,2981411.85
1493160488,20535.00,3115943.51
1493160489,19206.00,3331539.49
1493160490,21512.00,2975397.52
1493160491,20417.00,3133502.58
1493160492,20782.00,3078930.62
1493160493,20150.00,3166161.52
1493160494,20258.00,3168406.69
1493160495,21435.00,2984787.53
1493160496,20106.00,3183168.87
1493160497,21283.00,3006238.65
1493160498,20239.00,3162440.77
1493160499,21409.00,2988367.90
1493160500,21474.00,2979942.28
1493160501,18543.00,3440281.53
1493160502,17959.00,3573659.15
1493160503,20382.00,3138915.24
1493160504,20343.00,3145423.91
1493160505,19652.00,3257297.85
1493160506,20181.00,3170955.29
1493160507,20840.00,3070224.30
1493160508,22233.00,2877949.34
1493160509,21331.00,2999980.35
1493160510,20503.00,3120827.19
1493160511,19565.00,3270116.59
1493160512,21960.00,2914808.06
1493160513,20674.00,3094583.75
1493160514,21219.00,3015572.28
1493160515,19882.00,3218672.87
1493160516,21199.00,3018279.77
1493160517,21442.00,2984097.06
1493160518,20469.00,3126828.15
1493160519,19225.00,3329046.76
1493160520,21370.00,2994531.73
1493160521,21080.00,3034952.48
1493160522,20616.00,3103933.08
1493160523,20020.00,3196564.97
1493160524,21046.00,3040429.95
1493160525,21096.00,3033351.56
1493160526,21114.00,3030882.71
1493160527,20787.00,3077487.37
1493160528,20116.00,3181776.96
1493160529,21216.00,3015732.13
1493160530,20969.00,3051020.68
1493160531,17732.00,3609826.30
1493160532,16811.00,3805828.38
1493160533,21672.00,2952985.16
1493160534,21812.00,2932935.41
1493160535,20029.00,3195967.69
1493160536,17702.00,3614435.15
1493160537,20525.00,3118739.50
1493160538,21993.00,2908594.42
1493160539,21120.00,3030220.01
1493160540,20991.00,3046245.48
1493160541,17880.00,3580579.50
1493160542,19721.00,3244352.36
1493160543,20487.00,3124764.29
1493160544,20040.00,3192894.09
1493160545,19090.00,3262083.65
1493160546,21490.00,3057377.88
1493160547,21378.00,2992970.64
1493160548,19473.00,3286360.25
1493160549,20261.00,3088859.15
1493160550,19607.00,3335871.90
1493160551,21309.00,3002913.98
1493160552,20675.00,3094004.29
1493160553,20149.00,3176799.31
1493160554,19876.00,3219766.97
1493160555,20528.00,3117354.91
1493160556,21396.00,2929887.16
1493160557,21404.00,3049711.59
1493160558,17772.00,3601146.11
1493160559,21216.00,3015874.16
1493160560,21837.00,2929989.92
1493160561,20685.00,3093435.66
1493160562,19879.00,3218828.21
1493160563,20467.00,3125095.93
1493160564,19864.00,3222799.79
1493160565,19755.00,3239999.54
1493160566,20490.00,3122679.19
1493160567,19263.00,3320339.67
1493160568,20089.00,3186923.56
1493160569,19164.00,3338719.30
1493160570,20691.00,3093103.80
1493160571,17491.00,3658151.44
