--Probe dump file for probe: org.yardstickframework.probes.DStatProbe@4beddc56 (class org.yardstickframework.probes.DStatProbe)
--Created Tue Apr 25 20:56:40 UTC 2017
--Benchmark config: BenchmarkConfiguration [memberId='0', driverNames='[IgnitePutGetBatchBenchmark]', serverName='IgniteNode', threads=64, duration=300, warmup=60, dfltProbeClsNames=[ThroughputLatencyProbe, PercentileProbe, DStatProbe], propsFileName='yardstick/config/run.properties', packages=[org.yardstickframework, org.apache.ignite.yardstick], cmdArgs=[--outputFolder, /home/ubuntu/date-2504-204359-s-4-c-1-ver-2.0.0-SNAPSHOT-0be92732/yardstick/bin/../output/results-20170425-204411, -id, 0, -cfg, /home/ubuntu/date-2504-204359-s-4-c-1-ver-2.0.0-SNAPSHOT-0be92732/yardstick/bin/../config/ignite-config.xml, -nn, 5, -b, 1, -w, 60, -d, 300, -t, 64, -sm, FULL_SYNC, -bs, 6, --client, -dn, IgnitePutGetBatchBenchmark, -wom, PRIMARY, -sn, IgniteNode, -ds, 2.0.0-SNAPSHOT-0be92732-atomic-put-get-bs-6-1-backup, --config, yardstick/config/run.properties, --logsFolder, /home/ubuntu/date-2504-204359-s-4-c-1-ver-2.0.0-SNAPSHOT-0be92732/yardstick/bin/../output/logs-20170425-204411/logs_drivers, --currentFolder, /home/ubuntu/date-2504-204359-s-4-c-1-ver-2.0.0-SNAPSHOT-0be92732, --scriptsFolder, /home/ubuntu/date-2504-204359-s-4-c-1-ver-2.0.0-SNAPSHOT-0be92732/yardstick/bin], probeWriter='null', customProps={ver=2.0.0-SNAPSHOT-0be92732- , b=1, d=300, SERVER_HOSTS=172.31.45.250,172.31.38.80,172.31.41.141,172.31.42.161, now0=`date +'%H%M%S'`, j=10, nodesNum=$((`echo ${SERVER_HOSTS} | tr ',' '' | wc -l` + `echo ${DRIVER_HOSTS} | tr ',' '' | wc -l`)), JVM_OPTS=${JVM_OPTS}" -Xms6g -Xmx6g -Xloggc:./gc${now0}.log -XX:+PrintGCDetails -verbose:gc -XX:+UseParNewGC -XX:+UseConcMarkSweepGC ", CONFIGS="-cfg ${SCRIPT_DIR}/../config/ignite-config.xml -nn ${nodesNum} -b ${b} -w ${w} -d ${d} -t ${t} -sm ${sm}  --client -dn IgnitePutBenchmark -sn IgniteNode -wom PRIMARY -ds ${ver}atomic-put-${b}-backup,-cfg ${SCRIPT_DIR}/../config/ignite-config.xml -nn ${nodesNum} -b ${b} -w ${w} -d ${d} -t ${t} -sm ${sm}  --client -dn IgnitePutGetBenchmark -sn IgniteNode -wom PRIMARY -ds ${ver}atomic-put-get-${b}-backup,-cfg ${SCRIPT_DIR}/../config/ignite-config.xml -nn ${nodesNum} -b ${b} -w ${w} -d ${d} -t ${t} -sm ${sm} -bs 6  --client -dn IgnitePutGetBatchBenchmark -wom PRIMARY -sn IgniteNode -ds ${ver}atomic-put-get-bs-6-${b}-backup,-cfg ${SCRIPT_DIR}/../config/ignite-config.xml -nn ${nodesNum} -b ${b} -w ${w} -d ${d} -t ${t} -sm ${sm}  --client -dn IgnitePutTxImplicitBenchmark -sn IgniteNode -ds ${ver}tx-optimistic-put-${b}-backup,-cfg ${SCRIPT_DIR}/../config/ignite-config.xml -nn ${nodesNum} -b ${b} -w ${w} -d ${d} -t ${t} -sm ${sm} -txc OPTIMISTIC  --client -dn IgnitePutGetTxBenchmark -sn IgniteNode -ds ${ver}tx-optim-repRead-put-get-${b}-backup,-cfg ${SCRIPT_DIR}/../config/ignite-config.xml -nn ${nodesNum} -b ${b} -w ${w} -d ${d} -t ${t} -sm ${sm} -txc PESSIMISTIC  --client -dn IgnitePutGetTxBenchmark -sn IgniteNode -ds ${ver}tx-pessim-repRead-put-get-${b}-backup,-cfg ${SCRIPT_DIR}/../config/ignite-config.xml -nn ${nodesNum} -b ${b} -w ${w} -d ${d} -t ${t} -sm ${sm} -txc OPTIMISTIC -txi SERIALIZABLE  --client -dn IgnitePutGetTxBenchmark -sn IgniteNode -ds ${ver}tx-opt-serial-put-get-${b}-backup,-cfg ${SCRIPT_DIR}/../config/ignite-config.xml -nn ${nodesNum} -b ${b} -w ${w} -d ${d} -t ${t} -sm ${sm}  --client -dn IgniteSqlQueryBenchmark -sn IgniteNode -ds ${ver}sql-query-${b}-backup,-cfg ${SCRIPT_DIR}/../config/ignite-config.xml -nn ${nodesNum} -b ${b} -w ${w} -d ${d} -t ${t} -sm ${sm}  --client -dn IgniteSqlQueryPutBenchmark -sn IgniteNode -ds ${ver}sql-query-put-${b}-backup,-cfg ${SCRIPT_DIR}/../config/ignite-config.xml -nn ${nodesNum} -b ${b} -w ${w} -d ${d} -t ${t} -sm ${sm} -bs 6  --client -dn IgnitePutAllBenchmark -wom PRIMARY -sn IgniteNode -ds ${ver}atomic-putAll-bs-6-${b}-backup,-cfg ${SCRIPT_DIR}/../config/ignite-config.xml -nn ${nodesNum} -b ${b} -w ${w} -d ${d} -t ${t} -sm ${sm} -bs 6  --client -dn IgnitePutAllTxBenchmark -sn IgniteNode -ds ${ver}tx-putAll-bs-6-${b}-backup,-cfg ${SCRIPT_DIR}/../config/ignite-config.xml -nn ${nodesNum} -b ${b} -w ${w} -d ${d} -t ${t} -sm ${sm} -bs 6  --client -dn IgnitePutAllSerializableTxBenchmark -sn IgniteNode -ds ${ver}tx-putAllSerializable-bs-6-${b}-backup,-cfg ${SCRIPT_DIR}/../config/ignite-config.xml -nn ${nodesNum} -b ${b} -w ${w} -d ${d} -t ${t} -sm ${sm} -bs 6 -txc OPTIMISTIC   --client -dn IgniteGetAllPutAllTxBenchmark -sn IgniteNode -ds ${ver}tx-optimistic-getAllPutAll-bs-6-${b}-backup,-cfg ${SCRIPT_DIR}/../config/ignite-config.xml -nn ${nodesNum} -b ${b} -w ${w} -d ${d} -t ${t} -sm ${sm} -bs 6 -txc PESSIMISTIC  --client -dn IgniteGetAllPutAllTxBenchmark -sn IgniteNode -ds ${ver}tx-pessimistic-getAllPutAll-bs-6-${b}-backup,-cfg ${SCRIPT_DIR}/../config/ignite-config.xml -nn ${nodesNum} -b ${b} -w ${w} -d ${d} -t ${t} -sm ${sm} -bs 6 -txc OPTIMISTIC -txi SERIALIZABLE  --client -dn IgniteGetAllPutAllTxBenchmark -sn IgniteNode -ds ${ver}tx-opt-serializable-getAllPutAll-bs-6-${b}-backup,", DRIVER_HOSTS=172.31.46.6, t=64, BENCHMARK_PACKAGES=org.yardstickframework,org.apache.ignite.yardstick, w=60, sm=FULL_SYNC, AUTO_COPY=false, RESTART_SERVERS=true}, shutdownHook=true, currentFolder=/home/ubuntu/date-2504-204359-s-4-c-1-ver-2.0.0-SNAPSHOT-0be92732, scriptsFolder=/home/ubuntu/date-2504-204359-s-4-c-1-ver-2.0.0-SNAPSHOT-0be92732/yardstick/bin, logsFolder=/home/ubuntu/date-2504-204359-s-4-c-1-ver-2.0.0-SNAPSHOT-0be92732/yardstick/bin/../output/logs-20170425-204411/logs_drivers, outputFolder=/home/ubuntu/date-2504-204359-s-4-c-1-ver-2.0.0-SNAPSHOT-0be92732/yardstick/bin/../output/results-20170425-204411, outputWriter=java.io.PrintStream@7e3d39ec, errorWriter=java.io.PrintStream@70fac85b, descriptions=[2.0.0-SNAPSHOT-0be92732-atomic-put-get-bs-6-1-backup], hostName=]
--Description: 2.0.0-SNAPSHOT-0be92732-atomic-put-get-bs-6-1-backup
@@IgnitePutGetBatchBenchmark
**"Time, sec","Memory Used, KB","Memory Buffered, KB","Memory Cached, KB","Memory Free, KB","CPU User, %","CPU System, %","CPU Idle, %","CPU Wait, %","CPU Hardware Interrupts","CPU Software Interrupts","Disk Read, B","Disk Write, B","Network Receive, B","Network Send, B","Page In, B","Page Out, B","System Interrupts, per sec","System Context Switches, per sec"
1493153861,1398784.00,155648.00,5128192.00,56203673.60,24.00,13.00,58.00,0.00,0.00,4.00,0.00,106496.00,22020096.00,24117248.00,0.00,0.00,218112.00,257024.00
1493153862,1399808.00,155648.00,5128192.00,56203673.60,20.00,14.00,61.00,0.00,0.00,5.00,0.00,0.00,22020096.00,25165824.00,0.00,0.00,212992.00,252928.00
1493153863,1399808.00,155648.00,5128192.00,56203673.60,21.00,14.00,61.00,0.00,0.00,4.00,0.00,0.00,20971520.00,24117248.00,0.00,0.00,206848.00,247808.00
1493153864,1399808.00,155648.00,5128192.00,56203673.60,20.00,10.00,68.00,0.00,0.00,2.00,0.00,0.00,17825792.00,20971520.00,0.00,0.00,177152.00,210944.00
1493153865,1399808.00,155648.00,5128192.00,56203673.60,28.00,13.00,56.00,0.00,0.00,3.00,0.00,0.00,22020096.00,25165824.00,0.00,0.00,214016.00,257024.00
1493153866,1399808.00,155648.00,5128192.00,56203673.60,27.00,14.00,55.00,0.00,0.00,4.00,0.00,614400.00,23068672.00,25165824.00,0.00,0.00,220160.00,263168.00
1493153867,1399808.00,155648.00,5128192.00,56203673.60,23.00,16.00,57.00,0.00,0.00,4.00,0.00,270336.00,23068672.00,25165824.00,0.00,0.00,219136.00,264192.00
1493153868,1399808.00,155648.00,5128192.00,56203673.60,20.00,11.00,66.00,0.00,0.00,3.00,0.00,0.00,19922944.00,22020096.00,0.00,0.00,192512.00,228352.00
1493153869,1402880.00,155648.00,5128192.00,56203673.60,20.00,12.00,64.00,0.00,0.00,4.00,0.00,0.00,19922944.00,23068672.00,0.00,0.00,196608.00,235520.00
1493153870,1402880.00,155648.00,5128192.00,56203673.60,25.00,13.00,58.00,0.00,0.00,3.00,0.00,0.00,23068672.00,25165824.00,0.00,0.00,222208.00,265216.00
1493153871,1401856.00,155648.00,5128192.00,56203673.60,24.00,14.00,58.00,0.00,0.00,4.00,0.00,0.00,23068672.00,25165824.00,0.00,0.00,217088.00,261120.00
1493153872,1401856.00,155648.00,5128192.00,56203673.60,20.00,12.00,65.00,0.00,0.00,3.00,0.00,114688.00,19922944.00,22020096.00,0.00,0.00,190464.00,229376.00
1493153873,1400832.00,155648.00,5129216.00,56203673.60,19.00,12.00,66.00,0.00,0.00,3.00,0.00,0.00,19922944.00,22020096.00,0.00,0.00,195584.00,232448.00
1493153874,1401856.00,155648.00,5129216.00,56203673.60,21.00,13.00,61.00,0.00,0.00,5.00,0.00,0.00,22020096.00,25165824.00,0.00,0.00,217088.00,259072.00
1493153875,1401856.00,155648.00,5129216.00,56203673.60,15.00,8.00,75.00,0.00,0.00,2.00,0.00,0.00,15728640.00,17825792.00,0.00,0.00,154624.00,184320.00
1493153876,1401856.00,155648.00,5129216.00,56203673.60,21.00,13.00,63.00,0.00,0.00,4.00,0.00,0.00,20971520.00,24117248.00,0.00,0.00,208896.00,248832.00
1493153877,1401856.00,155648.00,5129216.00,56203673.60,19.00,11.00,66.00,0.00,0.00,4.00,0.00,114688.00,19922944.00,22020096.00,0.00,0.00,192512.00,228352.00
1493153878,1401856.00,155648.00,5129216.00,56203673.60,23.00,12.00,61.00,0.00,0.00,4.00,0.00,0.00,20971520.00,24117248.00,0.00,0.00,208896.00,249856.00
1493153879,1402880.00,155648.00,5129216.00,56203673.60,23.00,15.00,58.00,0.00,0.00,5.00,0.00,0.00,23068672.00,26214400.00,0.00,0.00,223232.00,266240.00
1493153880,1401856.00,155648.00,5129216.00,56203673.60,19.00,13.00,65.00,0.00,0.00,3.00,0.00,0.00,19922944.00,23068672.00,0.00,0.00,203776.00,242688.00
1493153881,1401856.00,155648.00,5129216.00,56203673.60,15.00,10.00,71.00,0.00,0.00,4.00,0.00,0.00,17825792.00,19922944.00,0.00,0.00,183296.00,220160.00
1493153882,1402880.00,155648.00,5129216.00,56203673.60,22.00,14.00,60.00,0.00,0.00,4.00,0.00,114688.00,22020096.00,25165824.00,0.00,0.00,222208.00,263168.00
1493153883,1402880.00,155648.00,5129216.00,56203673.60,21.00,12.00,63.00,0.00,0.00,4.00,0.00,0.00,20971520.00,24117248.00,0.00,0.00,208896.00,249856.00
1493153884,1402880.00,155648.00,5129216.00,56203673.60,24.00,14.00,57.00,0.00,0.00,4.00,0.00,0.00,22020096.00,25165824.00,0.00,0.00,219136.00,260096.00
1493153885,1401856.00,155648.00,5129216.00,56203673.60,19.00,10.00,67.00,0.00,0.00,3.00,0.00,0.00,18874368.00,22020096.00,0.00,0.00,191488.00,229376.00
1493153886,1402880.00,155648.00,5129216.00,56203673.60,21.00,12.00,63.00,0.00,0.00,4.00,0.00,0.00,20971520.00,23068672.00,0.00,0.00,201728.00,243712.00
1493153887,1402880.00,155648.00,5129216.00,56203673.60,20.00,13.00,62.00,2.00,0.00,3.00,0.00,114688.00,20971520.00,23068672.00,0.00,0.00,200704.00,246784.00
1493153888,1402880.00,155648.00,5129216.00,56203673.60,21.00,12.00,63.00,0.00,0.00,4.00,0.00,0.00,20971520.00,24117248.00,0.00,0.00,208896.00,253952.00
1493153889,1402880.00,155648.00,5129216.00,56203673.60,24.00,11.00,61.00,0.00,0.00,4.00,0.00,0.00,19922944.00,23068672.00,0.00,0.00,195584.00,237568.00
1493153890,1402880.00,155648.00,5129216.00,56203673.60,22.00,10.00,66.00,0.00,0.00,2.00,0.00,0.00,18874368.00,20971520.00,0.00,0.00,180224.00,218112.00
1493153891,1402880.00,155648.00,5129216.00,56203673.60,22.00,14.00,60.00,0.00,0.00,5.00,0.00,0.00,22020096.00,25165824.00,0.00,0.00,220160.00,262144.00
1493153892,1401856.00,155648.00,5129216.00,56203673.60,23.00,14.00,59.00,0.00,0.00,4.00,0.00,114688.00,22020096.00,24117248.00,0.00,0.00,207872.00,248832.00
1493153893,1402880.00,155648.00,5129216.00,56203673.60,23.00,12.00,62.00,0.00,0.00,4.00,0.00,0.00,20971520.00,23068672.00,0.00,0.00,199680.00,240640.00
1493153894,1402880.00,155648.00,5129216.00,56203673.60,20.00,12.00,65.00,0.00,0.00,3.00,0.00,0.00,19922944.00,23068672.00,0.00,0.00,198656.00,235520.00
1493153895,1402880.00,155648.00,5129216.00,56203673.60,24.00,12.00,60.00,0.00,0.00,4.00,0.00,0.00,22020096.00,25165824.00,0.00,0.00,217088.00,259072.00
1493153896,1402880.00,155648.00,5129216.00,56203673.60,22.00,12.00,62.00,0.00,0.00,4.00,0.00,57344.00,20971520.00,24117248.00,0.00,0.00,207872.00,246784.00
1493153897,1402880.00,155648.00,5129216.00,56203673.60,20.00,13.00,62.00,2.00,0.00,4.00,0.00,139264.00,20971520.00,24117248.00,0.00,0.00,207872.00,247808.00
1493153898,1402880.00,155648.00,5129216.00,56203673.60,20.00,11.00,65.00,0.00,0.00,4.00,0.00,0.00,19922944.00,23068672.00,0.00,0.00,198656.00,237568.00
1493153899,1402880.00,155648.00,5129216.00,56203673.60,23.00,13.00,60.00,0.00,0.00,4.00,0.00,0.00,22020096.00,24117248.00,0.00,0.00,212992.00,252928.00
1493153900,1402880.00,155648.00,5129216.00,56203673.60,22.00,15.00,59.00,0.00,0.00,4.00,0.00,0.00,22020096.00,25165824.00,0.00,0.00,224256.00,264192.00
1493153901,1402880.00,155648.00,5129216.00,56203673.60,23.00,13.00,60.00,0.00,0.00,4.00,0.00,638976.00,20971520.00,24117248.00,0.00,0.00,207872.00,247808.00
1493153902,1402880.00,155648.00,5129216.00,56203673.60,19.00,11.00,66.00,0.00,0.00,4.00,0.00,221184.00,19922944.00,22020096.00,0.00,0.00,196608.00,233472.00
1493153903,1402880.00,155648.00,5129216.00,56203673.60,20.00,11.00,66.00,0.00,0.00,4.00,0.00,0.00,19922944.00,22020096.00,0.00,0.00,196608.00,233472.00
1493153904,1402880.00,155648.00,5129216.00,56203673.60,25.00,14.00,57.00,0.00,0.00,5.00,0.00,0.00,23068672.00,25165824.00,0.00,0.00,218112.00,261120.00
1493153905,1402880.00,155648.00,5129216.00,56203673.60,21.00,12.00,63.00,0.00,0.00,3.00,0.00,0.00,20971520.00,24117248.00,0.00,0.00,208896.00,249856.00
1493153906,1402880.00,155648.00,5129216.00,56203673.60,22.00,13.00,61.00,0.00,0.00,4.00,0.00,0.00,20971520.00,24117248.00,0.00,0.00,208896.00,247808.00
1493153907,1402880.00,155648.00,5129216.00,56203673.60,18.00,11.00,68.00,0.00,0.00,4.00,0.00,114688.00,19922944.00,22020096.00,0.00,0.00,192512.00,231424.00
1493153908,1402880.00,155648.00,5129216.00,56203673.60,24.00,12.00,60.00,0.00,0.00,4.00,0.00,0.00,22020096.00,25165824.00,0.00,0.00,217088.00,259072.00
1493153909,1402880.00,155648.00,5129216.00,56203673.60,22.00,15.00,58.00,0.00,0.00,5.00,0.00,0.00,22020096.00,25165824.00,0.00,0.00,220160.00,261120.00
1493153910,1402880.00,155648.00,5129216.00,56203673.60,17.00,12.00,69.00,0.00,0.00,2.00,0.00,0.00,18874368.00,22020096.00,0.00,0.00,187392.00,224256.00
1493153911,1402880.00,155648.00,5129216.00,56203673.60,18.00,11.00,67.00,0.00,0.00,3.00,0.00,0.00,18874368.00,20971520.00,0.00,0.00,185344.00,222208.00
1493153912,1401856.00,155648.00,5129216.00,56203673.60,23.00,13.00,60.00,0.00,0.00,4.00,0.00,114688.00,22020096.00,24117248.00,0.00,0.00,212992.00,252928.00
1493153913,1402880.00,155648.00,5129216.00,56203673.60,22.00,15.00,58.00,0.00,0.00,5.00,0.00,0.00,23068672.00,25165824.00,0.00,0.00,222208.00,265216.00
1493153914,1401856.00,155648.00,5129216.00,56203673.60,20.00,11.00,66.00,0.00,0.00,4.00,0.00,0.00,19922944.00,22020096.00,0.00,0.00,196608.00,233472.00
1493153915,1401856.00,155648.00,5129216.00,56203673.60,19.00,12.00,66.00,0.00,0.00,4.00,0.00,0.00,19922944.00,22020096.00,0.00,0.00,190464.00,228352.00
1493153916,1402880.00,155648.00,5129216.00,56203673.60,19.00,12.00,65.00,0.00,0.00,5.00,0.00,0.00,20971520.00,23068672.00,0.00,0.00,205824.00,245760.00
1493153917,1401856.00,155648.00,5129216.00,56203673.60,23.00,13.00,60.00,0.00,0.00,4.00,0.00,114688.00,22020096.00,24117248.00,0.00,0.00,211968.00,254976.00
1493153918,1401856.00,155648.00,5129216.00,56203673.60,25.00,14.00,57.00,0.00,0.00,3.00,0.00,0.00,22020096.00,24117248.00,0.00,0.00,212992.00,252928.00
1493153919,1402880.00,155648.00,5129216.00,56203673.60,19.00,14.00,64.00,0.00,0.00,3.00,0.00,0.00,20971520.00,23068672.00,0.00,0.00,199680.00,239616.00
1493153920,1402880.00,155648.00,5129216.00,56203673.60,20.00,10.00,68.00,0.00,0.00,3.00,0.00,0.00,18874368.00,20971520.00,0.00,0.00,181248.00,218112.00
1493153921,1403904.00,155648.00,5129216.00,56203673.60,24.00,14.00,59.00,0.00,0.00,3.00,0.00,0.00,22020096.00,24117248.00,0.00,0.00,216064.00,257024.00
1493153922,1401856.00,155648.00,5129216.00,56203673.60,24.00,14.00,58.00,0.00,0.00,4.00,0.00,114688.00,22020096.00,25165824.00,0.00,0.00,219136.00,263168.00
1493153923,1402880.00,155648.00,5129216.00,56203673.60,22.00,12.00,63.00,0.00,0.00,3.00,0.00,0.00,19922944.00,23068672.00,0.00,0.00,200704.00,239616.00
1493153924,1402880.00,155648.00,5129216.00,56203673.60,16.00,9.00,72.00,0.00,0.00,3.00,0.00,0.00,16777216.00,18874368.00,0.00,0.00,177152.00,209920.00
1493153925,1402880.00,155648.00,5129216.00,56203673.60,22.00,13.00,60.00,0.00,0.00,4.00,0.00,0.00,22020096.00,24117248.00,0.00,0.00,218112.00,258048.00
1493153926,1402880.00,155648.00,5129216.00,56203673.60,23.00,13.00,61.00,0.00,0.00,3.00,0.00,40960.00,20971520.00,23068672.00,0.00,0.00,209920.00,247808.00
1493153927,1402880.00,155648.00,5129216.00,56203673.60,20.00,11.00,66.00,0.00,0.00,3.00,0.00,114688.00,18874368.00,20971520.00,0.00,0.00,194560.00,228352.00
1493153928,1402880.00,155648.00,5129216.00,56203673.60,17.00,12.00,67.00,0.00,0.00,4.00,0.00,0.00,19922944.00,23068672.00,0.00,0.00,197632.00,237568.00
1493153929,1401856.00,155648.00,5129216.00,56203673.60,19.00,11.00,66.00,0.00,0.00,3.00,0.00,0.00,18874368.00,22020096.00,0.00,0.00,188416.00,224256.00
1493153930,1401856.00,155648.00,5129216.00,56203673.60,23.00,13.00,61.00,0.00,0.00,3.00,0.00,0.00,20971520.00,24117248.00,0.00,0.00,211968.00,251904.00
1493153931,1402880.00,155648.00,5129216.00,56203673.60,24.00,13.00,59.00,0.00,0.00,4.00,0.00,16384.00,22020096.00,25165824.00,0.00,0.00,218112.00,258048.00
1493153932,1402880.00,155648.00,5129216.00,56203673.60,22.00,11.00,64.00,0.00,0.00,3.00,0.00,139264.00,19922944.00,23068672.00,0.00,0.00,198656.00,236544.00
1493153933,1401856.00,155648.00,5129216.00,56203673.60,16.00,10.00,71.00,0.00,0.00,3.00,0.00,0.00,17825792.00,19922944.00,0.00,0.00,179200.00,211968.00
1493153934,1402880.00,155648.00,5129216.00,56203673.60,22.00,14.00,60.00,0.00,0.00,4.00,0.00,0.00,20971520.00,24117248.00,0.00,0.00,212992.00,252928.00
1493153935,1402880.00,155648.00,5129216.00,56203673.60,22.00,14.00,60.00,0.00,0.00,4.00,0.00,0.00,22020096.00,24117248.00,0.00,0.00,211968.00,252928.00
1493153936,1402880.00,155648.00,5129216.00,56203673.60,13.00,10.00,74.00,0.00,0.00,2.00,0.00,581632.00,15728640.00,17825792.00,0.00,0.00,168960.00,197632.00
1493153937,1402880.00,155648.00,5129216.00,56203673.60,20.00,10.00,67.00,0.00,0.00,3.00,0.00,0.00,18874368.00,20971520.00,0.00,0.00,192512.00,228352.00
1493153938,1401856.00,155648.00,5129216.00,56203673.60,19.00,11.00,68.00,0.00,0.00,3.00,0.00,245760.00,17825792.00,19922944.00,0.00,0.00,179200.00,215040.00
1493153939,1402880.00,155648.00,5129216.00,56203673.60,24.00,13.00,60.00,0.00,0.00,3.00,0.00,0.00,22020096.00,25165824.00,0.00,0.00,217088.00,260096.00
1493153940,1402880.00,155648.00,5129216.00,56203673.60,22.00,12.00,62.00,0.00,0.00,4.00,0.00,0.00,20971520.00,23068672.00,0.00,0.00,206848.00,245760.00
1493153941,1401856.00,155648.00,5129216.00,56203673.60,20.00,11.00,67.00,0.00,0.00,3.00,0.00,0.00,18874368.00,22020096.00,0.00,0.00,193536.00,230400.00
1493153942,1402880.00,155648.00,5129216.00,56203673.60,16.00,12.00,69.00,0.00,0.00,3.00,0.00,0.00,18874368.00,20971520.00,0.00,0.00,191488.00,227328.00
1493153943,1402880.00,155648.00,5129216.00,56203673.60,20.00,11.00,65.00,0.00,0.00,4.00,0.00,114688.00,19922944.00,22020096.00,0.00,0.00,197632.00,236544.00
1493153944,1402880.00,155648.00,5129216.00,56203673.60,24.00,14.00,58.00,0.00,0.00,4.00,0.00,0.00,22020096.00,24117248.00,0.00,0.00,212992.00,253952.00
1493153945,1402880.00,155648.00,5129216.00,56203673.60,17.00,14.00,66.00,0.00,0.00,3.00,0.00,0.00,19922944.00,22020096.00,0.00,0.00,194560.00,232448.00
1493153946,1402880.00,155648.00,5129216.00,56203673.60,22.00,11.00,63.00,0.00,0.00,3.00,0.00,0.00,19922944.00,23068672.00,0.00,0.00,201728.00,239616.00
1493153947,1402880.00,155648.00,5129216.00,56203673.60,20.00,10.00,67.00,0.00,0.00,3.00,0.00,0.00,19922944.00,22020096.00,0.00,0.00,192512.00,229376.00
1493153948,1402880.00,155648.00,5129216.00,56203673.60,13.00,8.00,76.00,0.00,0.00,2.00,0.00,114688.00,16777216.00,18874368.00,0.00,0.00,172032.00,200704.00
1493153949,1402880.00,155648.00,5129216.00,56203673.60,20.00,10.00,67.00,0.00,0.00,3.00,0.00,0.00,19922944.00,22020096.00,0.00,0.00,195584.00,234496.00
1493153950,1402880.00,155648.00,5129216.00,56203673.60,21.00,12.00,63.00,0.00,0.00,4.00,0.00,0.00,20971520.00,24117248.00,0.00,0.00,207872.00,248832.00
1493153951,1402880.00,155648.00,5129216.00,56203673.60,22.00,12.00,64.00,0.00,0.00,3.00,0.00,0.00,19922944.00,22020096.00,0.00,0.00,191488.00,229376.00
1493153952,1403904.00,155648.00,5129216.00,56203673.60,22.00,15.00,60.00,0.00,0.00,4.00,0.00,0.00,22020096.00,24117248.00,0.00,0.00,217088.00,258048.00
1493153953,1401856.00,155648.00,5129216.00,56203673.60,23.00,13.00,61.00,0.00,0.00,3.00,0.00,114688.00,22020096.00,24117248.00,0.00,0.00,209920.00,251904.00
1493153954,1403904.00,155648.00,5129216.00,56203673.60,23.00,12.00,61.00,0.00,0.00,4.00,0.00,0.00,20971520.00,23068672.00,0.00,0.00,202752.00,240640.00
1493153955,1402880.00,155648.00,5129216.00,56203673.60,21.00,10.00,66.00,0.00,0.00,3.00,0.00,0.00,19922944.00,22020096.00,0.00,0.00,190464.00,228352.00
1493153956,1403904.00,155648.00,5129216.00,56203673.60,21.00,12.00,61.00,0.00,0.00,5.00,0.00,40960.00,22020096.00,25165824.00,0.00,0.00,218112.00,259072.00
1493153957,1402880.00,155648.00,5129216.00,56203673.60,20.00,13.00,64.00,0.00,0.00,3.00,0.00,0.00,20971520.00,23068672.00,0.00,0.00,203776.00,241664.00
1493153958,1402880.00,155648.00,5129216.00,56203673.60,22.00,13.00,61.00,0.00,0.00,3.00,0.00,114688.00,20971520.00,24117248.00,0.00,0.00,207872.00,246784.00
1493153959,1402880.00,155648.00,5129216.00,56203673.60,23.00,15.00,58.00,0.00,0.00,4.00,0.00,0.00,23068672.00,26214400.00,0.00,0.00,223232.00,267264.00
1493153960,1402880.00,155648.00,5129216.00,56203673.60,20.00,10.00,66.00,0.00,0.00,4.00,0.00,0.00,18874368.00,22020096.00,0.00,0.00,191488.00,227328.00
1493153961,1402880.00,155648.00,5129216.00,56203673.60,23.00,14.00,58.00,0.00,0.00,5.00,0.00,0.00,23068672.00,25165824.00,0.00,0.00,221184.00,263168.00
1493153962,1402880.00,155648.00,5129216.00,56203673.60,22.00,12.00,63.00,0.00,0.00,4.00,0.00,0.00,19922944.00,23068672.00,0.00,0.00,196608.00,234496.00
1493153963,1402880.00,155648.00,5129216.00,56203673.60,22.00,13.00,61.00,0.00,0.00,4.00,0.00,114688.00,22020096.00,24117248.00,0.00,0.00,216064.00,258048.00
1493153964,1402880.00,155648.00,5129216.00,56203673.60,18.00,8.00,69.00,0.00,0.00,4.00,0.00,0.00,18874368.00,20971520.00,0.00,0.00,186368.00,220160.00
1493153965,1402880.00,155648.00,5129216.00,56203673.60,25.00,14.00,56.00,0.00,0.00,5.00,0.00,0.00,22020096.00,25165824.00,0.00,0.00,223232.00,264192.00
1493153966,1402880.00,155648.00,5129216.00,56203673.60,23.00,13.00,60.00,0.00,0.00,4.00,0.00,16384.00,22020096.00,25165824.00,0.00,0.00,219136.00,260096.00
1493153967,1403904.00,155648.00,5129216.00,56203673.60,18.00,12.00,67.00,0.00,0.00,3.00,0.00,0.00,19922944.00,22020096.00,0.00,0.00,197632.00,234496.00
1493153968,1403904.00,155648.00,5129216.00,56203673.60,20.00,12.00,66.00,0.00,0.00,3.00,0.00,139264.00,19922944.00,22020096.00,0.00,0.00,196608.00,233472.00
1493153969,1402880.00,155648.00,5129216.00,56203673.60,21.00,13.00,62.00,0.00,0.00,4.00,0.00,0.00,22020096.00,25165824.00,0.00,0.00,217088.00,260096.00
1493153970,1402880.00,155648.00,5129216.00,56203673.60,23.00,12.00,60.00,0.00,0.00,5.00,0.00,0.00,22020096.00,25165824.00,0.00,0.00,219136.00,260096.00
1493153971,1402880.00,155648.00,5129216.00,56203673.60,22.00,11.00,63.00,0.00,0.00,4.00,0.00,581632.00,19922944.00,23068672.00,0.00,0.00,196608.00,234496.00
1493153972,1402880.00,155648.00,5129216.00,56203673.60,20.00,11.00,66.00,0.00,0.00,4.00,0.00,0.00,20971520.00,23068672.00,0.00,0.00,201728.00,241664.00
1493153973,1402880.00,155648.00,5129216.00,56203673.60,23.00,14.00,59.00,0.00,0.00,4.00,0.00,262144.00,22020096.00,24117248.00,0.00,0.00,215040.00,256000.00
1493153974,1402880.00,155648.00,5129216.00,56203673.60,22.00,13.00,60.00,0.00,0.00,5.00,0.00,0.00,22020096.00,25165824.00,0.00,0.00,223232.00,264192.00
1493153975,1402880.00,155648.00,5129216.00,56203673.60,20.00,11.00,66.00,0.00,0.00,4.00,0.00,0.00,20971520.00,24117248.00,0.00,0.00,207872.00,249856.00
1493153976,1402880.00,155648.00,5129216.00,56203673.60,22.00,13.00,61.00,0.00,0.00,4.00,0.00,0.00,22020096.00,24117248.00,0.00,0.00,209920.00,250880.00
1493153977,1402880.00,155648.00,5129216.00,56203673.60,18.00,12.00,67.00,0.00,0.00,3.00,0.00,0.00,18874368.00,22020096.00,0.00,0.00,189440.00,225280.00
1493153978,1402880.00,155648.00,5129216.00,56203673.60,23.00,14.00,59.00,0.00,0.00,4.00,0.00,114688.00,22020096.00,25165824.00,0.00,0.00,224256.00,264192.00
1493153979,1403904.00,155648.00,5129216.00,56203673.60,22.00,13.00,61.00,0.00,0.00,4.00,0.00,0.00,20971520.00,24117248.00,0.00,0.00,207872.00,248832.00
1493153980,1403904.00,155648.00,5129216.00,56203673.60,22.00,12.00,62.00,0.00,0.00,4.00,0.00,0.00,20971520.00,24117248.00,0.00,0.00,206848.00,247808.00
1493153981,1402880.00,155648.00,5129216.00,56203673.60,21.00,11.00,64.00,0.00,0.00,4.00,0.00,0.00,20971520.00,23068672.00,0.00,0.00,197632.00,237568.00
1493153982,1403904.00,155648.00,5129216.00,56203673.60,24.00,15.00,57.00,0.00,0.00,5.00,0.00,0.00,23068672.00,25165824.00,0.00,0.00,220160.00,264192.00
1493153983,1403904.00,155648.00,5129216.00,56203673.60,21.00,13.00,62.00,0.00,0.00,4.00,0.00,114688.00,20971520.00,23068672.00,0.00,0.00,206848.00,246784.00
1493153984,1402880.00,155648.00,5129216.00,56203673.60,24.00,13.00,59.00,0.00,0.00,4.00,0.00,0.00,22020096.00,25165824.00,0.00,0.00,219136.00,261120.00
1493153985,1402880.00,155648.00,5129216.00,56203673.60,17.00,10.00,70.00,0.00,0.00,2.00,0.00,0.00,18874368.00,20971520.00,0.00,0.00,185344.00,222208.00
1493153986,1403904.00,155648.00,5129216.00,56203673.60,25.00,11.00,59.00,0.00,0.00,4.00,0.00,40960.00,22020096.00,25165824.00,0.00,0.00,218112.00,259072.00
1493153987,1402880.00,155648.00,5129216.00,56203673.60,22.00,13.00,62.00,0.00,0.00,3.00,0.00,0.00,20971520.00,24117248.00,0.00,0.00,205824.00,246784.00
1493153988,1403904.00,155648.00,5129216.00,56203673.60,23.00,13.00,59.00,0.00,0.00,5.00,0.00,114688.00,23068672.00,25165824.00,0.00,0.00,221184.00,264192.00
1493153989,1402880.00,155648.00,5129216.00,56203673.60,18.00,10.00,68.00,0.00,0.00,3.00,0.00,0.00,18874368.00,20971520.00,0.00,0.00,181248.00,219136.00
1493153990,1402880.00,155648.00,5129216.00,56203673.60,26.00,14.00,56.00,0.00,0.00,4.00,0.00,0.00,22020096.00,25165824.00,0.00,0.00,219136.00,260096.00
1493153991,1402880.00,155648.00,5129216.00,56203673.60,19.00,12.00,64.00,0.00,0.00,4.00,0.00,0.00,20971520.00,24117248.00,0.00,0.00,205824.00,247808.00
1493153992,1402880.00,155648.00,5129216.00,56203673.60,22.00,13.00,59.00,0.00,0.00,5.00,0.00,0.00,22020096.00,25165824.00,0.00,0.00,218112.00,260096.00
1493153993,1402880.00,155648.00,5129216.00,56203673.60,22.00,10.00,62.00,1.00,0.00,5.00,0.00,114688.00,20971520.00,23068672.00,0.00,0.00,201728.00,242688.00
1493153994,1403904.00,155648.00,5129216.00,56203673.60,18.00,12.00,65.00,0.00,0.00,4.00,0.00,0.00,20971520.00,23068672.00,0.00,0.00,199680.00,239616.00
1493153995,1402880.00,155648.00,5129216.00,56203673.60,21.00,14.00,61.00,0.00,0.00,4.00,0.00,0.00,22020096.00,25165824.00,0.00,0.00,219136.00,262144.00
1493153996,1403904.00,155648.00,5129216.00,56203673.60,22.00,12.00,63.00,0.00,0.00,4.00,0.00,507904.00,20971520.00,24117248.00,0.00,0.00,207872.00,246784.00
1493153997,1402880.00,155648.00,5129216.00,56203673.60,21.00,11.00,65.00,0.00,0.00,4.00,0.00,0.00,20971520.00,23068672.00,0.00,0.00,202752.00,240640.00
1493153998,1403904.00,155648.00,5129216.00,56203673.60,13.00,10.00,76.00,0.00,0.00,1.00,0.00,253952.00,15728640.00,17825792.00,0.00,0.00,158720.00,190464.00
1493153999,1402880.00,155648.00,5129216.00,56203673.60,22.00,12.00,62.00,0.00,0.00,4.00,0.00,0.00,20971520.00,23068672.00,0.00,0.00,203776.00,243712.00
1493154000,1402880.00,155648.00,5129216.00,56203673.60,20.00,11.00,66.00,0.00,0.00,3.00,0.00,0.00,19922944.00,23068672.00,0.00,0.00,201728.00,239616.00
1493154001,1403904.00,155648.00,5129216.00,56203673.60,21.00,13.00,63.00,0.00,0.00,3.00,0.00,0.00,20971520.00,24117248.00,0.00,0.00,208896.00,253952.00
1493154002,1402880.00,155648.00,5129216.00,56203673.60,16.00,9.00,73.00,0.00,0.00,2.00,0.00,0.00,16777216.00,18874368.00,0.00,0.00,180224.00,216064.00
1493154003,1402880.00,155648.00,5129216.00,56203673.60,21.00,12.00,63.00,0.00,0.00,5.00,0.00,114688.00,22020096.00,24117248.00,0.00,0.00,209920.00,249856.00
1493154004,1402880.00,155648.00,5129216.00,56203673.60,21.00,13.00,63.00,0.00,0.00,4.00,0.00,0.00,20971520.00,23068672.00,0.00,0.00,201728.00,239616.00
1493154005,1402880.00,155648.00,5129216.00,56203673.60,23.00,14.00,58.00,0.00,0.00,5.00,0.00,0.00,22020096.00,25165824.00,0.00,0.00,219136.00,261120.00
1493154006,1402880.00,155648.00,5129216.00,56203673.60,23.00,13.00,59.00,0.00,0.00,5.00,0.00,393216.00,23068672.00,25165824.00,0.00,0.00,224256.00,264192.00
1493154007,1402880.00,155648.00,5129216.00,56203673.60,21.00,10.00,65.00,0.00,0.00,4.00,0.00,0.00,19922944.00,22020096.00,0.00,0.00,191488.00,230400.00
1493154008,1403904.00,155648.00,5129216.00,56203673.60,22.00,12.00,62.00,0.00,0.00,4.00,0.00,147456.00,20971520.00,23068672.00,0.00,0.00,202752.00,246784.00
1493154009,1402880.00,155648.00,5129216.00,56203673.60,21.00,14.00,63.00,0.00,0.00,3.00,0.00,0.00,22020096.00,24117248.00,0.00,0.00,212992.00,252928.00
1493154010,1403904.00,155648.00,5129216.00,56203673.60,24.00,13.00,59.00,0.00,0.00,4.00,0.00,0.00,22020096.00,25165824.00,0.00,0.00,216064.00,260096.00
1493154011,1402880.00,155648.00,5129216.00,56203673.60,20.00,12.00,64.00,0.00,0.00,4.00,0.00,0.00,19922944.00,22020096.00,0.00,0.00,194560.00,231424.00
1493154012,1402880.00,155648.00,5129216.00,56203673.60,24.00,13.00,57.00,0.00,0.00,5.00,0.00,0.00,23068672.00,25165824.00,0.00,0.00,221184.00,264192.00
1493154013,1402880.00,155648.00,5129216.00,56203673.60,19.00,10.00,67.00,0.00,0.00,4.00,0.00,114688.00,19922944.00,23068672.00,0.00,0.00,195584.00,236544.00
1493154014,1403904.00,155648.00,5129216.00,56203673.60,25.00,13.00,58.00,0.00,0.00,4.00,0.00,0.00,22020096.00,25165824.00,0.00,0.00,219136.00,260096.00
1493154015,1402880.00,155648.00,5129216.00,56203673.60,21.00,9.00,66.00,0.00,0.00,3.00,0.00,0.00,19922944.00,22020096.00,0.00,0.00,194560.00,232448.00
1493154016,1402880.00,155648.00,5129216.00,56203673.60,23.00,16.00,56.00,0.00,0.00,4.00,0.00,0.00,23068672.00,26214400.00,0.00,0.00,226304.00,268288.00
1493154017,1402880.00,155648.00,5129216.00,56203673.60,22.00,11.00,64.00,0.00,0.00,3.00,0.00,0.00,19922944.00,22020096.00,0.00,0.00,191488.00,229376.00
1493154018,1402880.00,155648.00,5129216.00,56203673.60,23.00,14.00,59.00,0.00,0.00,4.00,0.00,114688.00,22020096.00,25165824.00,0.00,0.00,222208.00,263168.00
1493154019,1402880.00,155648.00,5129216.00,56203673.60,19.00,12.00,65.00,0.00,0.00,3.00,0.00,0.00,19922944.00,23068672.00,0.00,0.00,196608.00,234496.00
1493154020,1403904.00,155648.00,5129216.00,56203673.60,25.00,14.00,57.00,0.00,0.00,4.00,0.00,0.00,23068672.00,25165824.00,0.00,0.00,220160.00,263168.00
1493154021,1403904.00,155648.00,5129216.00,56203673.60,22.00,13.00,61.00,0.00,0.00,4.00,0.00,0.00,20971520.00,24117248.00,0.00,0.00,206848.00,246784.00
1493154022,1402880.00,155648.00,5129216.00,56203673.60,19.00,12.00,65.00,0.00,0.00,4.00,0.00,0.00,22020096.00,24117248.00,0.00,0.00,212992.00,251904.00
1493154023,1402880.00,155648.00,5129216.00,56203673.60,21.00,13.00,62.00,0.00,0.00,4.00,0.00,114688.00,20971520.00,23068672.00,0.00,0.00,202752.00,243712.00
1493154024,1402880.00,155648.00,5129216.00,56203673.60,21.00,12.00,64.00,0.00,0.00,3.00,0.00,0.00,19922944.00,22020096.00,0.00,0.00,194560.00,231424.00
1493154025,1402880.00,155648.00,5129216.00,56203673.60,22.00,13.00,61.00,0.00,0.00,4.00,0.00,0.00,22020096.00,24117248.00,0.00,0.00,209920.00,251904.00
1493154026,1402880.00,155648.00,5129216.00,56203673.60,22.00,13.00,62.00,0.00,0.00,4.00,0.00,0.00,20971520.00,24117248.00,0.00,0.00,211968.00,250880.00
1493154027,1403904.00,155648.00,5129216.00,56203673.60,23.00,15.00,59.00,0.00,0.00,3.00,0.00,0.00,22020096.00,25165824.00,0.00,0.00,219136.00,263168.00
1493154028,1402880.00,155648.00,5129216.00,56203673.60,19.00,11.00,66.00,0.00,0.00,4.00,0.00,114688.00,19922944.00,22020096.00,0.00,0.00,196608.00,232448.00
1493154029,1403904.00,155648.00,5129216.00,56203673.60,22.00,12.00,63.00,0.00,0.00,2.00,0.00,0.00,20971520.00,24117248.00,0.00,0.00,208896.00,249856.00
1493154030,1402880.00,155648.00,5129216.00,56203673.60,25.00,13.00,59.00,0.00,0.00,4.00,0.00,0.00,22020096.00,25165824.00,0.00,0.00,221184.00,263168.00
1493154031,1402880.00,155648.00,5129216.00,56203673.60,24.00,10.00,61.00,0.00,0.00,4.00,0.00,0.00,20971520.00,24117248.00,0.00,0.00,209920.00,249856.00
1493154032,1402880.00,155648.00,5129216.00,56203673.60,19.00,12.00,66.00,0.00,0.00,3.00,0.00,0.00,19922944.00,23068672.00,0.00,0.00,197632.00,235520.00
1493154033,1403904.00,155648.00,5129216.00,56203673.60,23.00,16.00,57.00,0.00,0.00,4.00,0.00,114688.00,23068672.00,25165824.00,0.00,0.00,221184.00,265216.00
1493154034,1403904.00,155648.00,5129216.00,56203673.60,23.00,11.00,62.00,0.00,0.00,4.00,0.00,0.00,20971520.00,24117248.00,0.00,0.00,210944.00,248832.00
1493154035,1402880.00,155648.00,5129216.00,56203673.60,22.00,12.00,62.00,0.00,0.00,4.00,0.00,0.00,22020096.00,24117248.00,0.00,0.00,214016.00,256000.00
1493154036,1403904.00,155648.00,5129216.00,56203673.60,22.00,10.00,64.00,0.00,0.00,4.00,0.00,57344.00,19922944.00,22020096.00,0.00,0.00,196608.00,233472.00
1493154037,1402880.00,155648.00,5129216.00,56203673.60,22.00,15.00,58.00,0.00,0.00,5.00,0.00,0.00,22020096.00,25165824.00,0.00,0.00,218112.00,262144.00
1493154038,1403904.00,155648.00,5129216.00,56203673.60,19.00,12.00,66.00,0.00,0.00,3.00,0.00,139264.00,20971520.00,23068672.00,0.00,0.00,203776.00,247808.00
1493154039,1402880.00,155648.00,5129216.00,56203673.60,22.00,11.00,64.00,0.00,0.00,3.00,0.00,0.00,20971520.00,24117248.00,0.00,0.00,204800.00,251904.00
1493154040,1403904.00,155648.00,5129216.00,56203673.60,20.00,9.00,68.00,0.00,0.00,3.00,0.00,0.00,18874368.00,20971520.00,0.00,0.00,180224.00,220160.00
1493154041,1403904.00,155648.00,5129216.00,56203673.60,18.00,12.00,66.00,0.00,0.00,3.00,0.00,557056.00,20971520.00,23068672.00,0.00,0.00,199680.00,243712.00
1493154042,1403904.00,155648.00,5130240.00,56203673.60,20.00,11.00,65.00,0.00,0.00,3.00,0.00,0.00,19922944.00,23068672.00,0.00,0.00,201728.00,242688.00
1493154043,1402880.00,155648.00,5130240.00,56203673.60,25.00,14.00,58.00,0.00,0.00,3.00,0.00,286720.00,23068672.00,25165824.00,0.00,0.00,221184.00,265216.00
1493154044,1402880.00,155648.00,5130240.00,56203673.60,22.00,13.00,62.00,0.00,0.00,4.00,0.00,0.00,20971520.00,24117248.00,0.00,0.00,211968.00,252928.00
1493154045,1402880.00,155648.00,5130240.00,56203673.60,18.00,12.00,66.00,0.00,0.00,4.00,0.00,0.00,19922944.00,22020096.00,0.00,0.00,195584.00,234496.00
1493154046,1402880.00,155648.00,5130240.00,56203673.60,22.00,12.00,62.00,0.00,0.00,4.00,0.00,0.00,20971520.00,24117248.00,0.00,0.00,211968.00,249856.00
1493154047,1402880.00,155648.00,5130240.00,56203673.60,22.00,15.00,59.00,0.00,0.00,5.00,0.00,0.00,22020096.00,25165824.00,0.00,0.00,222208.00,264192.00
1493154048,1402880.00,155648.00,5130240.00,56203673.60,23.00,13.00,59.00,0.00,0.00,4.00,0.00,114688.00,23068672.00,26214400.00,0.00,0.00,222208.00,265216.00
1493154049,1403904.00,155648.00,5130240.00,56203673.60,18.00,10.00,70.00,0.00,0.00,3.00,0.00,0.00,18874368.00,20971520.00,0.00,0.00,183296.00,218112.00
1493154050,1403904.00,155648.00,5130240.00,56203673.60,24.00,11.00,62.00,0.00,0.00,3.00,0.00,0.00,20971520.00,23068672.00,0.00,0.00,207872.00,246784.00
1493154051,1403904.00,155648.00,5130240.00,56203673.60,23.00,14.00,59.00,0.00,0.00,4.00,0.00,0.00,23068672.00,25165824.00,0.00,0.00,223232.00,266240.00
1493154052,1402880.00,155648.00,5130240.00,56203673.60,27.00,12.00,56.00,0.00,0.00,5.00,0.00,0.00,22020096.00,25165824.00,0.00,0.00,219136.00,262144.00
1493154053,1403904.00,155648.00,5130240.00,56203673.60,20.00,11.00,65.00,0.00,0.00,4.00,0.00,114688.00,19922944.00,22020096.00,0.00,0.00,197632.00,234496.00
1493154054,1402880.00,155648.00,5130240.00,56203673.60,21.00,13.00,62.00,0.00,0.00,4.00,0.00,0.00,20971520.00,23068672.00,0.00,0.00,204800.00,243712.00
1493154055,1403904.00,155648.00,5130240.00,56203673.60,22.00,11.00,64.00,0.00,0.00,3.00,0.00,0.00,20971520.00,23068672.00,0.00,0.00,202752.00,243712.00
1493154056,1403904.00,155648.00,5130240.00,56203673.60,20.00,12.00,63.00,0.00,0.00,4.00,0.00,0.00,20971520.00,23068672.00,0.00,0.00,210944.00,247808.00
1493154057,1403904.00,155648.00,5130240.00,56203673.60,16.00,9.00,70.00,0.00,0.00,4.00,0.00,0.00,18874368.00,22020096.00,0.00,0.00,193536.00,230400.00
1493154058,1402880.00,155648.00,5130240.00,56203673.60,18.00,10.00,66.00,2.00,0.00,3.00,0.00,114688.00,19922944.00,22020096.00,0.00,0.00,193536.00,231424.00
1493154059,1402880.00,155648.00,5130240.00,56203673.60,13.00,7.00,78.00,0.00,0.00,3.00,0.00,0.00,15728640.00,17825792.00,0.00,0.00,154624.00,183296.00
1493154060,1402880.00,155648.00,5130240.00,56203673.60,22.00,14.00,60.00,0.00,0.00,4.00,0.00,0.00,20971520.00,24117248.00,0.00,0.00,210944.00,251904.00
1493154061,1403904.00,155648.00,5130240.00,56203673.60,22.00,13.00,61.00,0.00,0.00,4.00,0.00,0.00,20971520.00,24117248.00,0.00,0.00,215040.00,253952.00
1493154062,1403904.00,155648.00,5130240.00,56203673.60,16.00,9.00,71.00,0.00,0.00,4.00,0.00,0.00,18874368.00,20971520.00,0.00,0.00,182272.00,219136.00
1493154063,1402880.00,155648.00,5130240.00,56203673.60,20.00,12.00,65.00,0.00,0.00,4.00,0.00,114688.00,20971520.00,24117248.00,0.00,0.00,208896.00,249856.00
1493154064,1403904.00,155648.00,5130240.00,56203673.60,20.00,12.00,64.00,0.00,0.00,5.00,0.00,0.00,20971520.00,24117248.00,0.00,0.00,209920.00,250880.00
1493154065,1402880.00,155648.00,5130240.00,56203673.60,26.00,13.00,58.00,0.00,0.00,3.00,0.00,0.00,22020096.00,25165824.00,0.00,0.00,219136.00,262144.00
1493154066,1402880.00,155648.00,5130240.00,56203673.60,17.00,12.00,67.00,0.00,0.00,3.00,0.00,557056.00,19922944.00,23068672.00,0.00,0.00,199680.00,237568.00
1493154067,1403904.00,155648.00,5130240.00,56203673.60,24.00,13.00,59.00,0.00,0.00,4.00,0.00,0.00,22020096.00,25165824.00,0.00,0.00,220160.00,263168.00
1493154068,1402880.00,155648.00,5130240.00,56203673.60,19.00,10.00,67.00,0.00,0.00,4.00,0.00,237568.00,19922944.00,22020096.00,0.00,0.00,197632.00,234496.00
1493154069,1403904.00,155648.00,5130240.00,56203673.60,24.00,14.00,57.00,0.00,0.00,5.00,0.00,0.00,23068672.00,26214400.00,0.00,0.00,225280.00,268288.00
1493154070,1403904.00,155648.00,5130240.00,56203673.60,26.00,13.00,57.00,0.00,0.00,4.00,0.00,0.00,22020096.00,25165824.00,0.00,0.00,220160.00,262144.00
1493154071,1402880.00,155648.00,5130240.00,56203673.60,21.00,11.00,65.00,0.00,0.00,3.00,0.00,0.00,19922944.00,22020096.00,0.00,0.00,193536.00,232448.00
1493154072,1402880.00,155648.00,5130240.00,56203673.60,19.00,11.00,66.00,0.00,0.00,4.00,0.00,0.00,20971520.00,23068672.00,0.00,0.00,200704.00,238592.00
1493154073,1402880.00,155648.00,5130240.00,56203673.60,24.00,13.00,58.00,0.00,0.00,4.00,0.00,114688.00,23068672.00,25165824.00,0.00,0.00,222208.00,265216.00
1493154074,1403904.00,155648.00,5130240.00,56203673.60,25.00,13.00,58.00,0.00,0.00,5.00,0.00,0.00,23068672.00,25165824.00,0.00,0.00,222208.00,264192.00
1493154075,1403904.00,155648.00,5130240.00,56203673.60,16.00,12.00,69.00,0.00,0.00,3.00,0.00,0.00,19922944.00,22020096.00,0.00,0.00,197632.00,234496.00
1493154076,1402880.00,155648.00,5130240.00,56203673.60,23.00,12.00,61.00,0.00,0.00,4.00,0.00,0.00,20971520.00,24117248.00,0.00,0.00,209920.00,249856.00
1493154077,1403904.00,155648.00,5130240.00,56203673.60,22.00,12.00,62.00,0.00,0.00,4.00,0.00,0.00,20971520.00,24117248.00,0.00,0.00,206848.00,245760.00
1493154078,1403904.00,155648.00,5130240.00,56203673.60,24.00,12.00,60.00,0.00,0.00,4.00,0.00,114688.00,22020096.00,25165824.00,0.00,0.00,220160.00,262144.00
1493154079,1402880.00,155648.00,5130240.00,56203673.60,20.00,12.00,66.00,0.00,0.00,3.00,0.00,0.00,19922944.00,23068672.00,0.00,0.00,197632.00,235520.00
1493154080,1403904.00,155648.00,5130240.00,56203673.60,22.00,15.00,60.00,0.00,0.00,4.00,0.00,0.00,20971520.00,24117248.00,0.00,0.00,209920.00,250880.00
1493154081,1403904.00,155648.00,5130240.00,56203673.60,22.00,13.00,61.00,0.00,0.00,3.00,0.00,0.00,22020096.00,24117248.00,0.00,0.00,209920.00,250880.00
1493154082,1403904.00,155648.00,5130240.00,56203673.60,22.00,14.00,59.00,0.00,0.00,4.00,0.00,0.00,23068672.00,25165824.00,0.00,0.00,224256.00,266240.00
1493154083,1403904.00,155648.00,5130240.00,56203673.60,21.00,11.00,64.00,0.00,0.00,4.00,0.00,114688.00,19922944.00,22020096.00,0.00,0.00,192512.00,228352.00
1493154084,1403904.00,155648.00,5130240.00,56203673.60,20.00,10.00,66.00,0.00,0.00,4.00,0.00,0.00,19922944.00,22020096.00,0.00,0.00,193536.00,229376.00
1493154085,1403904.00,155648.00,5130240.00,56203673.60,22.00,13.00,62.00,0.00,0.00,4.00,0.00,0.00,22020096.00,25165824.00,0.00,0.00,221184.00,264192.00
1493154086,1403904.00,155648.00,5130240.00,56203673.60,19.00,10.00,67.00,0.00,0.00,4.00,0.00,0.00,19922944.00,23068672.00,0.00,0.00,204800.00,240640.00
1493154087,1402880.00,155648.00,5130240.00,56203673.60,21.00,12.00,63.00,0.00,0.00,4.00,0.00,0.00,20971520.00,23068672.00,0.00,0.00,209920.00,247808.00
1493154088,1403904.00,155648.00,5130240.00,56203673.60,18.00,12.00,67.00,0.00,0.00,3.00,0.00,114688.00,20971520.00,24117248.00,0.00,0.00,207872.00,247808.00
1493154089,1403904.00,155648.00,5130240.00,56203673.60,20.00,12.00,65.00,0.00,0.00,3.00,0.00,0.00,19922944.00,23068672.00,0.00,0.00,198656.00,237568.00
1493154090,1402880.00,155648.00,5130240.00,56203673.60,26.00,13.00,57.00,0.00,0.00,4.00,0.00,0.00,22020096.00,25165824.00,0.00,0.00,221184.00,263168.00
1493154091,1403904.00,155648.00,5130240.00,56203673.60,22.00,12.00,62.00,0.00,0.00,4.00,0.00,0.00,22020096.00,25165824.00,0.00,0.00,214016.00,254976.00
1493154092,1402880.00,155648.00,5130240.00,56203673.60,17.00,9.00,71.00,0.00,0.00,3.00,0.00,0.00,16777216.00,18874368.00,0.00,0.00,172032.00,204800.00
1493154093,1403904.00,155648.00,5130240.00,56203673.60,17.00,8.00,72.00,0.00,0.00,2.00,0.00,114688.00,17825792.00,19922944.00,0.00,0.00,175104.00,207872.00
1493154094,1403904.00,155648.00,5130240.00,56203673.60,24.00,13.00,60.00,0.00,0.00,4.00,0.00,0.00,22020096.00,25165824.00,0.00,0.00,218112.00,258048.00
1493154095,1403904.00,155648.00,5130240.00,56203673.60,20.00,11.00,65.00,0.00,0.00,4.00,0.00,0.00,19922944.00,23068672.00,0.00,0.00,197632.00,237568.00
1493154096,1402880.00,155648.00,5130240.00,56203673.60,18.00,11.00,67.00,0.00,0.00,4.00,0.00,40960.00,19922944.00,22020096.00,0.00,0.00,196608.00,233472.00
1493154097,1402880.00,155648.00,5130240.00,56203673.60,18.00,11.00,67.00,0.00,0.00,4.00,0.00,0.00,19922944.00,23068672.00,0.00,0.00,203776.00,241664.00
1493154098,1403904.00,155648.00,5130240.00,56203673.60,19.00,10.00,67.00,0.00,0.00,4.00,0.00,114688.00,20971520.00,23068672.00,0.00,0.00,208896.00,247808.00
1493154099,1402880.00,155648.00,5130240.00,56203673.60,21.00,14.00,61.00,0.00,0.00,4.00,0.00,0.00,22020096.00,24117248.00,0.00,0.00,217088.00,257024.00
1493154100,1403904.00,155648.00,5130240.00,56203673.60,18.00,11.00,67.00,0.00,0.00,3.00,0.00,0.00,19922944.00,22020096.00,0.00,0.00,198656.00,234496.00
1493154101,1402880.00,155648.00,5130240.00,56203673.60,19.00,11.00,67.00,0.00,0.00,3.00,0.00,540672.00,18874368.00,22020096.00,0.00,0.00,189440.00,226304.00
1493154102,1402880.00,155648.00,5130240.00,56203673.60,19.00,11.00,67.00,0.00,0.00,3.00,0.00,0.00,19922944.00,23068672.00,0.00,0.00,202752.00,239616.00
1493154103,1402880.00,155648.00,5130240.00,56203673.60,20.00,11.00,64.00,0.00,0.00,5.00,0.00,286720.00,20971520.00,23068672.00,0.00,0.00,206848.00,245760.00
1493154104,1402880.00,155648.00,5130240.00,56203673.60,20.00,11.00,65.00,0.00,0.00,3.00,0.00,0.00,19922944.00,23068672.00,0.00,0.00,201728.00,238592.00
1493154105,1402880.00,155648.00,5130240.00,56203673.60,17.00,11.00,69.00,0.00,0.00,3.00,0.00,0.00,18874368.00,20971520.00,0.00,0.00,184320.00,219136.00
1493154106,1402880.00,155648.00,5130240.00,56203673.60,23.00,12.00,62.00,0.00,0.00,3.00,0.00,0.00,20971520.00,24117248.00,0.00,0.00,209920.00,249856.00
1493154107,1402880.00,155648.00,5130240.00,56203673.60,24.00,12.00,60.00,0.00,0.00,4.00,0.00,0.00,22020096.00,25165824.00,0.00,0.00,222208.00,262144.00
1493154108,1402880.00,155648.00,5130240.00,56203673.60,26.00,14.00,57.00,0.00,0.00,3.00,0.00,114688.00,23068672.00,25165824.00,0.00,0.00,222208.00,264192.00
1493154109,1402880.00,155648.00,5130240.00,56203673.60,18.00,12.00,66.00,0.00,0.00,4.00,0.00,0.00,20971520.00,23068672.00,0.00,0.00,198656.00,237568.00
1493154110,1403904.00,155648.00,5130240.00,56203673.60,20.00,12.00,64.00,0.00,0.00,4.00,0.00,0.00,19922944.00,23068672.00,0.00,0.00,197632.00,235520.00
1493154111,1402880.00,155648.00,5130240.00,56203673.60,22.00,14.00,59.00,0.00,0.00,5.00,0.00,0.00,23068672.00,26214400.00,0.00,0.00,222208.00,265216.00
1493154112,1402880.00,155648.00,5130240.00,56203673.60,22.00,15.00,58.00,0.00,0.00,5.00,0.00,0.00,23068672.00,26214400.00,0.00,0.00,225280.00,269312.00
1493154113,1402880.00,155648.00,5130240.00,56203673.60,22.00,12.00,62.00,0.00,0.00,4.00,0.00,114688.00,20971520.00,24117248.00,0.00,0.00,205824.00,246784.00
1493154114,1403904.00,155648.00,5130240.00,56203673.60,21.00,11.00,65.00,0.00,0.00,3.00,0.00,0.00,19922944.00,22020096.00,0.00,0.00,196608.00,233472.00
1493154115,1402880.00,155648.00,5130240.00,56203673.60,21.00,13.00,62.00,0.00,0.00,4.00,0.00,0.00,22020096.00,24117248.00,0.00,0.00,212992.00,252928.00
1493154116,1403904.00,155648.00,5130240.00,56203673.60,26.00,13.00,58.00,0.00,0.00,4.00,0.00,32768.00,23068672.00,25165824.00,0.00,0.00,222208.00,262144.00
1493154117,1402880.00,155648.00,5130240.00,56203673.60,23.00,13.00,60.00,0.00,0.00,4.00,0.00,409600.00,22020096.00,25165824.00,0.00,0.00,220160.00,261120.00
1493154118,1403904.00,155648.00,5130240.00,56203673.60,18.00,12.00,66.00,0.00,0.00,4.00,0.00,196608.00,19922944.00,23068672.00,0.00,0.00,197632.00,235520.00
1493154119,1403904.00,155648.00,5130240.00,56203673.60,21.00,11.00,65.00,0.00,0.00,3.00,0.00,0.00,19922944.00,23068672.00,0.00,0.00,197632.00,235520.00
1493154120,1402880.00,155648.00,5130240.00,56203673.60,16.00,10.00,72.00,0.00,0.00,3.00,0.00,0.00,16777216.00,18874368.00,0.00,0.00,177152.00,207872.00
1493154121,1403904.00,155648.00,5130240.00,56203673.60,14.00,7.00,76.00,0.00,0.00,3.00,0.00,0.00,17825792.00,20971520.00,0.00,0.00,187392.00,223232.00
1493154122,1402880.00,155648.00,5130240.00,56203673.60,22.00,10.00,64.00,0.00,0.00,3.00,0.00,0.00,19922944.00,22020096.00,0.00,0.00,197632.00,233472.00
1493154123,1402880.00,155648.00,5130240.00,56203673.60,21.00,11.00,64.00,0.00,0.00,4.00,0.00,114688.00,20971520.00,23068672.00,0.00,0.00,210944.00,246784.00
1493154124,1402880.00,155648.00,5130240.00,56203673.60,19.00,11.00,66.00,0.00,0.00,5.00,0.00,0.00,22020096.00,24117248.00,0.00,0.00,214016.00,253952.00
1493154125,1403904.00,155648.00,5130240.00,56203673.60,24.00,14.00,58.00,0.00,0.00,4.00,0.00,0.00,23068672.00,25165824.00,0.00,0.00,222208.00,265216.00
1493154126,1403904.00,155648.00,5130240.00,56203673.60,25.00,14.00,57.00,0.00,0.00,4.00,0.00,0.00,23068672.00,25165824.00,0.00,0.00,224256.00,264192.00
1493154127,1403904.00,155648.00,5130240.00,56203673.60,17.00,11.00,70.00,0.00,0.00,3.00,0.00,0.00,18874368.00,20971520.00,0.00,0.00,182272.00,218112.00
1493154128,1403904.00,155648.00,5130240.00,56203673.60,23.00,12.00,62.00,0.00,0.00,3.00,0.00,114688.00,20971520.00,24117248.00,0.00,0.00,209920.00,250880.00
1493154129,1403904.00,155648.00,5130240.00,56203673.60,25.00,14.00,57.00,0.00,0.00,3.00,0.00,0.00,23068672.00,25165824.00,0.00,0.00,222208.00,264192.00
1493154130,1403904.00,155648.00,5130240.00,56203673.60,22.00,14.00,59.00,0.00,0.00,4.00,0.00,0.00,23068672.00,25165824.00,0.00,0.00,225280.00,266240.00
1493154131,1402880.00,155648.00,5130240.00,56203673.60,23.00,12.00,62.00,0.00,0.00,3.00,0.00,0.00,19922944.00,22020096.00,0.00,0.00,193536.00,230400.00
1493154132,1402880.00,155648.00,5130240.00,56203673.60,22.00,12.00,62.00,0.00,0.00,4.00,0.00,0.00,20971520.00,24117248.00,0.00,0.00,206848.00,247808.00
1493154133,1403904.00,155648.00,5130240.00,56203673.60,21.00,13.00,63.00,0.00,0.00,4.00,0.00,114688.00,22020096.00,24117248.00,0.00,0.00,209920.00,250880.00
1493154134,1402880.00,155648.00,5130240.00,56203673.60,25.00,13.00,57.00,0.00,0.00,5.00,0.00,0.00,23068672.00,25165824.00,0.00,0.00,223232.00,263168.00
1493154135,1403904.00,155648.00,5130240.00,56203673.60,20.00,11.00,65.00,0.00,0.00,5.00,0.00,0.00,19922944.00,23068672.00,0.00,0.00,202752.00,240640.00
1493154136,1402880.00,155648.00,5130240.00,56203673.60,22.00,11.00,63.00,0.00,0.00,4.00,0.00,0.00,20971520.00,24117248.00,0.00,0.00,207872.00,247808.00
1493154137,1402880.00,155648.00,5130240.00,56203673.60,19.00,11.00,66.00,0.00,0.00,4.00,0.00,0.00,20971520.00,23068672.00,0.00,0.00,205824.00,245760.00
1493154138,1403904.00,155648.00,5130240.00,56203673.60,26.00,12.00,56.00,1.00,0.00,4.00,0.00,114688.00,22020096.00,25165824.00,0.00,0.00,223232.00,262144.00
1493154139,1403904.00,155648.00,5130240.00,56203673.60,23.00,11.00,62.00,0.00,0.00,4.00,0.00,0.00,20971520.00,24117248.00,0.00,0.00,207872.00,249856.00
1493154140,1403904.00,155648.00,5130240.00,56203673.60,20.00,12.00,65.00,0.00,0.00,4.00,0.00,0.00,22020096.00,24117248.00,0.00,0.00,211968.00,253952.00
1493154141,1402880.00,155648.00,5130240.00,56203673.60,26.00,13.00,58.00,0.00,0.00,3.00,0.00,0.00,22020096.00,25165824.00,0.00,0.00,219136.00,260096.00
1493154142,1403904.00,155648.00,5130240.00,56203673.60,21.00,12.00,63.00,0.00,0.00,4.00,0.00,0.00,20971520.00,23068672.00,0.00,0.00,205824.00,243712.00
1493154143,1403904.00,155648.00,5130240.00,56203673.60,19.00,12.00,66.00,0.00,0.00,3.00,0.00,114688.00,19922944.00,22020096.00,0.00,0.00,196608.00,234496.00
1493154144,1403904.00,155648.00,5130240.00,56203673.60,21.00,12.00,63.00,0.00,0.00,4.00,0.00,0.00,19922944.00,22020096.00,0.00,0.00,198656.00,233472.00
1493154145,1403904.00,155648.00,5130240.00,56203673.60,25.00,12.00,59.00,0.00,0.00,4.00,0.00,0.00,22020096.00,25165824.00,0.00,0.00,220160.00,262144.00
1493154146,1403904.00,155648.00,5130240.00,56203673.60,23.00,11.00,62.00,0.00,0.00,4.00,0.00,0.00,22020096.00,24117248.00,0.00,0.00,214016.00,254976.00
1493154147,1403904.00,155648.00,5130240.00,56203673.60,24.00,11.00,61.00,0.00,0.00,4.00,0.00,40960.00,20971520.00,24117248.00,0.00,0.00,210944.00,251904.00
1493154148,1402880.00,155648.00,5130240.00,56203673.60,17.00,9.00,71.00,0.00,0.00,3.00,0.00,114688.00,17825792.00,19922944.00,0.00,0.00,176128.00,210944.00
1493154149,1403904.00,155648.00,5130240.00,56203673.60,23.00,13.00,60.00,0.00,0.00,4.00,0.00,0.00,23068672.00,25165824.00,0.00,0.00,222208.00,266240.00
1493154150,1403904.00,155648.00,5130240.00,56203673.60,23.00,14.00,59.00,0.00,0.00,5.00,0.00,0.00,23068672.00,26214400.00,0.00,0.00,224256.00,267264.00
1493154151,1403904.00,155648.00,5130240.00,56203673.60,23.00,12.00,61.00,0.00,0.00,4.00,0.00,0.00,22020096.00,24117248.00,0.00,0.00,208896.00,250880.00
1493154152,1403904.00,155648.00,5130240.00,56203673.60,21.00,12.00,64.00,0.00,0.00,3.00,0.00,565248.00,19922944.00,23068672.00,0.00,0.00,199680.00,237568.00
1493154153,1403904.00,155648.00,5130240.00,56203673.60,20.00,13.00,63.00,0.00,0.00,4.00,0.00,278528.00,22020096.00,24117248.00,0.00,0.00,212992.00,252928.00
1493154154,1403904.00,155648.00,5130240.00,56203673.60,26.00,13.00,58.00,0.00,0.00,4.00,0.00,0.00,23068672.00,25165824.00,0.00,0.00,225280.00,267264.00
1493154155,1403904.00,155648.00,5130240.00,56203673.60,20.00,13.00,62.00,0.00,0.00,5.00,0.00,0.00,22020096.00,24117248.00,0.00,0.00,211968.00,250880.00
1493154156,1403904.00,155648.00,5130240.00,56203673.60,19.00,10.00,68.00,0.00,0.00,3.00,0.00,0.00,18874368.00,22020096.00,0.00,0.00,193536.00,230400.00
1493154157,1403904.00,155648.00,5130240.00,56203673.60,22.00,12.00,63.00,0.00,0.00,3.00,0.00,0.00,20971520.00,23068672.00,0.00,0.00,204800.00,242688.00
1493154158,1403904.00,155648.00,5130240.00,56203673.60,22.00,13.00,60.00,0.00,0.00,5.00,0.00,114688.00,22020096.00,25165824.00,0.00,0.00,219136.00,261120.00
1493154159,1402880.00,155648.00,5130240.00,56203673.60,21.00,13.00,62.00,0.00,0.00,5.00,0.00,0.00,22020096.00,25165824.00,0.00,0.00,221184.00,263168.00
1493154160,1403904.00,155648.00,5130240.00,56203673.60,21.00,9.00,68.00,0.00,0.00,2.00,0.00,0.00,18874368.00,20971520.00,0.00,0.00,181248.00,216064.00
