--Probe dump file for probe: org.yardstickframework.probes.ThroughputLatencyProbe@4fcc529 (class org.yardstickframework.probes.ThroughputLatencyProbe)
--Created Tue Apr 25 20:56:40 UTC 2017
--Benchmark config: BenchmarkConfiguration [memberId='0', driverNames='[IgnitePutGetBatchBenchmark]', serverName='IgniteNode', threads=64, duration=300, warmup=60, dfltProbeClsNames=[ThroughputLatencyProbe, PercentileProbe, DStatProbe], propsFileName='yardstick/config/run.properties', packages=[org.yardstickframework, org.apache.ignite.yardstick], cmdArgs=[--outputFolder, /home/ubuntu/date-2504-204359-s-4-c-1-ver-2.0.0-SNAPSHOT-0be92732/yardstick/bin/../output/results-20170425-204411, -id, 0, -cfg, /home/ubuntu/date-2504-204359-s-4-c-1-ver-2.0.0-SNAPSHOT-0be92732/yardstick/bin/../config/ignite-config.xml, -nn, 5, -b, 1, -w, 60, -d, 300, -t, 64, -sm, FULL_SYNC, -bs, 6, --client, -dn, IgnitePutGetBatchBenchmark, -wom, PRIMARY, -sn, IgniteNode, -ds, 2.0.0-SNAPSHOT-0be92732-atomic-put-get-bs-6-1-backup, --config, yardstick/config/run.properties, --logsFolder, /home/ubuntu/date-2504-204359-s-4-c-1-ver-2.0.0-SNAPSHOT-0be92732/yardstick/bin/../output/logs-20170425-204411/logs_drivers, --currentFolder, /home/ubuntu/date-2504-204359-s-4-c-1-ver-2.0.0-SNAPSHOT-0be92732, --scriptsFolder, /home/ubuntu/date-2504-204359-s-4-c-1-ver-2.0.0-SNAPSHOT-0be92732/yardstick/bin], probeWriter='null', customProps={ver=2.0.0-SNAPSHOT-0be92732- , b=1, d=300, SERVER_HOSTS=172.31.45.250,172.31.38.80,172.31.41.141,172.31.42.161, now0=`date +'%H%M%S'`, j=10, nodesNum=$((`echo ${SERVER_HOSTS} | tr ',' '' | wc -l` + `echo ${DRIVER_HOSTS} | tr ',' '' | wc -l`)), JVM_OPTS=${JVM_OPTS}" -Xms6g -Xmx6g -Xloggc:./gc${now0}.log -XX:+PrintGCDetails -verbose:gc -XX:+UseParNewGC -XX:+UseConcMarkSweepGC ", CONFIGS="-cfg ${SCRIPT_DIR}/../config/ignite-config.xml -nn ${nodesNum} -b ${b} -w ${w} -d ${d} -t ${t} -sm ${sm}  --client -dn IgnitePutBenchmark -sn IgniteNode -wom PRIMARY -ds ${ver}atomic-put-${b}-backup,-cfg ${SCRIPT_DIR}/../config/ignite-config.xml -nn ${nodesNum} -b ${b} -w ${w} -d ${d} -t ${t} -sm ${sm}  --client -dn IgnitePutGetBenchmark -sn IgniteNode -wom PRIMARY -ds ${ver}atomic-put-get-${b}-backup,-cfg ${SCRIPT_DIR}/../config/ignite-config.xml -nn ${nodesNum} -b ${b} -w ${w} -d ${d} -t ${t} -sm ${sm} -bs 6  --client -dn IgnitePutGetBatchBenchmark -wom PRIMARY -sn IgniteNode -ds ${ver}atomic-put-get-bs-6-${b}-backup,-cfg ${SCRIPT_DIR}/../config/ignite-config.xml -nn ${nodesNum} -b ${b} -w ${w} -d ${d} -t ${t} -sm ${sm}  --client -dn IgnitePutTxImplicitBenchmark -sn IgniteNode -ds ${ver}tx-optimistic-put-${b}-backup,-cfg ${SCRIPT_DIR}/../config/ignite-config.xml -nn ${nodesNum} -b ${b} -w ${w} -d ${d} -t ${t} -sm ${sm} -txc OPTIMISTIC  --client -dn IgnitePutGetTxBenchmark -sn IgniteNode -ds ${ver}tx-optim-repRead-put-get-${b}-backup,-cfg ${SCRIPT_DIR}/../config/ignite-config.xml -nn ${nodesNum} -b ${b} -w ${w} -d ${d} -t ${t} -sm ${sm} -txc PESSIMISTIC  --client -dn IgnitePutGetTxBenchmark -sn IgniteNode -ds ${ver}tx-pessim-repRead-put-get-${b}-backup,-cfg ${SCRIPT_DIR}/../config/ignite-config.xml -nn ${nodesNum} -b ${b} -w ${w} -d ${d} -t ${t} -sm ${sm} -txc OPTIMISTIC -txi SERIALIZABLE  --client -dn IgnitePutGetTxBenchmark -sn IgniteNode -ds ${ver}tx-opt-serial-put-get-${b}-backup,-cfg ${SCRIPT_DIR}/../config/ignite-config.xml -nn ${nodesNum} -b ${b} -w ${w} -d ${d} -t ${t} -sm ${sm}  --client -dn IgniteSqlQueryBenchmark -sn IgniteNode -ds ${ver}sql-query-${b}-backup,-cfg ${SCRIPT_DIR}/../config/ignite-config.xml -nn ${nodesNum} -b ${b} -w ${w} -d ${d} -t ${t} -sm ${sm}  --client -dn IgniteSqlQueryPutBenchmark -sn IgniteNode -ds ${ver}sql-query-put-${b}-backup,-cfg ${SCRIPT_DIR}/../config/ignite-config.xml -nn ${nodesNum} -b ${b} -w ${w} -d ${d} -t ${t} -sm ${sm} -bs 6  --client -dn IgnitePutAllBenchmark -wom PRIMARY -sn IgniteNode -ds ${ver}atomic-putAll-bs-6-${b}-backup,-cfg ${SCRIPT_DIR}/../config/ignite-config.xml -nn ${nodesNum} -b ${b} -w ${w} -d ${d} -t ${t} -sm ${sm} -bs 6  --client -dn IgnitePutAllTxBenchmark -sn IgniteNode -ds ${ver}tx-putAll-bs-6-${b}-backup,-cfg ${SCRIPT_DIR}/../config/ignite-config.xml -nn ${nodesNum} -b ${b} -w ${w} -d ${d} -t ${t} -sm ${sm} -bs 6  --client -dn IgnitePutAllSerializableTxBenchmark -sn IgniteNode -ds ${ver}tx-putAllSerializable-bs-6-${b}-backup,-cfg ${SCRIPT_DIR}/../config/ignite-config.xml -nn ${nodesNum} -b ${b} -w ${w} -d ${d} -t ${t} -sm ${sm} -bs 6 -txc OPTIMISTIC   --client -dn IgniteGetAllPutAllTxBenchmark -sn IgniteNode -ds ${ver}tx-optimistic-getAllPutAll-bs-6-${b}-backup,-cfg ${SCRIPT_DIR}/../config/ignite-config.xml -nn ${nodesNum} -b ${b} -w ${w} -d ${d} -t ${t} -sm ${sm} -bs 6 -txc PESSIMISTIC  --client -dn IgniteGetAllPutAllTxBenchmark -sn IgniteNode -ds ${ver}tx-pessimistic-getAllPutAll-bs-6-${b}-backup,-cfg ${SCRIPT_DIR}/../config/ignite-config.xml -nn ${nodesNum} -b ${b} -w ${w} -d ${d} -t ${t} -sm ${sm} -bs 6 -txc OPTIMISTIC -txi SERIALIZABLE  --client -dn IgniteGetAllPutAllTxBenchmark -sn IgniteNode -ds ${ver}tx-opt-serializable-getAllPutAll-bs-6-${b}-backup,", DRIVER_HOSTS=172.31.46.6, t=64, BENCHMARK_PACKAGES=org.yardstickframework,org.apache.ignite.yardstick, w=60, sm=FULL_SYNC, AUTO_COPY=false, RESTART_SERVERS=true}, shutdownHook=true, currentFolder=/home/ubuntu/date-2504-204359-s-4-c-1-ver-2.0.0-SNAPSHOT-0be92732, scriptsFolder=/home/ubuntu/date-2504-204359-s-4-c-1-ver-2.0.0-SNAPSHOT-0be92732/yardstick/bin, logsFolder=/home/ubuntu/date-2504-204359-s-4-c-1-ver-2.0.0-SNAPSHOT-0be92732/yardstick/bin/../output/logs-20170425-204411/logs_drivers, outputFolder=/home/ubuntu/date-2504-204359-s-4-c-1-ver-2.0.0-SNAPSHOT-0be92732/yardstick/bin/../output/results-20170425-204411, outputWriter=java.io.PrintStream@7e3d39ec, errorWriter=java.io.PrintStream@70fac85b, descriptions=[2.0.0-SNAPSHOT-0be92732-atomic-put-get-bs-6-1-backup], hostName=]
--Description: 2.0.0-SNAPSHOT-0be92732-atomic-put-get-bs-6-1-backup
@@IgnitePutGetBatchBenchmark
**"Time, sec","Operations/sec (more is better)","Latency, nsec (less is better)"
1493153861,24007.00,2660245.90
1493153862,24033.00,2660588.66
1493153863,23465.00,2727152.58
1493153864,19937.00,3206697.95
1493153865,24143.00,2648886.35
1493153866,24792.00,2579274.95
1493153867,25072.00,2548433.10
1493153868,21329.00,3000936.12
1493153869,22014.00,2906998.82
1493153870,25126.00,2547018.63
1493153871,24803.00,2580025.22
1493153872,21445.00,2983963.16
1493153873,21504.00,2974305.83
1493153874,24224.00,2629463.38
1493153875,17024.00,3773195.09
1493153876,22976.00,2785009.73
1493153877,21397.00,2990650.30
1493153878,23531.00,2718810.50
1493153879,25132.00,2545195.97
1493153880,22736.00,2750063.98
1493153881,19707.00,3220476.94
1493153882,23976.00,2751647.42
1493153883,23338.00,2740021.62
1493153884,24338.00,2628309.48
1493153885,21306.00,3003219.18
1493153886,22536.00,2840953.10
1493153887,23070.00,2770238.90
1493153888,23056.00,2774308.60
1493153889,22242.00,2876894.47
1493153890,20624.00,3099948.86
1493153891,24565.00,2603948.41
1493153892,23652.00,2708029.14
1493153893,22455.00,2848554.60
1493153894,22086.00,2898197.50
1493153895,24098.00,2655538.46
1493153896,23205.00,2757312.40
1493153897,23052.00,2775007.21
1493153898,22671.00,2791036.67
1493153899,23293.00,2775505.74
1493153900,24645.00,2597481.85
1493153901,23140.00,2763872.74
1493153902,22433.00,2790237.09
1493153903,21072.00,3104737.17
1493153904,24658.00,2594783.12
1493153905,23075.00,2772357.33
1493153906,23069.00,2773196.86
1493153907,21756.00,2942454.30
1493153908,24506.00,2611153.36
1493153909,24307.00,2631248.63
1493153910,20981.00,3052375.17
1493153911,20790.00,3077006.71
1493153912,23459.00,2727089.96
1493153913,24842.00,2575936.38
1493153914,22064.00,2882917.42
1493153915,20830.00,3084509.61
1493153916,22871.00,2801495.56
1493153917,23878.00,2680405.63
1493153918,24148.00,2636972.80
1493153919,22056.00,2915406.36
1493153920,20472.00,3123362.88
1493153921,23761.00,2693890.14
1493153922,24568.00,2602832.21
1493153923,22199.00,2884234.37
1493153924,18655.00,3430167.59
1493153925,23660.00,2703127.77
1493153926,22913.00,2793137.96
1493153927,20845.00,3068449.14
1493153928,22601.00,2685261.03
1493153929,20726.00,3249016.43
1493153930,23266.00,2750089.23
1493153931,24020.00,2662758.54
1493153932,21963.00,2914698.44
1493153933,19794.00,3230799.04
1493153934,23186.00,2761545.07
1493153935,23843.00,2681187.48
1493153936,17694.00,3616561.34
1493153937,20849.00,3071287.03
1493153938,19698.00,3248591.88
1493153939,24560.00,2606144.95
1493153940,22747.00,2811857.55
1493153941,21014.00,3045732.30
1493153942,20542.00,3116282.61
1493153943,21883.00,2923073.10
1493153944,23805.00,2688245.61
1493153945,21945.00,2915485.79
1493153946,22111.00,2892211.32
1493153947,21675.00,2922296.71
1493153948,17948.00,3614015.34
1493153949,21404.00,2991846.80
1493153950,23520.00,2720370.89
1493153951,21541.00,2971360.05
1493153952,23861.00,2680498.59
1493153953,23592.00,2713969.47
1493153954,22625.00,2827225.09
1493153955,21498.00,2867858.82
1493153956,23766.00,2789965.71
1493153957,22354.00,2860560.44
1493153958,22994.00,2784363.64
1493153959,25327.00,2526237.54
1493153960,20945.00,3055200.96
1493153961,24792.00,2580640.63
1493153962,22142.00,2874583.79
1493153963,23974.00,2703455.26
1493153964,20438.00,3130562.95
1493153965,24476.00,2614156.88
1493153966,24144.00,2593119.36
1493153967,21969.00,2974929.70
1493153968,21499.00,2976059.29
1493153969,24178.00,2648261.44
1493153970,24483.00,2612284.72
1493153971,22060.00,2900742.51
1493153972,22591.00,2760693.88
1493153973,23758.00,2761167.00
1493153974,24589.00,2602847.75
1493153975,23371.00,2736187.55
1493153976,23552.00,2718691.35
1493153977,21059.00,3039175.30
1493153978,24105.00,2653474.26
1493153979,23193.00,2756719.21
1493153980,23254.00,2753600.28
1493153981,22397.00,2854762.89
1493153982,25004.00,2560293.57
1493153983,22848.00,2802300.33
1493153984,24312.00,2631601.82
1493153985,20717.00,3088833.57
1493153986,24206.00,2642955.60
1493153987,23026.00,2778627.33
1493153988,24798.00,2578398.12
1493153989,20704.00,3093563.42
1493153990,24402.00,2621482.85
1493153991,23468.00,2727540.23
1493153992,24483.00,2611420.00
1493153993,22985.00,2784678.37
1493153994,22631.00,2827513.00
1493153995,24436.00,2619518.93
1493153996,23127.00,2767458.84
1493153997,22364.00,2852654.76
1493153998,17679.00,3629341.63
1493153999,22922.00,2791264.03
1493154000,22215.00,2879167.10
1493154001,23252.00,2752785.33
1493154002,18598.00,3301763.95
1493154003,23539.00,2708850.17
1493154004,22535.00,2962806.12
1493154005,24623.00,2599632.90
1493154006,24610.00,2589328.83
1493154007,21568.00,2978371.15
1493154008,22915.00,2792389.75
1493154009,23667.00,2704066.42
1493154010,24212.00,2642508.35
1493154011,21711.00,2948031.60
1493154012,24681.00,2591963.37
1493154013,22109.00,2892480.15
1493154014,24135.00,2651908.11
1493154015,21881.00,2925376.08
1493154016,25426.00,2516216.60
1493154017,21491.00,2976882.32
1493154018,24580.00,2603354.74
1493154019,22064.00,2900068.88
1493154020,24868.00,2573497.19
1493154021,23234.00,2754880.37
1493154022,23622.00,2708422.02
1493154023,22794.00,2806412.12
1493154024,21402.00,2989535.54
1493154025,23746.00,2694087.15
1493154026,23356.00,2739716.09
1493154027,24667.00,2594119.31
1493154028,21568.00,2968352.75
1493154029,23245.00,2752546.87
1493154030,24524.00,2607661.76
1493154031,23392.00,2736836.52
1493154032,22185.00,2881516.58
1493154033,24911.00,2570642.08
1493154034,23214.00,2754637.83
1493154035,23993.00,2667374.24
1493154036,21829.00,2932289.50
1493154037,24644.00,2596133.96
1493154038,22952.00,2787313.09
1493154039,23264.00,2752778.70
1493154040,20090.00,3089641.95
1493154041,22804.00,2888096.53
1493154042,22324.00,2866805.56
1493154043,24868.00,2572467.73
1493154044,23232.00,2723954.28
1493154045,22187.00,2922295.60
1493154046,23435.00,2730328.82
1493154047,24650.00,2595714.50
1493154048,25117.00,2547165.38
1493154049,20351.00,3144302.50
1493154050,22980.00,2783110.70
1493154051,24949.00,2565232.83
1493154052,24548.00,2607293.51
1493154053,21859.00,2926783.03
1493154054,22872.00,2798281.30
1493154055,22924.00,2785847.20
1493154056,22369.00,2864565.80
1493154057,21177.00,3021918.23
1493154058,21292.00,2967393.76
1493154059,17022.00,3801950.51
1493154060,22946.00,2787676.68
1493154061,23122.00,2768357.72
1493154062,20242.00,3159597.74
1493154063,23015.00,2780034.63
1493154064,23397.00,2736609.77
1493154065,24536.00,2606862.96
1493154066,21994.00,2910232.83
1493154067,24510.00,2609291.25
1493154068,21929.00,2920038.45
1493154069,25327.00,2526037.09
1493154070,24115.00,2587310.24
1493154071,22365.00,2929704.44
1493154072,22472.00,2849906.87
1493154073,24834.00,2576148.16
1493154074,24830.00,2577690.62
1493154075,21765.00,2937971.77
1493154076,23365.00,2739400.95
1493154077,22934.00,2790603.55
1493154078,24561.00,2605321.89
1493154079,22218.00,2880302.45
1493154080,23448.00,2728897.96
1493154081,23596.00,2709286.64
1493154082,24897.00,2571970.85
1493154083,21390.00,2989460.02
1493154084,21214.00,3016048.71
1493154085,24464.00,2617111.72
1493154086,22125.00,2892787.84
1493154087,22299.00,2726640.59
1493154088,23628.00,2841831.89
1493154089,21973.00,2911334.54
1493154090,24425.00,2620530.65
1493154091,23972.00,2668478.46
1493154092,18821.00,3399131.78
1493154093,18942.00,3377907.68
1493154094,23974.00,2627211.47
1493154095,22630.00,2872869.42
1493154096,21756.00,2940678.71
1493154097,21953.00,2915534.16
1493154098,22973.00,2785506.55
1493154099,23555.00,2716473.35
1493154100,21596.00,2962889.86
1493154101,21221.00,3015241.28
1493154102,22145.00,2889007.25
1493154103,22542.00,2838119.22
1493154104,22064.00,2901476.07
1493154105,20458.00,3125319.78
1493154106,23426.00,2733728.56
1493154107,24322.00,2630005.95
1493154108,24758.00,2584281.27
1493154109,22368.00,2860533.78
1493154110,22060.00,2902628.97
1493154111,25081.00,2549992.60
1493154112,25326.00,2527647.55
1493154113,23064.00,2771898.59
1493154114,21465.00,2934041.13
1493154115,24155.00,2690755.60
1493154116,24651.00,2596564.97
1493154117,24479.00,2614663.79
1493154118,22152.00,2887984.46
1493154119,22196.00,2881629.54
1493154120,18375.00,3447437.52
1493154121,20023.00,3228918.67
1493154122,21392.00,2991433.59
1493154123,22455.00,2848578.64
1493154124,23522.00,2720965.23
1493154125,24707.00,2589275.31
1493154126,24686.00,2560893.60
1493154127,20757.00,3119122.82
1493154128,23556.00,2718024.13
1493154129,24790.00,2581238.73
1493154130,24746.00,2585713.84
1493154131,21438.00,2982036.83
1493154132,23341.00,2742686.31
1493154133,23582.00,2714496.30
1493154134,24760.00,2583878.87
1493154135,22126.00,2892181.89
1493154136,23154.00,2762143.53
1493154137,22662.00,2825306.27
1493154138,23869.00,2679065.28
1493154139,23112.00,2766860.36
1493154140,23532.00,2721423.93
1493154141,24322.00,2629558.68
1493154142,22651.00,2827173.24
1493154143,21733.00,2941783.32
1493154144,21668.00,2954431.66
1493154145,24584.00,2603231.13
1493154146,23676.00,2700721.82
1493154147,22776.00,2806139.93
1493154148,20254.00,3164701.28
1493154149,25016.00,2558366.09
1493154150,25204.00,2536921.64
1493154151,23546.00,2719153.80
1493154152,21481.00,2887512.95
1493154153,24492.00,2692507.12
1493154154,24978.00,2561670.33
1493154155,23546.00,2717703.17
1493154156,21034.00,3040917.64
1493154157,22755.00,2813217.97
1493154158,24468.00,2614212.99
1493154159,24526.00,2607982.29
1493154160,20096.00,3186389.84
