--Probe dump file for probe: org.yardstickframework.probes.DStatProbe@4fcc529 (class org.yardstickframework.probes.DStatProbe)
--Created Tue Apr 25 21:52:20 UTC 2017
--Benchmark config: BenchmarkConfiguration [memberId='0', driverNames='[IgnitePutAllSerializableTxBenchmark]', serverName='IgniteNode', threads=64, duration=300, warmup=60, dfltProbeClsNames=[ThroughputLatencyProbe, PercentileProbe, DStatProbe], propsFileName='yardstick/config/run.properties', packages=[org.yardstickframework, org.apache.ignite.yardstick], cmdArgs=[--outputFolder, /home/ubuntu/date-2504-204359-s-4-c-1-ver-2.0.0-SNAPSHOT-0be92732/yardstick/bin/../output/results-20170425-204411, -id, 0, -cfg, /home/ubuntu/date-2504-204359-s-4-c-1-ver-2.0.0-SNAPSHOT-0be92732/yardstick/bin/../config/ignite-config.xml, -nn, 5, -b, 1, -w, 60, -d, 300, -t, 64, -sm, FULL_SYNC, -bs, 6, --client, -dn, IgnitePutAllSerializableTxBenchmark, -sn, IgniteNode, -ds, 2.0.0-SNAPSHOT-0be92732-tx-putAllSerializable-bs-6-1-backup, --config, yardstick/config/run.properties, --logsFolder, /home/ubuntu/date-2504-204359-s-4-c-1-ver-2.0.0-SNAPSHOT-0be92732/yardstick/bin/../output/logs-20170425-204411/logs_drivers, --currentFolder, /home/ubuntu/date-2504-204359-s-4-c-1-ver-2.0.0-SNAPSHOT-0be92732, --scriptsFolder, /home/ubuntu/date-2504-204359-s-4-c-1-ver-2.0.0-SNAPSHOT-0be92732/yardstick/bin], probeWriter='null', customProps={ver=2.0.0-SNAPSHOT-0be92732- , b=1, d=300, SERVER_HOSTS=172.31.45.250,172.31.38.80,172.31.41.141,172.31.42.161, now0=`date +'%H%M%S'`, j=10, nodesNum=$((`echo ${SERVER_HOSTS} | tr ',' '' | wc -l` + `echo ${DRIVER_HOSTS} | tr ',' '' | wc -l`)), JVM_OPTS=${JVM_OPTS}" -Xms6g -Xmx6g -Xloggc:./gc${now0}.log -XX:+PrintGCDetails -verbose:gc -XX:+UseParNewGC -XX:+UseConcMarkSweepGC ", CONFIGS="-cfg ${SCRIPT_DIR}/../config/ignite-config.xml -nn ${nodesNum} -b ${b} -w ${w} -d ${d} -t ${t} -sm ${sm}  --client -dn IgnitePutBenchmark -sn IgniteNode -wom PRIMARY -ds ${ver}atomic-put-${b}-backup,-cfg ${SCRIPT_DIR}/../config/ignite-config.xml -nn ${nodesNum} -b ${b} -w ${w} -d ${d} -t ${t} -sm ${sm}  --client -dn IgnitePutGetBenchmark -sn IgniteNode -wom PRIMARY -ds ${ver}atomic-put-get-${b}-backup,-cfg ${SCRIPT_DIR}/../config/ignite-config.xml -nn ${nodesNum} -b ${b} -w ${w} -d ${d} -t ${t} -sm ${sm} -bs 6  --client -dn IgnitePutGetBatchBenchmark -wom PRIMARY -sn IgniteNode -ds ${ver}atomic-put-get-bs-6-${b}-backup,-cfg ${SCRIPT_DIR}/../config/ignite-config.xml -nn ${nodesNum} -b ${b} -w ${w} -d ${d} -t ${t} -sm ${sm}  --client -dn IgnitePutTxImplicitBenchmark -sn IgniteNode -ds ${ver}tx-optimistic-put-${b}-backup,-cfg ${SCRIPT_DIR}/../config/ignite-config.xml -nn ${nodesNum} -b ${b} -w ${w} -d ${d} -t ${t} -sm ${sm} -txc OPTIMISTIC  --client -dn IgnitePutGetTxBenchmark -sn IgniteNode -ds ${ver}tx-optim-repRead-put-get-${b}-backup,-cfg ${SCRIPT_DIR}/../config/ignite-config.xml -nn ${nodesNum} -b ${b} -w ${w} -d ${d} -t ${t} -sm ${sm} -txc PESSIMISTIC  --client -dn IgnitePutGetTxBenchmark -sn IgniteNode -ds ${ver}tx-pessim-repRead-put-get-${b}-backup,-cfg ${SCRIPT_DIR}/../config/ignite-config.xml -nn ${nodesNum} -b ${b} -w ${w} -d ${d} -t ${t} -sm ${sm} -txc OPTIMISTIC -txi SERIALIZABLE  --client -dn IgnitePutGetTxBenchmark -sn IgniteNode -ds ${ver}tx-opt-serial-put-get-${b}-backup,-cfg ${SCRIPT_DIR}/../config/ignite-config.xml -nn ${nodesNum} -b ${b} -w ${w} -d ${d} -t ${t} -sm ${sm}  --client -dn IgniteSqlQueryBenchmark -sn IgniteNode -ds ${ver}sql-query-${b}-backup,-cfg ${SCRIPT_DIR}/../config/ignite-config.xml -nn ${nodesNum} -b ${b} -w ${w} -d ${d} -t ${t} -sm ${sm}  --client -dn IgniteSqlQueryPutBenchmark -sn IgniteNode -ds ${ver}sql-query-put-${b}-backup,-cfg ${SCRIPT_DIR}/../config/ignite-config.xml -nn ${nodesNum} -b ${b} -w ${w} -d ${d} -t ${t} -sm ${sm} -bs 6  --client -dn IgnitePutAllBenchmark -wom PRIMARY -sn IgniteNode -ds ${ver}atomic-putAll-bs-6-${b}-backup,-cfg ${SCRIPT_DIR}/../config/ignite-config.xml -nn ${nodesNum} -b ${b} -w ${w} -d ${d} -t ${t} -sm ${sm} -bs 6  --client -dn IgnitePutAllTxBenchmark -sn IgniteNode -ds ${ver}tx-putAll-bs-6-${b}-backup,-cfg ${SCRIPT_DIR}/../config/ignite-config.xml -nn ${nodesNum} -b ${b} -w ${w} -d ${d} -t ${t} -sm ${sm} -bs 6  --client -dn IgnitePutAllSerializableTxBenchmark -sn IgniteNode -ds ${ver}tx-putAllSerializable-bs-6-${b}-backup,-cfg ${SCRIPT_DIR}/../config/ignite-config.xml -nn ${nodesNum} -b ${b} -w ${w} -d ${d} -t ${t} -sm ${sm} -bs 6 -txc OPTIMISTIC   --client -dn IgniteGetAllPutAllTxBenchmark -sn IgniteNode -ds ${ver}tx-optimistic-getAllPutAll-bs-6-${b}-backup,-cfg ${SCRIPT_DIR}/../config/ignite-config.xml -nn ${nodesNum} -b ${b} -w ${w} -d ${d} -t ${t} -sm ${sm} -bs 6 -txc PESSIMISTIC  --client -dn IgniteGetAllPutAllTxBenchmark -sn IgniteNode -ds ${ver}tx-pessimistic-getAllPutAll-bs-6-${b}-backup,-cfg ${SCRIPT_DIR}/../config/ignite-config.xml -nn ${nodesNum} -b ${b} -w ${w} -d ${d} -t ${t} -sm ${sm} -bs 6 -txc OPTIMISTIC -txi SERIALIZABLE  --client -dn IgniteGetAllPutAllTxBenchmark -sn IgniteNode -ds ${ver}tx-opt-serializable-getAllPutAll-bs-6-${b}-backup,", DRIVER_HOSTS=172.31.46.6, t=64, BENCHMARK_PACKAGES=org.yardstickframework,org.apache.ignite.yardstick, w=60, sm=FULL_SYNC, AUTO_COPY=false, RESTART_SERVERS=true}, shutdownHook=true, currentFolder=/home/ubuntu/date-2504-204359-s-4-c-1-ver-2.0.0-SNAPSHOT-0be92732, scriptsFolder=/home/ubuntu/date-2504-204359-s-4-c-1-ver-2.0.0-SNAPSHOT-0be92732/yardstick/bin, logsFolder=/home/ubuntu/date-2504-204359-s-4-c-1-ver-2.0.0-SNAPSHOT-0be92732/yardstick/bin/../output/logs-20170425-204411/logs_drivers, outputFolder=/home/ubuntu/date-2504-204359-s-4-c-1-ver-2.0.0-SNAPSHOT-0be92732/yardstick/bin/../output/results-20170425-204411, outputWriter=java.io.PrintStream@558cfcf3, errorWriter=java.io.PrintStream@5b4b0832, descriptions=[2.0.0-SNAPSHOT-0be92732-tx-putAllSerializable-bs-6-1-backup], hostName=]
--Description: 2.0.0-SNAPSHOT-0be92732-tx-putAllSerializable-bs-6-1-backup
@@IgnitePutAllSerializableTxBenchmark
**"Time, sec","Memory Used, KB","Memory Buffered, KB","Memory Cached, KB","Memory Free, KB","CPU User, %","CPU System, %","CPU Idle, %","CPU Wait, %","CPU Hardware Interrupts","CPU Software Interrupts","Disk Read, B","Disk Write, B","Network Receive, B","Network Send, B","Page In, B","Page Out, B","System Interrupts, per sec","System Context Switches, per sec"
1493157201,1515520.00,158720.00,5148672.00,56098816.00,15.00,9.00,73.00,0.00,0.00,3.00,0.00,0.00,13631488.00,28311552.00,0.00,0.00,182272.00,182272.00
1493157202,1520640.00,158720.00,5148672.00,56098816.00,22.00,6.00,69.00,0.00,0.00,3.00,0.00,557056.00,12582912.00,26214400.00,0.00,0.00,164864.00,166912.00
1493157203,1519616.00,158720.00,5148672.00,56098816.00,18.00,9.00,70.00,0.00,0.00,3.00,0.00,0.00,13631488.00,28311552.00,0.00,0.00,181248.00,181248.00
1493157204,1522688.00,158720.00,5148672.00,56098816.00,20.00,9.00,67.00,0.00,0.00,4.00,0.00,0.00,13631488.00,29360128.00,0.00,0.00,180224.00,181248.00
1493157205,1522688.00,159744.00,5148672.00,56098816.00,15.00,7.00,71.00,4.00,0.00,3.00,0.00,180224.00,11534336.00,24117248.00,0.00,0.00,153600.00,153600.00
1493157206,1526784.00,159744.00,5148672.00,55993958.40,20.00,8.00,69.00,0.00,0.00,4.00,0.00,0.00,12582912.00,27262976.00,0.00,0.00,178176.00,178176.00
1493157207,1526784.00,159744.00,5148672.00,55993958.40,12.00,6.00,80.00,0.00,0.00,2.00,0.00,24576.00,10485760.00,24117248.00,0.00,0.00,154624.00,153600.00
1493157208,1530880.00,159744.00,5148672.00,55993958.40,18.00,8.00,72.00,0.00,0.00,3.00,0.00,0.00,11534336.00,26214400.00,0.00,0.00,164864.00,166912.00
1493157209,1530880.00,159744.00,5148672.00,55993958.40,15.00,7.00,75.00,0.00,0.00,3.00,0.00,0.00,11534336.00,24117248.00,0.00,0.00,154624.00,153600.00
1493157210,1532928.00,159744.00,5148672.00,55993958.40,18.00,6.00,74.00,0.00,0.00,2.00,0.00,131072.00,11534336.00,24117248.00,0.00,0.00,154624.00,156672.00
1493157211,1537024.00,159744.00,5148672.00,55993958.40,22.00,9.00,66.00,0.00,0.00,4.00,0.00,0.00,12582912.00,28311552.00,0.00,0.00,176128.00,176128.00
1493157212,1538048.00,159744.00,5148672.00,55993958.40,16.00,6.00,75.00,0.00,0.00,3.00,0.00,0.00,12582912.00,26214400.00,0.00,0.00,165888.00,168960.00
1493157213,1541120.00,159744.00,5148672.00,55993958.40,17.00,8.00,71.00,0.00,0.00,4.00,0.00,0.00,12582912.00,26214400.00,0.00,0.00,166912.00,167936.00
1493157214,1542144.00,159744.00,5148672.00,55993958.40,16.00,6.00,75.00,0.00,0.00,3.00,0.00,0.00,12582912.00,27262976.00,0.00,0.00,169984.00,171008.00
1493157215,1544192.00,159744.00,5148672.00,55993958.40,18.00,8.00,72.00,0.00,0.00,3.00,0.00,114688.00,12582912.00,26214400.00,0.00,0.00,165888.00,166912.00
1493157216,1544192.00,159744.00,5148672.00,55993958.40,17.00,8.00,72.00,0.00,0.00,3.00,0.00,0.00,13631488.00,29360128.00,0.00,0.00,185344.00,185344.00
1493157217,1548288.00,159744.00,5148672.00,55993958.40,17.00,8.00,72.00,0.00,0.00,3.00,0.00,0.00,11534336.00,26214400.00,0.00,0.00,160768.00,161792.00
1493157218,1549312.00,159744.00,5149696.00,55993958.40,16.00,7.00,73.00,0.00,0.00,4.00,0.00,0.00,13631488.00,28311552.00,0.00,0.00,184320.00,183296.00
1493157219,1553408.00,159744.00,5149696.00,55993958.40,17.00,9.00,71.00,0.00,0.00,3.00,0.00,0.00,12582912.00,26214400.00,0.00,0.00,165888.00,167936.00
1493157220,1552384.00,159744.00,5149696.00,55993958.40,13.00,8.00,77.00,0.00,0.00,2.00,0.00,114688.00,11534336.00,25165824.00,0.00,0.00,163840.00,164864.00
1493157221,1555456.00,159744.00,5149696.00,55993958.40,19.00,8.00,70.00,0.00,0.00,3.00,0.00,0.00,12582912.00,26214400.00,0.00,0.00,165888.00,168960.00
1493157222,1554432.00,159744.00,5149696.00,55993958.40,13.00,7.00,77.00,0.00,0.00,3.00,0.00,0.00,12582912.00,26214400.00,0.00,0.00,169984.00,169984.00
1493157223,1560576.00,159744.00,5149696.00,55993958.40,19.00,9.00,68.00,0.00,0.00,4.00,0.00,0.00,13631488.00,29360128.00,0.00,0.00,190464.00,192512.00
1493157224,1559552.00,159744.00,5149696.00,55993958.40,15.00,7.00,75.00,0.00,0.00,3.00,0.00,0.00,11534336.00,24117248.00,0.00,0.00,154624.00,153600.00
1493157225,1562624.00,159744.00,5149696.00,55993958.40,19.00,9.00,69.00,0.00,0.00,3.00,0.00,114688.00,12582912.00,28311552.00,0.00,0.00,179200.00,180224.00
1493157226,1561600.00,159744.00,5149696.00,55993958.40,14.00,8.00,76.00,0.00,0.00,3.00,0.00,0.00,12582912.00,27262976.00,0.00,0.00,175104.00,174080.00
1493157227,1565696.00,159744.00,5149696.00,55993958.40,18.00,8.00,71.00,0.00,0.00,3.00,0.00,16384.00,12582912.00,26214400.00,0.00,0.00,167936.00,169984.00
1493157228,1568768.00,159744.00,5149696.00,55993958.40,16.00,7.00,74.00,0.00,0.00,3.00,0.00,0.00,12582912.00,27262976.00,0.00,0.00,169984.00,169984.00
1493157229,1569792.00,159744.00,5149696.00,55993958.40,17.00,9.00,71.00,0.00,0.00,3.00,0.00,0.00,12582912.00,27262976.00,0.00,0.00,169984.00,173056.00
1493157230,1572864.00,159744.00,5149696.00,55993958.40,21.00,8.00,67.00,0.00,0.00,3.00,0.00,139264.00,12582912.00,28311552.00,0.00,0.00,177152.00,179200.00
1493157231,1571840.00,159744.00,5149696.00,55993958.40,14.00,7.00,76.00,0.00,0.00,3.00,0.00,0.00,12582912.00,27262976.00,0.00,0.00,173056.00,172032.00
1493157232,1576960.00,159744.00,5149696.00,55993958.40,20.00,9.00,68.00,0.00,0.00,3.00,0.00,139264.00,13631488.00,28311552.00,0.00,0.00,178176.00,180224.00
1493157233,1576960.00,159744.00,5149696.00,55993958.40,14.00,9.00,75.00,0.00,0.00,2.00,0.00,0.00,11534336.00,25165824.00,0.00,0.00,159744.00,159744.00
1493157234,1581056.00,159744.00,5149696.00,55993958.40,21.00,8.00,67.00,0.00,0.00,4.00,0.00,0.00,13631488.00,29360128.00,0.00,0.00,182272.00,183296.00
1493157235,1581056.00,159744.00,5149696.00,55993958.40,14.00,8.00,75.00,0.00,0.00,3.00,0.00,172032.00,12582912.00,27262976.00,0.00,0.00,173056.00,173056.00
1493157236,1582080.00,159744.00,5149696.00,55993958.40,20.00,8.00,69.00,0.00,0.00,3.00,0.00,0.00,12582912.00,27262976.00,0.00,0.00,176128.00,177152.00
1493157237,1583104.00,159744.00,5149696.00,55993958.40,15.00,9.00,74.00,0.00,0.00,3.00,0.00,212992.00,12582912.00,27262976.00,0.00,0.00,172032.00,172032.00
1493157238,1587200.00,159744.00,5149696.00,55993958.40,19.00,8.00,71.00,0.00,0.00,2.00,0.00,294912.00,12582912.00,26214400.00,0.00,0.00,167936.00,169984.00
1493157239,1589248.00,159744.00,5149696.00,55993958.40,18.00,9.00,70.00,0.00,0.00,3.00,0.00,0.00,13631488.00,28311552.00,0.00,0.00,184320.00,183296.00
1493157240,1591296.00,159744.00,5149696.00,55993958.40,16.00,7.00,74.00,0.00,0.00,3.00,0.00,188416.00,11534336.00,24117248.00,0.00,0.00,157696.00,158720.00
1493157241,1593344.00,159744.00,5149696.00,55993958.40,18.00,7.00,72.00,0.00,0.00,3.00,0.00,0.00,12582912.00,26214400.00,0.00,0.00,172032.00,173056.00
1493157242,1594368.00,159744.00,5149696.00,55993958.40,14.00,7.00,75.00,0.00,0.00,3.00,0.00,0.00,12582912.00,26214400.00,0.00,0.00,166912.00,168960.00
1493157243,1597440.00,159744.00,5149696.00,55993958.40,20.00,9.00,68.00,0.00,0.00,3.00,0.00,32768.00,12582912.00,28311552.00,0.00,0.00,180224.00,181248.00
1493157244,1598464.00,159744.00,5149696.00,55993958.40,15.00,7.00,76.00,0.00,0.00,3.00,0.00,0.00,12582912.00,27262976.00,0.00,0.00,172032.00,172032.00
1493157245,1602560.00,159744.00,5149696.00,55993958.40,19.00,7.00,71.00,0.00,0.00,3.00,0.00,131072.00,11534336.00,26214400.00,0.00,0.00,163840.00,164864.00
1493157246,1602560.00,159744.00,5149696.00,55993958.40,16.00,8.00,72.00,0.00,0.00,4.00,0.00,0.00,13631488.00,29360128.00,0.00,0.00,182272.00,183296.00
1493157247,1604608.00,159744.00,5149696.00,55993958.40,15.00,6.00,76.00,0.00,0.00,3.00,0.00,0.00,11534336.00,24117248.00,0.00,0.00,155648.00,156672.00
1493157248,1604608.00,159744.00,5149696.00,55993958.40,21.00,10.00,64.00,0.00,0.00,5.00,0.00,0.00,14680064.00,31457280.00,0.00,0.00,198656.00,198656.00
1493157249,1608704.00,159744.00,5149696.00,55993958.40,16.00,6.00,77.00,0.00,0.00,2.00,0.00,0.00,10485760.00,22020096.00,0.00,0.00,143360.00,144384.00
1493157250,1608704.00,159744.00,5149696.00,55993958.40,19.00,10.00,67.00,0.00,0.00,4.00,0.00,114688.00,14680064.00,31457280.00,0.00,0.00,196608.00,196608.00
1493157251,1610752.00,159744.00,5149696.00,55993958.40,17.00,9.00,72.00,0.00,0.00,3.00,0.00,0.00,12582912.00,26214400.00,0.00,0.00,166912.00,168960.00
1493157252,1611776.00,159744.00,5149696.00,55993958.40,18.00,7.00,72.00,0.00,0.00,3.00,0.00,0.00,12582912.00,27262976.00,0.00,0.00,174080.00,174080.00
1493157253,1614848.00,159744.00,5149696.00,55993958.40,20.00,10.00,67.00,0.00,0.00,3.00,0.00,0.00,13631488.00,28311552.00,0.00,0.00,179200.00,182272.00
1493157254,1615872.00,159744.00,5149696.00,55993958.40,12.00,7.00,79.00,0.00,0.00,2.00,0.00,0.00,11534336.00,25165824.00,0.00,0.00,159744.00,158720.00
1493157255,1618944.00,159744.00,5149696.00,55993958.40,23.00,9.00,63.00,0.00,0.00,5.00,0.00,114688.00,13631488.00,30408704.00,0.00,0.00,187392.00,187392.00
1493157256,1622016.00,159744.00,5149696.00,55993958.40,12.00,7.00,78.00,0.00,0.00,3.00,0.00,0.00,10485760.00,23068672.00,0.00,0.00,147456.00,146432.00
1493157257,1620992.00,159744.00,5149696.00,55993958.40,21.00,9.00,67.00,0.00,0.00,4.00,0.00,0.00,13631488.00,30408704.00,0.00,0.00,192512.00,192512.00
1493157258,1626112.00,159744.00,5149696.00,55993958.40,18.00,8.00,72.00,0.00,0.00,2.00,0.00,0.00,11534336.00,25165824.00,0.00,0.00,155648.00,156672.00
1493157259,1626112.00,159744.00,5149696.00,55993958.40,17.00,8.00,71.00,0.00,0.00,3.00,0.00,0.00,13631488.00,29360128.00,0.00,0.00,183296.00,186368.00
1493157260,1630208.00,159744.00,5149696.00,55889100.80,21.00,7.00,68.00,0.00,0.00,4.00,0.00,114688.00,12582912.00,27262976.00,0.00,0.00,175104.00,176128.00
1493157261,1630208.00,159744.00,5149696.00,55889100.80,15.00,7.00,76.00,0.00,0.00,2.00,0.00,0.00,11534336.00,25165824.00,0.00,0.00,157696.00,158720.00
1493157262,1632256.00,159744.00,5149696.00,55889100.80,23.00,10.00,64.00,0.00,0.00,3.00,0.00,0.00,13631488.00,30408704.00,0.00,0.00,190464.00,192512.00
1493157263,1632256.00,159744.00,5149696.00,55889100.80,13.00,7.00,79.00,0.00,0.00,2.00,0.00,73728.00,10485760.00,24117248.00,0.00,0.00,148480.00,149504.00
1493157264,1637376.00,159744.00,5149696.00,55889100.80,23.00,10.00,64.00,0.00,0.00,3.00,0.00,0.00,13631488.00,30408704.00,0.00,0.00,189440.00,190464.00
1493157265,1636352.00,159744.00,5149696.00,55889100.80,15.00,8.00,74.00,0.00,0.00,3.00,0.00,131072.00,11534336.00,25165824.00,0.00,0.00,159744.00,159744.00
1493157266,1641472.00,159744.00,5149696.00,55889100.80,21.00,8.00,68.00,0.00,0.00,3.00,0.00,0.00,13631488.00,28311552.00,0.00,0.00,179200.00,180224.00
1493157267,1641472.00,159744.00,5149696.00,55889100.80,18.00,8.00,71.00,0.00,0.00,3.00,0.00,0.00,13631488.00,28311552.00,0.00,0.00,179200.00,180224.00
1493157268,1643520.00,159744.00,5149696.00,55889100.80,18.00,7.00,71.00,0.00,0.00,4.00,0.00,65536.00,12582912.00,27262976.00,0.00,0.00,166912.00,169984.00
1493157269,1647616.00,159744.00,5149696.00,55889100.80,22.00,10.00,65.00,0.00,0.00,3.00,0.00,0.00,13631488.00,30408704.00,0.00,0.00,188416.00,191488.00
1493157270,1646592.00,159744.00,5149696.00,55889100.80,9.00,4.00,86.00,0.00,0.00,2.00,0.00,172032.00,8344576.00,17825792.00,0.00,0.00,115712.00,114688.00
1493157271,1651712.00,159744.00,5149696.00,55889100.80,19.00,9.00,69.00,0.00,0.00,3.00,0.00,0.00,12582912.00,28311552.00,0.00,0.00,176128.00,177152.00
1493157272,1651712.00,159744.00,5149696.00,55889100.80,15.00,7.00,75.00,0.00,0.00,3.00,0.00,0.00,12582912.00,26214400.00,0.00,0.00,169984.00,168960.00
1493157273,1653760.00,159744.00,5149696.00,55889100.80,17.00,7.00,72.00,0.00,0.00,3.00,0.00,483328.00,12582912.00,26214400.00,0.00,0.00,166912.00,168960.00
1493157274,1653760.00,159744.00,5149696.00,55889100.80,15.00,9.00,72.00,0.00,0.00,4.00,0.00,0.00,13631488.00,29360128.00,0.00,0.00,186368.00,185344.00
1493157275,1657856.00,159744.00,5149696.00,55889100.80,20.00,7.00,71.00,0.00,0.00,2.00,0.00,188416.00,11534336.00,24117248.00,0.00,0.00,153600.00,153600.00
1493157276,1657856.00,159744.00,5149696.00,55889100.80,17.00,11.00,68.00,0.00,0.00,5.00,0.00,0.00,14680064.00,31457280.00,0.00,0.00,196608.00,195584.00
1493157277,1661952.00,159744.00,5149696.00,55889100.80,17.00,6.00,75.00,0.00,0.00,3.00,0.00,0.00,10485760.00,23068672.00,0.00,0.00,147456.00,149504.00
1493157278,1661952.00,159744.00,5149696.00,55889100.80,17.00,9.00,71.00,0.00,0.00,4.00,0.00,32768.00,13631488.00,29360128.00,0.00,0.00,184320.00,184320.00
1493157279,1664000.00,159744.00,5149696.00,55889100.80,17.00,8.00,72.00,0.00,0.00,3.00,0.00,0.00,11534336.00,26214400.00,0.00,0.00,162816.00,163840.00
1493157280,1664000.00,159744.00,5149696.00,55889100.80,15.00,7.00,76.00,0.00,0.00,2.00,0.00,0.00,11534336.00,26214400.00,0.00,0.00,166912.00,166912.00
1493157281,1669120.00,159744.00,5149696.00,55889100.80,21.00,8.00,68.00,0.00,0.00,3.00,0.00,131072.00,13631488.00,29360128.00,0.00,0.00,182272.00,183296.00
1493157282,1668096.00,159744.00,5149696.00,55889100.80,16.00,9.00,73.00,0.00,0.00,2.00,0.00,0.00,12582912.00,26214400.00,0.00,0.00,171008.00,171008.00
1493157283,1672192.00,159744.00,5149696.00,55889100.80,19.00,7.00,70.00,0.00,0.00,4.00,0.00,0.00,13631488.00,28311552.00,0.00,0.00,180224.00,182272.00
1493157284,1672192.00,159744.00,5149696.00,55889100.80,14.00,7.00,76.00,0.00,0.00,2.00,0.00,0.00,11534336.00,25165824.00,0.00,0.00,160768.00,160768.00
1493157285,1674240.00,159744.00,5149696.00,55889100.80,19.00,9.00,70.00,0.00,0.00,3.00,0.00,0.00,12582912.00,27262976.00,0.00,0.00,177152.00,178176.00
1493157286,1675264.00,159744.00,5149696.00,55889100.80,15.00,8.00,74.00,0.00,0.00,3.00,0.00,114688.00,11534336.00,26214400.00,0.00,0.00,165888.00,165888.00
1493157287,1679360.00,159744.00,5149696.00,55889100.80,19.00,6.00,72.00,0.00,0.00,3.00,0.00,0.00,12582912.00,27262976.00,0.00,0.00,172032.00,176128.00
1493157288,1681408.00,159744.00,5149696.00,55889100.80,22.00,8.00,66.00,0.00,0.00,4.00,0.00,0.00,13631488.00,28311552.00,0.00,0.00,178176.00,181248.00
1493157289,1681408.00,159744.00,5149696.00,55889100.80,14.00,9.00,74.00,0.00,0.00,3.00,0.00,0.00,12582912.00,27262976.00,0.00,0.00,173056.00,172032.00
1493157290,1685504.00,159744.00,5149696.00,55889100.80,15.00,7.00,75.00,0.00,0.00,3.00,0.00,0.00,11534336.00,26214400.00,0.00,0.00,165888.00,167936.00
1493157291,1684480.00,159744.00,5149696.00,55889100.80,13.00,9.00,75.00,0.00,0.00,3.00,0.00,114688.00,12582912.00,27262976.00,0.00,0.00,168960.00,168960.00
1493157292,1688576.00,159744.00,5149696.00,55889100.80,21.00,8.00,68.00,0.00,0.00,3.00,0.00,0.00,13631488.00,28311552.00,0.00,0.00,181248.00,182272.00
1493157293,1689600.00,159744.00,5149696.00,55889100.80,13.00,7.00,76.00,0.00,0.00,3.00,0.00,40960.00,11534336.00,25165824.00,0.00,0.00,161792.00,161792.00
1493157294,1691648.00,159744.00,5149696.00,55889100.80,21.00,8.00,67.00,0.00,0.00,4.00,0.00,0.00,13631488.00,29360128.00,0.00,0.00,193536.00,194560.00
1493157295,1691648.00,159744.00,5149696.00,55889100.80,14.00,8.00,75.00,0.00,0.00,3.00,0.00,0.00,12582912.00,26214400.00,0.00,0.00,164864.00,163840.00
1493157296,1695744.00,159744.00,5149696.00,55889100.80,20.00,8.00,68.00,0.00,0.00,4.00,0.00,114688.00,12582912.00,27262976.00,0.00,0.00,173056.00,174080.00
1493157297,1696768.00,159744.00,5149696.00,55889100.80,16.00,6.00,74.00,0.00,0.00,4.00,0.00,0.00,12582912.00,27262976.00,0.00,0.00,171008.00,172032.00
1493157298,1700864.00,159744.00,5149696.00,55889100.80,20.00,8.00,69.00,0.00,0.00,3.00,0.00,57344.00,12582912.00,26214400.00,0.00,0.00,166912.00,168960.00
1493157299,1700864.00,159744.00,5149696.00,55889100.80,14.00,9.00,75.00,0.00,0.00,3.00,0.00,0.00,12582912.00,28311552.00,0.00,0.00,181248.00,181248.00
1493157300,1701888.00,159744.00,5149696.00,55889100.80,18.00,8.00,71.00,0.00,0.00,3.00,0.00,0.00,11534336.00,25165824.00,0.00,0.00,160768.00,163840.00
1493157301,1705984.00,159744.00,5149696.00,55889100.80,20.00,9.00,68.00,0.00,0.00,4.00,0.00,155648.00,13631488.00,28311552.00,0.00,0.00,184320.00,185344.00
1493157302,1705984.00,159744.00,5149696.00,55889100.80,14.00,7.00,77.00,0.00,0.00,3.00,0.00,0.00,11534336.00,25165824.00,0.00,0.00,166912.00,168960.00
1493157303,1710080.00,159744.00,5149696.00,55889100.80,17.00,7.00,73.00,0.00,0.00,3.00,0.00,65536.00,11534336.00,25165824.00,0.00,0.00,159744.00,159744.00
1493157304,1710080.00,159744.00,5149696.00,55889100.80,17.00,8.00,73.00,0.00,0.00,2.00,0.00,0.00,12582912.00,27262976.00,0.00,0.00,177152.00,178176.00
1493157305,1712128.00,159744.00,5149696.00,55889100.80,17.00,8.00,71.00,0.00,0.00,4.00,0.00,0.00,12582912.00,26214400.00,0.00,0.00,167936.00,168960.00
1493157306,1712128.00,159744.00,5149696.00,55889100.80,18.00,8.00,71.00,0.00,0.00,3.00,0.00,155648.00,13631488.00,29360128.00,0.00,0.00,186368.00,186368.00
1493157307,1716224.00,159744.00,5149696.00,55889100.80,16.00,6.00,75.00,0.00,0.00,2.00,0.00,0.00,11534336.00,24117248.00,0.00,0.00,155648.00,156672.00
1493157308,1716224.00,159744.00,5149696.00,55889100.80,16.00,11.00,70.00,0.00,0.00,3.00,0.00,458752.00,14680064.00,30408704.00,0.00,0.00,196608.00,195584.00
1493157309,1720320.00,159744.00,5149696.00,55889100.80,19.00,7.00,72.00,0.00,0.00,3.00,0.00,0.00,11534336.00,26214400.00,0.00,0.00,164864.00,166912.00
1493157310,1720320.00,159744.00,5149696.00,55889100.80,16.00,7.00,73.00,0.00,0.00,4.00,0.00,0.00,12582912.00,27262976.00,0.00,0.00,177152.00,174080.00
1493157311,1723392.00,159744.00,5149696.00,55889100.80,18.00,9.00,69.00,0.00,0.00,4.00,0.00,188416.00,12582912.00,28311552.00,0.00,0.00,180224.00,180224.00
1493157312,1722368.00,159744.00,5149696.00,55889100.80,12.00,7.00,79.00,0.00,0.00,3.00,0.00,0.00,11534336.00,25165824.00,0.00,0.00,160768.00,159744.00
1493157313,1728512.00,159744.00,5149696.00,55889100.80,19.00,8.00,69.00,0.00,0.00,4.00,0.00,40960.00,12582912.00,28311552.00,0.00,0.00,181248.00,183296.00
1493157314,1727488.00,159744.00,5149696.00,55889100.80,14.00,7.00,76.00,0.00,0.00,3.00,0.00,0.00,11534336.00,25165824.00,0.00,0.00,162816.00,162816.00
1493157315,1730560.00,159744.00,5149696.00,55889100.80,20.00,8.00,69.00,0.00,0.00,3.00,0.00,0.00,13631488.00,28311552.00,0.00,0.00,181248.00,182272.00
1493157316,1731584.00,159744.00,5149696.00,55889100.80,15.00,7.00,74.00,0.00,0.00,3.00,0.00,155648.00,12582912.00,27262976.00,0.00,0.00,174080.00,175104.00
1493157317,1733632.00,159744.00,5149696.00,55889100.80,19.00,8.00,69.00,0.00,0.00,3.00,0.00,0.00,12582912.00,27262976.00,0.00,0.00,171008.00,177152.00
1493157318,1736704.00,159744.00,5149696.00,55784243.20,18.00,7.00,71.00,0.00,0.00,3.00,0.00,0.00,12582912.00,28311552.00,0.00,0.00,171008.00,179200.00
1493157319,1736704.00,159744.00,5149696.00,55784243.20,10.00,5.00,83.00,0.00,0.00,2.00,0.00,0.00,9667584.00,20971520.00,0.00,0.00,133120.00,135168.00
1493157320,1738752.00,159744.00,5149696.00,55784243.20,15.00,7.00,75.00,0.00,0.00,3.00,0.00,0.00,11534336.00,25165824.00,0.00,0.00,161792.00,161792.00
1493157321,1740800.00,159744.00,5149696.00,55784243.20,13.00,6.00,79.00,0.00,0.00,2.00,0.00,114688.00,10485760.00,23068672.00,0.00,0.00,150528.00,152576.00
1493157322,1740800.00,159744.00,5149696.00,55784243.20,14.00,8.00,75.00,0.00,0.00,3.00,0.00,0.00,12582912.00,27262976.00,0.00,0.00,176128.00,174080.00
1493157323,1742848.00,159744.00,5149696.00,55784243.20,20.00,9.00,69.00,0.00,0.00,3.00,0.00,40960.00,12582912.00,28311552.00,0.00,0.00,180224.00,180224.00
1493157324,1746944.00,159744.00,5149696.00,55784243.20,14.00,7.00,77.00,0.00,0.00,3.00,0.00,0.00,11534336.00,24117248.00,0.00,0.00,156672.00,157696.00
1493157325,1746944.00,159744.00,5149696.00,55784243.20,16.00,7.00,74.00,0.00,0.00,3.00,0.00,0.00,13631488.00,28311552.00,0.00,0.00,187392.00,187392.00
1493157326,1748992.00,159744.00,5149696.00,55784243.20,15.00,8.00,75.00,0.00,0.00,2.00,0.00,114688.00,11534336.00,24117248.00,0.00,0.00,157696.00,158720.00
1493157327,1750016.00,159744.00,5149696.00,55784243.20,16.00,8.00,73.00,0.00,0.00,4.00,0.00,0.00,13631488.00,29360128.00,0.00,0.00,185344.00,186368.00
1493157328,1754112.00,159744.00,5149696.00,55784243.20,19.00,8.00,70.00,0.00,0.00,3.00,0.00,0.00,12582912.00,28311552.00,0.00,0.00,180224.00,182272.00
1493157329,1753088.00,159744.00,5149696.00,55784243.20,13.00,7.00,78.00,0.00,0.00,2.00,0.00,0.00,11534336.00,25165824.00,0.00,0.00,163840.00,162816.00
1493157330,1757184.00,159744.00,5149696.00,55784243.20,21.00,9.00,66.00,0.00,0.00,4.00,0.00,0.00,13631488.00,30408704.00,0.00,0.00,190464.00,190464.00
1493157331,1757184.00,159744.00,5149696.00,55784243.20,9.00,6.00,83.00,0.00,0.00,2.00,0.00,114688.00,9942016.00,22020096.00,0.00,0.00,138240.00,137216.00
1493157332,1760256.00,159744.00,5149696.00,55784243.20,16.00,7.00,75.00,0.00,0.00,2.00,0.00,0.00,10485760.00,23068672.00,0.00,0.00,152576.00,152576.00
1493157333,1759232.00,159744.00,5149696.00,55784243.20,18.00,7.00,72.00,0.00,0.00,3.00,0.00,49152.00,12582912.00,27262976.00,0.00,0.00,176128.00,175104.00
1493157334,1763328.00,159744.00,5149696.00,55784243.20,17.00,7.00,73.00,0.00,0.00,2.00,0.00,0.00,11534336.00,25165824.00,0.00,0.00,158720.00,161792.00
1493157335,1763328.00,159744.00,5149696.00,55784243.20,19.00,8.00,69.00,0.00,0.00,4.00,0.00,0.00,13631488.00,29360128.00,0.00,0.00,196608.00,195584.00
1493157336,1768448.00,159744.00,5149696.00,55784243.20,17.00,6.00,75.00,0.00,0.00,2.00,0.00,147456.00,10485760.00,24117248.00,0.00,0.00,155648.00,154624.00
1493157337,1767424.00,159744.00,5149696.00,55784243.20,17.00,8.00,73.00,0.00,0.00,3.00,0.00,0.00,13631488.00,29360128.00,0.00,0.00,187392.00,186368.00
1493157338,1769472.00,159744.00,5149696.00,55784243.20,19.00,9.00,70.00,0.00,0.00,3.00,0.00,90112.00,12582912.00,26214400.00,0.00,0.00,167936.00,167936.00
1493157339,1770496.00,159744.00,5149696.00,55784243.20,16.00,9.00,72.00,0.00,0.00,3.00,0.00,0.00,12582912.00,27262976.00,0.00,0.00,175104.00,175104.00
1493157340,1774592.00,159744.00,5149696.00,55784243.20,19.00,8.00,71.00,0.00,0.00,3.00,0.00,0.00,12582912.00,27262976.00,0.00,0.00,174080.00,175104.00
1493157341,1773568.00,159744.00,5149696.00,55784243.20,13.00,7.00,78.00,0.00,0.00,2.00,0.00,188416.00,11534336.00,24117248.00,0.00,0.00,156672.00,156672.00
1493157342,1778688.00,159744.00,5149696.00,55784243.20,23.00,7.00,65.00,0.00,0.00,4.00,0.00,0.00,14680064.00,30408704.00,0.00,0.00,196608.00,196608.00
1493157343,1779712.00,159744.00,5149696.00,55784243.20,18.00,7.00,72.00,0.00,0.00,3.00,0.00,507904.00,11534336.00,26214400.00,0.00,0.00,161792.00,161792.00
1493157344,1779712.00,159744.00,5149696.00,55784243.20,14.00,8.00,75.00,0.00,0.00,3.00,0.00,0.00,12582912.00,27262976.00,0.00,0.00,177152.00,178176.00
1493157345,1783808.00,159744.00,5149696.00,55784243.20,19.00,8.00,71.00,0.00,0.00,2.00,0.00,0.00,12582912.00,26214400.00,0.00,0.00,165888.00,166912.00
1493157346,1783808.00,159744.00,5149696.00,55784243.20,16.00,7.00,73.00,0.00,0.00,3.00,0.00,172032.00,12582912.00,28311552.00,0.00,0.00,172032.00,171008.00
1493157347,1788928.00,159744.00,5149696.00,55784243.20,20.00,8.00,69.00,0.00,0.00,3.00,0.00,0.00,12582912.00,28311552.00,0.00,0.00,177152.00,177152.00
1493157348,1787904.00,159744.00,5149696.00,55784243.20,17.00,7.00,73.00,0.00,0.00,3.00,0.00,32768.00,12582912.00,27262976.00,0.00,0.00,171008.00,169984.00
1493157349,1790976.00,159744.00,5149696.00,55784243.20,19.00,9.00,69.00,0.00,0.00,3.00,0.00,0.00,12582912.00,28311552.00,0.00,0.00,182272.00,181248.00
1493157350,1790976.00,159744.00,5149696.00,55784243.20,13.00,7.00,77.00,0.00,0.00,3.00,0.00,0.00,11534336.00,25165824.00,0.00,0.00,157696.00,156672.00
1493157351,1795072.00,159744.00,5149696.00,55784243.20,18.00,7.00,72.00,0.00,0.00,4.00,0.00,139264.00,13631488.00,28311552.00,0.00,0.00,179200.00,179200.00
1493157352,1795072.00,159744.00,5149696.00,55784243.20,15.00,7.00,76.00,0.00,0.00,2.00,0.00,0.00,12582912.00,27262976.00,0.00,0.00,168960.00,168960.00
1493157353,1798144.00,159744.00,5149696.00,55784243.20,18.00,7.00,72.00,0.00,0.00,3.00,0.00,40960.00,11534336.00,26214400.00,0.00,0.00,164864.00,164864.00
1493157354,1798144.00,159744.00,5149696.00,55784243.20,16.00,8.00,71.00,0.00,0.00,5.00,0.00,0.00,13631488.00,29360128.00,0.00,0.00,185344.00,185344.00
1493157355,1800192.00,159744.00,5149696.00,55784243.20,18.00,7.00,72.00,0.00,0.00,3.00,0.00,0.00,12582912.00,27262976.00,0.00,0.00,166912.00,168960.00
1493157356,1800192.00,159744.00,5149696.00,55784243.20,14.00,9.00,74.00,0.00,0.00,3.00,0.00,114688.00,13631488.00,29360128.00,0.00,0.00,183296.00,183296.00
1493157357,1804288.00,159744.00,5149696.00,55784243.20,15.00,8.00,75.00,0.00,0.00,2.00,0.00,0.00,10485760.00,23068672.00,0.00,0.00,146432.00,149504.00
1493157358,1807360.00,159744.00,5149696.00,55784243.20,18.00,9.00,70.00,0.00,0.00,3.00,0.00,0.00,13631488.00,29360128.00,0.00,0.00,184320.00,183296.00
1493157359,1809408.00,159744.00,5149696.00,55784243.20,18.00,7.00,72.00,0.00,0.00,2.00,0.00,0.00,11534336.00,26214400.00,0.00,0.00,165888.00,165888.00
1493157360,1810432.00,159744.00,5149696.00,55784243.20,19.00,7.00,70.00,0.00,0.00,3.00,0.00,0.00,13631488.00,28311552.00,0.00,0.00,181248.00,181248.00
1493157361,1810432.00,159744.00,5149696.00,55784243.20,14.00,7.00,76.00,0.00,0.00,3.00,0.00,114688.00,11534336.00,25165824.00,0.00,0.00,160768.00,160768.00
1493157362,1815552.00,159744.00,5149696.00,55784243.20,17.00,8.00,73.00,0.00,0.00,2.00,0.00,0.00,11534336.00,25165824.00,0.00,0.00,163840.00,165888.00
1493157363,1814528.00,159744.00,5149696.00,55784243.20,18.00,8.00,70.00,0.00,0.00,4.00,0.00,0.00,13631488.00,29360128.00,0.00,0.00,184320.00,184320.00
1493157364,1818624.00,159744.00,5149696.00,55784243.20,17.00,7.00,74.00,0.00,0.00,2.00,0.00,0.00,11534336.00,24117248.00,0.00,0.00,151552.00,154624.00
1493157365,1819648.00,159744.00,5149696.00,55784243.20,17.00,9.00,71.00,0.00,0.00,3.00,0.00,0.00,13631488.00,29360128.00,0.00,0.00,184320.00,184320.00
1493157366,1820672.00,159744.00,5149696.00,55784243.20,16.00,7.00,74.00,0.00,0.00,3.00,0.00,114688.00,11534336.00,24117248.00,0.00,0.00,153600.00,155648.00
1493157367,1821696.00,159744.00,5149696.00,55784243.20,19.00,9.00,68.00,0.00,0.00,4.00,0.00,0.00,14680064.00,31457280.00,0.00,0.00,196608.00,195584.00
1493157368,1824768.00,159744.00,5149696.00,55784243.20,17.00,7.00,73.00,0.00,0.00,3.00,0.00,40960.00,11534336.00,26214400.00,0.00,0.00,166912.00,167936.00
1493157369,1825792.00,159744.00,5149696.00,55784243.20,15.00,8.00,74.00,0.00,0.00,3.00,0.00,0.00,12582912.00,27262976.00,0.00,0.00,171008.00,171008.00
1493157370,1827840.00,159744.00,5149696.00,55784243.20,19.00,8.00,70.00,0.00,0.00,3.00,0.00,0.00,13631488.00,28311552.00,0.00,0.00,183296.00,184320.00
1493157371,1827840.00,159744.00,5149696.00,55784243.20,12.00,7.00,78.00,0.00,0.00,3.00,0.00,163840.00,11534336.00,25165824.00,0.00,0.00,165888.00,164864.00
1493157372,1831936.00,159744.00,5149696.00,55784243.20,21.00,8.00,68.00,0.00,0.00,3.00,0.00,0.00,14680064.00,30408704.00,0.00,0.00,197632.00,197632.00
1493157373,1833984.00,159744.00,5149696.00,55784243.20,11.00,6.00,80.00,0.00,0.00,2.00,0.00,98304.00,10485760.00,23068672.00,0.00,0.00,151552.00,150528.00
1493157374,1835008.00,159744.00,5149696.00,55784243.20,19.00,10.00,68.00,0.00,0.00,3.00,0.00,0.00,14680064.00,31457280.00,0.00,0.00,197632.00,198656.00
1493157375,1838080.00,159744.00,5149696.00,55784243.20,17.00,8.00,73.00,0.00,0.00,3.00,0.00,0.00,11534336.00,25165824.00,0.00,0.00,158720.00,160768.00
1493157376,1838080.00,159744.00,5149696.00,55784243.20,18.00,8.00,71.00,0.00,0.00,3.00,0.00,196608.00,13631488.00,29360128.00,0.00,0.00,187392.00,187392.00
1493157377,1841152.00,159744.00,5149696.00,55679385.60,19.00,7.00,71.00,0.00,0.00,4.00,0.00,0.00,12582912.00,27262976.00,0.00,0.00,171008.00,173056.00
1493157378,1842176.00,159744.00,5149696.00,55679385.60,15.00,7.00,74.00,0.00,0.00,4.00,0.00,524288.00,12582912.00,27262976.00,0.00,0.00,176128.00,176128.00
1493157379,1845248.00,159744.00,5149696.00,55679385.60,22.00,9.00,65.00,0.00,0.00,5.00,0.00,0.00,14680064.00,30408704.00,0.00,0.00,193536.00,194560.00
1493157380,1845248.00,159744.00,5149696.00,55679385.60,11.00,6.00,81.00,0.00,0.00,2.00,0.00,0.00,10485760.00,23068672.00,0.00,0.00,149504.00,148480.00
1493157381,1847296.00,159744.00,5149696.00,55679385.60,19.00,9.00,69.00,0.00,0.00,4.00,0.00,147456.00,14680064.00,30408704.00,0.00,0.00,194560.00,195584.00
1493157382,1847296.00,159744.00,5149696.00,55679385.60,12.00,6.00,80.00,0.00,0.00,2.00,0.00,0.00,10485760.00,23068672.00,0.00,0.00,148480.00,149504.00
1493157383,1852416.00,159744.00,5149696.00,55679385.60,21.00,8.00,67.00,0.00,0.00,4.00,0.00,73728.00,14680064.00,30408704.00,0.00,0.00,194560.00,195584.00
1493157384,1856512.00,159744.00,5149696.00,55679385.60,22.00,8.00,67.00,0.00,0.00,3.00,0.00,0.00,12582912.00,27262976.00,0.00,0.00,166912.00,167936.00
1493157385,1856512.00,159744.00,5149696.00,55679385.60,15.00,8.00,74.00,0.00,0.00,2.00,0.00,0.00,12582912.00,28311552.00,0.00,0.00,178176.00,179200.00
1493157386,1858560.00,159744.00,5149696.00,55679385.60,21.00,9.00,67.00,0.00,0.00,3.00,0.00,155648.00,13631488.00,29360128.00,0.00,0.00,183296.00,185344.00
1493157387,1858560.00,159744.00,5149696.00,55679385.60,12.00,7.00,78.00,0.00,0.00,3.00,0.00,0.00,11534336.00,26214400.00,0.00,0.00,163840.00,164864.00
1493157388,1862656.00,159744.00,5149696.00,55679385.60,20.00,10.00,67.00,0.00,0.00,4.00,0.00,0.00,13631488.00,30408704.00,0.00,0.00,191488.00,193536.00
1493157389,1862656.00,159744.00,5149696.00,55679385.60,10.00,6.00,81.00,0.00,0.00,2.00,0.00,0.00,10485760.00,24117248.00,0.00,0.00,151552.00,150528.00
1493157390,1865728.00,159744.00,5150720.00,55679385.60,22.00,8.00,65.00,0.00,0.00,4.00,0.00,0.00,14680064.00,30408704.00,0.00,0.00,196608.00,197632.00
1493157391,1865728.00,159744.00,5150720.00,55679385.60,13.00,7.00,77.00,0.00,0.00,3.00,0.00,114688.00,11534336.00,26214400.00,0.00,0.00,162816.00,162816.00
1493157392,1867776.00,159744.00,5150720.00,55679385.60,20.00,8.00,70.00,0.00,0.00,3.00,0.00,0.00,12582912.00,27262976.00,0.00,0.00,173056.00,174080.00
1493157393,1867776.00,159744.00,5150720.00,55679385.60,9.00,4.00,85.00,0.00,0.00,2.00,0.00,0.00,10201088.00,22020096.00,0.00,0.00,143360.00,143360.00
1493157394,1872896.00,159744.00,5150720.00,55679385.60,16.00,5.00,75.00,0.00,0.00,4.00,0.00,0.00,11534336.00,24117248.00,0.00,0.00,156672.00,156672.00
1493157395,1872896.00,159744.00,5150720.00,55679385.60,19.00,10.00,67.00,0.00,0.00,4.00,0.00,0.00,14680064.00,31457280.00,0.00,0.00,201728.00,200704.00
1493157396,1876992.00,159744.00,5150720.00,55679385.60,16.00,7.00,73.00,1.00,0.00,3.00,0.00,114688.00,11534336.00,24117248.00,0.00,0.00,156672.00,158720.00
1493157397,1876992.00,159744.00,5150720.00,55679385.60,17.00,9.00,71.00,0.00,0.00,3.00,0.00,0.00,13631488.00,29360128.00,0.00,0.00,186368.00,186368.00
1493157398,1879040.00,159744.00,5150720.00,55679385.60,17.00,7.00,74.00,0.00,0.00,3.00,0.00,0.00,12582912.00,27262976.00,0.00,0.00,171008.00,171008.00
1493157399,1884160.00,159744.00,5150720.00,55679385.60,17.00,8.00,73.00,0.00,0.00,2.00,0.00,0.00,12582912.00,27262976.00,0.00,0.00,168960.00,169984.00
1493157400,1883136.00,159744.00,5150720.00,55679385.60,16.00,8.00,72.00,0.00,0.00,3.00,0.00,0.00,13631488.00,29360128.00,0.00,0.00,185344.00,187392.00
1493157401,1886208.00,159744.00,5150720.00,55679385.60,16.00,7.00,73.00,0.00,0.00,3.00,0.00,114688.00,11534336.00,25165824.00,0.00,0.00,158720.00,158720.00
1493157402,1885184.00,159744.00,5150720.00,55679385.60,16.00,9.00,72.00,0.00,0.00,4.00,0.00,0.00,13631488.00,29360128.00,0.00,0.00,185344.00,186368.00
1493157403,1889280.00,159744.00,5150720.00,55679385.60,17.00,7.00,74.00,0.00,0.00,2.00,0.00,57344.00,12582912.00,26214400.00,0.00,0.00,169984.00,171008.00
1493157404,1889280.00,159744.00,5150720.00,55679385.60,16.00,8.00,72.00,0.00,0.00,3.00,0.00,0.00,13631488.00,30408704.00,0.00,0.00,187392.00,187392.00
1493157405,1893376.00,159744.00,5150720.00,55679385.60,16.00,6.00,75.00,0.00,0.00,3.00,0.00,0.00,11534336.00,25165824.00,0.00,0.00,154624.00,159744.00
1493157406,1893376.00,159744.00,5150720.00,55679385.60,18.00,6.00,72.00,1.00,0.00,2.00,0.00,155648.00,13631488.00,28311552.00,0.00,0.00,181248.00,181248.00
1493157407,1896448.00,159744.00,5150720.00,55679385.60,14.00,5.00,79.00,0.00,0.00,2.00,0.00,0.00,9953280.00,22020096.00,0.00,0.00,138240.00,142336.00
1493157408,1895424.00,159744.00,5150720.00,55679385.60,15.00,7.00,74.00,0.00,0.00,3.00,0.00,229376.00,12582912.00,27262976.00,0.00,0.00,172032.00,172032.00
1493157409,1899520.00,159744.00,5150720.00,55679385.60,16.00,7.00,74.00,0.00,0.00,4.00,0.00,0.00,12582912.00,27262976.00,0.00,0.00,175104.00,177152.00
1493157410,1899520.00,159744.00,5150720.00,55679385.60,15.00,7.00,75.00,0.00,0.00,3.00,0.00,0.00,12582912.00,27262976.00,0.00,0.00,174080.00,174080.00
1493157411,1903616.00,159744.00,5150720.00,55679385.60,19.00,7.00,71.00,0.00,0.00,3.00,0.00,0.00,13631488.00,29360128.00,0.00,0.00,187392.00,188416.00
1493157412,1903616.00,159744.00,5150720.00,55679385.60,11.00,8.00,78.00,0.00,0.00,3.00,0.00,0.00,12582912.00,27262976.00,0.00,0.00,172032.00,172032.00
1493157413,1905664.00,159744.00,5150720.00,55679385.60,18.00,8.00,71.00,0.00,0.00,4.00,0.00,704512.00,13631488.00,29360128.00,0.00,0.00,190464.00,190464.00
1493157414,1909760.00,159744.00,5150720.00,55679385.60,15.00,7.00,75.00,0.00,0.00,3.00,0.00,0.00,11534336.00,26214400.00,0.00,0.00,167936.00,167936.00
1493157415,1909760.00,159744.00,5150720.00,55679385.60,14.00,9.00,73.00,0.00,0.00,4.00,0.00,0.00,13631488.00,30408704.00,0.00,0.00,192512.00,192512.00
1493157416,1921024.00,159744.00,5150720.00,55679385.60,25.00,8.00,63.00,0.00,0.00,3.00,0.00,0.00,12582912.00,27262976.00,0.00,0.00,166912.00,172032.00
1493157417,1921024.00,159744.00,5150720.00,55679385.60,12.00,8.00,76.00,0.00,0.00,3.00,0.00,0.00,12582912.00,28311552.00,0.00,0.00,178176.00,178176.00
1493157418,1923072.00,159744.00,5150720.00,55679385.60,18.00,7.00,72.00,0.00,0.00,3.00,0.00,180224.00,12582912.00,27262976.00,0.00,0.00,174080.00,174080.00
1493157419,1920000.00,159744.00,5150720.00,55679385.60,15.00,8.00,75.00,0.00,0.00,3.00,0.00,0.00,12582912.00,28311552.00,0.00,0.00,179200.00,179200.00
1493157420,1923072.00,159744.00,5150720.00,55679385.60,21.00,9.00,67.00,0.00,0.00,3.00,0.00,0.00,14680064.00,30408704.00,0.00,0.00,199680.00,199680.00
1493157421,1923072.00,159744.00,5150720.00,55679385.60,11.00,7.00,79.00,0.00,0.00,2.00,0.00,0.00,11534336.00,24117248.00,0.00,0.00,157696.00,155648.00
1493157422,1927168.00,159744.00,5150720.00,55679385.60,18.00,8.00,71.00,0.00,0.00,2.00,0.00,0.00,12582912.00,28311552.00,0.00,0.00,181248.00,182272.00
1493157423,1926144.00,159744.00,5150720.00,55679385.60,13.00,7.00,77.00,0.00,0.00,3.00,0.00,114688.00,12582912.00,28311552.00,0.00,0.00,180224.00,179200.00
1493157424,1929216.00,159744.00,5150720.00,55679385.60,16.00,6.00,75.00,0.00,0.00,2.00,0.00,0.00,12582912.00,26214400.00,0.00,0.00,173056.00,173056.00
1493157425,1929216.00,159744.00,5150720.00,55679385.60,13.00,7.00,76.00,0.00,0.00,4.00,0.00,0.00,12582912.00,27262976.00,0.00,0.00,176128.00,178176.00
1493157426,1933312.00,159744.00,5150720.00,55679385.60,16.00,7.00,74.00,0.00,0.00,3.00,0.00,0.00,12582912.00,27262976.00,0.00,0.00,174080.00,174080.00
1493157427,1937408.00,159744.00,5150720.00,55679385.60,19.00,8.00,70.00,0.00,0.00,2.00,0.00,0.00,13631488.00,29360128.00,0.00,0.00,186368.00,187392.00
1493157428,1937408.00,159744.00,5150720.00,55679385.60,12.00,7.00,78.00,0.00,0.00,3.00,0.00,114688.00,11534336.00,25165824.00,0.00,0.00,167936.00,165888.00
1493157429,1939456.00,159744.00,5150720.00,55679385.60,17.00,9.00,71.00,0.00,0.00,3.00,0.00,0.00,12582912.00,27262976.00,0.00,0.00,181248.00,181248.00
1493157430,1940480.00,159744.00,5150720.00,55679385.60,12.00,7.00,79.00,0.00,0.00,3.00,0.00,0.00,11534336.00,25165824.00,0.00,0.00,164864.00,162816.00
1493157431,1943552.00,159744.00,5150720.00,55574528.00,18.00,7.00,73.00,0.00,0.00,2.00,0.00,0.00,12582912.00,26214400.00,0.00,0.00,174080.00,175104.00
1493157432,1943552.00,159744.00,5150720.00,55574528.00,17.00,8.00,72.00,0.00,0.00,3.00,0.00,0.00,13631488.00,29360128.00,0.00,0.00,191488.00,189440.00
1493157433,1947648.00,159744.00,5150720.00,55574528.00,16.00,6.00,76.00,0.00,0.00,2.00,0.00,114688.00,11534336.00,25165824.00,0.00,0.00,159744.00,163840.00
1493157434,1947648.00,159744.00,5150720.00,55574528.00,14.00,9.00,74.00,0.00,0.00,3.00,0.00,0.00,13631488.00,29360128.00,0.00,0.00,192512.00,190464.00
1493157435,1949696.00,159744.00,5150720.00,55574528.00,17.00,7.00,73.00,0.00,0.00,3.00,0.00,0.00,12582912.00,26214400.00,0.00,0.00,172032.00,173056.00
1493157436,1949696.00,159744.00,5150720.00,55574528.00,15.00,8.00,75.00,0.00,0.00,3.00,0.00,0.00,13631488.00,29360128.00,0.00,0.00,186368.00,185344.00
1493157437,1953792.00,159744.00,5150720.00,55574528.00,17.00,7.00,74.00,0.00,0.00,2.00,0.00,0.00,12582912.00,27262976.00,0.00,0.00,171008.00,171008.00
1493157438,1953792.00,159744.00,5150720.00,55574528.00,13.00,8.00,76.00,0.00,0.00,4.00,0.00,204800.00,13631488.00,29360128.00,0.00,0.00,191488.00,189440.00
1493157439,1958912.00,159744.00,5150720.00,55574528.00,20.00,8.00,69.00,0.00,0.00,3.00,0.00,0.00,13631488.00,29360128.00,0.00,0.00,188416.00,188416.00
1493157440,1960960.00,159744.00,5150720.00,55574528.00,17.00,6.00,74.00,0.00,0.00,2.00,0.00,0.00,11534336.00,24117248.00,0.00,0.00,159744.00,159744.00
1493157441,1959936.00,159744.00,5150720.00,55574528.00,14.00,8.00,76.00,0.00,0.00,3.00,0.00,0.00,13631488.00,30408704.00,0.00,0.00,192512.00,191488.00
1493157442,1964032.00,159744.00,5150720.00,55574528.00,16.00,6.00,74.00,0.00,0.00,3.00,0.00,0.00,11534336.00,25165824.00,0.00,0.00,163840.00,163840.00
1493157443,1964032.00,159744.00,5150720.00,55574528.00,17.00,7.00,72.00,0.00,0.00,4.00,0.00,385024.00,13631488.00,30408704.00,0.00,0.00,193536.00,192512.00
1493157444,1966080.00,159744.00,5150720.00,55574528.00,17.00,8.00,72.00,0.00,0.00,3.00,0.00,0.00,13631488.00,28311552.00,0.00,0.00,181248.00,181248.00
1493157445,1966080.00,159744.00,5150720.00,55574528.00,15.00,7.00,75.00,0.00,0.00,3.00,0.00,0.00,12582912.00,27262976.00,0.00,0.00,168960.00,168960.00
1493157446,1970176.00,159744.00,5150720.00,55574528.00,18.00,10.00,69.00,0.00,0.00,3.00,0.00,0.00,13631488.00,28311552.00,0.00,0.00,184320.00,184320.00
1493157447,1970176.00,159744.00,5150720.00,55574528.00,15.00,8.00,73.00,0.00,0.00,3.00,0.00,0.00,12582912.00,28311552.00,0.00,0.00,177152.00,177152.00
1493157448,1974272.00,159744.00,5150720.00,55574528.00,19.00,8.00,69.00,0.00,0.00,4.00,0.00,565248.00,13631488.00,29360128.00,0.00,0.00,183296.00,184320.00
1493157449,1974272.00,159744.00,5150720.00,55574528.00,13.00,6.00,78.00,0.00,0.00,3.00,0.00,0.00,11534336.00,25165824.00,0.00,0.00,161792.00,162816.00
1493157450,1977344.00,159744.00,5150720.00,55574528.00,16.00,7.00,74.00,0.00,0.00,3.00,0.00,0.00,12582912.00,27262976.00,0.00,0.00,180224.00,179200.00
1493157451,1980416.00,159744.00,5150720.00,55574528.00,17.00,8.00,73.00,0.00,0.00,2.00,0.00,0.00,12582912.00,27262976.00,0.00,0.00,172032.00,173056.00
1493157452,1981440.00,159744.00,5150720.00,55574528.00,14.00,8.00,76.00,0.00,0.00,3.00,0.00,0.00,12582912.00,28311552.00,0.00,0.00,181248.00,181248.00
1493157453,1984512.00,159744.00,5150720.00,55574528.00,18.00,9.00,70.00,0.00,0.00,3.00,0.00,196608.00,13631488.00,29360128.00,0.00,0.00,188416.00,189440.00
1493157454,1984512.00,159744.00,5150720.00,55574528.00,12.00,6.00,80.00,0.00,0.00,2.00,0.00,0.00,10485760.00,22020096.00,0.00,0.00,146432.00,146432.00
1493157455,1986560.00,159744.00,5150720.00,55574528.00,18.00,8.00,72.00,0.00,0.00,2.00,0.00,0.00,12582912.00,26214400.00,0.00,0.00,168960.00,169984.00
1493157456,1986560.00,159744.00,5150720.00,55574528.00,15.00,9.00,74.00,0.00,0.00,3.00,0.00,0.00,12582912.00,28311552.00,0.00,0.00,176128.00,179200.00
1493157457,1990656.00,159744.00,5150720.00,55574528.00,18.00,8.00,72.00,0.00,0.00,2.00,0.00,0.00,12582912.00,27262976.00,0.00,0.00,173056.00,173056.00
1493157458,1990656.00,159744.00,5150720.00,55574528.00,14.00,8.00,75.00,0.00,0.00,3.00,0.00,114688.00,12582912.00,28311552.00,0.00,0.00,177152.00,178176.00
1493157459,1994752.00,159744.00,5150720.00,55574528.00,16.00,7.00,74.00,0.00,0.00,3.00,0.00,0.00,12582912.00,27262976.00,0.00,0.00,175104.00,177152.00
1493157460,1994752.00,159744.00,5150720.00,55574528.00,17.00,9.00,71.00,0.00,0.00,3.00,0.00,0.00,13631488.00,30408704.00,0.00,0.00,190464.00,190464.00
1493157461,1996800.00,159744.00,5150720.00,55574528.00,13.00,7.00,78.00,0.00,0.00,2.00,0.00,0.00,10485760.00,23068672.00,0.00,0.00,149504.00,150528.00
1493157462,1996800.00,159744.00,5150720.00,55574528.00,16.00,7.00,73.00,0.00,0.00,3.00,0.00,0.00,14680064.00,30408704.00,0.00,0.00,197632.00,195584.00
1493157463,2001920.00,159744.00,5150720.00,55574528.00,17.00,8.00,73.00,0.00,0.00,3.00,0.00,114688.00,12582912.00,27262976.00,0.00,0.00,168960.00,171008.00
1493157464,2002944.00,159744.00,5150720.00,55574528.00,15.00,8.00,74.00,0.00,0.00,3.00,0.00,0.00,12582912.00,27262976.00,0.00,0.00,176128.00,176128.00
1493157465,2004992.00,159744.00,5150720.00,55574528.00,15.00,7.00,74.00,0.00,0.00,4.00,0.00,0.00,12582912.00,27262976.00,0.00,0.00,172032.00,173056.00
1493157466,2007040.00,159744.00,5150720.00,55574528.00,17.00,6.00,74.00,0.00,0.00,2.00,0.00,0.00,12582912.00,27262976.00,0.00,0.00,173056.00,174080.00
1493157467,2006016.00,159744.00,5150720.00,55574528.00,15.00,8.00,73.00,0.00,0.00,3.00,0.00,0.00,13631488.00,30408704.00,0.00,0.00,189440.00,191488.00
1493157468,2010112.00,159744.00,5150720.00,55574528.00,17.00,7.00,73.00,0.00,0.00,3.00,0.00,0.00,12582912.00,26214400.00,0.00,0.00,165888.00,167936.00
1493157469,2011136.00,159744.00,5150720.00,55574528.00,14.00,9.00,74.00,0.00,0.00,3.00,0.00,114688.00,13631488.00,29360128.00,0.00,0.00,184320.00,183296.00
1493157470,2014208.00,159744.00,5150720.00,55574528.00,18.00,7.00,71.00,0.00,0.00,3.00,0.00,0.00,12582912.00,27262976.00,0.00,0.00,174080.00,175104.00
1493157471,2016256.00,159744.00,5150720.00,55574528.00,16.00,8.00,73.00,0.00,0.00,4.00,0.00,0.00,13631488.00,30408704.00,0.00,0.00,193536.00,191488.00
1493157472,2017280.00,159744.00,5150720.00,55574528.00,15.00,6.00,76.00,0.00,0.00,2.00,0.00,0.00,11534336.00,25165824.00,0.00,0.00,162816.00,162816.00
1493157473,2017280.00,159744.00,5150720.00,55574528.00,16.00,10.00,72.00,0.00,0.00,3.00,0.00,237568.00,13631488.00,30408704.00,0.00,0.00,191488.00,191488.00
1493157474,2022400.00,159744.00,5150720.00,55574528.00,17.00,7.00,73.00,0.00,0.00,3.00,0.00,0.00,12582912.00,27262976.00,0.00,0.00,176128.00,178176.00
1493157475,2026496.00,159744.00,5150720.00,55574528.00,16.00,6.00,75.00,0.00,0.00,3.00,0.00,0.00,12582912.00,28311552.00,0.00,0.00,177152.00,178176.00
1493157476,2025472.00,159744.00,5150720.00,55574528.00,16.00,8.00,73.00,0.00,0.00,3.00,0.00,0.00,13631488.00,28311552.00,0.00,0.00,184320.00,184320.00
1493157477,2027520.00,159744.00,5150720.00,55574528.00,18.00,7.00,71.00,0.00,0.00,3.00,0.00,0.00,12582912.00,27262976.00,0.00,0.00,175104.00,176128.00
1493157478,2027520.00,159744.00,5150720.00,55574528.00,14.00,7.00,75.00,0.00,0.00,4.00,0.00,221184.00,12582912.00,28311552.00,0.00,0.00,180224.00,179200.00
1493157479,2031616.00,159744.00,5150720.00,55574528.00,17.00,8.00,72.00,0.00,0.00,3.00,0.00,188416.00,12582912.00,27262976.00,0.00,0.00,174080.00,176128.00
1493157480,2032640.00,159744.00,5150720.00,55574528.00,16.00,7.00,73.00,0.00,0.00,3.00,0.00,0.00,13631488.00,30408704.00,0.00,0.00,192512.00,191488.00
1493157481,2036736.00,159744.00,5150720.00,55574528.00,13.00,6.00,78.00,0.00,0.00,3.00,0.00,0.00,10485760.00,24117248.00,0.00,0.00,155648.00,155648.00
1493157482,2035712.00,159744.00,5150720.00,55574528.00,16.00,9.00,72.00,0.00,0.00,3.00,0.00,0.00,13631488.00,30408704.00,0.00,0.00,196608.00,196608.00
1493157483,2037760.00,159744.00,5150720.00,55574528.00,16.00,7.00,76.00,0.00,0.00,2.00,0.00,376832.00,11534336.00,25165824.00,0.00,0.00,158720.00,159744.00
1493157484,2037760.00,159744.00,5150720.00,55574528.00,12.00,8.00,76.00,0.00,0.00,3.00,0.00,163840.00,13631488.00,29360128.00,0.00,0.00,186368.00,185344.00
1493157485,2042880.00,159744.00,5150720.00,55574528.00,18.00,6.00,72.00,0.00,0.00,3.00,0.00,0.00,12582912.00,27262976.00,0.00,0.00,172032.00,173056.00
1493157486,2041856.00,159744.00,5150720.00,55574528.00,15.00,6.00,75.00,0.00,0.00,3.00,0.00,0.00,12582912.00,28311552.00,0.00,0.00,181248.00,179200.00
1493157487,2043904.00,159744.00,5150720.00,55574528.00,19.00,8.00,69.00,0.00,0.00,4.00,0.00,0.00,13631488.00,29360128.00,0.00,0.00,186368.00,188416.00
1493157488,2048000.00,159744.00,5150720.00,55469670.40,16.00,6.00,76.00,0.00,0.00,2.00,0.00,32768.00,11534336.00,25165824.00,0.00,0.00,160768.00,160768.00
1493157489,2048000.00,159744.00,5150720.00,55469670.40,16.00,8.00,72.00,0.00,0.00,3.00,0.00,155648.00,14680064.00,31457280.00,0.00,0.00,202752.00,202752.00
1493157490,2053120.00,159744.00,5150720.00,55469670.40,15.00,5.00,78.00,0.00,0.00,2.00,0.00,0.00,10485760.00,23068672.00,0.00,0.00,148480.00,150528.00
1493157491,2052096.00,159744.00,5150720.00,55469670.40,18.00,9.00,69.00,0.00,0.00,4.00,0.00,0.00,14680064.00,31457280.00,0.00,0.00,204800.00,204800.00
1493157492,2055168.00,159744.00,5150720.00,55469670.40,16.00,6.00,76.00,0.00,0.00,3.00,0.00,0.00,11534336.00,25165824.00,0.00,0.00,161792.00,163840.00
1493157493,2054144.00,159744.00,5150720.00,55469670.40,13.00,10.00,74.00,0.00,0.00,3.00,0.00,0.00,13631488.00,29360128.00,0.00,0.00,185344.00,186368.00
1493157494,2058240.00,159744.00,5150720.00,55469670.40,16.00,6.00,75.00,0.00,0.00,3.00,0.00,114688.00,12582912.00,26214400.00,0.00,0.00,171008.00,174080.00
1493157495,2058240.00,159744.00,5150720.00,55469670.40,16.00,7.00,75.00,0.00,0.00,3.00,0.00,0.00,12582912.00,27262976.00,0.00,0.00,176128.00,174080.00
1493157496,2062336.00,159744.00,5150720.00,55469670.40,20.00,9.00,67.00,0.00,0.00,4.00,0.00,0.00,13631488.00,30408704.00,0.00,0.00,197632.00,198656.00
1493157497,2062336.00,159744.00,5150720.00,55469670.40,11.00,7.00,80.00,0.00,0.00,3.00,0.00,0.00,11534336.00,24117248.00,0.00,0.00,158720.00,158720.00
1493157498,2064384.00,159744.00,5150720.00,55469670.40,22.00,7.00,69.00,0.00,0.00,3.00,0.00,0.00,14680064.00,31457280.00,0.00,0.00,197632.00,199680.00
1493157499,2068480.00,159744.00,5150720.00,55469670.40,13.00,6.00,79.00,0.00,0.00,1.00,0.00,114688.00,10485760.00,23068672.00,0.00,0.00,150528.00,149504.00
1493157500,2068480.00,159744.00,5150720.00,55469670.40,17.00,9.00,71.00,0.00,0.00,4.00,0.00,0.00,14680064.00,31457280.00,0.00,0.00,202752.00,202752.00
