--Probe dump file for probe: org.yardstickframework.probes.ThroughputLatencyProbe@4ad4936c (class org.yardstickframework.probes.ThroughputLatencyProbe)
--Created Tue Apr 25 21:52:20 UTC 2017
--Benchmark config: BenchmarkConfiguration [memberId='0', driverNames='[IgnitePutAllSerializableTxBenchmark]', serverName='IgniteNode', threads=64, duration=300, warmup=60, dfltProbeClsNames=[ThroughputLatencyProbe, PercentileProbe, DStatProbe], propsFileName='yardstick/config/run.properties', packages=[org.yardstickframework, org.apache.ignite.yardstick], cmdArgs=[--outputFolder, /home/ubuntu/date-2504-204359-s-4-c-1-ver-2.0.0-SNAPSHOT-0be92732/yardstick/bin/../output/results-20170425-204411, -id, 0, -cfg, /home/ubuntu/date-2504-204359-s-4-c-1-ver-2.0.0-SNAPSHOT-0be92732/yardstick/bin/../config/ignite-config.xml, -nn, 5, -b, 1, -w, 60, -d, 300, -t, 64, -sm, FULL_SYNC, -bs, 6, --client, -dn, IgnitePutAllSerializableTxBenchmark, -sn, IgniteNode, -ds, 2.0.0-SNAPSHOT-0be92732-tx-putAllSerializable-bs-6-1-backup, --config, yardstick/config/run.properties, --logsFolder, /home/ubuntu/date-2504-204359-s-4-c-1-ver-2.0.0-SNAPSHOT-0be92732/yardstick/bin/../output/logs-20170425-204411/logs_drivers, --currentFolder, /home/ubuntu/date-2504-204359-s-4-c-1-ver-2.0.0-SNAPSHOT-0be92732, --scriptsFolder, /home/ubuntu/date-2504-204359-s-4-c-1-ver-2.0.0-SNAPSHOT-0be92732/yardstick/bin], probeWriter='null', customProps={ver=2.0.0-SNAPSHOT-0be92732- , b=1, d=300, SERVER_HOSTS=172.31.45.250,172.31.38.80,172.31.41.141,172.31.42.161, now0=`date +'%H%M%S'`, j=10, nodesNum=$((`echo ${SERVER_HOSTS} | tr ',' '' | wc -l` + `echo ${DRIVER_HOSTS} | tr ',' '' | wc -l`)), JVM_OPTS=${JVM_OPTS}" -Xms6g -Xmx6g -Xloggc:./gc${now0}.log -XX:+PrintGCDetails -verbose:gc -XX:+UseParNewGC -XX:+UseConcMarkSweepGC ", CONFIGS="-cfg ${SCRIPT_DIR}/../config/ignite-config.xml -nn ${nodesNum} -b ${b} -w ${w} -d ${d} -t ${t} -sm ${sm}  --client -dn IgnitePutBenchmark -sn IgniteNode -wom PRIMARY -ds ${ver}atomic-put-${b}-backup,-cfg ${SCRIPT_DIR}/../config/ignite-config.xml -nn ${nodesNum} -b ${b} -w ${w} -d ${d} -t ${t} -sm ${sm}  --client -dn IgnitePutGetBenchmark -sn IgniteNode -wom PRIMARY -ds ${ver}atomic-put-get-${b}-backup,-cfg ${SCRIPT_DIR}/../config/ignite-config.xml -nn ${nodesNum} -b ${b} -w ${w} -d ${d} -t ${t} -sm ${sm} -bs 6  --client -dn IgnitePutGetBatchBenchmark -wom PRIMARY -sn IgniteNode -ds ${ver}atomic-put-get-bs-6-${b}-backup,-cfg ${SCRIPT_DIR}/../config/ignite-config.xml -nn ${nodesNum} -b ${b} -w ${w} -d ${d} -t ${t} -sm ${sm}  --client -dn IgnitePutTxImplicitBenchmark -sn IgniteNode -ds ${ver}tx-optimistic-put-${b}-backup,-cfg ${SCRIPT_DIR}/../config/ignite-config.xml -nn ${nodesNum} -b ${b} -w ${w} -d ${d} -t ${t} -sm ${sm} -txc OPTIMISTIC  --client -dn IgnitePutGetTxBenchmark -sn IgniteNode -ds ${ver}tx-optim-repRead-put-get-${b}-backup,-cfg ${SCRIPT_DIR}/../config/ignite-config.xml -nn ${nodesNum} -b ${b} -w ${w} -d ${d} -t ${t} -sm ${sm} -txc PESSIMISTIC  --client -dn IgnitePutGetTxBenchmark -sn IgniteNode -ds ${ver}tx-pessim-repRead-put-get-${b}-backup,-cfg ${SCRIPT_DIR}/../config/ignite-config.xml -nn ${nodesNum} -b ${b} -w ${w} -d ${d} -t ${t} -sm ${sm} -txc OPTIMISTIC -txi SERIALIZABLE  --client -dn IgnitePutGetTxBenchmark -sn IgniteNode -ds ${ver}tx-opt-serial-put-get-${b}-backup,-cfg ${SCRIPT_DIR}/../config/ignite-config.xml -nn ${nodesNum} -b ${b} -w ${w} -d ${d} -t ${t} -sm ${sm}  --client -dn IgniteSqlQueryBenchmark -sn IgniteNode -ds ${ver}sql-query-${b}-backup,-cfg ${SCRIPT_DIR}/../config/ignite-config.xml -nn ${nodesNum} -b ${b} -w ${w} -d ${d} -t ${t} -sm ${sm}  --client -dn IgniteSqlQueryPutBenchmark -sn IgniteNode -ds ${ver}sql-query-put-${b}-backup,-cfg ${SCRIPT_DIR}/../config/ignite-config.xml -nn ${nodesNum} -b ${b} -w ${w} -d ${d} -t ${t} -sm ${sm} -bs 6  --client -dn IgnitePutAllBenchmark -wom PRIMARY -sn IgniteNode -ds ${ver}atomic-putAll-bs-6-${b}-backup,-cfg ${SCRIPT_DIR}/../config/ignite-config.xml -nn ${nodesNum} -b ${b} -w ${w} -d ${d} -t ${t} -sm ${sm} -bs 6  --client -dn IgnitePutAllTxBenchmark -sn IgniteNode -ds ${ver}tx-putAll-bs-6-${b}-backup,-cfg ${SCRIPT_DIR}/../config/ignite-config.xml -nn ${nodesNum} -b ${b} -w ${w} -d ${d} -t ${t} -sm ${sm} -bs 6  --client -dn IgnitePutAllSerializableTxBenchmark -sn IgniteNode -ds ${ver}tx-putAllSerializable-bs-6-${b}-backup,-cfg ${SCRIPT_DIR}/../config/ignite-config.xml -nn ${nodesNum} -b ${b} -w ${w} -d ${d} -t ${t} -sm ${sm} -bs 6 -txc OPTIMISTIC   --client -dn IgniteGetAllPutAllTxBenchmark -sn IgniteNode -ds ${ver}tx-optimistic-getAllPutAll-bs-6-${b}-backup,-cfg ${SCRIPT_DIR}/../config/ignite-config.xml -nn ${nodesNum} -b ${b} -w ${w} -d ${d} -t ${t} -sm ${sm} -bs 6 -txc PESSIMISTIC  --client -dn IgniteGetAllPutAllTxBenchmark -sn IgniteNode -ds ${ver}tx-pessimistic-getAllPutAll-bs-6-${b}-backup,-cfg ${SCRIPT_DIR}/../config/ignite-config.xml -nn ${nodesNum} -b ${b} -w ${w} -d ${d} -t ${t} -sm ${sm} -bs 6 -txc OPTIMISTIC -txi SERIALIZABLE  --client -dn IgniteGetAllPutAllTxBenchmark -sn IgniteNode -ds ${ver}tx-opt-serializable-getAllPutAll-bs-6-${b}-backup,", DRIVER_HOSTS=172.31.46.6, t=64, BENCHMARK_PACKAGES=org.yardstickframework,org.apache.ignite.yardstick, w=60, sm=FULL_SYNC, AUTO_COPY=false, RESTART_SERVERS=true}, shutdownHook=true, currentFolder=/home/ubuntu/date-2504-204359-s-4-c-1-ver-2.0.0-SNAPSHOT-0be92732, scriptsFolder=/home/ubuntu/date-2504-204359-s-4-c-1-ver-2.0.0-SNAPSHOT-0be92732/yardstick/bin, logsFolder=/home/ubuntu/date-2504-204359-s-4-c-1-ver-2.0.0-SNAPSHOT-0be92732/yardstick/bin/../output/logs-20170425-204411/logs_drivers, outputFolder=/home/ubuntu/date-2504-204359-s-4-c-1-ver-2.0.0-SNAPSHOT-0be92732/yardstick/bin/../output/results-20170425-204411, outputWriter=java.io.PrintStream@558cfcf3, errorWriter=java.io.PrintStream@5b4b0832, descriptions=[2.0.0-SNAPSHOT-0be92732-tx-putAllSerializable-bs-6-1-backup], hostName=]
--Description: 2.0.0-SNAPSHOT-0be92732-tx-putAllSerializable-bs-6-1-backup
@@IgnitePutAllSerializableTxBenchmark
**"Time, sec","Operations/sec (more is better)","Latency, nsec (less is better)"
1493157201,15106.00,4225627.40
1493157202,14112.00,4291348.80
1493157203,15302.00,4356974.59
1493157204,15424.00,4192011.81
1493157205,12994.00,4927030.89
1493157206,14707.00,4346222.81
1493157207,12638.00,5064426.77
1493157208,13792.00,4621142.20
1493157209,12949.00,4959370.60
1493157210,12935.00,4948349.92
1493157211,15098.00,4134359.57
1493157212,14065.00,4637487.72
1493157213,14174.00,4566553.40
1493157214,14532.00,4402160.31
1493157215,14125.00,4532166.08
1493157216,15660.00,3830449.21
1493157217,13836.00,4913618.42
1493157218,15223.00,4202884.99
1493157219,13986.00,4575574.87
1493157220,13551.00,4720797.30
1493157221,14201.00,4507861.80
1493157222,14179.00,4507014.45
1493157223,15680.00,4037181.21
1493157224,13011.00,4681119.80
1493157225,15085.00,4497694.92
1493157226,14619.00,4376910.99
1493157227,14177.00,4512236.98
1493157228,14291.00,4353207.19
1493157229,14683.00,4479892.17
1493157230,15113.00,4236394.64
1493157231,14607.00,4379730.34
1493157232,15195.00,4211351.47
1493157233,13492.00,4741574.50
1493157234,15566.00,4110949.72
1493157235,14744.00,4341793.54
1493157236,14772.00,4330641.40
1493157237,14713.00,4346624.61
1493157238,14272.00,4486783.40
1493157239,15128.00,4154716.97
1493157240,13292.00,4952704.92
1493157241,14133.00,4528089.31
1493157242,14102.00,4539226.59
1493157243,15076.00,4244408.68
1493157244,14472.00,4423852.36
1493157245,13831.00,4624032.54
1493157246,15490.00,4130019.52
1493157247,12781.00,5010596.76
1493157248,16813.00,3804765.96
1493157249,11921.00,5363055.04
1493157250,16859.00,3799532.06
1493157251,14104.00,4537465.51
1493157252,14763.00,4335303.79
1493157253,15301.00,4181418.82
1493157254,13253.00,4830875.37
1493157255,15971.00,4003533.89
1493157256,12113.00,5285064.40
1493157257,16312.00,3922715.36
1493157258,13247.00,4828581.07
1493157259,15673.00,4079299.87
1493157260,14586.00,4393105.58
1493157261,13642.00,4689378.40
1493157262,16306.00,3924260.47
1493157263,12703.00,5038278.89
1493157264,16037.00,3985058.41
1493157265,13206.00,4712256.43
1493157266,15559.00,4231495.27
1493157267,15048.00,4154093.51
1493157268,14837.00,4441533.19
1493157269,16155.00,3957518.56
1493157270,9415.00,6720491.17
1493157271,15085.00,4292222.93
1493157272,13713.00,4546470.03
1493157273,14621.00,4490902.80
1493157274,15419.00,4064982.17
1493157275,13161.00,4961746.00
1493157276,16662.00,3841872.97
1493157277,12451.00,5139164.80
1493157278,15560.00,4111948.93
1493157279,13144.00,4580998.63
1493157280,14404.00,4704744.45
1493157281,15376.00,4164510.41
1493157282,14313.00,4469804.06
1493157283,15295.00,4180468.86
1493157284,13505.00,4741434.38
1493157285,14829.00,4315117.99
1493157286,13620.00,4699010.47
1493157287,14837.00,4313656.61
1493157288,14738.00,4209516.33
1493157289,14961.00,4406221.09
1493157290,13754.00,4650894.90
1493157291,14383.00,4451053.30
1493157292,15258.00,4195786.31
1493157293,13676.00,4680043.25
1493157294,15917.00,4019905.24
1493157295,13506.00,4736935.90
1493157296,15039.00,4256722.26
1493157297,14474.00,4419491.50
1493157298,14209.00,4501521.23
1493157299,14524.00,4407498.39
1493157300,14250.00,4493816.43
1493157301,15281.00,4185218.61
1493157302,13054.00,4759822.34
1493157303,13845.00,4756925.31
1493157304,14832.00,4313831.84
1493157305,14041.00,4558475.80
1493157306,15601.00,4101323.30
1493157307,13049.00,4904797.17
1493157308,16475.00,3883891.43
1493157309,13177.00,4555253.94
1493157310,15352.00,4425310.33
1493157311,14784.00,4256834.50
1493157312,13809.00,4713393.40
1493157313,14999.00,4265325.50
1493157314,13591.00,4709256.09
1493157315,15359.00,4166208.30
1493157316,14227.00,4378955.68
1493157317,15268.00,4310368.92
1493157318,14937.00,4286336.32
1493157319,11167.00,5718021.97
1493157320,13404.00,4754625.24
1493157321,12741.00,5054539.28
1493157322,14175.00,4516322.24
1493157323,15587.00,4105074.78
1493157324,13092.00,4884737.24
1493157325,15305.00,4181146.33
1493157326,12859.00,4979795.49
1493157327,15812.00,4046869.56
1493157328,14988.00,4269457.53
1493157329,13458.00,4753985.82
1493157330,16223.00,3942008.51
1493157331,11149.00,5676088.74
1493157332,12758.00,5078101.48
1493157333,14632.00,4371880.96
1493157334,13276.00,4817359.87
1493157335,15731.00,4071064.96
1493157336,12689.00,5044476.73
1493157337,15602.00,4102702.52
1493157338,13880.00,4607725.49
1493157339,14934.00,4286497.08
1493157340,14312.00,4469685.13
1493157341,13072.00,4895708.08
1493157342,16428.00,3895522.47
1493157343,13053.00,4877813.12
1493157344,15260.00,4215973.23
1493157345,13963.00,4582520.32
1493157346,14884.00,4301981.96
1493157347,14851.00,4304695.70
1493157348,13782.00,4513939.22
1493157349,15548.00,4233774.52
1493157350,13264.00,4824115.95
1493157351,15155.00,4222625.44
1493157352,14228.00,4497831.62
1493157353,13780.00,4644481.41
1493157354,15675.00,4081082.22
1493157355,14256.00,4488288.11
1493157356,15358.00,4168918.93
1493157357,12616.00,5071087.10
1493157358,15295.00,4185647.45
1493157359,13594.00,4705750.79
1493157360,15851.00,4035711.70
1493157361,13615.00,4704273.96
1493157362,13693.00,4671218.70
1493157363,15343.00,4109731.01
1493157364,13269.00,4894217.64
1493157365,15746.00,4063825.54
1493157366,13178.00,4858105.52
1493157367,16515.00,3871945.37
1493157368,14024.00,4566743.10
1493157369,14319.00,4465933.71
1493157370,15194.00,4213699.33
1493157371,13616.00,4701543.42
1493157372,16387.00,3903219.22
1493157373,12058.00,5306767.08
1493157374,16865.00,3796289.11
1493157375,13261.00,4793023.97
1493157376,16001.00,4026513.31
1493157377,14338.00,4463931.31
1493157378,14785.00,4327617.04
1493157379,16439.00,3892349.68
1493157380,12382.00,5168244.98
1493157381,16391.00,3903376.42
1493157382,12381.00,5170779.15
1493157383,16444.00,3891496.83
1493157384,14248.00,4475061.10
1493157385,15185.00,4228984.77
1493157386,14753.00,4175705.22
1493157387,14541.00,4566094.91
1493157388,16314.00,3922755.09
1493157389,12681.00,5045297.54
1493157390,16477.00,3882792.88
1493157391,13756.00,4652890.31
1493157392,14199.00,4507720.86
1493157393,12045.00,5315012.93
1493157394,13001.00,4921341.19
1493157395,16944.00,3775940.28
1493157396,13079.00,4894086.37
1493157397,15725.00,4070581.07
1493157398,14072.00,4484406.32
1493157399,14563.00,4454543.07
1493157400,14705.00,4136694.44
1493157401,13740.00,4887941.04
1493157402,16035.00,3991891.20
1493157403,14182.00,4510779.77
1493157404,15997.00,4000022.59
1493157405,13458.00,4753970.92
1493157406,15085.00,4241239.36
1493157407,11417.00,5612242.79
1493157408,14655.00,4361419.87
1493157409,14509.00,4414489.64
1493157410,14518.00,4406439.81
1493157411,15629.00,4095026.65
1493157412,13895.00,4605990.37
1493157413,15530.00,4122959.12
1493157414,14548.00,4398254.89
1493157415,16026.00,3990772.04
1493157416,14337.00,4463469.21
1493157417,14930.00,4285581.74
1493157418,14273.00,4482378.39
1493157419,14897.00,4298776.39
1493157420,15629.00,3893247.85
1493157421,13607.00,4935014.38
1493157422,15022.00,4259755.70
1493157423,14756.00,4316606.44
1493157424,14072.00,4566420.30
1493157425,14390.00,4451740.19
1493157426,14829.00,4308247.79
1493157427,15362.00,4171229.69
1493157428,13117.00,4713918.29
1493157429,15172.00,4359212.03
1493157430,13408.00,4769741.28
1493157431,14283.00,4483730.43
1493157432,15738.00,4066529.16
1493157433,13362.00,4788794.87
1493157434,15870.00,4032699.30
1493157435,13284.00,4817996.51
1493157436,15973.00,4007350.69
1493157437,14510.00,4408480.33
1493157438,15355.00,4168858.14
1493157439,16049.00,3982234.04
1493157440,13038.00,4912396.86
1493157441,16019.00,3996562.42
1493157442,13492.00,4745609.74
1493157443,15974.00,4001676.67
1493157444,14172.00,4448050.93
1493157445,15318.00,4240547.11
1493157446,15370.00,4163233.37
1493157447,14933.00,4287492.67
1493157448,15439.00,4146037.20
1493157449,13118.00,4777602.72
1493157450,14950.00,4398135.97
1493157451,14234.00,4497387.24
1493157452,15139.00,4227670.97
1493157453,15430.00,4146598.63
1493157454,11344.00,5520312.84
1493157455,14699.00,4447586.88
1493157456,14964.00,4278141.19
1493157457,14526.00,4405298.34
1493157458,14835.00,4311263.89
1493157459,14665.00,4367858.79
1493157460,16041.00,3985242.37
1493157461,12360.00,5181483.85
1493157462,16356.00,3911378.04
1493157463,13529.00,4477319.24
1493157464,15246.00,4423306.87
1493157465,14785.00,4327807.11
1493157466,14232.00,4498524.02
1493157467,15085.00,4009395.21
1493157468,14447.00,4669371.21
1493157469,16014.00,3995964.26
1493157470,14462.00,4428132.55
1493157471,16125.00,3965833.68
1493157472,13463.00,4755282.85
1493157473,16054.00,3982792.71
1493157474,14753.00,4341014.72
1493157475,14351.00,4457417.39
1493157476,15392.00,4020248.32
1493157477,15306.00,4320288.26
1493157478,14977.00,4273696.65
1493157479,14469.00,4418993.03
1493157480,16021.00,3996559.44
1493157481,12537.00,5103591.13
1493157482,15278.00,3955766.16
1493157483,14083.00,4792824.72
1493157484,15383.00,4166093.94
1493157485,14407.00,4439436.87
1493157486,14635.00,4374002.70
1493157487,16097.00,3975199.84
1493157488,13265.00,4824327.35
1493157489,16974.00,3770775.66
1493157490,12331.00,5186628.40
1493157491,17007.00,3764772.83
1493157492,13083.00,4893444.33
1493157493,15998.00,3999101.68
1493157494,13990.00,4574561.01
1493157495,14450.00,4425505.13
1493157496,16338.00,3919097.41
1493157497,12754.00,4916000.54
1493157498,17068.00,3871654.57
1493157499,12092.00,5292587.20
1493157500,16983.00,3768686.49
