--Probe dump file for probe: org.yardstickframework.probes.DStatProbe@32639b12 (class org.yardstickframework.probes.DStatProbe)
--Created Tue Apr 25 21:09:02 UTC 2017
--Benchmark config: BenchmarkConfiguration [memberId='0', driverNames='[IgnitePutGetTxBenchmark]', serverName='IgniteNode', threads=64, duration=300, warmup=60, dfltProbeClsNames=[ThroughputLatencyProbe, PercentileProbe, DStatProbe], propsFileName='yardstick/config/run.properties', packages=[org.yardstickframework, org.apache.ignite.yardstick], cmdArgs=[--outputFolder, /home/ubuntu/date-2504-204359-s-4-c-1-ver-2.0.0-SNAPSHOT-0be92732/yardstick/bin/../output/results-20170425-204411, -id, 0, -cfg, /home/ubuntu/date-2504-204359-s-4-c-1-ver-2.0.0-SNAPSHOT-0be92732/yardstick/bin/../config/ignite-config.xml, -nn, 5, -b, 1, -w, 60, -d, 300, -t, 64, -sm, FULL_SYNC, -txc, OPTIMISTIC, --client, -dn, IgnitePutGetTxBenchmark, -sn, IgniteNode, -ds, 2.0.0-SNAPSHOT-0be92732-tx-optim-repRead-put-get-1-backup, --config, yardstick/config/run.properties, --logsFolder, /home/ubuntu/date-2504-204359-s-4-c-1-ver-2.0.0-SNAPSHOT-0be92732/yardstick/bin/../output/logs-20170425-204411/logs_drivers, --currentFolder, /home/ubuntu/date-2504-204359-s-4-c-1-ver-2.0.0-SNAPSHOT-0be92732, --scriptsFolder, /home/ubuntu/date-2504-204359-s-4-c-1-ver-2.0.0-SNAPSHOT-0be92732/yardstick/bin], probeWriter='null', customProps={ver=2.0.0-SNAPSHOT-0be92732- , b=1, d=300, SERVER_HOSTS=172.31.45.250,172.31.38.80,172.31.41.141,172.31.42.161, now0=`date +'%H%M%S'`, j=10, nodesNum=$((`echo ${SERVER_HOSTS} | tr ',' '' | wc -l` + `echo ${DRIVER_HOSTS} | tr ',' '' | wc -l`)), JVM_OPTS=${JVM_OPTS}" -Xms6g -Xmx6g -Xloggc:./gc${now0}.log -XX:+PrintGCDetails -verbose:gc -XX:+UseParNewGC -XX:+UseConcMarkSweepGC ", CONFIGS="-cfg ${SCRIPT_DIR}/../config/ignite-config.xml -nn ${nodesNum} -b ${b} -w ${w} -d ${d} -t ${t} -sm ${sm}  --client -dn IgnitePutBenchmark -sn IgniteNode -wom PRIMARY -ds ${ver}atomic-put-${b}-backup,-cfg ${SCRIPT_DIR}/../config/ignite-config.xml -nn ${nodesNum} -b ${b} -w ${w} -d ${d} -t ${t} -sm ${sm}  --client -dn IgnitePutGetBenchmark -sn IgniteNode -wom PRIMARY -ds ${ver}atomic-put-get-${b}-backup,-cfg ${SCRIPT_DIR}/../config/ignite-config.xml -nn ${nodesNum} -b ${b} -w ${w} -d ${d} -t ${t} -sm ${sm} -bs 6  --client -dn IgnitePutGetBatchBenchmark -wom PRIMARY -sn IgniteNode -ds ${ver}atomic-put-get-bs-6-${b}-backup,-cfg ${SCRIPT_DIR}/../config/ignite-config.xml -nn ${nodesNum} -b ${b} -w ${w} -d ${d} -t ${t} -sm ${sm}  --client -dn IgnitePutTxImplicitBenchmark -sn IgniteNode -ds ${ver}tx-optimistic-put-${b}-backup,-cfg ${SCRIPT_DIR}/../config/ignite-config.xml -nn ${nodesNum} -b ${b} -w ${w} -d ${d} -t ${t} -sm ${sm} -txc OPTIMISTIC  --client -dn IgnitePutGetTxBenchmark -sn IgniteNode -ds ${ver}tx-optim-repRead-put-get-${b}-backup,-cfg ${SCRIPT_DIR}/../config/ignite-config.xml -nn ${nodesNum} -b ${b} -w ${w} -d ${d} -t ${t} -sm ${sm} -txc PESSIMISTIC  --client -dn IgnitePutGetTxBenchmark -sn IgniteNode -ds ${ver}tx-pessim-repRead-put-get-${b}-backup,-cfg ${SCRIPT_DIR}/../config/ignite-config.xml -nn ${nodesNum} -b ${b} -w ${w} -d ${d} -t ${t} -sm ${sm} -txc OPTIMISTIC -txi SERIALIZABLE  --client -dn IgnitePutGetTxBenchmark -sn IgniteNode -ds ${ver}tx-opt-serial-put-get-${b}-backup,-cfg ${SCRIPT_DIR}/../config/ignite-config.xml -nn ${nodesNum} -b ${b} -w ${w} -d ${d} -t ${t} -sm ${sm}  --client -dn IgniteSqlQueryBenchmark -sn IgniteNode -ds ${ver}sql-query-${b}-backup,-cfg ${SCRIPT_DIR}/../config/ignite-config.xml -nn ${nodesNum} -b ${b} -w ${w} -d ${d} -t ${t} -sm ${sm}  --client -dn IgniteSqlQueryPutBenchmark -sn IgniteNode -ds ${ver}sql-query-put-${b}-backup,-cfg ${SCRIPT_DIR}/../config/ignite-config.xml -nn ${nodesNum} -b ${b} -w ${w} -d ${d} -t ${t} -sm ${sm} -bs 6  --client -dn IgnitePutAllBenchmark -wom PRIMARY -sn IgniteNode -ds ${ver}atomic-putAll-bs-6-${b}-backup,-cfg ${SCRIPT_DIR}/../config/ignite-config.xml -nn ${nodesNum} -b ${b} -w ${w} -d ${d} -t ${t} -sm ${sm} -bs 6  --client -dn IgnitePutAllTxBenchmark -sn IgniteNode -ds ${ver}tx-putAll-bs-6-${b}-backup,-cfg ${SCRIPT_DIR}/../config/ignite-config.xml -nn ${nodesNum} -b ${b} -w ${w} -d ${d} -t ${t} -sm ${sm} -bs 6  --client -dn IgnitePutAllSerializableTxBenchmark -sn IgniteNode -ds ${ver}tx-putAllSerializable-bs-6-${b}-backup,-cfg ${SCRIPT_DIR}/../config/ignite-config.xml -nn ${nodesNum} -b ${b} -w ${w} -d ${d} -t ${t} -sm ${sm} -bs 6 -txc OPTIMISTIC   --client -dn IgniteGetAllPutAllTxBenchmark -sn IgniteNode -ds ${ver}tx-optimistic-getAllPutAll-bs-6-${b}-backup,-cfg ${SCRIPT_DIR}/../config/ignite-config.xml -nn ${nodesNum} -b ${b} -w ${w} -d ${d} -t ${t} -sm ${sm} -bs 6 -txc PESSIMISTIC  --client -dn IgniteGetAllPutAllTxBenchmark -sn IgniteNode -ds ${ver}tx-pessimistic-getAllPutAll-bs-6-${b}-backup,-cfg ${SCRIPT_DIR}/../config/ignite-config.xml -nn ${nodesNum} -b ${b} -w ${w} -d ${d} -t ${t} -sm ${sm} -bs 6 -txc OPTIMISTIC -txi SERIALIZABLE  --client -dn IgniteGetAllPutAllTxBenchmark -sn IgniteNode -ds ${ver}tx-opt-serializable-getAllPutAll-bs-6-${b}-backup,", DRIVER_HOSTS=172.31.46.6, t=64, BENCHMARK_PACKAGES=org.yardstickframework,org.apache.ignite.yardstick, w=60, sm=FULL_SYNC, AUTO_COPY=false, RESTART_SERVERS=true}, shutdownHook=true, currentFolder=/home/ubuntu/date-2504-204359-s-4-c-1-ver-2.0.0-SNAPSHOT-0be92732, scriptsFolder=/home/ubuntu/date-2504-204359-s-4-c-1-ver-2.0.0-SNAPSHOT-0be92732/yardstick/bin, logsFolder=/home/ubuntu/date-2504-204359-s-4-c-1-ver-2.0.0-SNAPSHOT-0be92732/yardstick/bin/../output/logs-20170425-204411/logs_drivers, outputFolder=/home/ubuntu/date-2504-204359-s-4-c-1-ver-2.0.0-SNAPSHOT-0be92732/yardstick/bin/../output/results-20170425-204411, outputWriter=java.io.PrintStream@31595905, errorWriter=java.io.PrintStream@3f9eb15e, descriptions=[2.0.0-SNAPSHOT-0be92732-tx-optim-repRead-put-get-1-backup], hostName=]
--Description: 2.0.0-SNAPSHOT-0be92732-tx-optim-repRead-put-get-1-backup
@@IgnitePutGetTxBenchmark
**"Time, sec","Memory Used, KB","Memory Buffered, KB","Memory Cached, KB","Memory Free, KB","CPU User, %","CPU System, %","CPU Idle, %","CPU Wait, %","CPU Hardware Interrupts","CPU Software Interrupts","Disk Read, B","Disk Write, B","Network Receive, B","Network Send, B","Page In, B","Page Out, B","System Interrupts, per sec","System Context Switches, per sec"
1493154603,1547264.00,156672.00,5133312.00,55993958.40,20.00,15.00,59.00,0.00,0.00,6.00,0.00,622592.00,9987072.00,14680064.00,0.00,0.00,220160.00,273408.00
1493154604,1550336.00,156672.00,5133312.00,55993958.40,31.00,17.00,47.00,0.00,0.00,5.00,0.00,0.00,10485760.00,15728640.00,0.00,0.00,220160.00,284672.00
1493154605,1552384.00,156672.00,5133312.00,55993958.40,26.00,16.00,54.00,0.00,0.00,5.00,0.00,0.00,10127360.00,14680064.00,0.00,0.00,204800.00,267264.00
1493154606,1552384.00,156672.00,5133312.00,55993958.40,22.00,15.00,59.00,0.00,0.00,4.00,0.00,0.00,9989120.00,14680064.00,0.00,0.00,205824.00,263168.00
1493154607,1554432.00,156672.00,5133312.00,55993958.40,31.00,15.00,48.00,0.00,0.00,5.00,0.00,229376.00,10485760.00,16777216.00,0.00,0.00,225280.00,290816.00
1493154608,1556480.00,156672.00,5133312.00,55993958.40,25.00,15.00,56.00,0.00,0.00,5.00,0.00,40960.00,9719808.00,14680064.00,0.00,0.00,207872.00,264192.00
1493154609,1556480.00,156672.00,5133312.00,55993958.40,21.00,14.00,58.00,0.00,0.00,6.00,0.00,0.00,10485760.00,15728640.00,0.00,0.00,219136.00,279552.00
1493154610,1558528.00,156672.00,5133312.00,55993958.40,28.00,16.00,52.00,0.00,0.00,5.00,0.00,0.00,10485760.00,15728640.00,0.00,0.00,224256.00,282624.00
1493154611,1561600.00,156672.00,5133312.00,55993958.40,22.00,14.00,60.00,0.00,0.00,4.00,0.00,0.00,9104384.00,13631488.00,0.00,0.00,196608.00,248832.00
1493154612,1561600.00,156672.00,5133312.00,55993958.40,21.00,14.00,60.00,0.00,0.00,5.00,0.00,155648.00,10083328.00,14680064.00,0.00,0.00,216064.00,273408.00
1493154613,1562624.00,156672.00,5133312.00,55993958.40,20.00,13.00,63.00,0.00,0.00,3.00,0.00,0.00,8921088.00,13631488.00,0.00,0.00,195584.00,244736.00
1493154614,1562624.00,156672.00,5133312.00,55993958.40,18.00,10.00,67.00,0.00,0.00,4.00,0.00,0.00,9095168.00,13631488.00,0.00,0.00,195584.00,245760.00
1493154615,1565696.00,156672.00,5133312.00,55993958.40,28.00,14.00,53.00,0.00,0.00,6.00,0.00,0.00,10485760.00,15728640.00,0.00,0.00,214016.00,275456.00
1493154616,1566720.00,156672.00,5133312.00,55993958.40,29.00,17.00,49.00,0.00,0.00,5.00,0.00,0.00,10485760.00,16777216.00,0.00,0.00,227328.00,290816.00
1493154617,1566720.00,156672.00,5133312.00,55993958.40,18.00,13.00,62.00,0.00,0.00,6.00,0.00,114688.00,9871360.00,14680064.00,0.00,0.00,205824.00,262144.00
1493154618,1568768.00,156672.00,5133312.00,55993958.40,27.00,15.00,52.00,0.00,0.00,6.00,0.00,0.00,10198016.00,15728640.00,0.00,0.00,211968.00,272384.00
1493154619,1571840.00,156672.00,5133312.00,55993958.40,23.00,16.00,55.00,0.00,0.00,6.00,0.00,0.00,10012672.00,14680064.00,0.00,0.00,206848.00,265216.00
1493154620,1571840.00,156672.00,5133312.00,55993958.40,23.00,18.00,54.00,0.00,0.00,5.00,0.00,0.00,10485760.00,15728640.00,0.00,0.00,221184.00,285696.00
1493154621,1572864.00,156672.00,5133312.00,55993958.40,26.00,14.00,53.00,0.00,0.00,6.00,0.00,0.00,10485760.00,15728640.00,0.00,0.00,212992.00,273408.00
1493154622,1573888.00,156672.00,5133312.00,55993958.40,19.00,18.00,57.00,0.00,0.00,6.00,0.00,0.00,10485760.00,15728640.00,0.00,0.00,218112.00,280576.00
1493154623,1574912.00,156672.00,5133312.00,55993958.40,28.00,16.00,52.00,0.00,0.00,4.00,0.00,114688.00,10485760.00,15728640.00,0.00,0.00,211968.00,273408.00
1493154624,1577984.00,156672.00,5133312.00,55993958.40,28.00,18.00,48.00,0.00,0.00,6.00,0.00,0.00,11534336.00,16777216.00,0.00,0.00,225280.00,290816.00
1493154625,1577984.00,156672.00,5133312.00,55993958.40,20.00,17.00,58.00,0.00,0.00,5.00,0.00,0.00,10485760.00,15728640.00,0.00,0.00,222208.00,284672.00
1493154626,1580032.00,156672.00,5133312.00,55993958.40,27.00,17.00,52.00,0.00,0.00,4.00,0.00,0.00,10485760.00,15728640.00,0.00,0.00,212992.00,274432.00
1493154627,1582080.00,156672.00,5133312.00,55993958.40,24.00,13.00,58.00,0.00,0.00,5.00,0.00,0.00,9836544.00,14680064.00,0.00,0.00,208896.00,265216.00
1493154628,1582080.00,156672.00,5133312.00,55993958.40,21.00,16.00,57.00,0.00,0.00,6.00,0.00,122880.00,10485760.00,15728640.00,0.00,0.00,217088.00,279552.00
1493154629,1584128.00,156672.00,5133312.00,55993958.40,27.00,14.00,55.00,0.00,0.00,4.00,0.00,0.00,10166272.00,15728640.00,0.00,0.00,211968.00,270336.00
1493154630,1586176.00,156672.00,5133312.00,55993958.40,25.00,15.00,55.00,0.00,0.00,5.00,0.00,0.00,10485760.00,15728640.00,0.00,0.00,212992.00,273408.00
1493154631,1587200.00,156672.00,5133312.00,55993958.40,25.00,18.00,51.00,0.00,0.00,6.00,0.00,0.00,11534336.00,16777216.00,0.00,0.00,232448.00,296960.00
1493154632,1588224.00,156672.00,5133312.00,55993958.40,25.00,13.00,58.00,0.00,0.00,5.00,0.00,0.00,9670656.00,14680064.00,0.00,0.00,200704.00,257024.00
1493154633,1590272.00,156672.00,5133312.00,55993958.40,30.00,17.00,48.00,0.00,0.00,5.00,0.00,188416.00,11534336.00,16777216.00,0.00,0.00,227328.00,290816.00
1493154634,1591296.00,156672.00,5133312.00,55993958.40,22.00,14.00,58.00,0.00,0.00,6.00,0.00,0.00,10485760.00,15728640.00,0.00,0.00,222208.00,279552.00
1493154635,1593344.00,156672.00,5133312.00,55993958.40,24.00,15.00,56.00,0.00,0.00,5.00,0.00,0.00,10051584.00,14680064.00,0.00,0.00,212992.00,271360.00
1493154636,1595392.00,156672.00,5133312.00,55993958.40,26.00,18.00,51.00,0.00,0.00,5.00,0.00,0.00,10485760.00,16777216.00,0.00,0.00,225280.00,287744.00
1493154637,1595392.00,156672.00,5133312.00,55993958.40,19.00,15.00,61.00,0.00,0.00,6.00,0.00,0.00,10000384.00,14680064.00,0.00,0.00,206848.00,265216.00
1493154638,1598464.00,156672.00,5133312.00,55993958.40,27.00,15.00,53.00,0.00,0.00,5.00,0.00,753664.00,10485760.00,15728640.00,0.00,0.00,215040.00,277504.00
1493154639,1597440.00,156672.00,5133312.00,55993958.40,21.00,15.00,58.00,0.00,0.00,6.00,0.00,0.00,10485760.00,15728640.00,0.00,0.00,220160.00,280576.00
1493154640,1603584.00,156672.00,5133312.00,55993958.40,26.00,17.00,52.00,0.00,0.00,5.00,0.00,0.00,10485760.00,15728640.00,0.00,0.00,225280.00,284672.00
1493154641,1605632.00,156672.00,5133312.00,55993958.40,25.00,14.00,56.00,0.00,0.00,5.00,0.00,0.00,9800704.00,14680064.00,0.00,0.00,216064.00,270336.00
1493154642,1605632.00,156672.00,5133312.00,55993958.40,18.00,14.00,62.00,0.00,0.00,6.00,0.00,0.00,9723904.00,14680064.00,0.00,0.00,212992.00,266240.00
1493154643,1607680.00,156672.00,5133312.00,55993958.40,26.00,14.00,55.00,0.00,0.00,4.00,0.00,286720.00,10037248.00,14680064.00,0.00,0.00,214016.00,272384.00
1493154644,1610752.00,156672.00,5133312.00,55993958.40,25.00,14.00,56.00,0.00,0.00,5.00,0.00,0.00,9984000.00,14680064.00,0.00,0.00,212992.00,269312.00
1493154645,1609728.00,156672.00,5133312.00,55993958.40,24.00,17.00,53.00,0.00,0.00,6.00,0.00,0.00,11534336.00,16777216.00,0.00,0.00,233472.00,296960.00
1493154646,1612800.00,156672.00,5133312.00,55993958.40,25.00,16.00,54.00,0.00,0.00,5.00,0.00,0.00,10485760.00,15728640.00,0.00,0.00,214016.00,272384.00
1493154647,1614848.00,156672.00,5133312.00,55993958.40,25.00,17.00,54.00,0.00,0.00,4.00,0.00,0.00,10189824.00,15728640.00,0.00,0.00,216064.00,274432.00
1493154648,1613824.00,156672.00,5133312.00,55993958.40,20.00,14.00,62.00,0.00,0.00,4.00,0.00,147456.00,10042368.00,14680064.00,0.00,0.00,208896.00,265216.00
1493154649,1616896.00,156672.00,5133312.00,55993958.40,27.00,15.00,51.00,0.00,0.00,6.00,0.00,0.00,10485760.00,16777216.00,0.00,0.00,227328.00,290816.00
1493154650,1617920.00,156672.00,5133312.00,55993958.40,28.00,17.00,50.00,0.00,0.00,5.00,0.00,0.00,10485760.00,16777216.00,0.00,0.00,229376.00,290816.00
1493154651,1617920.00,156672.00,5133312.00,55993958.40,18.00,17.00,60.00,0.00,0.00,5.00,0.00,0.00,10485760.00,15728640.00,0.00,0.00,217088.00,277504.00
1493154652,1620992.00,156672.00,5133312.00,55993958.40,22.00,12.00,62.00,0.00,0.00,4.00,0.00,0.00,8988672.00,13631488.00,0.00,0.00,188416.00,240640.00
1493154653,1620992.00,156672.00,5133312.00,55993958.40,23.00,19.00,52.00,0.00,0.00,6.00,0.00,114688.00,11534336.00,16777216.00,0.00,0.00,235520.00,300032.00
1493154654,1625088.00,156672.00,5133312.00,55993958.40,29.00,17.00,49.00,0.00,0.00,5.00,0.00,0.00,10485760.00,16777216.00,0.00,0.00,228352.00,292864.00
1493154655,1627136.00,156672.00,5133312.00,55993958.40,25.00,15.00,55.00,0.00,0.00,5.00,0.00,0.00,10179584.00,15728640.00,0.00,0.00,210944.00,271360.00
1493154656,1627136.00,156672.00,5133312.00,55993958.40,23.00,19.00,51.00,0.00,0.00,7.00,0.00,0.00,11534336.00,16777216.00,0.00,0.00,235520.00,301056.00
1493154657,1629184.00,156672.00,5133312.00,55993958.40,22.00,12.00,62.00,0.00,0.00,4.00,0.00,0.00,9076736.00,13631488.00,0.00,0.00,188416.00,243712.00
1493154658,1630208.00,156672.00,5133312.00,55993958.40,31.00,16.00,48.00,0.00,0.00,5.00,0.00,114688.00,10485760.00,16777216.00,0.00,0.00,227328.00,291840.00
1493154659,1631232.00,156672.00,5133312.00,55993958.40,24.00,18.00,50.00,0.00,0.00,8.00,0.00,0.00,11534336.00,16777216.00,0.00,0.00,234496.00,302080.00
1493154660,1631232.00,156672.00,5133312.00,55993958.40,25.00,15.00,55.00,0.00,0.00,5.00,0.00,0.00,9930752.00,14680064.00,0.00,0.00,212992.00,270336.00
1493154661,1635328.00,156672.00,5133312.00,55993958.40,20.00,10.00,65.00,0.00,0.00,5.00,0.00,0.00,8435712.00,12582912.00,0.00,0.00,188416.00,235520.00
1493154662,1635328.00,156672.00,5133312.00,55993958.40,20.00,16.00,60.00,0.00,0.00,5.00,0.00,0.00,9984000.00,14680064.00,0.00,0.00,216064.00,272384.00
1493154663,1637376.00,156672.00,5133312.00,55993958.40,29.00,17.00,50.00,0.00,0.00,5.00,0.00,163840.00,10485760.00,15728640.00,0.00,0.00,221184.00,284672.00
1493154664,1640448.00,156672.00,5133312.00,55993958.40,27.00,13.00,56.00,0.00,0.00,5.00,0.00,0.00,9958400.00,14680064.00,0.00,0.00,209920.00,266240.00
1493154665,1639424.00,156672.00,5133312.00,55993958.40,23.00,21.00,52.00,0.00,0.00,5.00,0.00,0.00,11534336.00,16777216.00,0.00,0.00,232448.00,297984.00
1493154666,1642496.00,156672.00,5133312.00,55993958.40,22.00,12.00,63.00,0.00,0.00,4.00,0.00,0.00,9088000.00,13631488.00,0.00,0.00,193536.00,244736.00
1493154667,1642496.00,156672.00,5133312.00,55993958.40,23.00,15.00,57.00,0.00,0.00,5.00,0.00,0.00,10485760.00,15728640.00,0.00,0.00,224256.00,282624.00
1493154668,1644544.00,156672.00,5133312.00,55993958.40,28.00,16.00,51.00,0.00,0.00,5.00,0.00,180224.00,10485760.00,15728640.00,0.00,0.00,223232.00,283648.00
1493154669,1646592.00,156672.00,5133312.00,55993958.40,23.00,15.00,57.00,0.00,0.00,5.00,0.00,0.00,9654272.00,14680064.00,0.00,0.00,206848.00,262144.00
1493154670,1646592.00,156672.00,5133312.00,55993958.40,22.00,17.00,56.00,0.00,0.00,5.00,0.00,0.00,10485760.00,15728640.00,0.00,0.00,223232.00,281600.00
1493154671,1648640.00,156672.00,5133312.00,55889100.80,27.00,14.00,55.00,0.00,0.00,5.00,0.00,0.00,10164224.00,15728640.00,0.00,0.00,215040.00,273408.00
1493154672,1650688.00,156672.00,5133312.00,55889100.80,26.00,16.00,54.00,0.00,0.00,4.00,0.00,0.00,10485760.00,15728640.00,0.00,0.00,212992.00,273408.00
1493154673,1649664.00,156672.00,5133312.00,55889100.80,24.00,18.00,52.00,0.00,0.00,7.00,0.00,745472.00,11534336.00,16777216.00,0.00,0.00,235520.00,297984.00
1493154674,1652736.00,156672.00,5133312.00,55889100.80,23.00,13.00,60.00,0.00,0.00,5.00,0.00,0.00,9457664.00,14680064.00,0.00,0.00,200704.00,254976.00
1493154675,1652736.00,156672.00,5133312.00,55889100.80,14.00,11.00,72.00,0.00,0.00,3.00,0.00,0.00,8262656.00,12582912.00,0.00,0.00,183296.00,227328.00
1493154676,1654784.00,156672.00,5133312.00,55889100.80,24.00,17.00,55.00,0.00,0.00,5.00,0.00,0.00,10016768.00,14680064.00,0.00,0.00,212992.00,270336.00
1493154677,1656832.00,156672.00,5133312.00,55889100.80,24.00,16.00,55.00,0.00,0.00,6.00,0.00,0.00,10204160.00,15728640.00,0.00,0.00,212992.00,273408.00
1493154678,1656832.00,156672.00,5133312.00,55889100.80,22.00,16.00,57.00,0.00,0.00,5.00,0.00,237568.00,10485760.00,15728640.00,0.00,0.00,220160.00,280576.00
1493154679,1658880.00,156672.00,5133312.00,55889100.80,26.00,15.00,55.00,0.00,0.00,4.00,0.00,0.00,10485760.00,15728640.00,0.00,0.00,211968.00,273408.00
1493154680,1660928.00,156672.00,5133312.00,55889100.80,27.00,15.00,54.00,0.00,0.00,4.00,0.00,0.00,10485760.00,15728640.00,0.00,0.00,214016.00,274432.00
1493154681,1660928.00,156672.00,5133312.00,55889100.80,25.00,18.00,52.00,0.00,0.00,6.00,0.00,0.00,11534336.00,16777216.00,0.00,0.00,234496.00,300032.00
1493154682,1662976.00,156672.00,5133312.00,55889100.80,26.00,15.00,55.00,0.00,0.00,4.00,0.00,0.00,10168320.00,15728640.00,0.00,0.00,215040.00,272384.00
1493154683,1666048.00,156672.00,5133312.00,55889100.80,26.00,15.00,54.00,0.00,0.00,5.00,0.00,131072.00,10077184.00,14680064.00,0.00,0.00,210944.00,269312.00
1493154684,1666048.00,156672.00,5133312.00,55889100.80,21.00,17.00,57.00,0.00,0.00,6.00,0.00,0.00,10485760.00,15728640.00,0.00,0.00,221184.00,281600.00
1493154685,1667072.00,156672.00,5133312.00,55889100.80,25.00,15.00,55.00,0.00,0.00,6.00,0.00,0.00,10485760.00,15728640.00,0.00,0.00,211968.00,272384.00
1493154686,1669120.00,156672.00,5133312.00,55889100.80,28.00,16.00,50.00,0.00,0.00,6.00,0.00,0.00,10485760.00,16777216.00,0.00,0.00,228352.00,288768.00
1493154687,1669120.00,156672.00,5133312.00,55889100.80,17.00,14.00,65.00,0.00,0.00,5.00,0.00,0.00,9708544.00,14680064.00,0.00,0.00,205824.00,260096.00
1493154688,1672192.00,156672.00,5133312.00,55889100.80,26.00,14.00,55.00,0.00,0.00,5.00,0.00,122880.00,10006528.00,14680064.00,0.00,0.00,207872.00,266240.00
1493154689,1672192.00,156672.00,5133312.00,55889100.80,22.00,17.00,56.00,0.00,0.00,6.00,0.00,0.00,10485760.00,15728640.00,0.00,0.00,222208.00,284672.00
1493154690,1674240.00,156672.00,5133312.00,55889100.80,30.00,17.00,48.00,0.00,0.00,5.00,0.00,0.00,10485760.00,16777216.00,0.00,0.00,226304.00,289792.00
1493154691,1676288.00,156672.00,5133312.00,55889100.80,28.00,16.00,52.00,0.00,0.00,5.00,0.00,0.00,10485760.00,15728640.00,0.00,0.00,226304.00,288768.00
1493154692,1676288.00,156672.00,5133312.00,55889100.80,21.00,14.00,60.00,0.00,0.00,5.00,0.00,0.00,9906176.00,14680064.00,0.00,0.00,206848.00,263168.00
1493154693,1678336.00,156672.00,5133312.00,55889100.80,25.00,15.00,55.00,0.00,0.00,5.00,0.00,155648.00,10485760.00,15728640.00,0.00,0.00,215040.00,273408.00
1493154694,1679360.00,156672.00,5133312.00,55889100.80,27.00,16.00,52.00,0.00,0.00,5.00,0.00,0.00,10485760.00,15728640.00,0.00,0.00,215040.00,274432.00
1493154695,1681408.00,156672.00,5133312.00,55889100.80,22.00,17.00,56.00,0.00,0.00,4.00,0.00,0.00,10485760.00,15728640.00,0.00,0.00,227328.00,282624.00
1493154696,1683456.00,156672.00,5133312.00,55889100.80,26.00,11.00,59.00,0.00,0.00,4.00,0.00,0.00,9322496.00,13631488.00,0.00,0.00,206848.00,258048.00
1493154697,1683456.00,156672.00,5133312.00,55889100.80,20.00,11.00,64.00,0.00,0.00,5.00,0.00,0.00,9562112.00,14680064.00,0.00,0.00,204800.00,257024.00
1493154698,1684480.00,156672.00,5133312.00,55889100.80,26.00,15.00,53.00,0.00,0.00,5.00,0.00,122880.00,10485760.00,15728640.00,0.00,0.00,219136.00,278528.00
1493154699,1685504.00,156672.00,5133312.00,55889100.80,26.00,15.00,53.00,0.00,0.00,5.00,0.00,0.00,10485760.00,15728640.00,0.00,0.00,211968.00,273408.00
1493154700,1686528.00,156672.00,5133312.00,55889100.80,25.00,19.00,51.00,0.00,0.00,5.00,0.00,0.00,11534336.00,16777216.00,0.00,0.00,233472.00,300032.00
1493154701,1688576.00,156672.00,5133312.00,55889100.80,23.00,17.00,55.00,0.00,0.00,5.00,0.00,0.00,10485760.00,15728640.00,0.00,0.00,212992.00,272384.00
1493154702,1690624.00,156672.00,5133312.00,55889100.80,25.00,16.00,55.00,0.00,0.00,5.00,0.00,0.00,10485760.00,15728640.00,0.00,0.00,214016.00,272384.00
1493154703,1690624.00,156672.00,5133312.00,55889100.80,18.00,15.00,61.00,0.00,0.00,6.00,0.00,163840.00,10119168.00,15728640.00,0.00,0.00,208896.00,267264.00
1493154704,1693696.00,156672.00,5133312.00,55889100.80,28.00,17.00,49.00,0.00,0.00,6.00,0.00,0.00,10485760.00,16777216.00,0.00,0.00,225280.00,288768.00
1493154705,1694720.00,156672.00,5133312.00,55889100.80,29.00,18.00,48.00,0.00,0.00,6.00,0.00,0.00,10485760.00,16777216.00,0.00,0.00,227328.00,291840.00
1493154706,1694720.00,156672.00,5133312.00,55889100.80,21.00,14.00,61.00,0.00,0.00,5.00,0.00,0.00,10003456.00,14680064.00,0.00,0.00,206848.00,263168.00
1493154707,1696768.00,156672.00,5134336.00,55889100.80,29.00,16.00,48.00,0.00,0.00,6.00,0.00,0.00,11534336.00,16777216.00,0.00,0.00,227328.00,290816.00
1493154708,1698816.00,156672.00,5134336.00,55889100.80,24.00,12.00,59.00,0.00,0.00,5.00,0.00,688128.00,9830400.00,14680064.00,0.00,0.00,202752.00,260096.00
1493154709,1698816.00,156672.00,5134336.00,55889100.80,18.00,14.00,64.00,0.00,0.00,5.00,0.00,0.00,9634816.00,14680064.00,0.00,0.00,203776.00,257024.00
1493154710,1700864.00,156672.00,5134336.00,55889100.80,19.00,12.00,66.00,0.00,0.00,3.00,0.00,0.00,8564736.00,12582912.00,0.00,0.00,185344.00,232448.00
1493154711,1700864.00,156672.00,5134336.00,55889100.80,21.00,17.00,57.00,0.00,0.00,5.00,0.00,0.00,10485760.00,15728640.00,0.00,0.00,216064.00,277504.00
1493154712,1705984.00,156672.00,5134336.00,55889100.80,29.00,16.00,49.00,0.00,0.00,6.00,0.00,0.00,10485760.00,16777216.00,0.00,0.00,226304.00,291840.00
1493154713,1707008.00,156672.00,5134336.00,55889100.80,25.00,13.00,58.00,0.00,0.00,4.00,0.00,270336.00,9830400.00,14680064.00,0.00,0.00,202752.00,260096.00
1493154714,1707008.00,156672.00,5134336.00,55889100.80,22.00,18.00,54.00,0.00,0.00,6.00,0.00,0.00,10485760.00,16777216.00,0.00,0.00,230400.00,292864.00
1493154715,1710080.00,156672.00,5134336.00,55889100.80,22.00,15.00,60.00,0.00,0.00,4.00,0.00,0.00,9517056.00,14680064.00,0.00,0.00,199680.00,253952.00
1493154716,1712128.00,156672.00,5134336.00,55889100.80,29.00,18.00,48.00,0.00,0.00,6.00,0.00,0.00,10485760.00,16777216.00,0.00,0.00,227328.00,290816.00
1493154717,1711104.00,156672.00,5134336.00,55889100.80,22.00,16.00,57.00,0.00,0.00,5.00,0.00,0.00,10485760.00,15728640.00,0.00,0.00,222208.00,282624.00
1493154718,1713152.00,156672.00,5134336.00,55889100.80,24.00,14.00,58.00,0.00,0.00,5.00,0.00,139264.00,9887744.00,14680064.00,0.00,0.00,212992.00,268288.00
1493154719,1716224.00,156672.00,5134336.00,55889100.80,26.00,15.00,54.00,0.00,0.00,5.00,0.00,0.00,10485760.00,15728640.00,0.00,0.00,214016.00,272384.00
1493154720,1716224.00,156672.00,5134336.00,55889100.80,20.00,14.00,61.00,0.00,0.00,5.00,0.00,0.00,10132480.00,15728640.00,0.00,0.00,210944.00,269312.00
1493154721,1718272.00,156672.00,5134336.00,55889100.80,25.00,14.00,55.00,0.00,0.00,5.00,0.00,0.00,10178560.00,15728640.00,0.00,0.00,220160.00,278528.00
1493154722,1718272.00,156672.00,5134336.00,55889100.80,21.00,14.00,62.00,0.00,0.00,3.00,0.00,0.00,9775104.00,14680064.00,0.00,0.00,219136.00,272384.00
1493154723,1719296.00,156672.00,5134336.00,55889100.80,26.00,15.00,55.00,0.00,0.00,4.00,0.00,155648.00,10101760.00,15728640.00,0.00,0.00,216064.00,272384.00
1493154724,1722368.00,156672.00,5134336.00,55889100.80,22.00,14.00,60.00,0.00,0.00,4.00,0.00,0.00,9539584.00,14680064.00,0.00,0.00,197632.00,253952.00
1493154725,1722368.00,156672.00,5134336.00,55889100.80,24.00,19.00,51.00,0.00,0.00,5.00,0.00,0.00,11534336.00,16777216.00,0.00,0.00,233472.00,300032.00
1493154726,1724416.00,156672.00,5134336.00,55889100.80,30.00,14.00,50.00,0.00,0.00,5.00,0.00,0.00,10485760.00,15728640.00,0.00,0.00,228352.00,288768.00
1493154727,1725440.00,156672.00,5134336.00,55889100.80,24.00,14.00,56.00,0.00,0.00,5.00,0.00,0.00,9894912.00,14680064.00,0.00,0.00,208896.00,265216.00
1493154728,1726464.00,156672.00,5134336.00,55889100.80,18.00,15.00,62.00,0.00,0.00,5.00,0.00,114688.00,10096640.00,14680064.00,0.00,0.00,206848.00,265216.00
1493154729,1728512.00,156672.00,5134336.00,55889100.80,25.00,16.00,54.00,0.00,0.00,5.00,0.00,0.00,10211328.00,15728640.00,0.00,0.00,211968.00,272384.00
1493154730,1730560.00,156672.00,5134336.00,55889100.80,27.00,16.00,51.00,0.00,0.00,6.00,0.00,0.00,10485760.00,15728640.00,0.00,0.00,228352.00,289792.00
1493154731,1731584.00,156672.00,5134336.00,55889100.80,20.00,17.00,58.00,0.00,0.00,5.00,0.00,0.00,10485760.00,15728640.00,0.00,0.00,219136.00,277504.00
1493154732,1732608.00,156672.00,5134336.00,55889100.80,28.00,16.00,50.00,0.00,0.00,5.00,0.00,0.00,10485760.00,16777216.00,0.00,0.00,226304.00,289792.00
1493154733,1735680.00,156672.00,5134336.00,55889100.80,22.00,12.00,61.00,0.00,0.00,5.00,0.00,131072.00,9195520.00,13631488.00,0.00,0.00,189440.00,242688.00
1493154734,1734656.00,156672.00,5134336.00,55889100.80,22.00,19.00,54.00,0.00,0.00,6.00,0.00,0.00,10485760.00,16777216.00,0.00,0.00,234496.00,295936.00
1493154735,1735680.00,156672.00,5134336.00,55889100.80,27.00,19.00,50.00,0.00,0.00,4.00,0.00,0.00,10485760.00,15728640.00,0.00,0.00,222208.00,283648.00
1493154736,1736704.00,156672.00,5134336.00,55889100.80,16.00,11.00,69.00,0.00,0.00,3.00,0.00,0.00,8522752.00,12582912.00,0.00,0.00,183296.00,230400.00
1493154737,1738752.00,156672.00,5134336.00,55889100.80,23.00,14.00,58.00,0.00,0.00,5.00,0.00,0.00,9767936.00,14680064.00,0.00,0.00,203776.00,261120.00
1493154738,1740800.00,156672.00,5134336.00,55889100.80,25.00,14.00,53.00,4.00,0.00,4.00,0.00,204800.00,9707520.00,14680064.00,0.00,0.00,201728.00,258048.00
1493154739,1741824.00,156672.00,5134336.00,55889100.80,21.00,16.00,57.00,0.00,0.00,5.00,0.00,0.00,10485760.00,16777216.00,0.00,0.00,226304.00,288768.00
1493154740,1743872.00,156672.00,5134336.00,55889100.80,29.00,16.00,50.00,0.00,0.00,5.00,0.00,0.00,10485760.00,15728640.00,0.00,0.00,226304.00,288768.00
1493154741,1744896.00,156672.00,5134336.00,55889100.80,26.00,15.00,54.00,0.00,0.00,5.00,0.00,0.00,10485760.00,15728640.00,0.00,0.00,214016.00,275456.00
1493154742,1745920.00,156672.00,5134336.00,55889100.80,20.00,17.00,57.00,0.00,0.00,6.00,0.00,0.00,10485760.00,15728640.00,0.00,0.00,221184.00,283648.00
1493154743,1746944.00,156672.00,5134336.00,55889100.80,23.00,13.00,59.00,0.00,0.00,5.00,0.00,737280.00,9731072.00,14680064.00,0.00,0.00,203776.00,260096.00
1493154744,1748992.00,156672.00,5134336.00,55889100.80,28.00,16.00,51.00,0.00,0.00,5.00,0.00,0.00,10485760.00,15728640.00,0.00,0.00,222208.00,284672.00
1493154745,1750016.00,156672.00,5134336.00,55889100.80,22.00,15.00,58.00,0.00,0.00,5.00,0.00,0.00,10485760.00,15728640.00,0.00,0.00,219136.00,282624.00
1493154746,1751040.00,156672.00,5134336.00,55889100.80,28.00,13.00,54.00,0.00,0.00,6.00,0.00,0.00,10485760.00,15728640.00,0.00,0.00,212992.00,273408.00
1493154747,1752064.00,156672.00,5134336.00,55889100.80,21.00,14.00,61.00,0.00,0.00,5.00,0.00,0.00,10130432.00,15728640.00,0.00,0.00,210944.00,271360.00
1493154748,1754112.00,156672.00,5134336.00,55784243.20,28.00,15.00,51.00,0.00,0.00,6.00,0.00,237568.00,10485760.00,15728640.00,0.00,0.00,217088.00,279552.00
1493154749,1755136.00,156672.00,5134336.00,55784243.20,29.00,15.00,51.00,0.00,0.00,5.00,0.00,0.00,10485760.00,15728640.00,0.00,0.00,222208.00,286720.00
1493154750,1756160.00,156672.00,5134336.00,55784243.20,24.00,15.00,56.00,0.00,0.00,6.00,0.00,0.00,10485760.00,15728640.00,0.00,0.00,222208.00,283648.00
1493154751,1758208.00,156672.00,5134336.00,55784243.20,25.00,15.00,54.00,0.00,0.00,6.00,0.00,0.00,10080256.00,14680064.00,0.00,0.00,210944.00,268288.00
1493154752,1759232.00,156672.00,5134336.00,55784243.20,26.00,15.00,53.00,0.00,0.00,6.00,0.00,0.00,10203136.00,15728640.00,0.00,0.00,211968.00,270336.00
1493154753,1759232.00,156672.00,5134336.00,55784243.20,21.00,18.00,56.00,0.00,0.00,5.00,0.00,212992.00,10485760.00,15728640.00,0.00,0.00,221184.00,284672.00
1493154754,1761280.00,156672.00,5134336.00,55784243.20,29.00,17.00,49.00,0.00,0.00,5.00,0.00,0.00,11534336.00,16777216.00,0.00,0.00,228352.00,291840.00
1493154755,1763328.00,156672.00,5134336.00,55784243.20,24.00,15.00,57.00,0.00,0.00,4.00,0.00,0.00,9765888.00,14680064.00,0.00,0.00,200704.00,258048.00
1493154756,1764352.00,156672.00,5134336.00,55784243.20,21.00,15.00,58.00,0.00,0.00,7.00,0.00,0.00,10485760.00,15728640.00,0.00,0.00,214016.00,276480.00
1493154757,1766400.00,156672.00,5134336.00,55784243.20,28.00,18.00,48.00,0.00,0.00,5.00,0.00,0.00,11534336.00,16777216.00,0.00,0.00,227328.00,291840.00
1493154758,1767424.00,156672.00,5134336.00,55784243.20,26.00,16.00,52.00,0.00,0.00,5.00,0.00,114688.00,10485760.00,15728640.00,0.00,0.00,217088.00,276480.00
1493154759,1767424.00,156672.00,5134336.00,55784243.20,23.00,15.00,56.00,0.00,0.00,6.00,0.00,0.00,10485760.00,15728640.00,0.00,0.00,220160.00,282624.00
1493154760,1769472.00,156672.00,5134336.00,55784243.20,25.00,16.00,52.00,0.00,0.00,6.00,0.00,0.00,10485760.00,15728640.00,0.00,0.00,216064.00,275456.00
1493154761,1771520.00,156672.00,5134336.00,55784243.20,27.00,15.00,54.00,0.00,0.00,4.00,0.00,0.00,10076160.00,14680064.00,0.00,0.00,207872.00,267264.00
1493154762,1772544.00,156672.00,5134336.00,55784243.20,23.00,19.00,52.00,0.00,0.00,6.00,0.00,0.00,11534336.00,16777216.00,0.00,0.00,233472.00,296960.00
1493154763,1774592.00,156672.00,5134336.00,55784243.20,25.00,16.00,54.00,0.00,0.00,5.00,0.00,147456.00,10097664.00,14680064.00,0.00,0.00,209920.00,268288.00
1493154764,1776640.00,156672.00,5134336.00,55784243.20,23.00,12.00,61.00,0.00,0.00,5.00,0.00,0.00,9645056.00,14680064.00,0.00,0.00,198656.00,256000.00
1493154765,1777664.00,156672.00,5134336.00,55784243.20,20.00,18.00,56.00,0.00,0.00,6.00,0.00,0.00,10485760.00,15728640.00,0.00,0.00,220160.00,282624.00
1493154766,1778688.00,156672.00,5134336.00,55784243.20,26.00,18.00,50.00,0.00,0.00,6.00,0.00,0.00,11534336.00,16777216.00,0.00,0.00,228352.00,291840.00
1493154767,1780736.00,156672.00,5134336.00,55784243.20,27.00,16.00,50.00,0.00,0.00,7.00,0.00,0.00,10485760.00,16777216.00,0.00,0.00,224256.00,289792.00
1493154768,1780736.00,156672.00,5134336.00,55784243.20,20.00,13.00,62.00,0.00,0.00,4.00,0.00,147456.00,9812992.00,14680064.00,0.00,0.00,202752.00,260096.00
1493154769,1782784.00,156672.00,5134336.00,55784243.20,27.00,18.00,50.00,0.00,0.00,6.00,0.00,0.00,10485760.00,16777216.00,0.00,0.00,222208.00,290816.00
1493154770,1784832.00,156672.00,5134336.00,55784243.20,26.00,12.00,58.00,0.00,0.00,5.00,0.00,0.00,10018816.00,14680064.00,0.00,0.00,206848.00,269312.00
1493154771,1783808.00,156672.00,5134336.00,55784243.20,25.00,16.00,54.00,0.00,0.00,6.00,0.00,0.00,10485760.00,16777216.00,0.00,0.00,225280.00,295936.00
1493154772,1786880.00,156672.00,5134336.00,55784243.20,27.00,15.00,54.00,0.00,0.00,5.00,0.00,0.00,10485760.00,15728640.00,0.00,0.00,215040.00,279552.00
1493154773,1785856.00,156672.00,5134336.00,55784243.20,16.00,12.00,68.00,0.00,0.00,4.00,0.00,188416.00,9238528.00,13631488.00,0.00,0.00,189440.00,248832.00
1493154774,1788928.00,156672.00,5134336.00,55784243.20,26.00,14.00,56.00,0.00,0.00,4.00,0.00,0.00,10176512.00,15728640.00,0.00,0.00,210944.00,272384.00
1493154775,1790976.00,156672.00,5134336.00,55784243.20,27.00,17.00,49.00,0.00,0.00,7.00,0.00,0.00,10485760.00,16777216.00,0.00,0.00,222208.00,288768.00
1493154776,1790976.00,156672.00,5134336.00,55784243.20,27.00,18.00,49.00,0.00,0.00,6.00,0.00,0.00,11534336.00,16777216.00,0.00,0.00,234496.00,301056.00
1493154777,1793024.00,156672.00,5134336.00,55784243.20,27.00,14.00,54.00,0.00,0.00,5.00,0.00,0.00,10485760.00,15728640.00,0.00,0.00,211968.00,272384.00
1493154778,1795072.00,156672.00,5134336.00,55784243.20,24.00,13.00,58.00,0.00,0.00,5.00,0.00,688128.00,9715712.00,14680064.00,0.00,0.00,200704.00,258048.00
1493154779,1795072.00,156672.00,5134336.00,55784243.20,21.00,15.00,58.00,0.00,0.00,5.00,0.00,0.00,10485760.00,15728640.00,0.00,0.00,215040.00,275456.00
1493154780,1797120.00,156672.00,5134336.00,55784243.20,26.00,16.00,52.00,0.00,0.00,6.00,0.00,0.00,10485760.00,15728640.00,0.00,0.00,224256.00,287744.00
1493154781,1799168.00,156672.00,5134336.00,55784243.20,24.00,14.00,57.00,0.00,0.00,4.00,0.00,0.00,9986048.00,14680064.00,0.00,0.00,218112.00,276480.00
1493154782,1799168.00,156672.00,5134336.00,55784243.20,20.00,13.00,64.00,0.00,0.00,3.00,0.00,0.00,9349120.00,13631488.00,0.00,0.00,205824.00,257024.00
1493154783,1801216.00,156672.00,5134336.00,55784243.20,26.00,14.00,53.00,0.00,0.00,6.00,0.00,294912.00,10485760.00,15728640.00,0.00,0.00,217088.00,278528.00
1493154784,1801216.00,156672.00,5134336.00,55784243.20,21.00,15.00,58.00,0.00,0.00,6.00,0.00,0.00,10485760.00,15728640.00,0.00,0.00,211968.00,272384.00
1493154785,1803264.00,156672.00,5134336.00,55784243.20,27.00,17.00,50.00,0.00,0.00,6.00,0.00,0.00,11534336.00,16777216.00,0.00,0.00,227328.00,293888.00
1493154786,1805312.00,156672.00,5134336.00,55784243.20,26.00,14.00,54.00,0.00,0.00,5.00,0.00,0.00,10485760.00,15728640.00,0.00,0.00,211968.00,272384.00
1493154787,1805312.00,156672.00,5134336.00,55784243.20,21.00,16.00,57.00,0.00,0.00,6.00,0.00,0.00,10485760.00,15728640.00,0.00,0.00,223232.00,284672.00
1493154788,1807360.00,156672.00,5134336.00,55784243.20,20.00,16.00,60.00,0.00,0.00,5.00,0.00,155648.00,9780224.00,14680064.00,0.00,0.00,202752.00,260096.00
1493154789,1809408.00,156672.00,5134336.00,55784243.20,30.00,15.00,50.00,0.00,0.00,5.00,0.00,0.00,10485760.00,15728640.00,0.00,0.00,222208.00,284672.00
1493154790,1809408.00,156672.00,5134336.00,55784243.20,24.00,15.00,56.00,0.00,0.00,6.00,0.00,0.00,10485760.00,15728640.00,0.00,0.00,221184.00,284672.00
1493154791,1811456.00,156672.00,5134336.00,55784243.20,25.00,16.00,55.00,0.00,0.00,5.00,0.00,0.00,10485760.00,15728640.00,0.00,0.00,215040.00,274432.00
1493154792,1813504.00,156672.00,5134336.00,55784243.20,30.00,17.00,48.00,0.00,0.00,5.00,0.00,0.00,11534336.00,16777216.00,0.00,0.00,225280.00,291840.00
1493154793,1813504.00,156672.00,5134336.00,55784243.20,20.00,15.00,61.00,0.00,0.00,5.00,0.00,114688.00,10021888.00,14680064.00,0.00,0.00,206848.00,264192.00
1493154794,1815552.00,156672.00,5134336.00,55784243.20,30.00,16.00,48.00,0.00,0.00,6.00,0.00,0.00,11534336.00,16777216.00,0.00,0.00,227328.00,291840.00
1493154795,1817600.00,156672.00,5134336.00,55784243.20,26.00,14.00,55.00,0.00,0.00,6.00,0.00,0.00,10485760.00,15728640.00,0.00,0.00,211968.00,274432.00
1493154796,1817600.00,156672.00,5134336.00,55784243.20,22.00,16.00,57.00,0.00,0.00,5.00,0.00,0.00,10485760.00,15728640.00,0.00,0.00,222208.00,282624.00
1493154797,1819648.00,156672.00,5134336.00,55784243.20,19.00,14.00,63.00,0.00,0.00,4.00,0.00,0.00,8946688.00,13631488.00,0.00,0.00,190464.00,242688.00
1493154798,1819648.00,156672.00,5134336.00,55784243.20,21.00,11.00,63.00,0.00,0.00,4.00,0.00,114688.00,9127936.00,13631488.00,0.00,0.00,198656.00,247808.00
1493154799,1822720.00,156672.00,5134336.00,55784243.20,23.00,14.00,56.00,0.00,0.00,7.00,0.00,0.00,10485760.00,15728640.00,0.00,0.00,218112.00,282624.00
1493154800,1824768.00,156672.00,5134336.00,55784243.20,27.00,13.00,55.00,0.00,0.00,5.00,0.00,0.00,10485760.00,15728640.00,0.00,0.00,211968.00,272384.00
1493154801,1823744.00,156672.00,5134336.00,55784243.20,19.00,18.00,58.00,0.00,0.00,5.00,0.00,0.00,10485760.00,15728640.00,0.00,0.00,219136.00,282624.00
1493154802,1825792.00,156672.00,5134336.00,55784243.20,26.00,17.00,52.00,0.00,0.00,5.00,0.00,0.00,10485760.00,15728640.00,0.00,0.00,214016.00,274432.00
1493154803,1827840.00,156672.00,5134336.00,55784243.20,28.00,17.00,50.00,0.00,0.00,5.00,0.00,131072.00,10485760.00,16777216.00,0.00,0.00,227328.00,291840.00
1493154804,1827840.00,156672.00,5134336.00,55784243.20,21.00,15.00,59.00,0.00,0.00,5.00,0.00,0.00,10067968.00,14680064.00,0.00,0.00,208896.00,265216.00
1493154805,1830912.00,156672.00,5134336.00,55784243.20,25.00,13.00,57.00,0.00,0.00,5.00,0.00,0.00,9968640.00,14680064.00,0.00,0.00,206848.00,265216.00
1493154806,1831936.00,156672.00,5134336.00,55784243.20,26.00,13.00,57.00,0.00,0.00,4.00,0.00,0.00,9968640.00,14680064.00,0.00,0.00,207872.00,266240.00
1493154807,1831936.00,156672.00,5134336.00,55784243.20,22.00,19.00,53.00,0.00,0.00,7.00,0.00,0.00,11534336.00,16777216.00,0.00,0.00,231424.00,296960.00
1493154808,1833984.00,156672.00,5134336.00,55784243.20,23.00,12.00,61.00,0.00,0.00,4.00,0.00,221184.00,9245696.00,13631488.00,0.00,0.00,194560.00,248832.00
1493154809,1836032.00,156672.00,5134336.00,55784243.20,26.00,15.00,55.00,0.00,0.00,4.00,0.00,0.00,10059776.00,14680064.00,0.00,0.00,210944.00,269312.00
1493154810,1836032.00,156672.00,5134336.00,55784243.20,20.00,15.00,60.00,0.00,0.00,5.00,0.00,0.00,10485760.00,15728640.00,0.00,0.00,216064.00,275456.00
1493154811,1839104.00,156672.00,5134336.00,55784243.20,24.00,12.00,59.00,0.00,0.00,4.00,0.00,0.00,9318400.00,13631488.00,0.00,0.00,196608.00,249856.00
1493154812,1838080.00,156672.00,5134336.00,55784243.20,21.00,16.00,58.00,0.00,0.00,5.00,0.00,0.00,10485760.00,15728640.00,0.00,0.00,222208.00,280576.00
1493154813,1840128.00,156672.00,5134336.00,55784243.20,23.00,14.00,58.00,0.00,0.00,5.00,0.00,802816.00,9912320.00,14680064.00,0.00,0.00,208896.00,266240.00
1493154814,1842176.00,156672.00,5134336.00,55784243.20,24.00,15.00,57.00,0.00,0.00,4.00,0.00,0.00,10099712.00,14680064.00,0.00,0.00,214016.00,272384.00
1493154815,1842176.00,156672.00,5134336.00,55784243.20,21.00,16.00,58.00,0.00,0.00,6.00,0.00,0.00,10485760.00,15728640.00,0.00,0.00,220160.00,279552.00
1493154816,1844224.00,156672.00,5134336.00,55784243.20,23.00,12.00,61.00,0.00,0.00,5.00,0.00,0.00,9268224.00,13631488.00,0.00,0.00,201728.00,253952.00
1493154817,1846272.00,156672.00,5134336.00,55784243.20,27.00,16.00,53.00,0.00,0.00,5.00,0.00,0.00,10485760.00,15728640.00,0.00,0.00,221184.00,282624.00
1493154818,1847296.00,156672.00,5134336.00,55784243.20,17.00,15.00,65.00,0.00,0.00,4.00,0.00,237568.00,9695232.00,14680064.00,0.00,0.00,208896.00,262144.00
1493154819,1849344.00,156672.00,5134336.00,55784243.20,23.00,13.00,59.00,0.00,0.00,5.00,0.00,0.00,9715712.00,14680064.00,0.00,0.00,203776.00,260096.00
1493154820,1848320.00,156672.00,5134336.00,55784243.20,22.00,13.00,61.00,0.00,0.00,5.00,0.00,0.00,9904128.00,14680064.00,0.00,0.00,211968.00,267264.00
1493154821,1850368.00,156672.00,5134336.00,55784243.20,22.00,13.00,60.00,0.00,0.00,5.00,0.00,0.00,9448448.00,14680064.00,0.00,0.00,200704.00,254976.00
1493154822,1852416.00,156672.00,5134336.00,55784243.20,24.00,13.00,59.00,0.00,0.00,4.00,0.00,0.00,9485312.00,14680064.00,0.00,0.00,198656.00,251904.00
1493154823,1852416.00,156672.00,5134336.00,55784243.20,23.00,18.00,53.00,0.00,0.00,5.00,0.00,172032.00,10485760.00,16777216.00,0.00,0.00,227328.00,289792.00
1493154824,1854464.00,156672.00,5134336.00,55784243.20,25.00,14.00,57.00,0.00,0.00,5.00,0.00,0.00,9955328.00,14680064.00,0.00,0.00,206848.00,265216.00
1493154825,1854464.00,156672.00,5134336.00,55784243.20,21.00,15.00,59.00,0.00,0.00,5.00,0.00,0.00,10485760.00,15728640.00,0.00,0.00,217088.00,277504.00
1493154826,1856512.00,156672.00,5134336.00,55679385.60,27.00,16.00,51.00,0.00,0.00,5.00,0.00,0.00,10485760.00,16777216.00,0.00,0.00,222208.00,287744.00
1493154827,1858560.00,156672.00,5134336.00,55679385.60,26.00,15.00,54.00,0.00,0.00,5.00,0.00,0.00,10485760.00,15728640.00,0.00,0.00,211968.00,272384.00
1493154828,1860608.00,156672.00,5134336.00,55679385.60,30.00,17.00,48.00,0.00,0.00,5.00,0.00,114688.00,11534336.00,16777216.00,0.00,0.00,227328.00,292864.00
1493154829,1860608.00,156672.00,5134336.00,55679385.60,19.00,15.00,61.00,0.00,0.00,5.00,0.00,0.00,10140672.00,15728640.00,0.00,0.00,208896.00,270336.00
1493154830,1862656.00,156672.00,5134336.00,55679385.60,26.00,14.00,55.00,0.00,0.00,5.00,0.00,0.00,9967616.00,14680064.00,0.00,0.00,207872.00,266240.00
1493154831,1862656.00,156672.00,5134336.00,55679385.60,22.00,16.00,57.00,0.00,0.00,5.00,0.00,0.00,10485760.00,15728640.00,0.00,0.00,219136.00,282624.00
1493154832,1864704.00,156672.00,5134336.00,55679385.60,30.00,15.00,49.00,0.00,0.00,7.00,0.00,0.00,11534336.00,16777216.00,0.00,0.00,227328.00,291840.00
1493154833,1867776.00,156672.00,5134336.00,55679385.60,28.00,17.00,49.00,0.00,0.00,6.00,0.00,114688.00,10485760.00,16777216.00,0.00,0.00,228352.00,291840.00
1493154834,1867776.00,156672.00,5134336.00,55679385.60,19.00,13.00,63.00,0.00,0.00,5.00,0.00,0.00,9508864.00,14680064.00,0.00,0.00,195584.00,251904.00
1493154835,1868800.00,156672.00,5134336.00,55679385.60,29.00,18.00,49.00,0.00,0.00,5.00,0.00,0.00,11534336.00,16777216.00,0.00,0.00,227328.00,290816.00
1493154836,1870848.00,156672.00,5134336.00,55679385.60,26.00,19.00,51.00,0.00,0.00,4.00,0.00,0.00,10485760.00,15728640.00,0.00,0.00,212992.00,275456.00
1493154837,1869824.00,156672.00,5134336.00,55679385.60,25.00,18.00,51.00,0.00,0.00,6.00,0.00,0.00,11534336.00,16777216.00,0.00,0.00,235520.00,302080.00
1493154838,1872896.00,156672.00,5134336.00,55679385.60,25.00,16.00,54.00,0.00,0.00,5.00,0.00,147456.00,10485760.00,15728640.00,0.00,0.00,215040.00,274432.00
1493154839,1872896.00,156672.00,5134336.00,55679385.60,22.00,14.00,60.00,0.00,0.00,4.00,0.00,0.00,9587712.00,14680064.00,0.00,0.00,200704.00,256000.00
1493154840,1874944.00,156672.00,5134336.00,55679385.60,19.00,17.00,58.00,0.00,0.00,5.00,0.00,0.00,10485760.00,15728640.00,0.00,0.00,218112.00,277504.00
1493154841,1876992.00,156672.00,5134336.00,55679385.60,22.00,13.00,59.00,0.00,0.00,5.00,0.00,0.00,9799680.00,14680064.00,0.00,0.00,216064.00,271360.00
1493154842,1879040.00,156672.00,5134336.00,55679385.60,24.00,14.00,59.00,0.00,0.00,3.00,0.00,0.00,9569280.00,14680064.00,0.00,0.00,216064.00,267264.00
1493154843,1879040.00,156672.00,5134336.00,55679385.60,20.00,16.00,58.00,0.00,0.00,5.00,0.00,278528.00,10485760.00,15728640.00,0.00,0.00,221184.00,282624.00
1493154844,1881088.00,156672.00,5134336.00,55679385.60,26.00,14.00,55.00,0.00,0.00,5.00,0.00,0.00,10485760.00,15728640.00,0.00,0.00,212992.00,274432.00
1493154845,1881088.00,156672.00,5134336.00,55679385.60,18.00,16.00,62.00,0.00,0.00,4.00,0.00,0.00,9981952.00,14680064.00,0.00,0.00,208896.00,267264.00
1493154846,1883136.00,156672.00,5134336.00,55679385.60,27.00,17.00,49.00,0.00,0.00,6.00,0.00,0.00,10485760.00,16777216.00,0.00,0.00,227328.00,292864.00
1493154847,1885184.00,156672.00,5134336.00,55679385.60,26.00,16.00,53.00,0.00,0.00,5.00,0.00,0.00,10485760.00,15728640.00,0.00,0.00,216064.00,276480.00
1493154848,1885184.00,156672.00,5134336.00,55679385.60,23.00,14.00,57.00,0.00,0.00,5.00,0.00,786432.00,10485760.00,15728640.00,0.00,0.00,219136.00,279552.00
1493154849,1887232.00,156672.00,5134336.00,55679385.60,26.00,14.00,54.00,0.00,0.00,6.00,0.00,0.00,10485760.00,15728640.00,0.00,0.00,212992.00,274432.00
1493154850,1889280.00,156672.00,5134336.00,55679385.60,25.00,15.00,53.00,0.00,0.00,6.00,0.00,0.00,10485760.00,15728640.00,0.00,0.00,214016.00,275456.00
1493154851,1890304.00,156672.00,5134336.00,55679385.60,26.00,19.00,50.00,0.00,0.00,5.00,0.00,0.00,11534336.00,16777216.00,0.00,0.00,235520.00,301056.00
1493154852,1891328.00,156672.00,5134336.00,55679385.60,25.00,15.00,54.00,0.00,0.00,6.00,0.00,0.00,10485760.00,15728640.00,0.00,0.00,216064.00,276480.00
1493154853,1893376.00,156672.00,5134336.00,55679385.60,21.00,13.00,61.00,0.00,0.00,5.00,0.00,237568.00,9637888.00,14680064.00,0.00,0.00,200704.00,257024.00
1493154854,1893376.00,156672.00,5134336.00,55679385.60,23.00,15.00,56.00,0.00,0.00,6.00,0.00,0.00,10485760.00,16777216.00,0.00,0.00,224256.00,286720.00
1493154855,1895424.00,156672.00,5134336.00,55679385.60,28.00,18.00,49.00,0.00,0.00,5.00,0.00,0.00,10485760.00,16777216.00,0.00,0.00,228352.00,291840.00
1493154856,1897472.00,156672.00,5134336.00,55679385.60,28.00,17.00,50.00,0.00,0.00,5.00,0.00,0.00,10485760.00,16777216.00,0.00,0.00,225280.00,287744.00
1493154857,1897472.00,156672.00,5134336.00,55679385.60,19.00,16.00,60.00,0.00,0.00,5.00,0.00,0.00,10068992.00,14680064.00,0.00,0.00,209920.00,266240.00
1493154858,1899520.00,156672.00,5134336.00,55679385.60,29.00,14.00,52.00,0.00,0.00,4.00,0.00,155648.00,10485760.00,15728640.00,0.00,0.00,214016.00,275456.00
1493154859,1899520.00,156672.00,5134336.00,55679385.60,14.00,11.00,69.00,0.00,0.00,5.00,0.00,0.00,8983552.00,13631488.00,0.00,0.00,193536.00,243712.00
1493154860,1901568.00,156672.00,5134336.00,55679385.60,23.00,15.00,58.00,0.00,0.00,4.00,0.00,0.00,9671680.00,14680064.00,0.00,0.00,202752.00,259072.00
1493154861,1904640.00,156672.00,5134336.00,55679385.60,26.00,15.00,54.00,0.00,0.00,5.00,0.00,0.00,10485760.00,15728640.00,0.00,0.00,212992.00,274432.00
1493154862,1904640.00,156672.00,5134336.00,55679385.60,19.00,14.00,62.00,0.00,0.00,5.00,0.00,0.00,9956352.00,14680064.00,0.00,0.00,207872.00,264192.00
1493154863,1906688.00,156672.00,5134336.00,55679385.60,29.00,19.00,47.00,0.00,0.00,5.00,0.00,131072.00,11534336.00,16777216.00,0.00,0.00,227328.00,291840.00
1493154864,1908736.00,156672.00,5134336.00,55679385.60,30.00,16.00,49.00,0.00,0.00,5.00,0.00,0.00,11534336.00,16777216.00,0.00,0.00,226304.00,291840.00
1493154865,1908736.00,156672.00,5134336.00,55679385.60,22.00,17.00,56.00,0.00,0.00,5.00,0.00,0.00,10485760.00,15728640.00,0.00,0.00,223232.00,285696.00
1493154866,1910784.00,156672.00,5134336.00,55679385.60,23.00,13.00,61.00,0.00,0.00,4.00,0.00,0.00,9347072.00,13631488.00,0.00,0.00,194560.00,249856.00
1493154867,1912832.00,156672.00,5134336.00,55679385.60,25.00,16.00,54.00,0.00,0.00,5.00,0.00,0.00,10485760.00,15728640.00,0.00,0.00,211968.00,273408.00
1493154868,1912832.00,156672.00,5134336.00,55679385.60,20.00,17.00,58.00,0.00,0.00,5.00,0.00,114688.00,10485760.00,15728640.00,0.00,0.00,216064.00,278528.00
1493154869,1914880.00,156672.00,5134336.00,55679385.60,29.00,16.00,50.00,0.00,0.00,6.00,0.00,0.00,10485760.00,16777216.00,0.00,0.00,228352.00,290816.00
1493154870,1916928.00,156672.00,5134336.00,55679385.60,26.00,16.00,53.00,0.00,0.00,5.00,0.00,0.00,10485760.00,15728640.00,0.00,0.00,217088.00,277504.00
1493154871,1916928.00,156672.00,5134336.00,55679385.60,17.00,13.00,66.00,0.00,0.00,4.00,0.00,0.00,9196544.00,13631488.00,0.00,0.00,195584.00,246784.00
1493154872,1917952.00,156672.00,5134336.00,55679385.60,28.00,16.00,51.00,0.00,0.00,5.00,0.00,0.00,10485760.00,15728640.00,0.00,0.00,224256.00,289792.00
1493154873,1920000.00,156672.00,5134336.00,55679385.60,30.00,16.00,48.00,0.00,0.00,5.00,0.00,196608.00,10485760.00,15728640.00,0.00,0.00,222208.00,284672.00
1493154874,1920000.00,156672.00,5134336.00,55679385.60,24.00,18.00,53.00,0.00,0.00,5.00,0.00,0.00,11534336.00,16777216.00,0.00,0.00,236544.00,301056.00
1493154875,1922048.00,156672.00,5134336.00,55679385.60,22.00,13.00,60.00,0.00,0.00,5.00,0.00,0.00,9172992.00,13631488.00,0.00,0.00,199680.00,250880.00
1493154876,1923072.00,156672.00,5135360.00,55679385.60,18.00,12.00,66.00,0.00,0.00,4.00,0.00,0.00,9437184.00,14680064.00,0.00,0.00,201728.00,256000.00
1493154877,1925120.00,156672.00,5135360.00,55679385.60,26.00,17.00,51.00,0.00,0.00,6.00,0.00,0.00,10485760.00,16777216.00,0.00,0.00,226304.00,290816.00
1493154878,1926144.00,156672.00,5135360.00,55679385.60,29.00,15.00,49.00,0.00,0.00,7.00,0.00,221184.00,10485760.00,15728640.00,0.00,0.00,225280.00,287744.00
1493154879,1926144.00,156672.00,5135360.00,55679385.60,24.00,18.00,52.00,0.00,0.00,6.00,0.00,0.00,11534336.00,16777216.00,0.00,0.00,234496.00,299008.00
1493154880,1929216.00,156672.00,5135360.00,55679385.60,19.00,11.00,67.00,0.00,0.00,3.00,0.00,0.00,8278016.00,12582912.00,0.00,0.00,173056.00,221184.00
1493154881,1930240.00,156672.00,5135360.00,55679385.60,25.00,16.00,54.00,0.00,0.00,6.00,0.00,0.00,10485760.00,15728640.00,0.00,0.00,221184.00,281600.00
1493154882,1930240.00,156672.00,5135360.00,55679385.60,25.00,19.00,51.00,0.00,0.00,5.00,0.00,0.00,11534336.00,16777216.00,0.00,0.00,235520.00,303104.00
1493154883,1932288.00,156672.00,5135360.00,55679385.60,29.00,16.00,49.00,0.00,0.00,6.00,0.00,737280.00,10485760.00,16777216.00,0.00,0.00,226304.00,291840.00
1493154884,1934336.00,156672.00,5135360.00,55679385.60,26.00,16.00,53.00,0.00,0.00,5.00,0.00,0.00,10485760.00,15728640.00,0.00,0.00,212992.00,274432.00
1493154885,1934336.00,156672.00,5135360.00,55679385.60,18.00,12.00,65.00,0.00,0.00,4.00,0.00,0.00,9302016.00,13631488.00,0.00,0.00,191488.00,245760.00
1493154886,1937408.00,156672.00,5135360.00,55679385.60,28.00,18.00,48.00,0.00,0.00,6.00,0.00,0.00,10485760.00,16777216.00,0.00,0.00,228352.00,290816.00
1493154887,1939456.00,156672.00,5135360.00,55679385.60,27.00,19.00,49.00,0.00,0.00,5.00,0.00,0.00,10485760.00,16777216.00,0.00,0.00,228352.00,292864.00
1493154888,1939456.00,156672.00,5135360.00,55679385.60,24.00,19.00,52.00,0.00,0.00,5.00,0.00,237568.00,11534336.00,16777216.00,0.00,0.00,234496.00,299008.00
1493154889,1941504.00,156672.00,5135360.00,55679385.60,19.00,13.00,63.00,0.00,0.00,4.00,0.00,0.00,8868864.00,13631488.00,0.00,0.00,188416.00,239616.00
1493154890,1941504.00,156672.00,5135360.00,55679385.60,24.00,16.00,55.00,0.00,0.00,5.00,0.00,0.00,10485760.00,15728640.00,0.00,0.00,224256.00,284672.00
1493154891,1943552.00,156672.00,5135360.00,55679385.60,28.00,17.00,50.00,0.00,0.00,6.00,0.00,0.00,10485760.00,16777216.00,0.00,0.00,227328.00,290816.00
1493154892,1945600.00,156672.00,5135360.00,55679385.60,30.00,17.00,48.00,0.00,0.00,5.00,0.00,0.00,11534336.00,16777216.00,0.00,0.00,227328.00,292864.00
1493154893,1946624.00,156672.00,5135360.00,55679385.60,26.00,15.00,53.00,0.00,0.00,6.00,0.00,172032.00,10485760.00,15728640.00,0.00,0.00,217088.00,277504.00
1493154894,1947648.00,156672.00,5135360.00,55679385.60,20.00,13.00,61.00,0.00,0.00,6.00,0.00,0.00,9989120.00,14680064.00,0.00,0.00,207872.00,266240.00
1493154895,1948672.00,156672.00,5135360.00,55679385.60,25.00,15.00,54.00,0.00,0.00,7.00,0.00,0.00,10485760.00,15728640.00,0.00,0.00,215040.00,278528.00
1493154896,1948672.00,156672.00,5135360.00,55679385.60,24.00,17.00,53.00,0.00,0.00,6.00,0.00,0.00,11534336.00,16777216.00,0.00,0.00,233472.00,299008.00
1493154897,1951744.00,156672.00,5135360.00,55679385.60,28.00,17.00,49.00,0.00,0.00,6.00,0.00,0.00,11534336.00,16777216.00,0.00,0.00,226304.00,292864.00
1493154898,1953792.00,156672.00,5135360.00,55679385.60,23.00,11.00,61.00,0.00,0.00,5.00,0.00,114688.00,9181184.00,13631488.00,0.00,0.00,192512.00,245760.00
1493154899,1953792.00,156672.00,5135360.00,55679385.60,26.00,18.00,50.00,0.00,0.00,5.00,0.00,0.00,11534336.00,16777216.00,0.00,0.00,235520.00,301056.00
1493154900,1954816.00,156672.00,5135360.00,55679385.60,25.00,15.00,54.00,0.00,0.00,6.00,0.00,0.00,10181632.00,15728640.00,0.00,0.00,214016.00,272384.00
1493154901,1955840.00,156672.00,5135360.00,55679385.60,25.00,14.00,56.00,0.00,0.00,4.00,0.00,0.00,9769984.00,14680064.00,0.00,0.00,219136.00,272384.00
1493154902,1956864.00,156672.00,5135360.00,55679385.60,16.00,13.00,67.00,0.00,0.00,5.00,0.00,0.00,9434112.00,14680064.00,0.00,0.00,214016.00,268288.00
