--Probe dump file for probe: org.yardstickframework.probes.ThroughputLatencyProbe@5d28bcd5 (class org.yardstickframework.probes.ThroughputLatencyProbe)
--Created Tue Apr 25 21:09:02 UTC 2017
--Benchmark config: BenchmarkConfiguration [memberId='0', driverNames='[IgnitePutGetTxBenchmark]', serverName='IgniteNode', threads=64, duration=300, warmup=60, dfltProbeClsNames=[ThroughputLatencyProbe, PercentileProbe, DStatProbe], propsFileName='yardstick/config/run.properties', packages=[org.yardstickframework, org.apache.ignite.yardstick], cmdArgs=[--outputFolder, /home/ubuntu/date-2504-204359-s-4-c-1-ver-2.0.0-SNAPSHOT-0be92732/yardstick/bin/../output/results-20170425-204411, -id, 0, -cfg, /home/ubuntu/date-2504-204359-s-4-c-1-ver-2.0.0-SNAPSHOT-0be92732/yardstick/bin/../config/ignite-config.xml, -nn, 5, -b, 1, -w, 60, -d, 300, -t, 64, -sm, FULL_SYNC, -txc, OPTIMISTIC, --client, -dn, IgnitePutGetTxBenchmark, -sn, IgniteNode, -ds, 2.0.0-SNAPSHOT-0be92732-tx-optim-repRead-put-get-1-backup, --config, yardstick/config/run.properties, --logsFolder, /home/ubuntu/date-2504-204359-s-4-c-1-ver-2.0.0-SNAPSHOT-0be92732/yardstick/bin/../output/logs-20170425-204411/logs_drivers, --currentFolder, /home/ubuntu/date-2504-204359-s-4-c-1-ver-2.0.0-SNAPSHOT-0be92732, --scriptsFolder, /home/ubuntu/date-2504-204359-s-4-c-1-ver-2.0.0-SNAPSHOT-0be92732/yardstick/bin], probeWriter='null', customProps={ver=2.0.0-SNAPSHOT-0be92732- , b=1, d=300, SERVER_HOSTS=172.31.45.250,172.31.38.80,172.31.41.141,172.31.42.161, now0=`date +'%H%M%S'`, j=10, nodesNum=$((`echo ${SERVER_HOSTS} | tr ',' '' | wc -l` + `echo ${DRIVER_HOSTS} | tr ',' '' | wc -l`)), JVM_OPTS=${JVM_OPTS}" -Xms6g -Xmx6g -Xloggc:./gc${now0}.log -XX:+PrintGCDetails -verbose:gc -XX:+UseParNewGC -XX:+UseConcMarkSweepGC ", CONFIGS="-cfg ${SCRIPT_DIR}/../config/ignite-config.xml -nn ${nodesNum} -b ${b} -w ${w} -d ${d} -t ${t} -sm ${sm}  --client -dn IgnitePutBenchmark -sn IgniteNode -wom PRIMARY -ds ${ver}atomic-put-${b}-backup,-cfg ${SCRIPT_DIR}/../config/ignite-config.xml -nn ${nodesNum} -b ${b} -w ${w} -d ${d} -t ${t} -sm ${sm}  --client -dn IgnitePutGetBenchmark -sn IgniteNode -wom PRIMARY -ds ${ver}atomic-put-get-${b}-backup,-cfg ${SCRIPT_DIR}/../config/ignite-config.xml -nn ${nodesNum} -b ${b} -w ${w} -d ${d} -t ${t} -sm ${sm} -bs 6  --client -dn IgnitePutGetBatchBenchmark -wom PRIMARY -sn IgniteNode -ds ${ver}atomic-put-get-bs-6-${b}-backup,-cfg ${SCRIPT_DIR}/../config/ignite-config.xml -nn ${nodesNum} -b ${b} -w ${w} -d ${d} -t ${t} -sm ${sm}  --client -dn IgnitePutTxImplicitBenchmark -sn IgniteNode -ds ${ver}tx-optimistic-put-${b}-backup,-cfg ${SCRIPT_DIR}/../config/ignite-config.xml -nn ${nodesNum} -b ${b} -w ${w} -d ${d} -t ${t} -sm ${sm} -txc OPTIMISTIC  --client -dn IgnitePutGetTxBenchmark -sn IgniteNode -ds ${ver}tx-optim-repRead-put-get-${b}-backup,-cfg ${SCRIPT_DIR}/../config/ignite-config.xml -nn ${nodesNum} -b ${b} -w ${w} -d ${d} -t ${t} -sm ${sm} -txc PESSIMISTIC  --client -dn IgnitePutGetTxBenchmark -sn IgniteNode -ds ${ver}tx-pessim-repRead-put-get-${b}-backup,-cfg ${SCRIPT_DIR}/../config/ignite-config.xml -nn ${nodesNum} -b ${b} -w ${w} -d ${d} -t ${t} -sm ${sm} -txc OPTIMISTIC -txi SERIALIZABLE  --client -dn IgnitePutGetTxBenchmark -sn IgniteNode -ds ${ver}tx-opt-serial-put-get-${b}-backup,-cfg ${SCRIPT_DIR}/../config/ignite-config.xml -nn ${nodesNum} -b ${b} -w ${w} -d ${d} -t ${t} -sm ${sm}  --client -dn IgniteSqlQueryBenchmark -sn IgniteNode -ds ${ver}sql-query-${b}-backup,-cfg ${SCRIPT_DIR}/../config/ignite-config.xml -nn ${nodesNum} -b ${b} -w ${w} -d ${d} -t ${t} -sm ${sm}  --client -dn IgniteSqlQueryPutBenchmark -sn IgniteNode -ds ${ver}sql-query-put-${b}-backup,-cfg ${SCRIPT_DIR}/../config/ignite-config.xml -nn ${nodesNum} -b ${b} -w ${w} -d ${d} -t ${t} -sm ${sm} -bs 6  --client -dn IgnitePutAllBenchmark -wom PRIMARY -sn IgniteNode -ds ${ver}atomic-putAll-bs-6-${b}-backup,-cfg ${SCRIPT_DIR}/../config/ignite-config.xml -nn ${nodesNum} -b ${b} -w ${w} -d ${d} -t ${t} -sm ${sm} -bs 6  --client -dn IgnitePutAllTxBenchmark -sn IgniteNode -ds ${ver}tx-putAll-bs-6-${b}-backup,-cfg ${SCRIPT_DIR}/../config/ignite-config.xml -nn ${nodesNum} -b ${b} -w ${w} -d ${d} -t ${t} -sm ${sm} -bs 6  --client -dn IgnitePutAllSerializableTxBenchmark -sn IgniteNode -ds ${ver}tx-putAllSerializable-bs-6-${b}-backup,-cfg ${SCRIPT_DIR}/../config/ignite-config.xml -nn ${nodesNum} -b ${b} -w ${w} -d ${d} -t ${t} -sm ${sm} -bs 6 -txc OPTIMISTIC   --client -dn IgniteGetAllPutAllTxBenchmark -sn IgniteNode -ds ${ver}tx-optimistic-getAllPutAll-bs-6-${b}-backup,-cfg ${SCRIPT_DIR}/../config/ignite-config.xml -nn ${nodesNum} -b ${b} -w ${w} -d ${d} -t ${t} -sm ${sm} -bs 6 -txc PESSIMISTIC  --client -dn IgniteGetAllPutAllTxBenchmark -sn IgniteNode -ds ${ver}tx-pessimistic-getAllPutAll-bs-6-${b}-backup,-cfg ${SCRIPT_DIR}/../config/ignite-config.xml -nn ${nodesNum} -b ${b} -w ${w} -d ${d} -t ${t} -sm ${sm} -bs 6 -txc OPTIMISTIC -txi SERIALIZABLE  --client -dn IgniteGetAllPutAllTxBenchmark -sn IgniteNode -ds ${ver}tx-opt-serializable-getAllPutAll-bs-6-${b}-backup,", DRIVER_HOSTS=172.31.46.6, t=64, BENCHMARK_PACKAGES=org.yardstickframework,org.apache.ignite.yardstick, w=60, sm=FULL_SYNC, AUTO_COPY=false, RESTART_SERVERS=true}, shutdownHook=true, currentFolder=/home/ubuntu/date-2504-204359-s-4-c-1-ver-2.0.0-SNAPSHOT-0be92732, scriptsFolder=/home/ubuntu/date-2504-204359-s-4-c-1-ver-2.0.0-SNAPSHOT-0be92732/yardstick/bin, logsFolder=/home/ubuntu/date-2504-204359-s-4-c-1-ver-2.0.0-SNAPSHOT-0be92732/yardstick/bin/../output/logs-20170425-204411/logs_drivers, outputFolder=/home/ubuntu/date-2504-204359-s-4-c-1-ver-2.0.0-SNAPSHOT-0be92732/yardstick/bin/../output/results-20170425-204411, outputWriter=java.io.PrintStream@31595905, errorWriter=java.io.PrintStream@3f9eb15e, descriptions=[2.0.0-SNAPSHOT-0be92732-tx-optim-repRead-put-get-1-backup], hostName=]
--Description: 2.0.0-SNAPSHOT-0be92732-tx-optim-repRead-put-get-1-backup
@@IgnitePutGetTxBenchmark
**"Time, sec","Operations/sec (more is better)","Latency, nsec (less is better)"
1493154603,39295.00,1622801.40
1493154604,42120.00,1517335.17
1493154605,39791.00,1606550.18
1493154606,39213.00,1630309.11
1493154607,42973.00,1487950.59
1493154608,38117.00,1677843.05
1493154609,41207.00,1549141.25
1493154610,40753.00,1572260.78
1493154611,35609.00,1796118.48
1493154612,39584.00,1615900.69
1493154613,35070.00,1823168.96
1493154614,35646.00,1794839.57
1493154615,41345.00,1478312.36
1493154616,42523.00,1570929.82
1493154617,38761.00,1650260.22
1493154618,39980.00,1599526.34
1493154619,39335.00,1626495.70
1493154620,42370.00,1509651.02
1493154621,40768.00,1489132.85
1493154622,41190.00,1631689.34
1493154623,40450.00,1581716.27
1493154624,43283.00,1477597.50
1493154625,42056.00,1520751.05
1493154626,40623.00,1574798.79
1493154627,38571.00,1658252.66
1493154628,41525.00,1540415.08
1493154629,39874.00,1604372.02
1493154630,40161.00,1592660.67
1493154631,43822.00,1459447.92
1493154632,37998.00,1683665.22
1493154633,43355.00,1474624.41
1493154634,40576.00,1577123.00
1493154635,39333.00,1626456.16
1493154636,42474.00,1506012.40
1493154637,39192.00,1632204.33
1493154638,40818.00,1566844.94
1493154639,41529.00,1540482.52
1493154640,40573.00,1576480.13
1493154641,38604.00,1596483.74
1493154642,37683.00,1759927.98
1493154643,39386.00,1624158.64
1493154644,39146.00,1634162.67
1493154645,43943.00,1455321.04
1493154646,40180.00,1592512.09
1493154647,40038.00,1597446.23
1493154648,39331.00,1626906.86
1493154649,42682.00,1498586.75
1493154650,42678.00,1498858.51
1493154651,41084.00,1556727.69
1493154652,35224.00,1816201.79
1493154653,44334.00,1442907.71
1493154654,43114.00,1483882.06
1493154655,40030.00,1598034.62
1493154656,44818.00,1427031.47
1493154657,35726.00,1791033.68
1493154658,43076.00,1484702.32
1493154659,44992.00,1421927.39
1493154660,38958.00,1642032.52
1493154661,32999.00,1938514.34
1493154662,38982.00,1639091.86
1493154663,41581.00,1540228.13
1493154664,39024.00,1639388.93
1493154665,43924.00,1456382.30
1493154666,35600.00,1791731.33
1493154667,41133.00,1559722.66
1493154668,41223.00,1551843.79
1493154669,37776.00,1693403.41
1493154670,41514.00,1540859.86
1493154671,39908.00,1602957.91
1493154672,40156.00,1593097.96
1493154673,44115.00,1450212.46
1493154674,37078.00,1724903.21
1493154675,32288.00,1981583.02
1493154676,39316.00,1627139.44
1493154677,40084.00,1596096.70
1493154678,41404.00,1545031.07
1493154679,40449.00,1581605.58
1493154680,40696.00,1571765.18
1493154681,44651.00,1432491.56
1493154682,39897.00,1603165.72
1493154683,39521.00,1618595.99
1493154684,41697.00,1534293.69
1493154685,40196.00,1590944.02
1493154686,42759.00,1496268.14
1493154687,38021.00,1596304.40
1493154688,39255.00,1712932.17
1493154689,42325.00,1511559.15
1493154690,43033.00,1486334.13
1493154691,42478.00,1506152.58
1493154692,38802.00,1648637.33
1493154693,40667.00,1573215.11
1493154694,40706.00,1571599.50
1493154695,40644.00,1573788.50
1493154696,36397.00,1757115.42
1493154697,37314.00,1697481.24
1493154698,42336.00,1561386.21
1493154699,40418.00,1582527.34
1493154700,43418.00,1444033.78
1493154701,41612.00,1588431.08
1493154702,40510.00,1578908.04
1493154703,39751.00,1609566.69
1493154704,42759.00,1495692.75
1493154705,43039.00,1486432.14
1493154706,39286.00,1628665.09
1493154707,43377.00,1474403.92
1493154708,38689.00,1653752.55
1493154709,37487.00,1706381.79
1493154710,33487.00,1910809.40
1493154711,41676.00,1534517.99
1493154712,43210.00,1480402.52
1493154713,38563.00,1658947.77
1493154714,42717.00,1497530.60
1493154715,37375.00,1711514.89
1493154716,43124.00,1483425.27
1493154717,42145.00,1517174.46
1493154718,38670.00,1655087.09
1493154719,40359.00,1584944.20
1493154720,39561.00,1617009.60
1493154721,39975.00,1600167.73
1493154722,36753.00,1740784.50
1493154723,41006.00,1559925.87
1493154724,37489.00,1706579.17
1493154725,44477.00,1438035.25
1493154726,41569.00,1539049.03
1493154727,38891.00,1645002.95
1493154728,39502.00,1619105.53
1493154729,40157.00,1592885.59
1493154730,41796.00,1530465.43
1493154731,40667.00,1573278.80
1493154732,42744.00,1496648.73
1493154733,35639.00,1794680.80
1493154734,43318.00,1476834.57
1493154735,41700.00,1534183.89
1493154736,32770.00,1952225.14
1493154737,37867.00,1689218.06
1493154738,37912.00,1687712.40
1493154739,43605.00,1466823.20
1493154740,42346.00,1510779.04
1493154741,40463.00,1580894.51
1493154742,42124.00,1518595.55
1493154743,37402.00,1710537.65
1493154744,42910.00,1490400.16
1493154745,41460.00,1543082.12
1493154746,40308.00,1586996.61
1493154747,39722.00,1610271.18
1493154748,40531.00,1578461.00
1493154749,43290.00,1477571.52
1493154750,42044.00,1521504.82
1493154751,39310.00,1627194.83
1493154752,40348.00,1585416.06
1493154753,42286.00,1512933.15
1493154754,43530.00,1469756.57
1493154755,38383.00,1666443.21
1493154756,41395.00,1545172.65
1493154757,43352.00,1475837.05
1493154758,40760.00,1569403.69
1493154759,40237.00,1589853.87
1493154760,42789.00,1494971.11
1493154761,39403.00,1615580.01
1493154762,44396.00,1447873.94
1493154763,39539.00,1617882.43
1493154764,37867.00,1689337.04
1493154765,42162.00,1517153.52
1493154766,43268.00,1478415.76
1493154767,43063.00,1485416.44
1493154768,38444.00,1664151.92
1493154769,43109.00,1484211.01
1493154770,39131.00,1634013.84
1493154771,43194.00,1481612.10
1493154772,40711.00,1570823.10
1493154773,36186.00,1768296.36
1493154774,39491.00,1619842.52
1493154775,43357.00,1475096.85
1493154776,44814.00,1427801.42
1493154777,38628.00,1584394.24
1493154778,40059.00,1665876.22
1493154779,41142.00,1554502.97
1493154780,42155.00,1517722.28
1493154781,39189.00,1632613.31
1493154782,36579.00,1748095.16
1493154783,39895.00,1604110.81
1493154784,40217.00,1590495.29
1493154785,44533.00,1436564.07
1493154786,40437.00,1581922.66
1493154787,41128.00,1555340.91
1493154788,39592.00,1615474.35
1493154789,41993.00,1523599.44
1493154790,42084.00,1519870.25
1493154791,40441.00,1582264.17
1493154792,43282.00,1471207.08
1493154793,39534.00,1625387.81
1493154794,43228.00,1479450.09
1493154795,40731.00,1570677.35
1493154796,41647.00,1536190.74
1493154797,35233.00,1815690.87
1493154798,35089.00,1823132.62
1493154799,40072.00,1510712.62
1493154800,42600.00,1582487.74
1493154801,41827.00,1526796.79
1493154802,42160.00,1566722.57
1493154803,42216.00,1480583.05
1493154804,39807.00,1643844.45
1493154805,39743.00,1609598.34
1493154806,39183.00,1632706.31
1493154807,43227.00,1479777.14
1493154808,37054.00,1726472.81
1493154809,39392.00,1623891.93
1493154810,39911.00,1602802.18
1493154811,37147.00,1722270.24
1493154812,41151.00,1554457.67
1493154813,38757.00,1650630.20
1493154814,39856.00,1605221.65
1493154815,40448.00,1581171.24
1493154816,36661.00,1745108.06
1493154817,40877.00,1555037.21
1493154818,38575.00,1668767.74
1493154819,37330.00,1712888.14
1493154820,38980.00,1642067.75
1493154821,37042.00,1727016.49
1493154822,37269.00,1716668.28
1493154823,43460.00,1471882.84
1493154824,38444.00,1664080.81
1493154825,40385.00,1583880.55
1493154826,44270.00,1444791.77
1493154827,40423.00,1582812.85
1493154828,43159.00,1481845.52
1493154829,39942.00,1601788.37
1493154830,39119.00,1635348.11
1493154831,42196.00,1515932.62
1493154832,43461.00,1471702.19
1493154833,40616.00,1575120.94
1493154834,39957.00,1600951.70
1493154835,41444.00,1477148.56
1493154836,42647.00,1564413.94
1493154837,44906.00,1424539.37
1493154838,40425.00,1582420.16
1493154839,37532.00,1704511.29
1493154840,40410.00,1583201.59
1493154841,38215.00,1673651.26
1493154842,37209.00,1719501.91
1493154843,39165.00,1633369.56
1493154844,40779.00,1568707.24
1493154845,41540.00,1539965.18
1493154846,43292.00,1477606.58
1493154847,40996.00,1560486.12
1493154848,40776.00,1568709.93
1493154849,38365.00,1667558.00
1493154850,43157.00,1482339.80
1493154851,44703.00,1430593.31
1493154852,37630.00,1699990.63
1493154853,40723.00,1571030.57
1493154854,42426.00,1507913.71
1493154855,43190.00,1481210.06
1493154856,40345.00,1585574.79
1493154857,41882.00,1527329.56
1493154858,40796.00,1567750.30
1493154859,32906.00,1944350.17
1493154860,40255.00,1589077.12
1493154861,40482.00,1580533.83
1493154862,39125.00,1634859.45
1493154863,43258.00,1478683.36
1493154864,43097.00,1474461.79
1493154865,42686.00,1508635.39
1493154866,36794.00,1738343.45
1493154867,40405.00,1583540.25
1493154868,41094.00,1556838.37
1493154869,42707.00,1497384.27
1493154870,38183.00,1675568.66
1493154871,38156.00,1676607.37
1493154872,42472.00,1506188.13
1493154873,42021.00,1522312.52
1493154874,44157.00,1448575.59
1493154875,33054.00,1935494.30
1493154876,39845.00,1605325.05
1493154877,42761.00,1496049.55
1493154878,42082.00,1520111.96
1493154879,44337.00,1442650.44
1493154880,31903.00,2005436.54
1493154881,42180.00,1516719.52
1493154882,44864.00,1425879.72
1493154883,43217.00,1480039.16
1493154884,38925.00,1577614.23
1493154885,38270.00,1738545.24
1493154886,43114.00,1483509.37
1493154887,43169.00,1481611.70
1493154888,43740.00,1462579.49
1493154889,34723.00,1842691.79
1493154890,40903.00,1563871.01
1493154891,44384.00,1441145.44
1493154892,43650.00,1465495.91
1493154893,38397.00,1665881.82
1493154894,42029.00,1522116.60
1493154895,41315.00,1548302.65
1493154896,43225.00,1479890.00
1493154897,44980.00,1421969.90
1493154898,35935.00,1780450.69
1493154899,43354.00,1422320.14
1493154900,41255.00,1607979.18
1493154901,37772.00,1694245.56
1493154902,37046.00,1726975.21
