--Probe dump file for probe: org.yardstickframework.probes.DStatProbe@4007f65e (class org.yardstickframework.probes.DStatProbe)
--Created Tue Apr 25 22:24:34 UTC 2017
--Benchmark config: BenchmarkConfiguration [memberId='0', driverNames='[HazelcastSetGetBenchmark]', serverName='HazelcastNode', threads=64, duration=300, warmup=60, dfltProbeClsNames=[ThroughputLatencyProbe, PercentileProbe, DStatProbe], propsFileName='yardstick/config/run.properties', packages=[org.yardstickframework], cmdArgs=[--outputFolder, /home/ubuntu/date-2504-221749-s-4-c-1-ver-3.8.1-f1e9264/yardstick/bin/../output/results-20170425-221800, -id, 0, -hzcfg, /home/ubuntu/date-2504-221749-s-4-c-1-ver-3.8.1-f1e9264/yardstick/bin/../config/hz-config.xml, --hzClientConfig, /home/ubuntu/date-2504-221749-s-4-c-1-ver-3.8.1-f1e9264/yardstick/bin/../config/hz-client-config.xml, --clientMode, -nn, 4, -b, 1, -w, 60, -d, 300, -t, 64, --syncBackups, --readBackups, -dn, HazelcastSetGetBenchmark, -sn, HazelcastNode, -ds, 3.8.1-f1e9264-atomic-set-get-1-backup, --config, yardstick/config/run.properties, --logsFolder, /home/ubuntu/date-2504-221749-s-4-c-1-ver-3.8.1-f1e9264/yardstick/bin/../output/logs-20170425-221800/logs_drivers, --currentFolder, /home/ubuntu/date-2504-221749-s-4-c-1-ver-3.8.1-f1e9264, --scriptsFolder, /home/ubuntu/date-2504-221749-s-4-c-1-ver-3.8.1-f1e9264/yardstick/bin], probeWriter='null', customProps={ver=3.8.1-f1e9264-, b=1, d=300, SERVER_HOSTS=172.31.45.250,172.31.38.80,172.31.41.141,172.31.42.161, now0=`date +'%H%M%S'`, nodesNum=$((`echo ${SERVER_HOSTS} | tr ',' '' | wc -l`)), JVM_OPTS=${JVM_OPTS}" -Xms6g -Xmx6g -Xloggc:./gc${now0}.log -XX:+PrintGCDetails -verbose:gc -XX:+UseParNewGC -XX:+UseConcMarkSweepGC ", CONFIGS="-hzcfg ${SCRIPT_DIR}/../config/hz-config.xml --hzClientConfig ${SCRIPT_DIR}/../config/hz-client-config.xml --clientMode -nn ${nodesNum} -b ${b} -w ${w} -d ${d} -t ${t}  ${sm} --readBackups -dn HazelcastSetBenchmark -sn HazelcastNode -ds ${ver}atomic-set-1-backup,-hzcfg ${SCRIPT_DIR}/../config/hz-config.xml --hzClientConfig ${SCRIPT_DIR}/../config/hz-client-config.xml --clientMode -nn ${nodesNum} -b ${b} -w ${w} -d ${d} -t ${t}  ${sm} --readBackups -dn HazelcastSetGetBenchmark -sn HazelcastNode -ds ${ver}atomic-set-get-1-backup,-hzcfg ${SCRIPT_DIR}/../config/hz-config.xml --hzClientConfig ${SCRIPT_DIR}/../config/hz-client-config.xml --clientMode -nn ${nodesNum} -b ${b} -w ${w} -d ${d} -t ${t}  ${sm} --readBackups -bs 6 -dn HazelcastPutGetBatchBenchmark -sn HazelcastNode -ds ${ver}atomic-set-get-bs-6-1-backup,-hzcfg ${SCRIPT_DIR}/../config/hz-config.xml --hzClientConfig ${SCRIPT_DIR}/../config/hz-client-config.xml --clientMode -nn ${nodesNum} -b ${b} -w ${w} -d ${d} -t ${t}  ${sm} --readBackups -dn HazelcastSetTxBenchmark -sn HazelcastNode -ds ${ver}tx-set-pessimistic-1-backup,-hzcfg ${SCRIPT_DIR}/../config/hz-config.xml --hzClientConfig ${SCRIPT_DIR}/../config/hz-client-config.xml --clientMode -nn ${nodesNum} -b ${b} -w ${w} -d ${d} -t ${t}  ${sm} --readBackups -dn HazelcastSetGetTxOptimisticBenchmark -sn HazelcastNode -ds ${ver}tx-set-get-opt-1-backup,-hzcfg ${SCRIPT_DIR}/../config/hz-config.xml --hzClientConfig ${SCRIPT_DIR}/../config/hz-client-config.xml --clientMode -nn ${nodesNum} -b ${b} -w ${w} -d ${d} -t ${t}  ${sm} --readBackups -dn HazelcastSetGetTxPessimisticBenchmark -sn HazelcastNode -ds ${ver}tx-set-get-pes-1-backup,-hzcfg ${SCRIPT_DIR}/../config/hz-config.xml --hzClientConfig ${SCRIPT_DIR}/../config/hz-client-config.xml --clientMode -nn ${nodesNum} -b ${b} -w ${w} -d ${d} -t ${t}  ${sm} --readBackups -dn HazelcastSqlQueryBenchmark -sn HazelcastNode -ds ${ver}sql-query-1-backup,-hzcfg ${SCRIPT_DIR}/../config/hz-config.xml --hzClientConfig ${SCRIPT_DIR}/../config/hz-client-config.xml --clientMode -nn ${nodesNum} -b ${b} -w ${w} -d ${d} -t ${t}  ${sm} --readBackups -dn HazelcastSqlQuerySetBenchmark -sn HazelcastNode -ds ${ver}sql-query-set-1-backup,-hzcfg ${SCRIPT_DIR}/../config/hz-config.xml --hzClientConfig ${SCRIPT_DIR}/../config/hz-client-config.xml --clientMode -nn ${nodesNum} -b ${b} -w ${w} -d ${d} -t ${t}  ${sm} --readBackups -bs 6 -dn HazelcastPutAllBenchmark -sn HazelcastNode -ds ${ver}atomic-setAll-bs-6-1-backup,-hzcfg ${SCRIPT_DIR}/../config/hz-config.xml --hzClientConfig ${SCRIPT_DIR}/../config/hz-client-config.xml --clientMode -nn ${nodesNum} -b ${b} -w ${w} -d ${d} -t ${t}  ${sm} --readBackups -bs 6 -dn HazelcastSetAllTxBenchmark -sn HazelcastNode -ds ${ver}tx-setAll-bs-6-1-backup,-hzcfg ${SCRIPT_DIR}/../config/hz-config.xml --hzClientConfig ${SCRIPT_DIR}/../config/hz-client-config.xml --clientMode -nn ${nodesNum} -b ${b} -w ${w} -d ${d} -t ${t}  ${sm} --readBackups -bs 6 -dn HazelcastGetAllSetAllTxOptimisticBenchmark -sn HazelcastNode -ds ${ver}tx-optimistic-getAllSetAll-bs-6-1-backup,-hzcfg ${SCRIPT_DIR}/../config/hz-config.xml --hzClientConfig ${SCRIPT_DIR}/../config/hz-client-config.xml --clientMode -nn ${nodesNum} -b ${b} -w ${w} -d ${d} -t ${t}  ${sm} --readBackups -bs 6 -dn HazelcastGetAllSetAllTxPessimisticBenchmark -sn HazelcastNode -ds ${ver}tx-pessimistic-getAllSetAll-bs-6-1-backup,", DRIVER_HOSTS=172.31.46.6, t=64, BENCHMARK_PACKAGES=org.yardstickframework, w=60, BENCHMARK_LABEL=hazelcast, sm="--syncBackups", AUTO_COPY=false, RESTART_SERVERS=true}, shutdownHook=true, currentFolder=/home/ubuntu/date-2504-221749-s-4-c-1-ver-3.8.1-f1e9264, scriptsFolder=/home/ubuntu/date-2504-221749-s-4-c-1-ver-3.8.1-f1e9264/yardstick/bin, logsFolder=/home/ubuntu/date-2504-221749-s-4-c-1-ver-3.8.1-f1e9264/yardstick/bin/../output/logs-20170425-221800/logs_drivers, outputFolder=/home/ubuntu/date-2504-221749-s-4-c-1-ver-3.8.1-f1e9264/yardstick/bin/../output/results-20170425-221800, outputWriter=java.io.PrintStream@3a92b7c2, errorWriter=java.io.PrintStream@3ead2448, descriptions=[3.8.1-f1e9264-atomic-set-get-1-backup], hostName=]
--Description: 3.8.1-f1e9264-atomic-set-get-1-backup
@@HazelcastSetGetBenchmark
**"Time, sec","Memory Used, KB","Memory Buffered, KB","Memory Cached, KB","Memory Free, KB","CPU User, %","CPU System, %","CPU Idle, %","CPU Wait, %","CPU Hardware Interrupts","CPU Software Interrupts","Disk Read, B","Disk Write, B","Network Receive, B","Network Send, B","Page In, B","Page Out, B","System Interrupts, per sec","System Context Switches, per sec"
1493159135,1187840.00,160768.00,5297152.00,56203673.60,1.00,4.00,92.00,0.00,0.00,3.00,0.00,0.00,9152512.00,13631488.00,0.00,0.00,271360.00,287744.00
1493159136,1188864.00,160768.00,5297152.00,56203673.60,8.00,4.00,85.00,0.00,0.00,3.00,0.00,163840.00,9032704.00,13631488.00,0.00,0.00,251904.00,276480.00
1493159137,1189888.00,160768.00,5297152.00,56203673.60,4.00,2.00,92.00,0.00,0.00,2.00,0.00,0.00,8475648.00,12582912.00,0.00,0.00,258048.00,269312.00
1493159138,1189888.00,160768.00,5297152.00,56203673.60,2.00,3.00,94.00,0.00,0.00,1.00,0.00,0.00,8979456.00,13631488.00,0.00,0.00,268288.00,282624.00
1493159139,1189888.00,160768.00,5297152.00,56203673.60,3.00,3.00,92.00,0.00,0.00,2.00,0.00,0.00,8475648.00,12582912.00,0.00,0.00,249856.00,266240.00
1493159140,1189888.00,160768.00,5297152.00,56203673.60,1.00,3.00,95.00,0.00,0.00,1.00,0.00,0.00,8476672.00,12582912.00,0.00,0.00,243712.00,262144.00
1493159141,1188864.00,160768.00,5297152.00,56203673.60,2.00,3.00,93.00,0.00,0.00,1.00,0.00,237568.00,8616960.00,12582912.00,0.00,0.00,249856.00,266240.00
1493159142,1189888.00,160768.00,5297152.00,56203673.60,3.00,3.00,92.00,0.00,0.00,2.00,0.00,0.00,9048064.00,13631488.00,0.00,0.00,262144.00,279552.00
1493159143,1190912.00,160768.00,5297152.00,56203673.60,2.00,4.00,92.00,0.00,0.00,2.00,0.00,0.00,9031680.00,13631488.00,0.00,0.00,269312.00,284672.00
1493159144,1189888.00,160768.00,5297152.00,56203673.60,3.00,4.00,91.00,0.00,0.00,2.00,0.00,0.00,9052160.00,13631488.00,0.00,0.00,263168.00,279552.00
1493159145,1189888.00,160768.00,5297152.00,56203673.60,3.00,4.00,91.00,0.00,0.00,2.00,0.00,0.00,9019392.00,13631488.00,0.00,0.00,267264.00,282624.00
1493159146,1189888.00,160768.00,5297152.00,56203673.60,1.00,4.00,93.00,0.00,0.00,2.00,0.00,327680.00,9290752.00,13631488.00,0.00,0.00,271360.00,287744.00
1493159147,1189888.00,160768.00,5297152.00,56203673.60,4.00,3.00,92.00,0.00,0.00,1.00,0.00,0.00,9129984.00,13631488.00,0.00,0.00,265216.00,281600.00
1493159148,1190912.00,160768.00,5297152.00,56203673.60,2.00,4.00,93.00,0.00,0.00,2.00,0.00,0.00,8392704.00,12582912.00,0.00,0.00,246784.00,261120.00
1493159149,1189888.00,160768.00,5297152.00,56203673.60,3.00,3.00,92.00,0.00,0.00,2.00,0.00,0.00,8353792.00,12582912.00,0.00,0.00,248832.00,262144.00
1493159150,1189888.00,160768.00,5297152.00,56203673.60,3.00,4.00,93.00,0.00,0.00,1.00,0.00,0.00,8587264.00,12582912.00,0.00,0.00,257024.00,269312.00
1493159151,1189888.00,160768.00,5297152.00,56203673.60,1.00,4.00,93.00,0.00,0.00,2.00,0.00,204800.00,8904704.00,13631488.00,0.00,0.00,267264.00,282624.00
1493159152,1188864.00,160768.00,5297152.00,56203673.60,3.00,5.00,89.00,0.00,0.00,3.00,0.00,0.00,8071168.00,12582912.00,0.00,0.00,260096.00,268288.00
1493159153,1190912.00,160768.00,5297152.00,56203673.60,1.00,4.00,93.00,0.00,0.00,2.00,0.00,0.00,9157632.00,13631488.00,0.00,0.00,268288.00,285696.00
1493159154,1189888.00,160768.00,5297152.00,56203673.60,4.00,5.00,90.00,0.00,0.00,2.00,0.00,0.00,9168896.00,13631488.00,0.00,0.00,270336.00,286720.00
1493159155,1189888.00,160768.00,5297152.00,56203673.60,2.00,3.00,93.00,0.00,0.00,2.00,0.00,0.00,9368576.00,13631488.00,0.00,0.00,265216.00,283648.00
1493159156,1189888.00,160768.00,5297152.00,56203673.60,1.00,3.00,93.00,0.00,0.00,2.00,0.00,663552.00,8740864.00,12582912.00,0.00,0.00,251904.00,270336.00
1493159157,1189888.00,160768.00,5297152.00,56203673.60,3.00,4.00,90.00,0.00,0.00,3.00,0.00,0.00,9219072.00,13631488.00,0.00,0.00,269312.00,286720.00
1493159158,1189888.00,160768.00,5297152.00,56203673.60,2.00,3.00,94.00,0.00,0.00,2.00,0.00,0.00,8612864.00,12582912.00,0.00,0.00,249856.00,265216.00
1493159159,1190912.00,160768.00,5297152.00,56203673.60,4.00,4.00,90.00,0.00,0.00,2.00,0.00,0.00,8701952.00,12582912.00,0.00,0.00,247808.00,267264.00
1493159160,1189888.00,160768.00,5297152.00,56203673.60,3.00,3.00,93.00,0.00,0.00,2.00,0.00,0.00,8185856.00,12582912.00,0.00,0.00,252928.00,262144.00
1493159161,1190912.00,160768.00,5297152.00,56203673.60,2.00,3.00,94.00,0.00,0.00,1.00,0.00,131072.00,8728576.00,13631488.00,0.00,0.00,266240.00,278528.00
1493159162,1189888.00,160768.00,5297152.00,56203673.60,3.00,3.00,92.00,0.00,0.00,2.00,0.00,0.00,9001984.00,13631488.00,0.00,0.00,265216.00,283648.00
1493159163,1189888.00,160768.00,5297152.00,56203673.60,1.00,3.00,94.00,0.00,0.00,2.00,0.00,0.00,9424896.00,13631488.00,0.00,0.00,270336.00,288768.00
1493159164,1189888.00,160768.00,5297152.00,56203673.60,5.00,3.00,90.00,0.00,0.00,1.00,0.00,0.00,9046016.00,13631488.00,0.00,0.00,262144.00,279552.00
1493159165,1190912.00,160768.00,5297152.00,56203673.60,3.00,3.00,92.00,0.00,0.00,2.00,0.00,0.00,8602624.00,12582912.00,0.00,0.00,257024.00,270336.00
1493159166,1190912.00,160768.00,5297152.00,56203673.60,1.00,3.00,92.00,0.00,0.00,3.00,0.00,163840.00,8508416.00,12582912.00,0.00,0.00,261120.00,270336.00
1493159167,1192960.00,160768.00,5297152.00,56203673.60,3.00,4.00,91.00,0.00,0.00,2.00,0.00,0.00,8698880.00,12582912.00,0.00,0.00,256000.00,271360.00
1493159168,1193984.00,160768.00,5297152.00,56203673.60,1.00,3.00,94.00,0.00,0.00,2.00,0.00,0.00,8962048.00,13631488.00,0.00,0.00,264192.00,276480.00
1493159169,1193984.00,160768.00,5297152.00,56203673.60,4.00,4.00,89.00,0.00,0.00,3.00,0.00,0.00,9198592.00,13631488.00,0.00,0.00,269312.00,286720.00
1493159170,1195008.00,160768.00,5297152.00,56203673.60,4.00,4.00,91.00,0.00,0.00,2.00,0.00,0.00,8848384.00,13631488.00,0.00,0.00,266240.00,278528.00
1493159171,1196032.00,160768.00,5297152.00,56203673.60,2.00,3.00,92.00,0.00,0.00,2.00,0.00,221184.00,8958976.00,13631488.00,0.00,0.00,262144.00,278528.00
1493159172,1192960.00,160768.00,5297152.00,56203673.60,3.00,5.00,89.00,0.00,0.00,3.00,0.00,0.00,8434688.00,12582912.00,0.00,0.00,259072.00,270336.00
1493159173,1192960.00,160768.00,5297152.00,56203673.60,1.00,2.00,95.00,0.00,0.00,2.00,0.00,0.00,8621056.00,12582912.00,0.00,0.00,253952.00,268288.00
1493159174,1190912.00,160768.00,5297152.00,56203673.60,3.00,3.00,91.00,0.00,0.00,2.00,0.00,0.00,8691712.00,12582912.00,0.00,0.00,260096.00,271360.00
1493159175,1190912.00,160768.00,5297152.00,56203673.60,3.00,4.00,92.00,0.00,0.00,1.00,0.00,0.00,8483840.00,12582912.00,0.00,0.00,246784.00,263168.00
1493159176,1191936.00,160768.00,5297152.00,56203673.60,1.00,3.00,94.00,0.00,0.00,2.00,0.00,270336.00,9082880.00,13631488.00,0.00,0.00,261120.00,279552.00
1493159177,1191936.00,160768.00,5297152.00,56203673.60,3.00,3.00,93.00,0.00,0.00,1.00,0.00,0.00,7361536.00,11534336.00,0.00,0.00,219136.00,230400.00
1493159178,1191936.00,160768.00,5297152.00,56203673.60,1.00,4.00,93.00,0.00,0.00,2.00,0.00,0.00,7798784.00,11534336.00,0.00,0.00,239616.00,249856.00
1493159179,1191936.00,160768.00,5297152.00,56203673.60,3.00,5.00,90.00,0.00,0.00,2.00,0.00,0.00,9168896.00,13631488.00,0.00,0.00,269312.00,285696.00
1493159180,1191936.00,160768.00,5297152.00,56203673.60,1.00,6.00,91.00,0.00,0.00,2.00,0.00,0.00,9067520.00,13631488.00,0.00,0.00,273408.00,287744.00
1493159181,1191936.00,160768.00,5297152.00,56203673.60,3.00,5.00,89.00,0.00,0.00,3.00,0.00,286720.00,8937472.00,13631488.00,0.00,0.00,265216.00,282624.00
1493159182,1191936.00,160768.00,5297152.00,56203673.60,3.00,3.00,92.00,0.00,0.00,2.00,0.00,0.00,8922112.00,13631488.00,0.00,0.00,259072.00,275456.00
1493159183,1192960.00,160768.00,5297152.00,56203673.60,2.00,5.00,90.00,0.00,0.00,3.00,0.00,0.00,8936448.00,13631488.00,0.00,0.00,267264.00,281600.00
1493159184,1192960.00,160768.00,5297152.00,56203673.60,3.00,4.00,90.00,0.00,0.00,2.00,0.00,0.00,8709120.00,12582912.00,0.00,0.00,259072.00,272384.00
1493159185,1192960.00,160768.00,5297152.00,56203673.60,1.00,4.00,93.00,0.00,0.00,2.00,0.00,0.00,9001984.00,13631488.00,0.00,0.00,257024.00,273408.00
1493159186,1191936.00,160768.00,5297152.00,56203673.60,3.00,4.00,91.00,0.00,0.00,1.00,0.00,221184.00,8879104.00,13631488.00,0.00,0.00,260096.00,274432.00
1493159187,1191936.00,160768.00,5297152.00,56203673.60,4.00,4.00,91.00,0.00,0.00,2.00,0.00,0.00,9128960.00,13631488.00,0.00,0.00,267264.00,283648.00
1493159188,1191936.00,160768.00,5297152.00,56203673.60,1.00,3.00,94.00,0.00,0.00,1.00,0.00,0.00,9240576.00,13631488.00,0.00,0.00,270336.00,286720.00
1493159189,1191936.00,160768.00,5297152.00,56203673.60,3.00,5.00,89.00,0.00,0.00,3.00,0.00,0.00,8865792.00,13631488.00,0.00,0.00,267264.00,281600.00
1493159190,1192960.00,160768.00,5297152.00,56203673.60,3.00,3.00,92.00,0.00,0.00,2.00,0.00,0.00,9099264.00,13631488.00,0.00,0.00,266240.00,282624.00
1493159191,1192960.00,160768.00,5297152.00,56203673.60,1.00,3.00,94.00,0.00,0.00,1.00,0.00,647168.00,8953856.00,13631488.00,0.00,0.00,260096.00,276480.00
1493159192,1190912.00,160768.00,5297152.00,56203673.60,3.00,3.00,92.00,0.00,0.00,2.00,0.00,0.00,9350144.00,13631488.00,0.00,0.00,272384.00,289792.00
1493159193,1191936.00,160768.00,5297152.00,56203673.60,1.00,3.00,94.00,0.00,0.00,2.00,0.00,0.00,8568832.00,12582912.00,0.00,0.00,252928.00,267264.00
1493159194,1191936.00,160768.00,5297152.00,56203673.60,3.00,3.00,93.00,0.00,0.00,1.00,0.00,0.00,9026560.00,13631488.00,0.00,0.00,262144.00,279552.00
1493159195,1192960.00,160768.00,5297152.00,56203673.60,3.00,5.00,89.00,0.00,0.00,3.00,0.00,0.00,8879104.00,13631488.00,0.00,0.00,269312.00,282624.00
1493159196,1191936.00,160768.00,5297152.00,56203673.60,1.00,5.00,90.00,0.00,0.00,3.00,0.00,0.00,9121792.00,13631488.00,0.00,0.00,274432.00,289792.00
1493159197,1191936.00,160768.00,5297152.00,56203673.60,3.00,6.00,87.00,0.00,0.00,4.00,0.00,131072.00,8644608.00,12582912.00,0.00,0.00,268288.00,279552.00
1493159198,1192960.00,160768.00,5297152.00,56203673.60,2.00,4.00,92.00,0.00,0.00,3.00,0.00,0.00,9378816.00,13631488.00,0.00,0.00,272384.00,289792.00
1493159199,1192960.00,160768.00,5297152.00,56203673.60,3.00,4.00,90.00,0.00,0.00,3.00,0.00,0.00,8462336.00,12582912.00,0.00,0.00,253952.00,268288.00
1493159200,1193984.00,160768.00,5297152.00,56203673.60,4.00,4.00,90.00,0.00,0.00,2.00,0.00,0.00,8997888.00,13631488.00,0.00,0.00,264192.00,280576.00
1493159201,1195008.00,160768.00,5297152.00,56203673.60,2.00,3.00,93.00,0.00,0.00,2.00,0.00,16384.00,9253888.00,13631488.00,0.00,0.00,263168.00,281600.00
1493159202,1196032.00,160768.00,5297152.00,56203673.60,3.00,3.00,93.00,0.00,0.00,1.00,0.00,147456.00,8600576.00,12582912.00,0.00,0.00,246784.00,263168.00
1493159203,1195008.00,160768.00,5297152.00,56203673.60,2.00,4.00,91.00,0.00,0.00,2.00,0.00,0.00,9005056.00,13631488.00,0.00,0.00,261120.00,278528.00
1493159204,1195008.00,160768.00,5297152.00,56203673.60,3.00,5.00,90.00,0.00,0.00,2.00,0.00,0.00,9219072.00,13631488.00,0.00,0.00,266240.00,284672.00
1493159205,1193984.00,160768.00,5297152.00,56203673.60,4.00,4.00,90.00,0.00,0.00,2.00,0.00,0.00,9318400.00,13631488.00,0.00,0.00,270336.00,287744.00
1493159206,1195008.00,160768.00,5297152.00,56203673.60,1.00,5.00,90.00,0.00,0.00,3.00,0.00,90112.00,9163776.00,13631488.00,0.00,0.00,273408.00,288768.00
1493159207,1193984.00,160768.00,5297152.00,56203673.60,3.00,3.00,92.00,0.00,0.00,2.00,0.00,188416.00,8867840.00,13631488.00,0.00,0.00,254976.00,273408.00
1493159208,1193984.00,160768.00,5297152.00,56203673.60,4.00,2.00,92.00,0.00,0.00,2.00,0.00,0.00,8649728.00,12582912.00,0.00,0.00,252928.00,268288.00
1493159209,1195008.00,160768.00,5297152.00,56203673.60,1.00,3.00,94.00,0.00,0.00,2.00,0.00,0.00,9168896.00,13631488.00,0.00,0.00,264192.00,285696.00
1493159210,1195008.00,160768.00,5297152.00,56203673.60,4.00,4.00,91.00,0.00,0.00,2.00,0.00,0.00,9178112.00,13631488.00,0.00,0.00,270336.00,285696.00
1493159211,1193984.00,160768.00,5297152.00,56203673.60,1.00,5.00,92.00,0.00,0.00,2.00,0.00,57344.00,8574976.00,12582912.00,0.00,0.00,253952.00,269312.00
1493159212,1193984.00,160768.00,5297152.00,56203673.60,3.00,3.00,93.00,0.00,0.00,1.00,0.00,172032.00,8952832.00,13631488.00,0.00,0.00,259072.00,273408.00
1493159213,1195008.00,160768.00,5297152.00,56203673.60,3.00,4.00,92.00,0.00,0.00,1.00,0.00,0.00,9056256.00,13631488.00,0.00,0.00,261120.00,278528.00
1493159214,1195008.00,160768.00,5297152.00,56203673.60,1.00,4.00,93.00,0.00,0.00,2.00,0.00,0.00,8301568.00,12582912.00,0.00,0.00,249856.00,261120.00
1493159215,1193984.00,160768.00,5297152.00,56203673.60,2.00,2.00,95.00,0.00,0.00,1.00,0.00,0.00,6896640.00,10485760.00,0.00,0.00,211968.00,220160.00
1493159216,1193984.00,160768.00,5297152.00,56203673.60,1.00,3.00,94.00,0.00,0.00,2.00,0.00,106496.00,8204288.00,12582912.00,0.00,0.00,246784.00,260096.00
1493159217,1193984.00,160768.00,5297152.00,56203673.60,2.00,3.00,93.00,0.00,0.00,2.00,0.00,188416.00,8128512.00,12582912.00,0.00,0.00,242688.00,257024.00
1493159218,1193984.00,160768.00,5297152.00,56203673.60,2.00,5.00,91.00,0.00,0.00,2.00,0.00,0.00,8656896.00,12582912.00,0.00,0.00,264192.00,277504.00
1493159219,1193984.00,160768.00,5297152.00,56203673.60,3.00,4.00,90.00,0.00,0.00,3.00,0.00,0.00,8602624.00,12582912.00,0.00,0.00,262144.00,273408.00
1493159220,1195008.00,160768.00,5297152.00,56203673.60,0.00,3.00,95.00,0.00,0.00,2.00,0.00,0.00,7575552.00,11534336.00,0.00,0.00,239616.00,246784.00
1493159221,1195008.00,160768.00,5297152.00,56203673.60,3.00,3.00,92.00,0.00,0.00,2.00,0.00,8192.00,8431616.00,12582912.00,0.00,0.00,256000.00,268288.00
1493159222,1195008.00,160768.00,5297152.00,56203673.60,2.00,3.00,93.00,0.00,0.00,2.00,0.00,131072.00,8522752.00,12582912.00,0.00,0.00,254976.00,268288.00
1493159223,1193984.00,160768.00,5297152.00,56203673.60,1.00,3.00,94.00,0.00,0.00,2.00,0.00,0.00,8854528.00,13631488.00,0.00,0.00,261120.00,276480.00
1493159224,1195008.00,160768.00,5297152.00,56203673.60,3.00,4.00,92.00,0.00,0.00,1.00,0.00,0.00,9085952.00,13631488.00,0.00,0.00,264192.00,282624.00
1493159225,1195008.00,160768.00,5297152.00,56203673.60,1.00,4.00,93.00,0.00,0.00,3.00,0.00,0.00,8495104.00,12582912.00,0.00,0.00,256000.00,269312.00
1493159226,1195008.00,160768.00,5297152.00,56203673.60,3.00,5.00,90.00,0.00,0.00,2.00,0.00,475136.00,8840192.00,13631488.00,0.00,0.00,266240.00,279552.00
1493159227,1193984.00,160768.00,5297152.00,56203673.60,3.00,5.00,90.00,0.00,0.00,2.00,0.00,147456.00,8941568.00,13631488.00,0.00,0.00,266240.00,280576.00
1493159228,1195008.00,160768.00,5297152.00,56203673.60,2.00,5.00,90.00,0.00,0.00,3.00,0.00,0.00,9043968.00,13631488.00,0.00,0.00,271360.00,285696.00
1493159229,1195008.00,160768.00,5297152.00,56203673.60,3.00,3.00,93.00,0.00,0.00,1.00,0.00,0.00,8687616.00,12582912.00,0.00,0.00,249856.00,268288.00
1493159230,1195008.00,160768.00,5297152.00,56203673.60,1.00,3.00,94.00,0.00,0.00,2.00,0.00,0.00,9119744.00,13631488.00,0.00,0.00,268288.00,286720.00
1493159231,1195008.00,160768.00,5297152.00,56203673.60,2.00,4.00,92.00,0.00,0.00,2.00,0.00,16384.00,8896512.00,13631488.00,0.00,0.00,257024.00,274432.00
1493159232,1195008.00,160768.00,5297152.00,56203673.60,4.00,3.00,90.00,0.00,0.00,2.00,0.00,147456.00,8980480.00,13631488.00,0.00,0.00,269312.00,284672.00
1493159233,1193984.00,160768.00,5297152.00,56203673.60,1.00,2.00,96.00,0.00,0.00,1.00,0.00,0.00,9027584.00,13631488.00,0.00,0.00,262144.00,282624.00
1493159234,1195008.00,160768.00,5297152.00,56203673.60,3.00,3.00,92.00,0.00,0.00,1.00,0.00,0.00,8712192.00,12582912.00,0.00,0.00,257024.00,272384.00
1493159235,1195008.00,160768.00,5297152.00,56203673.60,3.00,3.00,92.00,0.00,0.00,2.00,0.00,0.00,8968192.00,13631488.00,0.00,0.00,265216.00,281600.00
1493159236,1195008.00,160768.00,5297152.00,56203673.60,1.00,3.00,95.00,0.00,0.00,2.00,0.00,0.00,9501696.00,14680064.00,0.00,0.00,276480.00,292864.00
1493159237,1195008.00,160768.00,5297152.00,56203673.60,3.00,4.00,92.00,0.00,0.00,2.00,0.00,131072.00,9167872.00,13631488.00,0.00,0.00,273408.00,287744.00
1493159238,1195008.00,160768.00,5297152.00,56203673.60,2.00,3.00,94.00,0.00,0.00,1.00,0.00,0.00,7958528.00,11534336.00,0.00,0.00,239616.00,250880.00
1493159239,1195008.00,160768.00,5297152.00,56203673.60,2.00,3.00,94.00,0.00,0.00,1.00,0.00,0.00,7225344.00,10485760.00,0.00,0.00,218112.00,228352.00
1493159240,1195008.00,160768.00,5297152.00,56203673.60,1.00,2.00,95.00,0.00,0.00,2.00,0.00,0.00,8578048.00,12582912.00,0.00,0.00,254976.00,267264.00
1493159241,1195008.00,160768.00,5297152.00,56203673.60,3.00,3.00,91.00,0.00,0.00,2.00,0.00,57344.00,8952832.00,13631488.00,0.00,0.00,270336.00,283648.00
1493159242,1195008.00,160768.00,5297152.00,56203673.60,3.00,2.00,92.00,0.00,0.00,2.00,0.00,180224.00,8633344.00,12582912.00,0.00,0.00,254976.00,269312.00
1493159243,1195008.00,160768.00,5297152.00,56203673.60,1.00,4.00,93.00,0.00,0.00,2.00,0.00,0.00,9261056.00,13631488.00,0.00,0.00,273408.00,288768.00
1493159244,1195008.00,160768.00,5297152.00,56203673.60,3.00,3.00,93.00,0.00,0.00,2.00,0.00,0.00,9399296.00,13631488.00,0.00,0.00,273408.00,289792.00
1493159245,1195008.00,160768.00,5297152.00,56203673.60,3.00,5.00,90.00,0.00,0.00,2.00,0.00,0.00,8960000.00,13631488.00,0.00,0.00,267264.00,282624.00
1493159246,1195008.00,160768.00,5297152.00,56203673.60,1.00,3.00,95.00,0.00,0.00,2.00,0.00,98304.00,9088000.00,13631488.00,0.00,0.00,273408.00,285696.00
1493159247,1195008.00,160768.00,5297152.00,56203673.60,2.00,2.00,95.00,0.00,0.00,1.00,0.00,188416.00,8197120.00,12582912.00,0.00,0.00,242688.00,257024.00
1493159248,1195008.00,160768.00,5297152.00,56203673.60,0.00,3.00,94.00,0.00,0.00,2.00,0.00,0.00,8498176.00,12582912.00,0.00,0.00,263168.00,273408.00
1493159249,1195008.00,160768.00,5297152.00,56203673.60,3.00,4.00,91.00,0.00,0.00,2.00,0.00,0.00,9008128.00,13631488.00,0.00,0.00,267264.00,281600.00
1493159250,1195008.00,160768.00,5297152.00,56203673.60,3.00,4.00,90.00,0.00,0.00,3.00,0.00,0.00,8998912.00,13631488.00,0.00,0.00,269312.00,283648.00
1493159251,1195008.00,160768.00,5297152.00,56203673.60,1.00,4.00,93.00,0.00,0.00,2.00,0.00,81920.00,8820736.00,13631488.00,0.00,0.00,262144.00,277504.00
1493159252,1195008.00,160768.00,5297152.00,56203673.60,3.00,4.00,91.00,0.00,0.00,2.00,0.00,221184.00,9207808.00,13631488.00,0.00,0.00,270336.00,287744.00
1493159253,1195008.00,160768.00,5297152.00,56203673.60,1.00,4.00,93.00,0.00,0.00,2.00,0.00,0.00,8989696.00,13631488.00,0.00,0.00,270336.00,282624.00
1493159254,1195008.00,160768.00,5297152.00,56203673.60,3.00,5.00,90.00,0.00,0.00,2.00,0.00,0.00,8989696.00,13631488.00,0.00,0.00,270336.00,284672.00
1493159255,1196032.00,160768.00,5297152.00,56203673.60,4.00,3.00,92.00,0.00,0.00,2.00,0.00,0.00,8865792.00,13631488.00,0.00,0.00,256000.00,272384.00
1493159256,1195008.00,160768.00,5297152.00,56203673.60,0.00,4.00,94.00,0.00,0.00,2.00,0.00,16384.00,8964096.00,13631488.00,0.00,0.00,263168.00,279552.00
1493159257,1195008.00,160768.00,5297152.00,56203673.60,3.00,2.00,94.00,0.00,0.00,1.00,0.00,155648.00,8727552.00,12582912.00,0.00,0.00,252928.00,269312.00
1493159258,1195008.00,160768.00,5297152.00,56203673.60,1.00,3.00,94.00,0.00,0.00,1.00,0.00,0.00,9308160.00,13631488.00,0.00,0.00,277504.00,290816.00
1493159259,1195008.00,160768.00,5297152.00,56203673.60,3.00,3.00,93.00,0.00,0.00,1.00,0.00,0.00,8699904.00,12582912.00,0.00,0.00,257024.00,271360.00
1493159260,1195008.00,160768.00,5297152.00,56203673.60,3.00,3.00,92.00,0.00,0.00,1.00,0.00,0.00,9274368.00,13631488.00,0.00,0.00,269312.00,287744.00
1493159261,1195008.00,160768.00,5297152.00,56203673.60,1.00,3.00,94.00,0.00,0.00,1.00,0.00,483328.00,9503744.00,14680064.00,0.00,0.00,275456.00,292864.00
1493159262,1193984.00,160768.00,5297152.00,56203673.60,3.00,3.00,91.00,0.00,0.00,2.00,0.00,147456.00,9371648.00,13631488.00,0.00,0.00,271360.00,287744.00
1493159263,1195008.00,160768.00,5297152.00,56203673.60,3.00,4.00,91.00,0.00,0.00,2.00,0.00,0.00,9371648.00,13631488.00,0.00,0.00,268288.00,286720.00
1493159264,1195008.00,160768.00,5297152.00,56203673.60,1.00,3.00,94.00,0.00,0.00,2.00,0.00,0.00,8706048.00,12582912.00,0.00,0.00,253952.00,269312.00
1493159265,1193984.00,160768.00,5297152.00,56203673.60,3.00,3.00,92.00,0.00,0.00,2.00,0.00,0.00,9297920.00,13631488.00,0.00,0.00,269312.00,286720.00
1493159266,1195008.00,160768.00,5297152.00,56203673.60,1.00,4.00,93.00,0.00,0.00,2.00,0.00,24576.00,8892416.00,13631488.00,0.00,0.00,264192.00,278528.00
1493159267,1193984.00,160768.00,5297152.00,56203673.60,3.00,4.00,92.00,0.00,0.00,1.00,0.00,163840.00,9231360.00,13631488.00,0.00,0.00,269312.00,283648.00
1493159268,1195008.00,160768.00,5297152.00,56203673.60,2.00,3.00,93.00,0.00,0.00,2.00,0.00,0.00,8491008.00,12582912.00,0.00,0.00,248832.00,264192.00
1493159269,1195008.00,160768.00,5297152.00,56203673.60,1.00,4.00,93.00,0.00,0.00,3.00,0.00,0.00,8988672.00,13631488.00,0.00,0.00,263168.00,281600.00
1493159270,1193984.00,160768.00,5297152.00,56203673.60,2.00,4.00,92.00,0.00,0.00,3.00,0.00,0.00,9214976.00,13631488.00,0.00,0.00,268288.00,287744.00
1493159271,1195008.00,160768.00,5297152.00,56203673.60,1.00,6.00,89.00,0.00,0.00,4.00,0.00,0.00,8798208.00,13631488.00,0.00,0.00,272384.00,283648.00
1493159272,1195008.00,160768.00,5297152.00,56203673.60,3.00,4.00,91.00,0.00,0.00,3.00,0.00,131072.00,9384960.00,13631488.00,0.00,0.00,267264.00,286720.00
1493159273,1195008.00,160768.00,5297152.00,56203673.60,3.00,4.00,91.00,0.00,0.00,3.00,0.00,0.00,8349696.00,12582912.00,0.00,0.00,247808.00,263168.00
1493159274,1195008.00,160768.00,5297152.00,56203673.60,2.00,5.00,91.00,0.00,0.00,2.00,0.00,0.00,9266176.00,13631488.00,0.00,0.00,273408.00,286720.00
1493159275,1195008.00,160768.00,5297152.00,56203673.60,3.00,4.00,90.00,0.00,0.00,3.00,0.00,0.00,8728576.00,12582912.00,0.00,0.00,258048.00,272384.00
1493159276,1195008.00,160768.00,5297152.00,56203673.60,3.00,2.00,93.00,0.00,0.00,2.00,0.00,81920.00,8880128.00,13631488.00,0.00,0.00,258048.00,273408.00
1493159277,1195008.00,160768.00,5297152.00,56203673.60,1.00,3.00,94.00,0.00,0.00,1.00,0.00,147456.00,9297920.00,13631488.00,0.00,0.00,274432.00,289792.00
1493159278,1195008.00,160768.00,5297152.00,56203673.60,3.00,3.00,93.00,0.00,0.00,2.00,0.00,0.00,9205760.00,13631488.00,0.00,0.00,268288.00,287744.00
1493159279,1195008.00,160768.00,5297152.00,56203673.60,1.00,3.00,96.00,0.00,0.00,1.00,0.00,0.00,9373696.00,13631488.00,0.00,0.00,267264.00,289792.00
1493159280,1195008.00,160768.00,5297152.00,56203673.60,2.00,3.00,94.00,0.00,0.00,1.00,0.00,0.00,8296448.00,12582912.00,0.00,0.00,257024.00,266240.00
1493159281,1195008.00,160768.00,5297152.00,56203673.60,2.00,1.00,95.00,0.00,0.00,1.00,0.00,57344.00,8537088.00,12582912.00,0.00,0.00,254976.00,270336.00
1493159282,1195008.00,160768.00,5297152.00,56203673.60,1.00,3.00,94.00,0.00,0.00,2.00,0.00,180224.00,8370176.00,12582912.00,0.00,0.00,253952.00,265216.00
1493159283,1195008.00,160768.00,5297152.00,56203673.60,2.00,3.00,92.00,0.00,0.00,2.00,0.00,0.00,8991744.00,13631488.00,0.00,0.00,265216.00,282624.00
1493159284,1195008.00,160768.00,5297152.00,56203673.60,1.00,3.00,95.00,0.00,0.00,1.00,0.00,0.00,8905728.00,13631488.00,0.00,0.00,253952.00,272384.00
1493159285,1195008.00,160768.00,5297152.00,56203673.60,3.00,3.00,92.00,0.00,0.00,2.00,0.00,0.00,8463360.00,12582912.00,0.00,0.00,251904.00,268288.00
1493159286,1193984.00,160768.00,5297152.00,56203673.60,3.00,2.00,94.00,0.00,0.00,1.00,0.00,73728.00,8294400.00,12582912.00,0.00,0.00,265216.00,272384.00
1493159287,1195008.00,160768.00,5297152.00,56203673.60,1.00,3.00,91.00,2.00,0.00,2.00,0.00,204800.00,8622080.00,12582912.00,0.00,0.00,268288.00,277504.00
1493159288,1195008.00,160768.00,5297152.00,56203673.60,3.00,3.00,94.00,0.00,0.00,1.00,0.00,0.00,9241600.00,13631488.00,0.00,0.00,268288.00,285696.00
1493159289,1195008.00,160768.00,5298176.00,56203673.60,1.00,5.00,91.00,0.00,0.00,2.00,0.00,0.00,8992768.00,13631488.00,0.00,0.00,272384.00,285696.00
1493159290,1195008.00,160768.00,5298176.00,56203673.60,2.00,3.00,93.00,0.00,0.00,2.00,0.00,0.00,8675328.00,12582912.00,0.00,0.00,260096.00,272384.00
1493159291,1193984.00,160768.00,5298176.00,56203673.60,2.00,3.00,93.00,0.00,0.00,2.00,0.00,16384.00,8182784.00,12582912.00,0.00,0.00,245760.00,258048.00
1493159292,1195008.00,160768.00,5298176.00,56203673.60,2.00,3.00,93.00,0.00,0.00,2.00,0.00,155648.00,8715264.00,13631488.00,0.00,0.00,272384.00,280576.00
1493159293,1193984.00,160768.00,5298176.00,56203673.60,3.00,3.00,93.00,0.00,0.00,1.00,0.00,0.00,8669184.00,12582912.00,0.00,0.00,253952.00,269312.00
1493159294,1193984.00,160768.00,5298176.00,56203673.60,1.00,4.00,93.00,0.00,0.00,2.00,0.00,0.00,8767488.00,13631488.00,0.00,0.00,264192.00,277504.00
1493159295,1195008.00,160768.00,5298176.00,56203673.60,3.00,5.00,89.00,0.00,0.00,3.00,0.00,0.00,8439808.00,12582912.00,0.00,0.00,262144.00,273408.00
1493159296,1195008.00,160768.00,5298176.00,56203673.60,1.00,4.00,92.00,0.00,0.00,2.00,0.00,483328.00,8888320.00,13631488.00,0.00,0.00,269312.00,282624.00
1493159297,1195008.00,160768.00,5298176.00,56203673.60,3.00,5.00,90.00,0.00,0.00,2.00,0.00,147456.00,9112576.00,13631488.00,0.00,0.00,274432.00,287744.00
1493159298,1195008.00,160768.00,5298176.00,56203673.60,3.00,4.00,90.00,0.00,0.00,3.00,0.00,0.00,9034752.00,13631488.00,0.00,0.00,274432.00,286720.00
1493159299,1193984.00,160768.00,5298176.00,56203673.60,1.00,3.00,93.00,0.00,0.00,2.00,0.00,0.00,8647680.00,12582912.00,0.00,0.00,274432.00,282624.00
1493159300,1195008.00,160768.00,5298176.00,56203673.60,3.00,2.00,94.00,0.00,0.00,1.00,0.00,0.00,7182336.00,10485760.00,0.00,0.00,215040.00,226304.00
1493159301,1195008.00,160768.00,5298176.00,56203673.60,1.00,4.00,93.00,0.00,0.00,2.00,0.00,16384.00,7571456.00,11534336.00,0.00,0.00,231424.00,242688.00
1493159302,1195008.00,160768.00,5298176.00,56203673.60,3.00,3.00,91.00,0.00,0.00,3.00,0.00,155648.00,8460288.00,12582912.00,0.00,0.00,257024.00,268288.00
1493159303,1195008.00,160768.00,5298176.00,56203673.60,1.00,3.00,94.00,0.00,0.00,2.00,0.00,0.00,9205760.00,13631488.00,0.00,0.00,264192.00,282624.00
1493159304,1195008.00,160768.00,5298176.00,56203673.60,3.00,5.00,90.00,0.00,0.00,2.00,0.00,0.00,9127936.00,13631488.00,0.00,0.00,271360.00,286720.00
1493159305,1196032.00,160768.00,5298176.00,56203673.60,3.00,4.00,91.00,0.00,0.00,2.00,0.00,0.00,9251840.00,13631488.00,0.00,0.00,269312.00,286720.00
1493159306,1195008.00,160768.00,5298176.00,56203673.60,1.00,4.00,91.00,0.00,0.00,3.00,0.00,40960.00,9220096.00,13631488.00,0.00,0.00,276480.00,290816.00
1493159307,1195008.00,160768.00,5298176.00,56203673.60,3.00,5.00,90.00,0.00,0.00,2.00,0.00,131072.00,9236480.00,13631488.00,0.00,0.00,269312.00,287744.00
1493159308,1195008.00,160768.00,5298176.00,56203673.60,3.00,2.00,93.00,0.00,0.00,2.00,0.00,0.00,9012224.00,13631488.00,0.00,0.00,258048.00,274432.00
1493159309,1195008.00,160768.00,5298176.00,56203673.60,1.00,4.00,93.00,0.00,0.00,2.00,0.00,0.00,8893440.00,13631488.00,0.00,0.00,265216.00,279552.00
1493159310,1195008.00,160768.00,5298176.00,56203673.60,3.00,5.00,91.00,0.00,0.00,2.00,0.00,0.00,9127936.00,13631488.00,0.00,0.00,272384.00,285696.00
1493159311,1196032.00,160768.00,5298176.00,56203673.60,1.00,4.00,92.00,0.00,0.00,3.00,0.00,65536.00,8401920.00,12582912.00,0.00,0.00,250880.00,266240.00
1493159312,1195008.00,160768.00,5298176.00,56203673.60,3.00,5.00,90.00,0.00,0.00,3.00,0.00,196608.00,8953856.00,13631488.00,0.00,0.00,263168.00,279552.00
1493159313,1195008.00,160768.00,5298176.00,56203673.60,3.00,3.00,92.00,0.00,0.00,2.00,0.00,0.00,9414656.00,13631488.00,0.00,0.00,273408.00,288768.00
1493159314,1195008.00,160768.00,5298176.00,56203673.60,1.00,3.00,95.00,0.00,0.00,1.00,0.00,0.00,9378816.00,13631488.00,0.00,0.00,279552.00,293888.00
1493159315,1195008.00,160768.00,5298176.00,56203673.60,3.00,4.00,91.00,0.00,0.00,2.00,0.00,0.00,9209856.00,13631488.00,0.00,0.00,268288.00,283648.00
1493159316,1195008.00,160768.00,5298176.00,56203673.60,2.00,2.00,94.00,0.00,0.00,2.00,0.00,65536.00,9304064.00,13631488.00,0.00,0.00,269312.00,286720.00
1493159317,1195008.00,160768.00,5298176.00,56203673.60,2.00,3.00,92.00,0.00,0.00,3.00,0.00,188416.00,9101312.00,13631488.00,0.00,0.00,266240.00,281600.00
1493159318,1195008.00,160768.00,5298176.00,56203673.60,3.00,3.00,92.00,0.00,0.00,1.00,0.00,0.00,8916992.00,13631488.00,0.00,0.00,258048.00,276480.00
1493159319,1195008.00,160768.00,5298176.00,56203673.60,2.00,3.00,93.00,0.00,0.00,3.00,0.00,0.00,8428544.00,12582912.00,0.00,0.00,252928.00,265216.00
1493159320,1195008.00,160768.00,5298176.00,56203673.60,3.00,4.00,90.00,0.00,0.00,3.00,0.00,0.00,8932352.00,13631488.00,0.00,0.00,272384.00,284672.00
1493159321,1195008.00,160768.00,5298176.00,56203673.60,3.00,4.00,91.00,0.00,0.00,2.00,0.00,81920.00,9254912.00,13631488.00,0.00,0.00,271360.00,288768.00
1493159322,1195008.00,160768.00,5298176.00,56203673.60,2.00,3.00,92.00,0.00,0.00,3.00,0.00,221184.00,9491456.00,14680064.00,0.00,0.00,273408.00,292864.00
1493159323,1195008.00,160768.00,5298176.00,56203673.60,3.00,5.00,90.00,0.00,0.00,2.00,0.00,0.00,8950784.00,13631488.00,0.00,0.00,273408.00,285696.00
1493159324,1195008.00,160768.00,5298176.00,56203673.60,3.00,3.00,92.00,0.00,0.00,2.00,0.00,0.00,9261056.00,13631488.00,0.00,0.00,270336.00,288768.00
1493159325,1195008.00,160768.00,5298176.00,56203673.60,2.00,5.00,91.00,0.00,0.00,2.00,0.00,0.00,9502720.00,14680064.00,0.00,0.00,276480.00,291840.00
1493159326,1196032.00,160768.00,5298176.00,56203673.60,2.00,2.00,94.00,0.00,0.00,1.00,0.00,16384.00,8523776.00,12582912.00,0.00,0.00,251904.00,266240.00
1493159327,1195008.00,160768.00,5298176.00,56203673.60,1.00,4.00,93.00,0.00,0.00,2.00,0.00,155648.00,9324544.00,13631488.00,0.00,0.00,275456.00,291840.00
1493159328,1195008.00,160768.00,5298176.00,56203673.60,3.00,4.00,91.00,0.00,0.00,3.00,0.00,0.00,8397824.00,12582912.00,0.00,0.00,252928.00,264192.00
1493159329,1195008.00,160768.00,5298176.00,56203673.60,3.00,3.00,93.00,0.00,0.00,1.00,0.00,0.00,8718336.00,12582912.00,0.00,0.00,254976.00,271360.00
1493159330,1195008.00,160768.00,5298176.00,56203673.60,1.00,4.00,93.00,0.00,0.00,2.00,0.00,0.00,9194496.00,13631488.00,0.00,0.00,277504.00,290816.00
1493159331,1195008.00,160768.00,5298176.00,56203673.60,3.00,4.00,90.00,0.00,0.00,3.00,0.00,516096.00,8969216.00,13631488.00,0.00,0.00,269312.00,281600.00
1493159332,1195008.00,160768.00,5298176.00,56203673.60,1.00,5.00,91.00,0.00,0.00,3.00,0.00,147456.00,9051136.00,13631488.00,0.00,0.00,270336.00,286720.00
1493159333,1195008.00,160768.00,5298176.00,56203673.60,2.00,4.00,92.00,0.00,0.00,2.00,0.00,0.00,9339904.00,13631488.00,0.00,0.00,269312.00,288768.00
1493159334,1195008.00,160768.00,5298176.00,56203673.60,3.00,4.00,91.00,0.00,0.00,2.00,0.00,0.00,9115648.00,13631488.00,0.00,0.00,267264.00,281600.00
1493159335,1195008.00,160768.00,5298176.00,56203673.60,2.00,3.00,93.00,0.00,0.00,2.00,0.00,0.00,8696832.00,12582912.00,0.00,0.00,251904.00,269312.00
1493159336,1193984.00,160768.00,5298176.00,56203673.60,2.00,3.00,92.00,0.00,0.00,3.00,0.00,57344.00,8727552.00,12582912.00,0.00,0.00,261120.00,274432.00
1493159337,1195008.00,160768.00,5298176.00,56203673.60,1.00,4.00,92.00,0.00,0.00,3.00,0.00,155648.00,8839168.00,13631488.00,0.00,0.00,266240.00,280576.00
1493159338,1195008.00,160768.00,5298176.00,56203673.60,2.00,3.00,93.00,0.00,0.00,2.00,0.00,0.00,9371648.00,13631488.00,0.00,0.00,272384.00,288768.00
1493159339,1195008.00,160768.00,5298176.00,56203673.60,3.00,3.00,92.00,0.00,0.00,2.00,0.00,0.00,9327616.00,13631488.00,0.00,0.00,267264.00,287744.00
1493159340,1195008.00,160768.00,5298176.00,56203673.60,1.00,3.00,95.00,0.00,0.00,1.00,0.00,0.00,8446976.00,12582912.00,0.00,0.00,262144.00,271360.00
1493159341,1195008.00,160768.00,5298176.00,56203673.60,3.00,2.00,93.00,0.00,0.00,2.00,0.00,0.00,8711168.00,12582912.00,0.00,0.00,260096.00,275456.00
1493159342,1195008.00,160768.00,5298176.00,56203673.60,3.00,3.00,93.00,0.00,0.00,1.00,0.00,131072.00,8870912.00,13631488.00,0.00,0.00,263168.00,278528.00
1493159343,1195008.00,160768.00,5298176.00,56203673.60,1.00,4.00,93.00,0.00,0.00,2.00,0.00,0.00,8654848.00,12582912.00,0.00,0.00,263168.00,275456.00
1493159344,1195008.00,160768.00,5298176.00,56203673.60,3.00,4.00,91.00,0.00,0.00,2.00,0.00,0.00,8457216.00,12582912.00,0.00,0.00,260096.00,271360.00
1493159345,1195008.00,160768.00,5298176.00,56203673.60,1.00,3.00,93.00,0.00,0.00,3.00,0.00,0.00,8668160.00,12582912.00,0.00,0.00,265216.00,276480.00
1493159346,1195008.00,160768.00,5298176.00,56203673.60,4.00,3.00,91.00,0.00,0.00,2.00,0.00,65536.00,8484864.00,12582912.00,0.00,0.00,260096.00,269312.00
1493159347,1195008.00,160768.00,5298176.00,56203673.60,1.00,3.00,95.00,0.00,0.00,1.00,0.00,188416.00,8970240.00,13631488.00,0.00,0.00,265216.00,283648.00
1493159348,1195008.00,160768.00,5298176.00,56203673.60,3.00,3.00,92.00,0.00,0.00,2.00,0.00,0.00,8969216.00,13631488.00,0.00,0.00,270336.00,284672.00
1493159349,1195008.00,160768.00,5298176.00,56203673.60,3.00,3.00,92.00,0.00,0.00,1.00,0.00,0.00,8842240.00,13631488.00,0.00,0.00,269312.00,280576.00
1493159350,1196032.00,160768.00,5298176.00,56203673.60,1.00,4.00,91.00,0.00,0.00,3.00,0.00,0.00,9141248.00,13631488.00,0.00,0.00,275456.00,289792.00
1493159351,1193984.00,160768.00,5298176.00,56203673.60,3.00,4.00,91.00,0.00,0.00,2.00,0.00,65536.00,9154560.00,13631488.00,0.00,0.00,266240.00,284672.00
1493159352,1195008.00,160768.00,5298176.00,56203673.60,3.00,2.00,93.00,0.00,0.00,2.00,0.00,188416.00,8839168.00,13631488.00,0.00,0.00,260096.00,273408.00
1493159353,1195008.00,160768.00,5298176.00,56203673.60,2.00,4.00,93.00,0.00,0.00,2.00,0.00,0.00,8629248.00,12582912.00,0.00,0.00,252928.00,267264.00
1493159354,1195008.00,160768.00,5298176.00,56203673.60,3.00,3.00,93.00,0.00,0.00,1.00,0.00,0.00,9279488.00,13631488.00,0.00,0.00,272384.00,290816.00
1493159355,1195008.00,160768.00,5298176.00,56203673.60,1.00,3.00,94.00,0.00,0.00,1.00,0.00,0.00,8927232.00,13631488.00,0.00,0.00,266240.00,279552.00
1493159356,1195008.00,160768.00,5298176.00,56203673.60,2.00,3.00,91.00,0.00,0.00,3.00,0.00,73728.00,9178112.00,13631488.00,0.00,0.00,274432.00,289792.00
1493159357,1195008.00,160768.00,5298176.00,56203673.60,3.00,5.00,88.00,0.00,0.00,4.00,0.00,204800.00,8864768.00,13631488.00,0.00,0.00,274432.00,285696.00
1493159358,1195008.00,160768.00,5298176.00,56203673.60,1.00,4.00,93.00,0.00,0.00,3.00,0.00,0.00,9453568.00,13631488.00,0.00,0.00,279552.00,293888.00
1493159359,1195008.00,160768.00,5298176.00,56203673.60,3.00,3.00,92.00,0.00,0.00,3.00,0.00,0.00,9336832.00,13631488.00,0.00,0.00,269312.00,287744.00
1493159360,1195008.00,160768.00,5298176.00,56203673.60,3.00,4.00,91.00,0.00,0.00,2.00,0.00,0.00,9028608.00,13631488.00,0.00,0.00,274432.00,286720.00
1493159361,1195008.00,160768.00,5298176.00,56203673.60,1.00,3.00,94.00,0.00,0.00,2.00,0.00,294912.00,8109056.00,12582912.00,0.00,0.00,240640.00,252928.00
1493159362,1195008.00,160768.00,5298176.00,56203673.60,1.00,3.00,95.00,0.00,0.00,1.00,0.00,155648.00,6012928.00,9134080.00,0.00,0.00,200704.00,203776.00
1493159363,1195008.00,160768.00,5298176.00,56203673.60,2.00,3.00,93.00,0.00,0.00,2.00,0.00,0.00,7690240.00,11534336.00,0.00,0.00,248832.00,254976.00
1493159364,1195008.00,160768.00,5298176.00,56203673.60,2.00,3.00,93.00,0.00,0.00,2.00,0.00,0.00,8163328.00,12582912.00,0.00,0.00,249856.00,259072.00
1493159365,1195008.00,160768.00,5298176.00,56203673.60,1.00,6.00,89.00,0.00,0.00,3.00,0.00,0.00,9228288.00,13631488.00,0.00,0.00,279552.00,292864.00
1493159366,1195008.00,160768.00,5298176.00,56203673.60,3.00,3.00,92.00,0.00,0.00,2.00,0.00,212992.00,9457664.00,14680064.00,0.00,0.00,274432.00,290816.00
1493159367,1195008.00,160768.00,5298176.00,56203673.60,1.00,3.00,95.00,0.00,0.00,1.00,0.00,131072.00,8505344.00,12582912.00,0.00,0.00,271360.00,277504.00
1493159368,1195008.00,160768.00,5298176.00,56203673.60,3.00,4.00,92.00,0.00,0.00,1.00,0.00,0.00,9294848.00,13631488.00,0.00,0.00,271360.00,285696.00
1493159369,1195008.00,160768.00,5298176.00,56203673.60,3.00,3.00,93.00,0.00,0.00,1.00,0.00,0.00,9296896.00,13631488.00,0.00,0.00,271360.00,287744.00
1493159370,1195008.00,160768.00,5298176.00,56203673.60,1.00,3.00,95.00,0.00,0.00,1.00,0.00,0.00,8018944.00,11534336.00,0.00,0.00,242688.00,253952.00
1493159371,1195008.00,160768.00,5298176.00,56203673.60,2.00,1.00,95.00,0.00,0.00,1.00,0.00,16384.00,8708096.00,12582912.00,0.00,0.00,264192.00,277504.00
1493159372,1195008.00,160768.00,5298176.00,56203673.60,1.00,3.00,94.00,0.00,0.00,1.00,0.00,155648.00,9201664.00,13631488.00,0.00,0.00,269312.00,286720.00
1493159373,1195008.00,160768.00,5298176.00,56203673.60,3.00,3.00,93.00,0.00,0.00,1.00,0.00,0.00,8963072.00,13631488.00,0.00,0.00,257024.00,276480.00
1493159374,1195008.00,160768.00,5298176.00,56203673.60,3.00,3.00,91.00,0.00,0.00,2.00,0.00,0.00,9108480.00,13631488.00,0.00,0.00,271360.00,286720.00
1493159375,1193984.00,160768.00,5298176.00,56203673.60,1.00,2.00,96.00,0.00,0.00,1.00,0.00,0.00,8321024.00,12582912.00,0.00,0.00,273408.00,275456.00
1493159376,1195008.00,160768.00,5298176.00,56203673.60,3.00,3.00,92.00,0.00,0.00,2.00,0.00,0.00,8736768.00,13631488.00,0.00,0.00,267264.00,277504.00
1493159377,1193984.00,160768.00,5298176.00,56203673.60,1.00,3.00,94.00,0.00,0.00,1.00,0.00,131072.00,9285632.00,13631488.00,0.00,0.00,269312.00,287744.00
1493159378,1193984.00,160768.00,5298176.00,56203673.60,2.00,4.00,91.00,0.00,0.00,2.00,0.00,0.00,9097216.00,13631488.00,0.00,0.00,273408.00,286720.00
1493159379,1195008.00,160768.00,5298176.00,56203673.60,2.00,2.00,96.00,0.00,0.00,1.00,0.00,0.00,7351296.00,11534336.00,0.00,0.00,233472.00,239616.00
1493159380,1195008.00,160768.00,5298176.00,56203673.60,1.00,3.00,94.00,0.00,0.00,2.00,0.00,0.00,9237504.00,13631488.00,0.00,0.00,269312.00,285696.00
1493159381,1193984.00,160768.00,5298176.00,56203673.60,3.00,5.00,89.00,0.00,0.00,3.00,0.00,57344.00,9206784.00,13631488.00,0.00,0.00,273408.00,289792.00
1493159382,1195008.00,160768.00,5298176.00,56203673.60,2.00,3.00,93.00,0.00,0.00,2.00,0.00,188416.00,8965120.00,13631488.00,0.00,0.00,264192.00,277504.00
1493159383,1195008.00,160768.00,5298176.00,56203673.60,3.00,2.00,94.00,0.00,0.00,1.00,0.00,0.00,8403968.00,12582912.00,0.00,0.00,268288.00,272384.00
1493159384,1195008.00,160768.00,5298176.00,56203673.60,2.00,3.00,93.00,0.00,0.00,2.00,0.00,0.00,9367552.00,13631488.00,0.00,0.00,270336.00,287744.00
1493159385,1195008.00,160768.00,5298176.00,56203673.60,1.00,5.00,91.00,0.00,0.00,3.00,0.00,0.00,9165824.00,13631488.00,0.00,0.00,275456.00,290816.00
1493159386,1195008.00,160768.00,5298176.00,56203673.60,3.00,4.00,90.00,0.00,0.00,3.00,0.00,81920.00,9039872.00,13631488.00,0.00,0.00,269312.00,284672.00
1493159387,1195008.00,160768.00,5298176.00,56203673.60,3.00,3.00,90.00,3.00,0.00,1.00,0.00,188416.00,8356864.00,12582912.00,0.00,0.00,268288.00,274432.00
1493159388,1195008.00,160768.00,5298176.00,56203673.60,1.00,2.00,95.00,0.00,0.00,1.00,0.00,0.00,8272896.00,12582912.00,0.00,0.00,241664.00,256000.00
1493159389,1195008.00,160768.00,5298176.00,56203673.60,2.00,2.00,94.00,0.00,0.00,1.00,0.00,0.00,8809472.00,13631488.00,0.00,0.00,253952.00,271360.00
1493159390,1193984.00,160768.00,5298176.00,56203673.60,1.00,5.00,91.00,0.00,0.00,3.00,0.00,0.00,9210880.00,13631488.00,0.00,0.00,277504.00,290816.00
1493159391,1195008.00,160768.00,5298176.00,56203673.60,3.00,2.00,94.00,0.00,0.00,1.00,0.00,335872.00,8034304.00,12582912.00,0.00,0.00,253952.00,260096.00
1493159392,1195008.00,160768.00,5298176.00,56203673.60,1.00,3.00,94.00,0.00,0.00,1.00,0.00,196608.00,9110528.00,13631488.00,0.00,0.00,275456.00,288768.00
1493159393,1195008.00,160768.00,5298176.00,56203673.60,3.00,3.00,92.00,0.00,0.00,2.00,0.00,0.00,9458688.00,14680064.00,0.00,0.00,274432.00,291840.00
1493159394,1195008.00,160768.00,5298176.00,56203673.60,3.00,3.00,92.00,0.00,0.00,2.00,0.00,0.00,9419776.00,13631488.00,0.00,0.00,275456.00,289792.00
1493159395,1195008.00,160768.00,5298176.00,56203673.60,1.00,3.00,94.00,0.00,0.00,1.00,0.00,0.00,9520128.00,14680064.00,0.00,0.00,275456.00,292864.00
1493159396,1195008.00,160768.00,5298176.00,56203673.60,3.00,2.00,93.00,0.00,0.00,2.00,0.00,49152.00,8876032.00,13631488.00,0.00,0.00,258048.00,274432.00
1493159397,1195008.00,160768.00,5298176.00,56203673.60,2.00,3.00,92.00,0.00,0.00,2.00,0.00,131072.00,8556544.00,12582912.00,0.00,0.00,250880.00,263168.00
1493159398,1195008.00,160768.00,5298176.00,56203673.60,2.00,3.00,94.00,0.00,0.00,2.00,0.00,0.00,9598976.00,14680064.00,0.00,0.00,277504.00,294912.00
1493159399,1195008.00,160768.00,5298176.00,56203673.60,3.00,5.00,90.00,0.00,0.00,2.00,0.00,0.00,8694784.00,12582912.00,0.00,0.00,261120.00,275456.00
1493159400,1195008.00,160768.00,5298176.00,56203673.60,1.00,3.00,94.00,0.00,0.00,2.00,0.00,0.00,8519680.00,12582912.00,0.00,0.00,262144.00,272384.00
1493159401,1195008.00,160768.00,5298176.00,56203673.60,3.00,2.00,94.00,0.00,0.00,1.00,0.00,163840.00,7908352.00,11534336.00,0.00,0.00,253952.00,260096.00
1493159402,1195008.00,160768.00,5298176.00,56203673.60,5.00,2.00,91.00,0.00,0.00,2.00,0.00,155648.00,8270848.00,12582912.00,0.00,0.00,257024.00,267264.00
1493159403,1196032.00,160768.00,5298176.00,56203673.60,1.00,3.00,94.00,0.00,0.00,1.00,0.00,0.00,9290752.00,13631488.00,0.00,0.00,276480.00,289792.00
1493159404,1195008.00,160768.00,5298176.00,56203673.60,3.00,3.00,93.00,0.00,0.00,2.00,0.00,0.00,9219072.00,13631488.00,0.00,0.00,273408.00,288768.00
1493159405,1195008.00,160768.00,5298176.00,56203673.60,1.00,4.00,93.00,0.00,0.00,2.00,0.00,0.00,8670208.00,12582912.00,0.00,0.00,259072.00,274432.00
1493159406,1193984.00,160768.00,5298176.00,56203673.60,3.00,3.00,92.00,0.00,0.00,1.00,0.00,0.00,8616960.00,12582912.00,0.00,0.00,257024.00,268288.00
1493159407,1195008.00,160768.00,5298176.00,56203673.60,3.00,2.00,93.00,0.00,0.00,2.00,0.00,131072.00,8815616.00,13631488.00,0.00,0.00,265216.00,278528.00
1493159408,1195008.00,160768.00,5298176.00,56203673.60,2.00,3.00,93.00,0.00,0.00,1.00,0.00,0.00,8044544.00,12582912.00,0.00,0.00,250880.00,260096.00
1493159409,1196032.00,160768.00,5298176.00,56203673.60,3.00,3.00,93.00,0.00,0.00,1.00,0.00,0.00,8714240.00,13631488.00,0.00,0.00,268288.00,278528.00
1493159410,1195008.00,160768.00,5298176.00,56203673.60,1.00,2.00,97.00,0.00,0.00,1.00,0.00,0.00,8337408.00,12582912.00,0.00,0.00,262144.00,269312.00
1493159411,1195008.00,160768.00,5298176.00,56203673.60,2.00,3.00,94.00,0.00,0.00,1.00,0.00,0.00,8324096.00,12582912.00,0.00,0.00,256000.00,268288.00
1493159412,1193984.00,160768.00,5298176.00,56203673.60,3.00,3.00,91.00,0.00,0.00,2.00,0.00,131072.00,8990720.00,13631488.00,0.00,0.00,270336.00,282624.00
1493159413,1195008.00,160768.00,5298176.00,56203673.60,1.00,2.00,96.00,0.00,0.00,2.00,0.00,0.00,8512512.00,12582912.00,0.00,0.00,256000.00,268288.00
1493159414,1195008.00,160768.00,5298176.00,56203673.60,3.00,3.00,93.00,0.00,0.00,1.00,0.00,0.00,8534016.00,12582912.00,0.00,0.00,257024.00,270336.00
1493159415,1196032.00,160768.00,5298176.00,56203673.60,1.00,3.00,93.00,0.00,0.00,2.00,0.00,0.00,8075264.00,12582912.00,0.00,0.00,244736.00,257024.00
1493159416,1195008.00,160768.00,5298176.00,56203673.60,3.00,5.00,90.00,0.00,0.00,2.00,0.00,57344.00,8797184.00,13631488.00,0.00,0.00,268288.00,280576.00
1493159417,1195008.00,160768.00,5298176.00,56203673.60,1.00,2.00,95.00,0.00,0.00,1.00,0.00,188416.00,9136128.00,13631488.00,0.00,0.00,266240.00,284672.00
1493159418,1195008.00,160768.00,5298176.00,56203673.60,3.00,5.00,90.00,0.00,0.00,2.00,0.00,0.00,8512512.00,12582912.00,0.00,0.00,260096.00,271360.00
1493159419,1195008.00,160768.00,5298176.00,56203673.60,3.00,2.00,94.00,0.00,0.00,1.00,0.00,0.00,9344000.00,13631488.00,0.00,0.00,272384.00,286720.00
1493159420,1195008.00,160768.00,5298176.00,56203673.60,1.00,2.00,94.00,0.00,0.00,2.00,0.00,0.00,9359360.00,13631488.00,0.00,0.00,271360.00,290816.00
1493159421,1195008.00,160768.00,5298176.00,56203673.60,3.00,3.00,92.00,0.00,0.00,2.00,0.00,368640.00,9361408.00,13631488.00,0.00,0.00,269312.00,287744.00
1493159422,1195008.00,160768.00,5298176.00,56203673.60,4.00,3.00,90.00,0.00,0.00,2.00,0.00,204800.00,8826880.00,13631488.00,0.00,0.00,259072.00,275456.00
1493159423,1193984.00,160768.00,5298176.00,56203673.60,1.00,3.00,94.00,0.00,0.00,2.00,0.00,0.00,7507968.00,11534336.00,0.00,0.00,226304.00,238592.00
1493159424,1195008.00,160768.00,5298176.00,56203673.60,2.00,3.00,93.00,0.00,0.00,1.00,0.00,0.00,7955456.00,11534336.00,0.00,0.00,230400.00,244736.00
1493159425,1193984.00,160768.00,5298176.00,56203673.60,1.00,4.00,92.00,0.00,0.00,3.00,0.00,0.00,9299968.00,13631488.00,0.00,0.00,275456.00,290816.00
1493159426,1193984.00,160768.00,5298176.00,56203673.60,4.00,3.00,92.00,0.00,0.00,2.00,0.00,81920.00,9064448.00,13631488.00,0.00,0.00,260096.00,278528.00
1493159427,1195008.00,160768.00,5298176.00,56203673.60,4.00,3.00,92.00,0.00,0.00,1.00,0.00,172032.00,9442304.00,13631488.00,0.00,0.00,273408.00,291840.00
1493159428,1195008.00,160768.00,5298176.00,56203673.60,1.00,5.00,92.00,0.00,0.00,2.00,0.00,0.00,9266176.00,13631488.00,0.00,0.00,276480.00,291840.00
1493159429,1195008.00,160768.00,5298176.00,56203673.60,3.00,6.00,89.00,0.00,0.00,3.00,0.00,0.00,8592384.00,12582912.00,0.00,0.00,268288.00,279552.00
1493159430,1195008.00,160768.00,5298176.00,56203673.60,1.00,3.00,94.00,0.00,0.00,1.00,0.00,0.00,9282560.00,13631488.00,0.00,0.00,276480.00,290816.00
1493159431,1195008.00,160768.00,5298176.00,56203673.60,3.00,3.00,93.00,0.00,0.00,2.00,0.00,16384.00,8958976.00,13631488.00,0.00,0.00,260096.00,275456.00
1493159432,1193984.00,160768.00,5298176.00,56203673.60,2.00,3.00,93.00,0.00,0.00,1.00,0.00,155648.00,8643584.00,12582912.00,0.00,0.00,250880.00,267264.00
1493159433,1195008.00,160768.00,5298176.00,56203673.60,1.00,4.00,93.00,0.00,0.00,2.00,0.00,0.00,9287680.00,13631488.00,0.00,0.00,273408.00,288768.00
1493159434,1195008.00,160768.00,5298176.00,56203673.60,3.00,4.00,91.00,0.00,0.00,2.00,0.00,0.00,9273344.00,13631488.00,0.00,0.00,272384.00,288768.00
