--Probe dump file for probe: org.yardstickframework.probes.PercentileProbe@6f01b95f (class org.yardstickframework.probes.PercentileProbe)
--Created Tue Apr 25 22:24:34 UTC 2017
--Benchmark config: BenchmarkConfiguration [memberId='0', driverNames='[HazelcastSetGetBenchmark]', serverName='HazelcastNode', threads=64, duration=300, warmup=60, dfltProbeClsNames=[ThroughputLatencyProbe, PercentileProbe, DStatProbe], propsFileName='yardstick/config/run.properties', packages=[org.yardstickframework], cmdArgs=[--outputFolder, /home/ubuntu/date-2504-221749-s-4-c-1-ver-3.8.1-f1e9264/yardstick/bin/../output/results-20170425-221800, -id, 0, -hzcfg, /home/ubuntu/date-2504-221749-s-4-c-1-ver-3.8.1-f1e9264/yardstick/bin/../config/hz-config.xml, --hzClientConfig, /home/ubuntu/date-2504-221749-s-4-c-1-ver-3.8.1-f1e9264/yardstick/bin/../config/hz-client-config.xml, --clientMode, -nn, 4, -b, 1, -w, 60, -d, 300, -t, 64, --syncBackups, --readBackups, -dn, HazelcastSetGetBenchmark, -sn, HazelcastNode, -ds, 3.8.1-f1e9264-atomic-set-get-1-backup, --config, yardstick/config/run.properties, --logsFolder, /home/ubuntu/date-2504-221749-s-4-c-1-ver-3.8.1-f1e9264/yardstick/bin/../output/logs-20170425-221800/logs_drivers, --currentFolder, /home/ubuntu/date-2504-221749-s-4-c-1-ver-3.8.1-f1e9264, --scriptsFolder, /home/ubuntu/date-2504-221749-s-4-c-1-ver-3.8.1-f1e9264/yardstick/bin], probeWriter='null', customProps={ver=3.8.1-f1e9264-, b=1, d=300, SERVER_HOSTS=172.31.45.250,172.31.38.80,172.31.41.141,172.31.42.161, now0=`date +'%H%M%S'`, nodesNum=$((`echo ${SERVER_HOSTS} | tr ',' '' | wc -l`)), JVM_OPTS=${JVM_OPTS}" -Xms6g -Xmx6g -Xloggc:./gc${now0}.log -XX:+PrintGCDetails -verbose:gc -XX:+UseParNewGC -XX:+UseConcMarkSweepGC ", CONFIGS="-hzcfg ${SCRIPT_DIR}/../config/hz-config.xml --hzClientConfig ${SCRIPT_DIR}/../config/hz-client-config.xml --clientMode -nn ${nodesNum} -b ${b} -w ${w} -d ${d} -t ${t}  ${sm} --readBackups -dn HazelcastSetBenchmark -sn HazelcastNode -ds ${ver}atomic-set-1-backup,-hzcfg ${SCRIPT_DIR}/../config/hz-config.xml --hzClientConfig ${SCRIPT_DIR}/../config/hz-client-config.xml --clientMode -nn ${nodesNum} -b ${b} -w ${w} -d ${d} -t ${t}  ${sm} --readBackups -dn HazelcastSetGetBenchmark -sn HazelcastNode -ds ${ver}atomic-set-get-1-backup,-hzcfg ${SCRIPT_DIR}/../config/hz-config.xml --hzClientConfig ${SCRIPT_DIR}/../config/hz-client-config.xml --clientMode -nn ${nodesNum} -b ${b} -w ${w} -d ${d} -t ${t}  ${sm} --readBackups -bs 6 -dn HazelcastPutGetBatchBenchmark -sn HazelcastNode -ds ${ver}atomic-set-get-bs-6-1-backup,-hzcfg ${SCRIPT_DIR}/../config/hz-config.xml --hzClientConfig ${SCRIPT_DIR}/../config/hz-client-config.xml --clientMode -nn ${nodesNum} -b ${b} -w ${w} -d ${d} -t ${t}  ${sm} --readBackups -dn HazelcastSetTxBenchmark -sn HazelcastNode -ds ${ver}tx-set-pessimistic-1-backup,-hzcfg ${SCRIPT_DIR}/../config/hz-config.xml --hzClientConfig ${SCRIPT_DIR}/../config/hz-client-config.xml --clientMode -nn ${nodesNum} -b ${b} -w ${w} -d ${d} -t ${t}  ${sm} --readBackups -dn HazelcastSetGetTxOptimisticBenchmark -sn HazelcastNode -ds ${ver}tx-set-get-opt-1-backup,-hzcfg ${SCRIPT_DIR}/../config/hz-config.xml --hzClientConfig ${SCRIPT_DIR}/../config/hz-client-config.xml --clientMode -nn ${nodesNum} -b ${b} -w ${w} -d ${d} -t ${t}  ${sm} --readBackups -dn HazelcastSetGetTxPessimisticBenchmark -sn HazelcastNode -ds ${ver}tx-set-get-pes-1-backup,-hzcfg ${SCRIPT_DIR}/../config/hz-config.xml --hzClientConfig ${SCRIPT_DIR}/../config/hz-client-config.xml --clientMode -nn ${nodesNum} -b ${b} -w ${w} -d ${d} -t ${t}  ${sm} --readBackups -dn HazelcastSqlQueryBenchmark -sn HazelcastNode -ds ${ver}sql-query-1-backup,-hzcfg ${SCRIPT_DIR}/../config/hz-config.xml --hzClientConfig ${SCRIPT_DIR}/../config/hz-client-config.xml --clientMode -nn ${nodesNum} -b ${b} -w ${w} -d ${d} -t ${t}  ${sm} --readBackups -dn HazelcastSqlQuerySetBenchmark -sn HazelcastNode -ds ${ver}sql-query-set-1-backup,-hzcfg ${SCRIPT_DIR}/../config/hz-config.xml --hzClientConfig ${SCRIPT_DIR}/../config/hz-client-config.xml --clientMode -nn ${nodesNum} -b ${b} -w ${w} -d ${d} -t ${t}  ${sm} --readBackups -bs 6 -dn HazelcastPutAllBenchmark -sn HazelcastNode -ds ${ver}atomic-setAll-bs-6-1-backup,-hzcfg ${SCRIPT_DIR}/../config/hz-config.xml --hzClientConfig ${SCRIPT_DIR}/../config/hz-client-config.xml --clientMode -nn ${nodesNum} -b ${b} -w ${w} -d ${d} -t ${t}  ${sm} --readBackups -bs 6 -dn HazelcastSetAllTxBenchmark -sn HazelcastNode -ds ${ver}tx-setAll-bs-6-1-backup,-hzcfg ${SCRIPT_DIR}/../config/hz-config.xml --hzClientConfig ${SCRIPT_DIR}/../config/hz-client-config.xml --clientMode -nn ${nodesNum} -b ${b} -w ${w} -d ${d} -t ${t}  ${sm} --readBackups -bs 6 -dn HazelcastGetAllSetAllTxOptimisticBenchmark -sn HazelcastNode -ds ${ver}tx-optimistic-getAllSetAll-bs-6-1-backup,-hzcfg ${SCRIPT_DIR}/../config/hz-config.xml --hzClientConfig ${SCRIPT_DIR}/../config/hz-client-config.xml --clientMode -nn ${nodesNum} -b ${b} -w ${w} -d ${d} -t ${t}  ${sm} --readBackups -bs 6 -dn HazelcastGetAllSetAllTxPessimisticBenchmark -sn HazelcastNode -ds ${ver}tx-pessimistic-getAllSetAll-bs-6-1-backup,", DRIVER_HOSTS=172.31.46.6, t=64, BENCHMARK_PACKAGES=org.yardstickframework, w=60, BENCHMARK_LABEL=hazelcast, sm="--syncBackups", AUTO_COPY=false, RESTART_SERVERS=true}, shutdownHook=true, currentFolder=/home/ubuntu/date-2504-221749-s-4-c-1-ver-3.8.1-f1e9264, scriptsFolder=/home/ubuntu/date-2504-221749-s-4-c-1-ver-3.8.1-f1e9264/yardstick/bin, logsFolder=/home/ubuntu/date-2504-221749-s-4-c-1-ver-3.8.1-f1e9264/yardstick/bin/../output/logs-20170425-221800/logs_drivers, outputFolder=/home/ubuntu/date-2504-221749-s-4-c-1-ver-3.8.1-f1e9264/yardstick/bin/../output/results-20170425-221800, outputWriter=java.io.PrintStream@3a92b7c2, errorWriter=java.io.PrintStream@3ead2448, descriptions=[3.8.1-f1e9264-atomic-set-get-1-backup], hostName=]
--Description: 3.8.1-f1e9264-atomic-set-get-1-backup
@@HazelcastSetGetBenchmark
**"Latency, microseconds","Operations, %"
0,0.00
100,0.00
200,0.00
300,0.00
400,0.00
500,0.00
600,0.00
700,0.00
800,0.00
900,0.00
1000,0.02
1100,0.16
1200,0.33
1300,0.25
1400,0.11
1500,0.05
1600,0.02
1700,0.02
1800,0.01
1900,0.01
2000,0.00
2100,0.00
2200,0.00
2300,0.00
2400,0.00
2500,0.00
2600,0.00
2700,0.00
2800,0.00
2900,0.00
3000,0.00
3100,0.00
3200,0.00
3300,0.00
3400,0.00
3500,0.00
3600,0.00
3700,0.00
3800,0.00
3900,0.00
4000,0.00
4100,0.00
4200,0.00
4300,0.00
4400,0.00
4500,0.00
4600,0.00
4700,0.00
4800,0.00
4900,0.00
5000,0.00
5100,0.00
5200,0.00
5300,0.00
5400,0.00
5500,0.00
5600,0.00
5700,0.00
5800,0.00
5900,0.00
6000,0.00
6100,0.00
6200,0.00
6300,0.00
6400,0.00
6500,0.00
6600,0.00
6700,0.00
6800,0.00
6900,0.00
7000,0.00
7100,0.00
7200,0.00
7300,0.00
7400,0.00
7500,0.00
7600,0.00
7700,0.00
7800,0.00
7900,0.00
8000,0.00
8100,0.00
8200,0.00
8300,0.00
8400,0.00
8500,0.00
8600,0.00
8700,0.00
8800,0.00
8900,0.00
9000,0.00
9100,0.00
9200,0.00
9300,0.00
9400,0.00
9500,0.00
9600,0.00
9700,0.00
9800,0.00
9900,0.00
10000,0.00
10100,0.00
10200,0.00
10300,0.00
10400,0.00
10500,0.00
10600,0.00
10700,0.00
10800,0.00
10900,0.00
11000,0.00
11100,0.00
11200,0.00
11300,0.00
11400,0.00
11500,0.00
11600,0.00
11700,0.00
11800,0.00
11900,0.00
12000,0.00
12100,0.00
12200,0.00
12300,0.00
12400,0.00
12500,0.00
12600,0.00
12700,0.00
12800,0.00
12900,0.00
13000,0.00
13100,0.00
13200,0.00
13300,0.00
13400,0.00
13500,0.00
13600,0.00
13700,0.00
13800,0.00
13900,0.00
14000,0.00
14100,0.00
14200,0.00
14300,0.00
14400,0.00
14500,0.00
14600,0.00
14700,0.00
14800,0.00
14900,0.00
15000,0.00
15100,0.00
15200,0.00
15300,0.00
15400,0.00
15500,0.00
15600,0.00
15700,0.00
15800,0.00
15900,0.00
16000,0.00
16100,0.00
16200,0.00
16300,0.00
16400,0.00
16500,0.00
16600,0.00
16700,0.00
16800,0.00
16900,0.00
17000,0.00
17100,0.00
17200,0.00
17300,0.00
17400,0.00
17500,0.00
17600,0.00
17700,0.00
17800,0.00
17900,0.00
18000,0.00
18100,0.00
18200,0.00
18300,0.00
18400,0.00
18500,0.00
18600,0.00
18700,0.00
18800,0.00
18900,0.00
19000,0.00
19100,0.00
19200,0.00
19300,0.00
19400,0.00
19500,0.00
19600,0.00
19700,0.00
19800,0.00
19900,0.00
20000,0.00
