--Probe dump file for probe: org.yardstickframework.probes.ThroughputLatencyProbe@7d900ecf (class org.yardstickframework.probes.ThroughputLatencyProbe)
--Created Tue Apr 25 22:24:34 UTC 2017
--Benchmark config: BenchmarkConfiguration [memberId='0', driverNames='[HazelcastSetGetBenchmark]', serverName='HazelcastNode', threads=64, duration=300, warmup=60, dfltProbeClsNames=[ThroughputLatencyProbe, PercentileProbe, DStatProbe], propsFileName='yardstick/config/run.properties', packages=[org.yardstickframework], cmdArgs=[--outputFolder, /home/ubuntu/date-2504-221749-s-4-c-1-ver-3.8.1-f1e9264/yardstick/bin/../output/results-20170425-221800, -id, 0, -hzcfg, /home/ubuntu/date-2504-221749-s-4-c-1-ver-3.8.1-f1e9264/yardstick/bin/../config/hz-config.xml, --hzClientConfig, /home/ubuntu/date-2504-221749-s-4-c-1-ver-3.8.1-f1e9264/yardstick/bin/../config/hz-client-config.xml, --clientMode, -nn, 4, -b, 1, -w, 60, -d, 300, -t, 64, --syncBackups, --readBackups, -dn, HazelcastSetGetBenchmark, -sn, HazelcastNode, -ds, 3.8.1-f1e9264-atomic-set-get-1-backup, --config, yardstick/config/run.properties, --logsFolder, /home/ubuntu/date-2504-221749-s-4-c-1-ver-3.8.1-f1e9264/yardstick/bin/../output/logs-20170425-221800/logs_drivers, --currentFolder, /home/ubuntu/date-2504-221749-s-4-c-1-ver-3.8.1-f1e9264, --scriptsFolder, /home/ubuntu/date-2504-221749-s-4-c-1-ver-3.8.1-f1e9264/yardstick/bin], probeWriter='null', customProps={ver=3.8.1-f1e9264-, b=1, d=300, SERVER_HOSTS=172.31.45.250,172.31.38.80,172.31.41.141,172.31.42.161, now0=`date +'%H%M%S'`, nodesNum=$((`echo ${SERVER_HOSTS} | tr ',' '' | wc -l`)), JVM_OPTS=${JVM_OPTS}" -Xms6g -Xmx6g -Xloggc:./gc${now0}.log -XX:+PrintGCDetails -verbose:gc -XX:+UseParNewGC -XX:+UseConcMarkSweepGC ", CONFIGS="-hzcfg ${SCRIPT_DIR}/../config/hz-config.xml --hzClientConfig ${SCRIPT_DIR}/../config/hz-client-config.xml --clientMode -nn ${nodesNum} -b ${b} -w ${w} -d ${d} -t ${t}  ${sm} --readBackups -dn HazelcastSetBenchmark -sn HazelcastNode -ds ${ver}atomic-set-1-backup,-hzcfg ${SCRIPT_DIR}/../config/hz-config.xml --hzClientConfig ${SCRIPT_DIR}/../config/hz-client-config.xml --clientMode -nn ${nodesNum} -b ${b} -w ${w} -d ${d} -t ${t}  ${sm} --readBackups -dn HazelcastSetGetBenchmark -sn HazelcastNode -ds ${ver}atomic-set-get-1-backup,-hzcfg ${SCRIPT_DIR}/../config/hz-config.xml --hzClientConfig ${SCRIPT_DIR}/../config/hz-client-config.xml --clientMode -nn ${nodesNum} -b ${b} -w ${w} -d ${d} -t ${t}  ${sm} --readBackups -bs 6 -dn HazelcastPutGetBatchBenchmark -sn HazelcastNode -ds ${ver}atomic-set-get-bs-6-1-backup,-hzcfg ${SCRIPT_DIR}/../config/hz-config.xml --hzClientConfig ${SCRIPT_DIR}/../config/hz-client-config.xml --clientMode -nn ${nodesNum} -b ${b} -w ${w} -d ${d} -t ${t}  ${sm} --readBackups -dn HazelcastSetTxBenchmark -sn HazelcastNode -ds ${ver}tx-set-pessimistic-1-backup,-hzcfg ${SCRIPT_DIR}/../config/hz-config.xml --hzClientConfig ${SCRIPT_DIR}/../config/hz-client-config.xml --clientMode -nn ${nodesNum} -b ${b} -w ${w} -d ${d} -t ${t}  ${sm} --readBackups -dn HazelcastSetGetTxOptimisticBenchmark -sn HazelcastNode -ds ${ver}tx-set-get-opt-1-backup,-hzcfg ${SCRIPT_DIR}/../config/hz-config.xml --hzClientConfig ${SCRIPT_DIR}/../config/hz-client-config.xml --clientMode -nn ${nodesNum} -b ${b} -w ${w} -d ${d} -t ${t}  ${sm} --readBackups -dn HazelcastSetGetTxPessimisticBenchmark -sn HazelcastNode -ds ${ver}tx-set-get-pes-1-backup,-hzcfg ${SCRIPT_DIR}/../config/hz-config.xml --hzClientConfig ${SCRIPT_DIR}/../config/hz-client-config.xml --clientMode -nn ${nodesNum} -b ${b} -w ${w} -d ${d} -t ${t}  ${sm} --readBackups -dn HazelcastSqlQueryBenchmark -sn HazelcastNode -ds ${ver}sql-query-1-backup,-hzcfg ${SCRIPT_DIR}/../config/hz-config.xml --hzClientConfig ${SCRIPT_DIR}/../config/hz-client-config.xml --clientMode -nn ${nodesNum} -b ${b} -w ${w} -d ${d} -t ${t}  ${sm} --readBackups -dn HazelcastSqlQuerySetBenchmark -sn HazelcastNode -ds ${ver}sql-query-set-1-backup,-hzcfg ${SCRIPT_DIR}/../config/hz-config.xml --hzClientConfig ${SCRIPT_DIR}/../config/hz-client-config.xml --clientMode -nn ${nodesNum} -b ${b} -w ${w} -d ${d} -t ${t}  ${sm} --readBackups -bs 6 -dn HazelcastPutAllBenchmark -sn HazelcastNode -ds ${ver}atomic-setAll-bs-6-1-backup,-hzcfg ${SCRIPT_DIR}/../config/hz-config.xml --hzClientConfig ${SCRIPT_DIR}/../config/hz-client-config.xml --clientMode -nn ${nodesNum} -b ${b} -w ${w} -d ${d} -t ${t}  ${sm} --readBackups -bs 6 -dn HazelcastSetAllTxBenchmark -sn HazelcastNode -ds ${ver}tx-setAll-bs-6-1-backup,-hzcfg ${SCRIPT_DIR}/../config/hz-config.xml --hzClientConfig ${SCRIPT_DIR}/../config/hz-client-config.xml --clientMode -nn ${nodesNum} -b ${b} -w ${w} -d ${d} -t ${t}  ${sm} --readBackups -bs 6 -dn HazelcastGetAllSetAllTxOptimisticBenchmark -sn HazelcastNode -ds ${ver}tx-optimistic-getAllSetAll-bs-6-1-backup,-hzcfg ${SCRIPT_DIR}/../config/hz-config.xml --hzClientConfig ${SCRIPT_DIR}/../config/hz-client-config.xml --clientMode -nn ${nodesNum} -b ${b} -w ${w} -d ${d} -t ${t}  ${sm} --readBackups -bs 6 -dn HazelcastGetAllSetAllTxPessimisticBenchmark -sn HazelcastNode -ds ${ver}tx-pessimistic-getAllSetAll-bs-6-1-backup,", DRIVER_HOSTS=172.31.46.6, t=64, BENCHMARK_PACKAGES=org.yardstickframework, w=60, BENCHMARK_LABEL=hazelcast, sm="--syncBackups", AUTO_COPY=false, RESTART_SERVERS=true}, shutdownHook=true, currentFolder=/home/ubuntu/date-2504-221749-s-4-c-1-ver-3.8.1-f1e9264, scriptsFolder=/home/ubuntu/date-2504-221749-s-4-c-1-ver-3.8.1-f1e9264/yardstick/bin, logsFolder=/home/ubuntu/date-2504-221749-s-4-c-1-ver-3.8.1-f1e9264/yardstick/bin/../output/logs-20170425-221800/logs_drivers, outputFolder=/home/ubuntu/date-2504-221749-s-4-c-1-ver-3.8.1-f1e9264/yardstick/bin/../output/results-20170425-221800, outputWriter=java.io.PrintStream@3a92b7c2, errorWriter=java.io.PrintStream@3ead2448, descriptions=[3.8.1-f1e9264-atomic-set-get-1-backup], hostName=]
--Description: 3.8.1-f1e9264-atomic-set-get-1-backup
@@HazelcastSetGetBenchmark
**"Time, sec","Operations/sec (more is better)","Latency, nsec (less is better)"
1493159135,51601.00,1235888.01
1493159136,51114.00,1249154.39
1493159137,47821.00,1336959.26
1493159138,50882.00,1256573.42
1493159139,47886.00,1335125.22
1493159140,48009.00,1278690.40
1493159141,48730.00,1364445.16
1493159142,51230.00,1248160.13
1493159143,50991.00,1253840.07
1493159144,51143.00,1250270.26
1493159145,51283.00,1247087.24
1493159146,52201.00,1225045.53
1493159147,51734.00,1236327.72
1493159148,47482.00,1346958.53
1493159149,46847.00,1365487.89
1493159150,49149.00,1297676.49
1493159151,50138.00,1289760.38
1493159152,44616.00,1433414.26
1493159153,51544.00,1241038.34
1493159154,51577.00,1240050.90
1493159155,53212.00,1201799.45
1493159156,49118.00,1302335.62
1493159157,51937.00,1231626.26
1493159158,48839.00,1309468.29
1493159159,49142.00,1301657.89
1493159160,46144.00,1386007.32
1493159161,49349.00,1296036.08
1493159162,50739.00,1260464.92
1493159163,53474.00,1196084.71
1493159164,51024.00,1253780.45
1493159165,48419.00,1320817.83
1493159166,47604.00,1343481.73
1493159167,48863.00,1309341.32
1493159168,50454.00,1267702.66
1493159169,51543.00,1240751.13
1493159170,49987.00,1279537.53
1493159171,50642.00,1262795.56
1493159172,47192.00,1355636.19
1493159173,48763.00,1311618.50
1493159174,49138.00,1301852.60
1493159175,47766.00,1339063.45
1493159176,51299.00,1246772.58
1493159177,41401.00,1545155.36
1493159178,43308.00,1476991.68
1493159179,51546.00,1240869.82
1493159180,50601.00,1263947.52
1493159181,49784.00,1284517.79
1493159182,50474.00,1267589.42
1493159183,49795.00,1284589.29
1493159184,48841.00,1309203.93
1493159185,51024.00,1254024.21
1493159186,50162.00,1275173.15
1493159187,51517.00,1241606.13
1493159188,52099.00,1227684.07
1493159189,49387.00,1294836.62
1493159190,51512.00,1241894.09
1493159191,50717.00,1261280.57
1493159192,52843.00,1210271.29
1493159193,48227.00,1326255.49
1493159194,50817.00,1209587.53
1493159195,49887.00,1332219.03
1493159196,50858.00,1257609.51
1493159197,47436.00,1348211.45
1493159198,52922.00,1208400.18
1493159199,47245.00,1354436.84
1493159200,50574.00,1264781.48
1493159201,52452.00,1219226.54
1493159202,48837.00,1309904.25
1493159203,50832.00,1258246.00
1493159204,51892.00,1232365.59
1493159205,52517.00,1218290.36
1493159206,51218.00,1248573.75
1493159207,50206.00,1274142.49
1493159208,49122.00,1302242.38
1493159209,51739.00,1236025.41
1493159210,51656.00,1237765.64
1493159211,48258.00,1325747.10
1493159212,50727.00,1261163.46
1493159213,51277.00,1247238.66
1493159214,46655.00,1369385.67
1493159215,38973.00,1643697.25
1493159216,46275.00,1382283.11
1493159217,45798.00,1396695.63
1493159218,48311.00,1323970.69
1493159219,47870.00,1335624.30
1493159220,42611.00,1501781.04
1493159221,47548.00,1345027.15
1493159222,48124.00,1329535.21
1493159223,49812.00,1284043.76
1493159224,51041.00,1253360.63
1493159225,47478.00,1347007.38
1493159226,49276.00,1298134.67
1493159227,50228.00,1273646.98
1493159228,50667.00,1262507.31
1493159229,49260.00,1298647.54
1493159230,51288.00,1247081.64
1493159231,50426.00,1268460.19
1493159232,50497.00,1266646.51
1493159233,51074.00,1252434.19
1493159234,48936.00,1306729.65
1493159235,50652.00,1263212.66
1493159236,53810.00,1188559.19
1493159237,51747.00,1235790.62
1493159238,44956.00,1423098.84
1493159239,40768.00,1569240.99
1493159240,48602.00,1316128.70
1493159241,50451.00,1267847.16
1493159242,48816.00,1310194.45
1493159243,52448.00,1219452.97
1493159244,52999.00,1206869.29
1493159245,50370.00,1269784.30
1493159246,51387.00,1244645.71
1493159247,46283.00,1382041.10
1493159248,47912.00,1335321.16
1493159249,50712.00,1261054.29
1493159250,50403.00,1269258.60
1493159251,49581.00,1289883.91
1493159252,51978.00,1230458.48
1493159253,50621.00,1263677.89
1493159254,50432.00,1268298.35
1493159255,49961.00,1280292.57
1493159256,50670.00,1262261.30
1493159257,49439.00,1293883.19
1493159258,52571.00,1216673.38
1493159259,49304.00,1297286.78
1493159260,52587.00,1216248.81
1493159261,53771.00,1189637.85
1493159262,53171.00,1202945.41
1493159263,53110.00,1204043.38
1493159264,49046.00,1304380.72
1493159265,52519.00,1217864.09
1493159266,50011.00,1279032.96
1493159267,52372.00,1221300.72
1493159268,47877.00,1335978.16
1493159269,50411.00,1268867.95
1493159270,51655.00,1237786.06
1493159271,48805.00,1310885.98
1493159272,53114.00,1204371.82
1493159273,46499.00,1375611.09
1493159274,52140.00,1226775.60
1493159275,48959.00,1306528.22
1493159276,50211.00,1273880.87
1493159277,52562.00,1216754.13
1493159278,51937.00,1231571.34
1493159279,53130.00,1203830.41
1493159280,47001.00,1360960.64
1493159281,47706.00,1324705.34
1493159282,47691.00,1357383.04
1493159283,50350.00,1270413.06
1493159284,50348.00,1270371.89
1493159285,47585.00,1344197.88
1493159286,46761.00,1367927.55
1493159287,48461.00,1319139.05
1493159288,52157.00,1226294.74
1493159289,50115.00,1276240.51
1493159290,47992.00,1284420.27
1493159291,47293.00,1401781.98
1493159292,49013.00,1305109.33
1493159293,47990.00,1296473.26
1493159294,50213.00,1308718.30
1493159295,47081.00,1358734.72
1493159296,49680.00,1287401.43
1493159297,51173.00,1250043.66
1493159298,50293.00,1271384.79
1493159299,48609.00,1316362.19
1493159300,39941.00,1601618.54
1493159301,42951.00,1489355.37
1493159302,46029.00,1330704.22
1493159303,53046.00,1251975.50
1493159304,51831.00,1246795.89
1493159305,52040.00,1229034.87
1493159306,51493.00,1242160.24
1493159307,51929.00,1231731.64
1493159308,51162.00,1250208.70
1493159309,49863.00,1282656.16
1493159310,51368.00,1245187.52
1493159311,47053.00,1359499.54
1493159312,50201.00,1274371.32
1493159313,53346.00,1198876.48
1493159314,53087.00,1204843.57
1493159315,52026.00,1229245.87
1493159316,52574.00,1216749.42
1493159317,50029.00,1244679.49
1493159318,51783.00,1267938.00
1493159319,47333.00,1351364.46
1493159320,50034.00,1278471.65
1493159321,52349.00,1221903.04
1493159322,53660.00,1192071.60
1493159323,49697.00,1287110.47
1493159324,52201.00,1225203.34
1493159325,53805.00,1188773.54
1493159326,48176.00,1327856.76
1493159327,51604.00,1226674.96
1493159328,47846.00,1350923.89
1493159329,49396.00,1295027.16
1493159330,51606.00,1239379.75
1493159331,50411.00,1268988.02
1493159332,50616.00,1263581.98
1493159333,52606.00,1215622.48
1493159334,49862.00,1240791.57
1493159335,50969.00,1296121.58
1493159336,48818.00,1310312.48
1493159337,49508.00,1291954.68
1493159338,53113.00,1204213.02
1493159339,52746.00,1212544.70
1493159340,47576.00,1344452.74
1493159341,49189.00,1300497.03
1493159342,50312.00,1271214.84
1493159343,48820.00,1310571.18
1493159344,47218.00,1354531.66
1493159345,48990.00,1305708.05
1493159346,47932.00,1334244.70
1493159347,50648.00,1262996.90
1493159348,50298.00,1271603.59
1493159349,50297.00,1271670.51
1493159350,51049.00,1252948.90
1493159351,51567.00,1240568.18
1493159352,49822.00,1273232.04
1493159353,49005.00,1315891.96
1493159354,52460.00,1219178.15
1493159355,50394.00,1269279.67
1493159356,51500.00,1242021.03
1493159357,49142.00,1301447.31
1493159358,53189.00,1202534.61
1493159359,52776.00,1211883.69
1493159360,50488.00,1267014.58
1493159361,44885.00,1425223.09
1493159362,33815.00,1891657.44
1493159363,43727.00,1463002.25
1493159364,45163.00,1415922.96
1493159365,51889.00,1232894.95
1493159366,53716.00,1190795.40
1493159367,47685.00,1341162.87
1493159368,52885.00,1209519.52
1493159369,52519.00,1217875.52
1493159370,44876.00,1425146.18
1493159371,49292.00,1297720.34
1493159372,52174.00,1226124.70
1493159373,50537.00,1265535.36
1493159374,51338.00,1245634.74
1493159375,46725.00,1369303.32
1493159376,49553.00,1290726.37
1493159377,52045.00,1229118.78
1493159378,51447.00,1243208.75
1493159379,41829.00,1529259.33
1493159380,52194.00,1225477.02
1493159381,51788.00,1235228.61
1493159382,49891.00,1281565.69
1493159383,48332.00,1323997.91
1493159384,52893.00,1208765.14
1493159385,51271.00,1247981.27
1493159386,50471.00,1267430.09
1493159387,47352.00,1350726.72
1493159388,46886.00,1364280.77
1493159389,49912.00,1281481.37
1493159390,51532.00,1241263.20
1493159391,45145.00,1416905.37
1493159392,50920.00,1252112.18
1493159393,54321.00,1181297.70
1493159394,53371.00,1198254.10
1493159395,53962.00,1185269.11
1493159396,50104.00,1276683.99
1493159397,48349.00,1322946.05
1493159398,54372.00,1176490.47
1493159399,48450.00,1320248.72
1493159400,47566.00,1344586.36
1493159401,45178.00,1415718.18
1493159402,46867.00,1364897.42
1493159403,52409.00,1220373.63
1493159404,52309.00,1222857.27
1493159405,48105.00,1329678.45
1493159406,49482.00,1292853.60
1493159407,49630.00,1288828.48
1493159408,45113.00,1417894.38
1493159409,49340.00,1296291.74
1493159410,46974.00,1361629.77
1493159411,47050.00,1359274.84
1493159412,50725.00,1261198.39
1493159413,48201.00,1327114.96
1493159414,47594.00,1343533.13
1493159415,45935.00,1392963.76
1493159416,49194.00,1300265.27
1493159417,50445.00,1242933.06
1493159418,48648.00,1340945.90
1493159419,52993.00,1207008.25
1493159420,52838.00,1210447.36
1493159421,53025.00,1206089.82
1493159422,49735.00,1286107.50
1493159423,41913.00,1518366.55
1493159424,45410.00,1416049.16
1493159425,52266.00,1223609.18
1493159426,51218.00,1249014.10
1493159427,53534.00,1194656.05
1493159428,51615.00,1239272.79
1493159429,47403.00,1344468.60
1493159430,52705.00,1217972.47
1493159431,50820.00,1258646.57
1493159432,48825.00,1310056.39
1493159433,52428.00,1220010.23
1493159434,52322.00,1222133.91
