--Probe dump file for probe: org.yardstickframework.probes.DStatProbe@5649ec46 (class org.yardstickframework.probes.DStatProbe)
--Created Tue Apr 25 20:50:29 UTC 2017
--Benchmark config: BenchmarkConfiguration [memberId='0', driverNames='[IgnitePutGetBenchmark]', serverName='IgniteNode', threads=64, duration=300, warmup=60, dfltProbeClsNames=[ThroughputLatencyProbe, PercentileProbe, DStatProbe], propsFileName='yardstick/config/run.properties', packages=[org.yardstickframework, org.apache.ignite.yardstick], cmdArgs=[--outputFolder, /home/ubuntu/date-2504-204359-s-4-c-1-ver-2.0.0-SNAPSHOT-0be92732/yardstick/bin/../output/results-20170425-204411, -id, 0, -cfg, /home/ubuntu/date-2504-204359-s-4-c-1-ver-2.0.0-SNAPSHOT-0be92732/yardstick/bin/../config/ignite-config.xml, -nn, 5, -b, 1, -w, 60, -d, 300, -t, 64, -sm, FULL_SYNC, --client, -dn, IgnitePutGetBenchmark, -sn, IgniteNode, -wom, PRIMARY, -ds, 2.0.0-SNAPSHOT-0be92732-atomic-put-get-1-backup, --config, yardstick/config/run.properties, --logsFolder, /home/ubuntu/date-2504-204359-s-4-c-1-ver-2.0.0-SNAPSHOT-0be92732/yardstick/bin/../output/logs-20170425-204411/logs_drivers, --currentFolder, /home/ubuntu/date-2504-204359-s-4-c-1-ver-2.0.0-SNAPSHOT-0be92732, --scriptsFolder, /home/ubuntu/date-2504-204359-s-4-c-1-ver-2.0.0-SNAPSHOT-0be92732/yardstick/bin], probeWriter='null', customProps={ver=2.0.0-SNAPSHOT-0be92732- , b=1, d=300, SERVER_HOSTS=172.31.45.250,172.31.38.80,172.31.41.141,172.31.42.161, now0=`date +'%H%M%S'`, j=10, nodesNum=$((`echo ${SERVER_HOSTS} | tr ',' '' | wc -l` + `echo ${DRIVER_HOSTS} | tr ',' '' | wc -l`)), JVM_OPTS=${JVM_OPTS}" -Xms6g -Xmx6g -Xloggc:./gc${now0}.log -XX:+PrintGCDetails -verbose:gc -XX:+UseParNewGC -XX:+UseConcMarkSweepGC ", CONFIGS="-cfg ${SCRIPT_DIR}/../config/ignite-config.xml -nn ${nodesNum} -b ${b} -w ${w} -d ${d} -t ${t} -sm ${sm}  --client -dn IgnitePutBenchmark -sn IgniteNode -wom PRIMARY -ds ${ver}atomic-put-${b}-backup,-cfg ${SCRIPT_DIR}/../config/ignite-config.xml -nn ${nodesNum} -b ${b} -w ${w} -d ${d} -t ${t} -sm ${sm}  --client -dn IgnitePutGetBenchmark -sn IgniteNode -wom PRIMARY -ds ${ver}atomic-put-get-${b}-backup,-cfg ${SCRIPT_DIR}/../config/ignite-config.xml -nn ${nodesNum} -b ${b} -w ${w} -d ${d} -t ${t} -sm ${sm} -bs 6  --client -dn IgnitePutGetBatchBenchmark -wom PRIMARY -sn IgniteNode -ds ${ver}atomic-put-get-bs-6-${b}-backup,-cfg ${SCRIPT_DIR}/../config/ignite-config.xml -nn ${nodesNum} -b ${b} -w ${w} -d ${d} -t ${t} -sm ${sm}  --client -dn IgnitePutTxImplicitBenchmark -sn IgniteNode -ds ${ver}tx-optimistic-put-${b}-backup,-cfg ${SCRIPT_DIR}/../config/ignite-config.xml -nn ${nodesNum} -b ${b} -w ${w} -d ${d} -t ${t} -sm ${sm} -txc OPTIMISTIC  --client -dn IgnitePutGetTxBenchmark -sn IgniteNode -ds ${ver}tx-optim-repRead-put-get-${b}-backup,-cfg ${SCRIPT_DIR}/../config/ignite-config.xml -nn ${nodesNum} -b ${b} -w ${w} -d ${d} -t ${t} -sm ${sm} -txc PESSIMISTIC  --client -dn IgnitePutGetTxBenchmark -sn IgniteNode -ds ${ver}tx-pessim-repRead-put-get-${b}-backup,-cfg ${SCRIPT_DIR}/../config/ignite-config.xml -nn ${nodesNum} -b ${b} -w ${w} -d ${d} -t ${t} -sm ${sm} -txc OPTIMISTIC -txi SERIALIZABLE  --client -dn IgnitePutGetTxBenchmark -sn IgniteNode -ds ${ver}tx-opt-serial-put-get-${b}-backup,-cfg ${SCRIPT_DIR}/../config/ignite-config.xml -nn ${nodesNum} -b ${b} -w ${w} -d ${d} -t ${t} -sm ${sm}  --client -dn IgniteSqlQueryBenchmark -sn IgniteNode -ds ${ver}sql-query-${b}-backup,-cfg ${SCRIPT_DIR}/../config/ignite-config.xml -nn ${nodesNum} -b ${b} -w ${w} -d ${d} -t ${t} -sm ${sm}  --client -dn IgniteSqlQueryPutBenchmark -sn IgniteNode -ds ${ver}sql-query-put-${b}-backup,-cfg ${SCRIPT_DIR}/../config/ignite-config.xml -nn ${nodesNum} -b ${b} -w ${w} -d ${d} -t ${t} -sm ${sm} -bs 6  --client -dn IgnitePutAllBenchmark -wom PRIMARY -sn IgniteNode -ds ${ver}atomic-putAll-bs-6-${b}-backup,-cfg ${SCRIPT_DIR}/../config/ignite-config.xml -nn ${nodesNum} -b ${b} -w ${w} -d ${d} -t ${t} -sm ${sm} -bs 6  --client -dn IgnitePutAllTxBenchmark -sn IgniteNode -ds ${ver}tx-putAll-bs-6-${b}-backup,-cfg ${SCRIPT_DIR}/../config/ignite-config.xml -nn ${nodesNum} -b ${b} -w ${w} -d ${d} -t ${t} -sm ${sm} -bs 6  --client -dn IgnitePutAllSerializableTxBenchmark -sn IgniteNode -ds ${ver}tx-putAllSerializable-bs-6-${b}-backup,-cfg ${SCRIPT_DIR}/../config/ignite-config.xml -nn ${nodesNum} -b ${b} -w ${w} -d ${d} -t ${t} -sm ${sm} -bs 6 -txc OPTIMISTIC   --client -dn IgniteGetAllPutAllTxBenchmark -sn IgniteNode -ds ${ver}tx-optimistic-getAllPutAll-bs-6-${b}-backup,-cfg ${SCRIPT_DIR}/../config/ignite-config.xml -nn ${nodesNum} -b ${b} -w ${w} -d ${d} -t ${t} -sm ${sm} -bs 6 -txc PESSIMISTIC  --client -dn IgniteGetAllPutAllTxBenchmark -sn IgniteNode -ds ${ver}tx-pessimistic-getAllPutAll-bs-6-${b}-backup,-cfg ${SCRIPT_DIR}/../config/ignite-config.xml -nn ${nodesNum} -b ${b} -w ${w} -d ${d} -t ${t} -sm ${sm} -bs 6 -txc OPTIMISTIC -txi SERIALIZABLE  --client -dn IgniteGetAllPutAllTxBenchmark -sn IgniteNode -ds ${ver}tx-opt-serializable-getAllPutAll-bs-6-${b}-backup,", DRIVER_HOSTS=172.31.46.6, t=64, BENCHMARK_PACKAGES=org.yardstickframework,org.apache.ignite.yardstick, w=60, sm=FULL_SYNC, AUTO_COPY=false, RESTART_SERVERS=true}, shutdownHook=true, currentFolder=/home/ubuntu/date-2504-204359-s-4-c-1-ver-2.0.0-SNAPSHOT-0be92732, scriptsFolder=/home/ubuntu/date-2504-204359-s-4-c-1-ver-2.0.0-SNAPSHOT-0be92732/yardstick/bin, logsFolder=/home/ubuntu/date-2504-204359-s-4-c-1-ver-2.0.0-SNAPSHOT-0be92732/yardstick/bin/../output/logs-20170425-204411/logs_drivers, outputFolder=/home/ubuntu/date-2504-204359-s-4-c-1-ver-2.0.0-SNAPSHOT-0be92732/yardstick/bin/../output/results-20170425-204411, outputWriter=java.io.PrintStream@5ff142bb, errorWriter=java.io.PrintStream@5136a735, descriptions=[2.0.0-SNAPSHOT-0be92732-atomic-put-get-1-backup], hostName=]
--Description: 2.0.0-SNAPSHOT-0be92732-atomic-put-get-1-backup
@@IgnitePutGetBenchmark
**"Time, sec","Memory Used, KB","Memory Buffered, KB","Memory Cached, KB","Memory Free, KB","CPU User, %","CPU System, %","CPU Idle, %","CPU Wait, %","CPU Hardware Interrupts","CPU Software Interrupts","Disk Read, B","Disk Write, B","Network Receive, B","Network Send, B","Page In, B","Page Out, B","System Interrupts, per sec","System Context Switches, per sec"
1493153490,1397760.00,155648.00,5126144.00,56203673.60,7.00,9.00,80.00,0.00,0.00,4.00,0.00,344064.00,6601728.00,9275392.00,0.00,0.00,227328.00,286720.00
1493153491,1397760.00,155648.00,5126144.00,56203673.60,11.00,13.00,70.00,0.00,0.00,6.00,0.00,0.00,8172544.00,11534336.00,0.00,0.00,258048.00,338944.00
1493153492,1396736.00,155648.00,5126144.00,56203673.60,13.00,13.00,68.00,0.00,0.00,6.00,0.00,0.00,8409088.00,11534336.00,0.00,0.00,258048.00,346112.00
1493153493,1397760.00,155648.00,5126144.00,56203673.60,10.00,14.00,71.00,0.00,0.00,6.00,0.00,0.00,8555520.00,11534336.00,0.00,0.00,269312.00,355328.00
1493153494,1397760.00,155648.00,5126144.00,56203673.60,10.00,15.00,67.00,0.00,0.00,7.00,0.00,0.00,8852480.00,12582912.00,0.00,0.00,282624.00,369664.00
1493153495,1397760.00,155648.00,5126144.00,56203673.60,13.00,14.00,67.00,0.00,0.00,7.00,0.00,720896.00,8852480.00,12582912.00,0.00,0.00,282624.00,368640.00
1493153496,1397760.00,155648.00,5126144.00,56203673.60,12.00,13.00,69.00,0.00,0.00,6.00,0.00,0.00,8892416.00,12582912.00,0.00,0.00,282624.00,371712.00
1493153497,1396736.00,155648.00,5126144.00,56203673.60,14.00,12.00,68.00,0.00,0.00,6.00,0.00,0.00,8721408.00,12582912.00,0.00,0.00,277504.00,364544.00
1493153498,1397760.00,155648.00,5126144.00,56203673.60,10.00,11.00,72.00,0.00,0.00,6.00,0.00,0.00,8254464.00,11534336.00,0.00,0.00,265216.00,346112.00
1493153499,1397760.00,155648.00,5126144.00,56203673.60,13.00,12.00,68.00,0.00,0.00,7.00,0.00,0.00,8684544.00,12582912.00,0.00,0.00,273408.00,363520.00
1493153500,1397760.00,155648.00,5126144.00,56203673.60,10.00,13.00,72.00,0.00,0.00,5.00,0.00,106496.00,8159232.00,11534336.00,0.00,0.00,268288.00,346112.00
1493153501,1396736.00,155648.00,5126144.00,56203673.60,11.00,12.00,73.00,0.00,0.00,4.00,0.00,0.00,7614464.00,10485760.00,0.00,0.00,250880.00,326656.00
1493153502,1397760.00,155648.00,5126144.00,56203673.60,11.00,11.00,73.00,0.00,0.00,4.00,0.00,0.00,8434688.00,11534336.00,0.00,0.00,270336.00,359424.00
1493153503,1396736.00,155648.00,5126144.00,56203673.60,8.00,11.00,75.00,0.00,0.00,6.00,0.00,0.00,7945216.00,11534336.00,0.00,0.00,260096.00,339968.00
1493153504,1396736.00,155648.00,5126144.00,56203673.60,10.00,12.00,74.00,0.00,0.00,4.00,0.00,0.00,8155136.00,11534336.00,0.00,0.00,263168.00,351232.00
1493153505,1397760.00,155648.00,5126144.00,56203673.60,6.00,8.00,80.00,1.00,0.00,4.00,0.00,106496.00,6667264.00,9333760.00,0.00,0.00,225280.00,291840.00
1493153506,1397760.00,155648.00,5126144.00,56203673.60,8.00,8.00,80.00,0.00,0.00,4.00,0.00,0.00,7047168.00,9838592.00,0.00,0.00,234496.00,305152.00
1493153507,1397760.00,155648.00,5126144.00,56203673.60,9.00,11.00,72.00,0.00,0.00,7.00,0.00,0.00,8418304.00,11534336.00,0.00,0.00,268288.00,356352.00
1493153508,1396736.00,155648.00,5126144.00,56203673.60,9.00,12.00,73.00,0.00,0.00,6.00,0.00,0.00,8356864.00,11534336.00,0.00,0.00,266240.00,352256.00
1493153509,1397760.00,155648.00,5126144.00,56203673.60,11.00,14.00,69.00,0.00,0.00,6.00,0.00,0.00,8737792.00,12582912.00,0.00,0.00,275456.00,364544.00
1493153510,1397760.00,155648.00,5126144.00,56203673.60,11.00,13.00,70.00,0.00,0.00,6.00,0.00,106496.00,8444928.00,11534336.00,0.00,0.00,273408.00,353280.00
1493153511,1397760.00,155648.00,5126144.00,56203673.60,13.00,13.00,68.00,0.00,0.00,6.00,0.00,0.00,8693760.00,12582912.00,0.00,0.00,271360.00,361472.00
1493153512,1397760.00,155648.00,5126144.00,56203673.60,9.00,14.00,72.00,0.00,0.00,6.00,0.00,0.00,8522752.00,11534336.00,0.00,0.00,266240.00,353280.00
1493153513,1398784.00,155648.00,5126144.00,56203673.60,9.00,12.00,74.00,0.00,0.00,5.00,0.00,0.00,8118272.00,11534336.00,0.00,0.00,260096.00,338944.00
1493153514,1396736.00,155648.00,5126144.00,56203673.60,10.00,14.00,68.00,0.00,0.00,8.00,0.00,0.00,8935424.00,12582912.00,0.00,0.00,283648.00,371712.00
1493153515,1397760.00,155648.00,5126144.00,56203673.60,12.00,15.00,68.00,0.00,0.00,6.00,0.00,106496.00,8952832.00,12582912.00,0.00,0.00,285696.00,373760.00
1493153516,1398784.00,155648.00,5126144.00,56203673.60,12.00,14.00,69.00,0.00,0.00,5.00,0.00,0.00,8147968.00,11534336.00,0.00,0.00,256000.00,337920.00
1493153517,1397760.00,155648.00,5126144.00,56203673.60,11.00,12.00,71.00,0.00,0.00,7.00,0.00,0.00,8523776.00,11534336.00,0.00,0.00,267264.00,353280.00
1493153518,1397760.00,155648.00,5126144.00,56203673.60,13.00,14.00,67.00,0.00,0.00,6.00,0.00,0.00,8879104.00,12582912.00,0.00,0.00,281600.00,368640.00
1493153519,1397760.00,155648.00,5126144.00,56203673.60,14.00,15.00,65.00,0.00,0.00,6.00,0.00,0.00,8931328.00,12582912.00,0.00,0.00,279552.00,369664.00
1493153520,1397760.00,155648.00,5126144.00,56203673.60,15.00,13.00,67.00,0.00,0.00,6.00,0.00,57344.00,8278016.00,11534336.00,0.00,0.00,273408.00,353280.00
1493153521,1397760.00,155648.00,5126144.00,56203673.60,10.00,10.00,75.00,0.00,0.00,5.00,0.00,131072.00,7980032.00,11534336.00,0.00,0.00,268288.00,348160.00
1493153522,1398784.00,155648.00,5126144.00,56203673.60,11.00,14.00,69.00,0.00,0.00,5.00,0.00,0.00,8701952.00,12582912.00,0.00,0.00,282624.00,365568.00
1493153523,1398784.00,155648.00,5126144.00,56203673.60,11.00,14.00,69.00,0.00,0.00,7.00,0.00,0.00,8957952.00,12582912.00,0.00,0.00,280576.00,370688.00
1493153524,1397760.00,155648.00,5126144.00,56203673.60,9.00,13.00,71.00,0.00,0.00,7.00,0.00,0.00,8414208.00,11534336.00,0.00,0.00,265216.00,351232.00
1493153525,1396736.00,155648.00,5126144.00,56203673.60,12.00,12.00,71.00,0.00,0.00,6.00,0.00,253952.00,8323072.00,11534336.00,0.00,0.00,266240.00,348160.00
1493153526,1397760.00,155648.00,5126144.00,56203673.60,12.00,13.00,68.00,0.00,0.00,7.00,0.00,188416.00,8881152.00,12582912.00,0.00,0.00,281600.00,369664.00
1493153527,1397760.00,155648.00,5126144.00,56203673.60,8.00,14.00,72.00,0.00,0.00,6.00,0.00,0.00,8122368.00,11534336.00,0.00,0.00,261120.00,340992.00
1493153528,1397760.00,155648.00,5126144.00,56203673.60,11.00,14.00,69.00,0.00,0.00,7.00,0.00,0.00,8814592.00,12582912.00,0.00,0.00,281600.00,368640.00
1493153529,1397760.00,155648.00,5126144.00,56203673.60,11.00,14.00,70.00,0.00,0.00,5.00,0.00,0.00,8416256.00,11534336.00,0.00,0.00,268288.00,352256.00
1493153530,1397760.00,155648.00,5126144.00,56203673.60,12.00,13.00,69.00,0.00,0.00,6.00,0.00,434176.00,8590336.00,11534336.00,0.00,0.00,275456.00,359424.00
1493153531,1397760.00,155648.00,5126144.00,56203673.60,11.00,13.00,70.00,0.00,0.00,6.00,0.00,163840.00,8544256.00,11534336.00,0.00,0.00,272384.00,358400.00
1493153532,1398784.00,155648.00,5126144.00,56203673.60,10.00,13.00,69.00,0.00,0.00,7.00,0.00,0.00,8603648.00,11534336.00,0.00,0.00,276480.00,360448.00
1493153533,1397760.00,155648.00,5126144.00,56203673.60,10.00,12.00,71.00,0.00,0.00,6.00,0.00,0.00,8601600.00,11534336.00,0.00,0.00,274432.00,360448.00
1493153534,1397760.00,155648.00,5126144.00,56203673.60,13.00,10.00,72.00,0.00,0.00,6.00,0.00,0.00,8257536.00,11534336.00,0.00,0.00,267264.00,348160.00
1493153535,1397760.00,155648.00,5126144.00,56203673.60,9.00,12.00,74.00,0.00,0.00,5.00,0.00,0.00,8258560.00,11534336.00,0.00,0.00,265216.00,346112.00
1493153536,1397760.00,155648.00,5126144.00,56203673.60,11.00,12.00,72.00,0.00,0.00,6.00,0.00,106496.00,8553472.00,11534336.00,0.00,0.00,272384.00,357376.00
1493153537,1397760.00,155648.00,5127168.00,56203673.60,9.00,15.00,68.00,0.00,0.00,7.00,0.00,0.00,8728576.00,12582912.00,0.00,0.00,281600.00,365568.00
1493153538,1397760.00,155648.00,5127168.00,56203673.60,9.00,11.00,73.00,0.00,0.00,6.00,0.00,0.00,8034304.00,11534336.00,0.00,0.00,257024.00,336896.00
1493153539,1397760.00,155648.00,5127168.00,56203673.60,10.00,12.00,72.00,0.00,0.00,6.00,0.00,0.00,7959552.00,11534336.00,0.00,0.00,252928.00,332800.00
1493153540,1397760.00,155648.00,5127168.00,56203673.60,10.00,13.00,71.00,0.00,0.00,6.00,0.00,0.00,8581120.00,11534336.00,0.00,0.00,275456.00,361472.00
1493153541,1398784.00,155648.00,5127168.00,56203673.60,9.00,9.00,76.00,0.00,0.00,5.00,0.00,106496.00,7577600.00,10485760.00,0.00,0.00,242688.00,318464.00
1493153542,1397760.00,155648.00,5127168.00,56203673.60,8.00,14.00,71.00,0.00,0.00,6.00,0.00,0.00,8545280.00,11534336.00,0.00,0.00,274432.00,358400.00
1493153543,1397760.00,155648.00,5127168.00,56203673.60,11.00,14.00,68.00,0.00,0.00,6.00,0.00,0.00,8706048.00,12582912.00,0.00,0.00,275456.00,363520.00
1493153544,1397760.00,155648.00,5127168.00,56203673.60,13.00,15.00,67.00,0.00,0.00,5.00,0.00,0.00,8636416.00,11534336.00,0.00,0.00,268288.00,359424.00
1493153545,1398784.00,155648.00,5127168.00,56203673.60,11.00,15.00,68.00,0.00,0.00,7.00,0.00,0.00,8793088.00,12582912.00,0.00,0.00,279552.00,366592.00
1493153546,1397760.00,155648.00,5127168.00,56203673.60,10.00,11.00,73.00,0.00,0.00,6.00,0.00,106496.00,8515584.00,11534336.00,0.00,0.00,273408.00,357376.00
1493153547,1397760.00,155648.00,5127168.00,56203673.60,10.00,12.00,73.00,0.00,0.00,5.00,0.00,0.00,8243200.00,11534336.00,0.00,0.00,264192.00,345088.00
1493153548,1398784.00,155648.00,5127168.00,56203673.60,12.00,13.00,70.00,0.00,0.00,6.00,0.00,0.00,8376320.00,11534336.00,0.00,0.00,269312.00,352256.00
1493153549,1398784.00,155648.00,5127168.00,56203673.60,14.00,12.00,68.00,0.00,0.00,6.00,0.00,0.00,8170496.00,11534336.00,0.00,0.00,261120.00,344064.00
1493153550,1397760.00,155648.00,5127168.00,56203673.60,11.00,14.00,70.00,0.00,0.00,5.00,0.00,40960.00,8631296.00,11534336.00,0.00,0.00,278528.00,362496.00
1493153551,1398784.00,155648.00,5127168.00,56203673.60,9.00,11.00,75.00,0.00,0.00,5.00,0.00,106496.00,7787520.00,10485760.00,0.00,0.00,250880.00,327680.00
1493153552,1398784.00,155648.00,5127168.00,56203673.60,10.00,11.00,74.00,0.00,0.00,5.00,0.00,0.00,7799808.00,10485760.00,0.00,0.00,254976.00,331776.00
1493153553,1398784.00,155648.00,5127168.00,56203673.60,10.00,11.00,75.00,0.00,0.00,4.00,0.00,0.00,7546880.00,10485760.00,0.00,0.00,246784.00,320512.00
1493153554,1397760.00,155648.00,5127168.00,56203673.60,10.00,14.00,69.00,0.00,0.00,7.00,0.00,0.00,8698880.00,12582912.00,0.00,0.00,281600.00,366592.00
1493153555,1398784.00,155648.00,5127168.00,56203673.60,11.00,11.00,71.00,0.00,0.00,7.00,0.00,24576.00,8481792.00,11534336.00,0.00,0.00,274432.00,356352.00
1493153556,1398784.00,155648.00,5127168.00,56203673.60,11.00,12.00,71.00,0.00,0.00,6.00,0.00,131072.00,8756224.00,12582912.00,0.00,0.00,277504.00,366592.00
1493153557,1398784.00,155648.00,5127168.00,56203673.60,11.00,14.00,69.00,0.00,0.00,6.00,0.00,0.00,8639488.00,11534336.00,0.00,0.00,275456.00,360448.00
1493153558,1398784.00,155648.00,5127168.00,56203673.60,13.00,13.00,69.00,0.00,0.00,6.00,0.00,0.00,8561664.00,11534336.00,0.00,0.00,275456.00,359424.00
1493153559,1398784.00,155648.00,5127168.00,56203673.60,8.00,11.00,75.00,0.00,0.00,6.00,0.00,0.00,8196096.00,11534336.00,0.00,0.00,260096.00,342016.00
1493153560,1399808.00,155648.00,5127168.00,56203673.60,10.00,15.00,70.00,0.00,0.00,6.00,0.00,196608.00,8609792.00,11534336.00,0.00,0.00,275456.00,360448.00
1493153561,1398784.00,155648.00,5127168.00,56203673.60,11.00,13.00,70.00,0.00,0.00,6.00,0.00,163840.00,8616960.00,11534336.00,0.00,0.00,275456.00,360448.00
1493153562,1398784.00,155648.00,5127168.00,56203673.60,10.00,11.00,73.00,0.00,0.00,6.00,0.00,0.00,8531968.00,11534336.00,0.00,0.00,273408.00,358400.00
1493153563,1399808.00,155648.00,5127168.00,56203673.60,12.00,13.00,69.00,0.00,0.00,6.00,0.00,0.00,8351744.00,11534336.00,0.00,0.00,267264.00,350208.00
1493153564,1398784.00,155648.00,5127168.00,56203673.60,9.00,11.00,74.00,0.00,0.00,6.00,0.00,0.00,8167424.00,11534336.00,0.00,0.00,259072.00,345088.00
1493153565,1398784.00,155648.00,5127168.00,56203673.60,10.00,13.00,72.00,0.00,0.00,5.00,0.00,417792.00,8257536.00,11534336.00,0.00,0.00,265216.00,347136.00
1493153566,1397760.00,155648.00,5127168.00,56203673.60,8.00,12.00,75.00,0.00,0.00,5.00,0.00,188416.00,7985152.00,11534336.00,0.00,0.00,254976.00,334848.00
1493153567,1398784.00,155648.00,5127168.00,56203673.60,6.00,7.00,82.00,0.00,0.00,4.00,0.00,0.00,6598656.00,9252864.00,0.00,0.00,221184.00,283648.00
1493153568,1398784.00,155648.00,5127168.00,56203673.60,13.00,15.00,66.00,0.00,0.00,6.00,0.00,0.00,8795136.00,12582912.00,0.00,0.00,277504.00,367616.00
1493153569,1398784.00,155648.00,5127168.00,56203673.60,11.00,14.00,68.00,0.00,0.00,7.00,0.00,0.00,8839168.00,12582912.00,0.00,0.00,279552.00,366592.00
1493153570,1399808.00,155648.00,5127168.00,56203673.60,12.00,13.00,70.00,0.00,0.00,5.00,0.00,0.00,8712192.00,12582912.00,0.00,0.00,279552.00,364544.00
1493153571,1399808.00,155648.00,5127168.00,56203673.60,10.00,13.00,72.00,0.00,0.00,6.00,0.00,106496.00,8148992.00,11534336.00,0.00,0.00,260096.00,343040.00
1493153572,1398784.00,155648.00,5127168.00,56203673.60,12.00,13.00,69.00,0.00,0.00,6.00,0.00,0.00,8495104.00,11534336.00,0.00,0.00,271360.00,355328.00
1493153573,1399808.00,155648.00,5127168.00,56203673.60,10.00,14.00,68.00,0.00,0.00,7.00,0.00,0.00,8640512.00,12582912.00,0.00,0.00,277504.00,364544.00
1493153574,1398784.00,155648.00,5127168.00,56203673.60,9.00,15.00,69.00,0.00,0.00,7.00,0.00,0.00,8930304.00,12582912.00,0.00,0.00,282624.00,373760.00
1493153575,1399808.00,155648.00,5127168.00,56203673.60,12.00,15.00,67.00,0.00,0.00,6.00,0.00,385024.00,8947712.00,12582912.00,0.00,0.00,282624.00,372736.00
1493153576,1398784.00,155648.00,5127168.00,56203673.60,10.00,13.00,72.00,0.00,0.00,6.00,0.00,180224.00,8381440.00,11534336.00,0.00,0.00,267264.00,350208.00
1493153577,1398784.00,155648.00,5127168.00,56203673.60,14.00,13.00,66.00,0.00,0.00,7.00,0.00,0.00,8768512.00,12582912.00,0.00,0.00,275456.00,365568.00
1493153578,1398784.00,155648.00,5127168.00,56203673.60,10.00,14.00,70.00,0.00,0.00,6.00,0.00,0.00,8471552.00,11534336.00,0.00,0.00,271360.00,354304.00
1493153579,1398784.00,155648.00,5127168.00,56203673.60,9.00,13.00,72.00,0.00,0.00,6.00,0.00,0.00,8530944.00,11534336.00,0.00,0.00,269312.00,354304.00
1493153580,1399808.00,155648.00,5127168.00,56203673.60,10.00,12.00,73.00,0.00,0.00,5.00,0.00,0.00,8281088.00,11534336.00,0.00,0.00,273408.00,353280.00
1493153581,1398784.00,155648.00,5127168.00,56203673.60,9.00,13.00,73.00,0.00,0.00,5.00,0.00,106496.00,8207360.00,11534336.00,0.00,0.00,273408.00,353280.00
1493153582,1398784.00,155648.00,5127168.00,56203673.60,11.00,11.00,70.00,0.00,0.00,7.00,0.00,0.00,8136704.00,11534336.00,0.00,0.00,262144.00,343040.00
1493153583,1398784.00,155648.00,5127168.00,56203673.60,11.00,15.00,68.00,0.00,0.00,6.00,0.00,0.00,8619008.00,11534336.00,0.00,0.00,275456.00,360448.00
1493153584,1398784.00,155648.00,5127168.00,56203673.60,9.00,12.00,73.00,0.00,0.00,6.00,0.00,0.00,8428544.00,11534336.00,0.00,0.00,273408.00,356352.00
1493153585,1398784.00,155648.00,5127168.00,56203673.60,11.00,13.00,67.00,0.00,0.00,8.00,0.00,0.00,8957952.00,12582912.00,0.00,0.00,284672.00,372736.00
1493153586,1399808.00,155648.00,5127168.00,56203673.60,12.00,15.00,68.00,0.00,0.00,5.00,0.00,106496.00,8714240.00,12582912.00,0.00,0.00,278528.00,363520.00
1493153587,1398784.00,155648.00,5127168.00,56203673.60,9.00,15.00,69.00,0.00,0.00,7.00,0.00,0.00,8671232.00,12582912.00,0.00,0.00,280576.00,365568.00
1493153588,1399808.00,155648.00,5127168.00,56203673.60,9.00,11.00,74.00,0.00,0.00,6.00,0.00,0.00,8043520.00,11534336.00,0.00,0.00,265216.00,344064.00
1493153589,1398784.00,155648.00,5127168.00,56203673.60,12.00,13.00,70.00,0.00,0.00,6.00,0.00,0.00,8608768.00,11534336.00,0.00,0.00,280576.00,364544.00
1493153590,1398784.00,155648.00,5127168.00,56203673.60,10.00,10.00,75.00,0.00,0.00,6.00,0.00,0.00,8019968.00,11534336.00,0.00,0.00,267264.00,344064.00
1493153591,1399808.00,155648.00,5127168.00,56203673.60,13.00,13.00,68.00,0.00,0.00,6.00,0.00,106496.00,8469504.00,11534336.00,0.00,0.00,277504.00,360448.00
1493153592,1398784.00,155648.00,5127168.00,56203673.60,10.00,14.00,70.00,0.00,0.00,7.00,0.00,0.00,8351744.00,11534336.00,0.00,0.00,268288.00,350208.00
1493153593,1398784.00,155648.00,5127168.00,56203673.60,11.00,14.00,69.00,0.00,0.00,6.00,0.00,0.00,8671232.00,12582912.00,0.00,0.00,281600.00,366592.00
1493153594,1399808.00,155648.00,5127168.00,56203673.60,10.00,11.00,72.00,0.00,0.00,6.00,0.00,0.00,8282112.00,11534336.00,0.00,0.00,263168.00,348160.00
1493153595,1398784.00,155648.00,5127168.00,56203673.60,12.00,13.00,69.00,0.00,0.00,6.00,0.00,0.00,8805376.00,12582912.00,0.00,0.00,279552.00,366592.00
1493153596,1399808.00,155648.00,5127168.00,56203673.60,12.00,14.00,68.00,0.00,0.00,6.00,0.00,106496.00,8625152.00,11534336.00,0.00,0.00,275456.00,360448.00
1493153597,1398784.00,155648.00,5127168.00,56203673.60,10.00,13.00,69.00,0.00,0.00,7.00,0.00,0.00,8720384.00,12582912.00,0.00,0.00,279552.00,365568.00
1493153598,1399808.00,155648.00,5127168.00,56203673.60,11.00,15.00,67.00,0.00,0.00,7.00,0.00,0.00,8903680.00,12582912.00,0.00,0.00,281600.00,371712.00
1493153599,1399808.00,155648.00,5127168.00,56203673.60,10.00,16.00,68.00,0.00,0.00,6.00,0.00,0.00,8519680.00,11534336.00,0.00,0.00,276480.00,360448.00
1493153600,1399808.00,155648.00,5127168.00,56203673.60,9.00,13.00,72.00,0.00,0.00,6.00,0.00,557056.00,7921664.00,11534336.00,0.00,0.00,258048.00,336896.00
1493153601,1399808.00,155648.00,5127168.00,56203673.60,9.00,11.00,74.00,0.00,0.00,6.00,0.00,221184.00,7953408.00,11534336.00,0.00,0.00,259072.00,337920.00
1493153602,1398784.00,155648.00,5127168.00,56203673.60,8.00,12.00,74.00,0.00,0.00,5.00,0.00,0.00,8019968.00,11534336.00,0.00,0.00,266240.00,343040.00
1493153603,1398784.00,155648.00,5127168.00,56203673.60,11.00,12.00,70.00,0.00,0.00,7.00,0.00,0.00,8479744.00,11534336.00,0.00,0.00,276480.00,360448.00
1493153604,1399808.00,155648.00,5127168.00,56203673.60,8.00,15.00,69.00,0.00,0.00,7.00,0.00,0.00,8637440.00,12582912.00,0.00,0.00,278528.00,363520.00
1493153605,1399808.00,155648.00,5127168.00,56203673.60,13.00,13.00,68.00,0.00,0.00,6.00,0.00,0.00,8159232.00,11534336.00,0.00,0.00,262144.00,342016.00
1493153606,1399808.00,155648.00,5127168.00,56203673.60,9.00,13.00,71.00,0.00,0.00,7.00,0.00,106496.00,8337408.00,11534336.00,0.00,0.00,264192.00,349184.00
1493153607,1399808.00,155648.00,5127168.00,56203673.60,10.00,12.00,71.00,0.00,0.00,6.00,0.00,0.00,8778752.00,12582912.00,0.00,0.00,279552.00,365568.00
1493153608,1398784.00,155648.00,5127168.00,56203673.60,11.00,14.00,68.00,0.00,0.00,7.00,0.00,0.00,8899584.00,12582912.00,0.00,0.00,281600.00,370688.00
1493153609,1398784.00,155648.00,5127168.00,56203673.60,13.00,13.00,67.00,0.00,0.00,7.00,0.00,0.00,8801280.00,12582912.00,0.00,0.00,279552.00,368640.00
1493153610,1399808.00,155648.00,5127168.00,56203673.60,13.00,15.00,65.00,0.00,0.00,6.00,0.00,0.00,8710144.00,12582912.00,0.00,0.00,276480.00,363520.00
1493153611,1398784.00,155648.00,5127168.00,56203673.60,10.00,12.00,71.00,0.00,0.00,7.00,0.00,106496.00,8435712.00,11534336.00,0.00,0.00,275456.00,358400.00
1493153612,1399808.00,155648.00,5127168.00,56203673.60,8.00,14.00,73.00,0.00,0.00,5.00,0.00,0.00,7994368.00,11534336.00,0.00,0.00,260096.00,337920.00
1493153613,1398784.00,155648.00,5127168.00,56203673.60,11.00,13.00,69.00,0.00,0.00,7.00,0.00,0.00,8711168.00,12582912.00,0.00,0.00,279552.00,364544.00
1493153614,1398784.00,155648.00,5127168.00,56203673.60,9.00,12.00,72.00,0.00,0.00,6.00,0.00,0.00,8302592.00,11534336.00,0.00,0.00,264192.00,346112.00
1493153615,1399808.00,155648.00,5127168.00,56203673.60,13.00,13.00,67.00,0.00,0.00,6.00,0.00,0.00,8733696.00,12582912.00,0.00,0.00,278528.00,365568.00
1493153616,1398784.00,155648.00,5127168.00,56203673.60,11.00,12.00,70.00,0.00,0.00,7.00,0.00,106496.00,8760320.00,12582912.00,0.00,0.00,279552.00,367616.00
1493153617,1398784.00,155648.00,5127168.00,56203673.60,9.00,14.00,72.00,0.00,0.00,5.00,0.00,0.00,7970816.00,11534336.00,0.00,0.00,263168.00,340992.00
1493153618,1398784.00,155648.00,5127168.00,56203673.60,10.00,14.00,72.00,0.00,0.00,5.00,0.00,0.00,8282112.00,11534336.00,0.00,0.00,276480.00,354304.00
1493153619,1398784.00,155648.00,5127168.00,56203673.60,10.00,13.00,71.00,0.00,0.00,5.00,0.00,0.00,8282112.00,11534336.00,0.00,0.00,259072.00,345088.00
1493153620,1399808.00,155648.00,5127168.00,56203673.60,10.00,14.00,69.00,0.00,0.00,7.00,0.00,0.00,8910848.00,12582912.00,0.00,0.00,278528.00,370688.00
1493153621,1398784.00,155648.00,5127168.00,56203673.60,12.00,15.00,65.00,3.00,0.00,6.00,0.00,106496.00,8645632.00,11534336.00,0.00,0.00,272384.00,360448.00
1493153622,1399808.00,155648.00,5127168.00,56203673.60,11.00,13.00,70.00,0.00,0.00,6.00,0.00,0.00,8602624.00,11534336.00,0.00,0.00,276480.00,363520.00
1493153623,1399808.00,155648.00,5127168.00,56203673.60,12.00,12.00,70.00,0.00,0.00,6.00,0.00,0.00,8818688.00,12582912.00,0.00,0.00,278528.00,369664.00
1493153624,1398784.00,155648.00,5127168.00,56203673.60,11.00,11.00,73.00,0.00,0.00,5.00,0.00,0.00,7827456.00,10485760.00,0.00,0.00,256000.00,330752.00
1493153625,1398784.00,155648.00,5127168.00,56203673.60,12.00,13.00,69.00,0.00,0.00,6.00,0.00,0.00,8545280.00,11534336.00,0.00,0.00,276480.00,360448.00
1493153626,1398784.00,155648.00,5127168.00,56203673.60,11.00,14.00,68.00,0.00,0.00,6.00,0.00,106496.00,8832000.00,12582912.00,0.00,0.00,280576.00,368640.00
1493153627,1399808.00,155648.00,5127168.00,56203673.60,11.00,12.00,71.00,0.00,0.00,6.00,0.00,0.00,8474624.00,11534336.00,0.00,0.00,268288.00,354304.00
1493153628,1398784.00,155648.00,5127168.00,56203673.60,7.00,8.00,82.00,0.00,0.00,3.00,0.00,0.00,6728704.00,9426944.00,0.00,0.00,221184.00,285696.00
1493153629,1399808.00,155648.00,5127168.00,56203673.60,13.00,13.00,69.00,0.00,0.00,5.00,0.00,0.00,8500224.00,11534336.00,0.00,0.00,275456.00,360448.00
1493153630,1398784.00,155648.00,5127168.00,56203673.60,10.00,13.00,72.00,0.00,0.00,5.00,0.00,57344.00,8275968.00,11534336.00,0.00,0.00,279552.00,355328.00
1493153631,1399808.00,155648.00,5127168.00,56203673.60,11.00,13.00,69.00,0.00,0.00,7.00,0.00,131072.00,8635392.00,11534336.00,0.00,0.00,276480.00,363520.00
1493153632,1399808.00,155648.00,5127168.00,56203673.60,10.00,15.00,71.00,0.00,0.00,5.00,0.00,0.00,8479744.00,11534336.00,0.00,0.00,265216.00,351232.00
1493153633,1398784.00,155648.00,5127168.00,56203673.60,13.00,12.00,68.00,0.00,0.00,7.00,0.00,0.00,8647680.00,11534336.00,0.00,0.00,277504.00,361472.00
1493153634,1398784.00,155648.00,5127168.00,56203673.60,10.00,14.00,70.00,0.00,0.00,6.00,0.00,0.00,8472576.00,11534336.00,0.00,0.00,276480.00,358400.00
1493153635,1398784.00,155648.00,5127168.00,56203673.60,12.00,14.00,68.00,0.00,0.00,6.00,0.00,0.00,8666112.00,12582912.00,0.00,0.00,278528.00,364544.00
1493153636,1399808.00,155648.00,5127168.00,56203673.60,10.00,13.00,72.00,0.00,0.00,5.00,0.00,868352.00,8087552.00,11534336.00,0.00,0.00,260096.00,338944.00
1493153637,1399808.00,155648.00,5127168.00,56203673.60,10.00,13.00,70.00,0.00,0.00,7.00,0.00,0.00,8639488.00,11534336.00,0.00,0.00,278528.00,363520.00
1493153638,1399808.00,155648.00,5127168.00,56203673.60,14.00,13.00,67.00,0.00,0.00,6.00,0.00,0.00,8318976.00,11534336.00,0.00,0.00,268288.00,350208.00
1493153639,1398784.00,155648.00,5127168.00,56203673.60,11.00,12.00,72.00,0.00,0.00,6.00,0.00,0.00,8283136.00,11534336.00,0.00,0.00,266240.00,347136.00
1493153640,1398784.00,155648.00,5127168.00,56203673.60,7.00,11.00,77.00,0.00,0.00,5.00,0.00,0.00,7591936.00,10485760.00,0.00,0.00,258048.00,329728.00
1493153641,1398784.00,155648.00,5127168.00,56203673.60,11.00,11.00,74.00,0.00,0.00,5.00,0.00,106496.00,7965696.00,11534336.00,0.00,0.00,269312.00,346112.00
1493153642,1399808.00,155648.00,5127168.00,56203673.60,8.00,12.00,74.00,0.00,0.00,7.00,0.00,0.00,8145920.00,11534336.00,0.00,0.00,271360.00,351232.00
1493153643,1398784.00,155648.00,5127168.00,56203673.60,13.00,13.00,67.00,0.00,0.00,6.00,0.00,0.00,8472576.00,11534336.00,0.00,0.00,276480.00,356352.00
1493153644,1399808.00,155648.00,5127168.00,56203673.60,8.00,13.00,71.00,0.00,0.00,7.00,0.00,0.00,8551424.00,11534336.00,0.00,0.00,277504.00,360448.00
1493153645,1399808.00,155648.00,5127168.00,56203673.60,10.00,14.00,69.00,0.00,0.00,7.00,0.00,0.00,8627200.00,12582912.00,0.00,0.00,281600.00,365568.00
1493153646,1399808.00,155648.00,5127168.00,56203673.60,10.00,12.00,72.00,0.00,0.00,5.00,0.00,106496.00,8185856.00,11534336.00,0.00,0.00,266240.00,346112.00
1493153647,1399808.00,155648.00,5127168.00,56203673.60,13.00,12.00,70.00,0.00,0.00,6.00,0.00,0.00,8791040.00,12582912.00,0.00,0.00,282624.00,368640.00
1493153648,1399808.00,155648.00,5127168.00,56203673.60,13.00,13.00,68.00,0.00,0.00,6.00,0.00,0.00,8664064.00,12582912.00,0.00,0.00,278528.00,364544.00
1493153649,1399808.00,155648.00,5127168.00,56203673.60,9.00,12.00,71.00,0.00,0.00,8.00,0.00,0.00,8300544.00,11534336.00,0.00,0.00,266240.00,348160.00
1493153650,1399808.00,155648.00,5127168.00,56203673.60,13.00,13.00,68.00,0.00,0.00,6.00,0.00,0.00,8826880.00,12582912.00,0.00,0.00,284672.00,372736.00
1493153651,1398784.00,155648.00,5127168.00,56203673.60,10.00,14.00,70.00,0.00,0.00,5.00,0.00,106496.00,8400896.00,11534336.00,0.00,0.00,267264.00,353280.00
1493153652,1399808.00,155648.00,5127168.00,56203673.60,11.00,11.00,73.00,0.00,0.00,5.00,0.00,0.00,7960576.00,11534336.00,0.00,0.00,252928.00,332800.00
1493153653,1399808.00,155648.00,5127168.00,56203673.60,11.00,13.00,68.00,0.00,0.00,8.00,0.00,0.00,8823808.00,12582912.00,0.00,0.00,282624.00,369664.00
1493153654,1398784.00,155648.00,5127168.00,56203673.60,12.00,14.00,67.00,0.00,0.00,7.00,0.00,0.00,8849408.00,12582912.00,0.00,0.00,284672.00,370688.00
1493153655,1398784.00,155648.00,5127168.00,56203673.60,11.00,14.00,68.00,0.00,0.00,7.00,0.00,0.00,8732672.00,12582912.00,0.00,0.00,279552.00,366592.00
1493153656,1399808.00,155648.00,5127168.00,56203673.60,11.00,14.00,68.00,0.00,0.00,7.00,0.00,106496.00,8839168.00,12582912.00,0.00,0.00,281600.00,368640.00
1493153657,1399808.00,155648.00,5127168.00,56203673.60,14.00,13.00,66.00,0.00,0.00,7.00,0.00,0.00,8794112.00,12582912.00,0.00,0.00,279552.00,366592.00
1493153658,1399808.00,155648.00,5127168.00,56203673.60,10.00,13.00,71.00,0.00,0.00,6.00,0.00,0.00,8704000.00,12582912.00,0.00,0.00,282624.00,367616.00
1493153659,1399808.00,155648.00,5127168.00,56203673.60,9.00,12.00,73.00,0.00,0.00,7.00,0.00,0.00,8481792.00,11534336.00,0.00,0.00,267264.00,352256.00
1493153660,1399808.00,155648.00,5127168.00,56203673.60,11.00,13.00,71.00,0.00,0.00,5.00,0.00,0.00,8325120.00,11534336.00,0.00,0.00,263168.00,349184.00
1493153661,1398784.00,155648.00,5127168.00,56203673.60,11.00,12.00,71.00,0.00,0.00,6.00,0.00,147456.00,8292352.00,11534336.00,0.00,0.00,266240.00,349184.00
1493153662,1399808.00,155648.00,5127168.00,56203673.60,13.00,14.00,67.00,0.00,0.00,6.00,0.00,0.00,8828928.00,12582912.00,0.00,0.00,280576.00,368640.00
1493153663,1399808.00,155648.00,5127168.00,56203673.60,8.00,11.00,73.00,0.00,0.00,7.00,0.00,0.00,7911424.00,11534336.00,0.00,0.00,253952.00,333824.00
1493153664,1399808.00,155648.00,5127168.00,56203673.60,10.00,12.00,72.00,0.00,0.00,6.00,0.00,0.00,8258560.00,11534336.00,0.00,0.00,264192.00,346112.00
1493153665,1399808.00,155648.00,5127168.00,56203673.60,11.00,14.00,69.00,0.00,0.00,7.00,0.00,0.00,8869888.00,12582912.00,0.00,0.00,282624.00,370688.00
1493153666,1399808.00,155648.00,5127168.00,56203673.60,12.00,13.00,67.00,0.00,0.00,7.00,0.00,483328.00,8726528.00,12582912.00,0.00,0.00,280576.00,366592.00
1493153667,1399808.00,155648.00,5127168.00,56203673.60,11.00,14.00,68.00,0.00,0.00,7.00,0.00,0.00,8768512.00,12582912.00,0.00,0.00,281600.00,367616.00
1493153668,1399808.00,155648.00,5127168.00,56203673.60,12.00,12.00,69.00,0.00,0.00,7.00,0.00,0.00,8841216.00,12582912.00,0.00,0.00,282624.00,369664.00
1493153669,1399808.00,155648.00,5127168.00,56203673.60,11.00,14.00,68.00,0.00,0.00,6.00,0.00,0.00,8750080.00,12582912.00,0.00,0.00,283648.00,369664.00
1493153670,1399808.00,155648.00,5127168.00,56203673.60,12.00,11.00,71.00,0.00,0.00,6.00,0.00,0.00,8506368.00,11534336.00,0.00,0.00,275456.00,358400.00
1493153671,1399808.00,155648.00,5127168.00,56203673.60,14.00,13.00,66.00,0.00,0.00,7.00,0.00,532480.00,8660992.00,12582912.00,0.00,0.00,276480.00,363520.00
1493153672,1398784.00,155648.00,5127168.00,56203673.60,9.00,12.00,72.00,0.00,0.00,7.00,0.00,0.00,8236032.00,11534336.00,0.00,0.00,265216.00,348160.00
1493153673,1399808.00,155648.00,5127168.00,56203673.60,10.00,12.00,73.00,0.00,0.00,6.00,0.00,0.00,8417280.00,11534336.00,0.00,0.00,268288.00,352256.00
1493153674,1399808.00,155648.00,5127168.00,56203673.60,9.00,15.00,70.00,0.00,0.00,7.00,0.00,0.00,8858624.00,12582912.00,0.00,0.00,281600.00,369664.00
1493153675,1399808.00,155648.00,5127168.00,56203673.60,8.00,12.00,75.00,0.00,0.00,5.00,0.00,0.00,7887872.00,10485760.00,0.00,0.00,251904.00,328704.00
1493153676,1399808.00,155648.00,5127168.00,56203673.60,12.00,14.00,68.00,0.00,0.00,7.00,0.00,106496.00,8716288.00,12582912.00,0.00,0.00,276480.00,365568.00
1493153677,1399808.00,155648.00,5127168.00,56203673.60,11.00,14.00,69.00,0.00,0.00,6.00,0.00,0.00,8871936.00,12582912.00,0.00,0.00,283648.00,371712.00
1493153678,1399808.00,155648.00,5127168.00,56203673.60,11.00,15.00,67.00,0.00,0.00,7.00,0.00,0.00,8700928.00,12582912.00,0.00,0.00,278528.00,363520.00
1493153679,1399808.00,155648.00,5127168.00,56203673.60,10.00,13.00,70.00,0.00,0.00,7.00,0.00,0.00,8683520.00,12582912.00,0.00,0.00,278528.00,363520.00
1493153680,1399808.00,155648.00,5127168.00,56203673.60,12.00,14.00,67.00,0.00,0.00,6.00,0.00,0.00,8675328.00,12582912.00,0.00,0.00,277504.00,364544.00
1493153681,1399808.00,155648.00,5127168.00,56203673.60,9.00,14.00,70.00,0.00,0.00,7.00,0.00,598016.00,8699904.00,12582912.00,0.00,0.00,282624.00,367616.00
1493153682,1399808.00,155648.00,5127168.00,56203673.60,10.00,16.00,68.00,0.00,0.00,6.00,0.00,0.00,8903680.00,12582912.00,0.00,0.00,283648.00,372736.00
1493153683,1399808.00,155648.00,5127168.00,56203673.60,12.00,12.00,69.00,0.00,0.00,7.00,0.00,0.00,8753152.00,12582912.00,0.00,0.00,276480.00,365568.00
1493153684,1399808.00,155648.00,5127168.00,56203673.60,6.00,6.00,84.00,0.00,0.00,4.00,0.00,0.00,5896192.00,8235008.00,0.00,0.00,195584.00,251904.00
1493153685,1399808.00,155648.00,5127168.00,56203673.60,10.00,13.00,71.00,0.00,0.00,6.00,0.00,0.00,8116224.00,11534336.00,0.00,0.00,262144.00,343040.00
1493153686,1399808.00,155648.00,5127168.00,56203673.60,10.00,11.00,73.00,0.00,0.00,6.00,0.00,106496.00,8038400.00,11534336.00,0.00,0.00,257024.00,337920.00
1493153687,1398784.00,155648.00,5127168.00,56203673.60,10.00,13.00,71.00,0.00,0.00,7.00,0.00,0.00,8494080.00,11534336.00,0.00,0.00,274432.00,357376.00
1493153688,1398784.00,155648.00,5127168.00,56203673.60,10.00,12.00,72.00,0.00,0.00,6.00,0.00,0.00,8425472.00,11534336.00,0.00,0.00,269312.00,353280.00
1493153689,1399808.00,155648.00,5127168.00,56203673.60,12.00,13.00,69.00,0.00,0.00,7.00,0.00,0.00,8909824.00,12582912.00,0.00,0.00,282624.00,371712.00
1493153690,1399808.00,155648.00,5127168.00,56203673.60,12.00,11.00,73.00,0.00,0.00,5.00,0.00,0.00,7992320.00,11534336.00,0.00,0.00,258048.00,335872.00
1493153691,1399808.00,155648.00,5127168.00,56203673.60,6.00,9.00,81.00,0.00,0.00,4.00,0.00,106496.00,6939648.00,9713664.00,0.00,0.00,225280.00,293888.00
1493153692,1399808.00,155648.00,5127168.00,56203673.60,10.00,14.00,70.00,0.00,0.00,7.00,0.00,0.00,8976384.00,12582912.00,0.00,0.00,283648.00,373760.00
1493153693,1399808.00,155648.00,5127168.00,56203673.60,9.00,12.00,72.00,0.00,0.00,7.00,0.00,0.00,8348672.00,11534336.00,0.00,0.00,268288.00,350208.00
1493153694,1398784.00,155648.00,5127168.00,56203673.60,7.00,11.00,77.00,0.00,0.00,5.00,0.00,0.00,7235584.00,10124288.00,0.00,0.00,239616.00,308224.00
1493153695,1399808.00,155648.00,5127168.00,56203673.60,10.00,11.00,75.00,0.00,0.00,4.00,0.00,0.00,7642112.00,10485760.00,0.00,0.00,250880.00,324608.00
1493153696,1399808.00,155648.00,5127168.00,56203673.60,10.00,12.00,71.00,0.00,0.00,7.00,0.00,106496.00,8424448.00,11534336.00,0.00,0.00,279552.00,360448.00
1493153697,1399808.00,155648.00,5127168.00,56203673.60,11.00,12.00,72.00,0.00,0.00,5.00,0.00,0.00,8374272.00,11534336.00,0.00,0.00,268288.00,352256.00
1493153698,1399808.00,155648.00,5127168.00,56203673.60,9.00,13.00,70.00,0.00,0.00,7.00,0.00,0.00,8681472.00,12582912.00,0.00,0.00,281600.00,365568.00
1493153699,1399808.00,155648.00,5127168.00,56203673.60,9.00,10.00,75.00,0.00,0.00,6.00,0.00,0.00,8113152.00,11534336.00,0.00,0.00,267264.00,348160.00
1493153700,1399808.00,155648.00,5127168.00,56203673.60,10.00,11.00,75.00,0.00,0.00,5.00,0.00,0.00,7420928.00,10485760.00,0.00,0.00,251904.00,320512.00
1493153701,1398784.00,155648.00,5127168.00,56203673.60,8.00,8.00,79.00,0.00,0.00,5.00,0.00,106496.00,7355392.00,10485760.00,0.00,0.00,253952.00,325632.00
1493153702,1399808.00,155648.00,5127168.00,56203673.60,7.00,10.00,79.00,0.00,0.00,5.00,0.00,0.00,7357440.00,10485760.00,0.00,0.00,266240.00,330752.00
1493153703,1399808.00,155648.00,5127168.00,56203673.60,8.00,9.00,77.00,0.00,0.00,6.00,0.00,0.00,7801856.00,11534336.00,0.00,0.00,276480.00,347136.00
1493153704,1399808.00,155648.00,5127168.00,56203673.60,9.00,14.00,71.00,0.00,0.00,6.00,0.00,0.00,8499200.00,11534336.00,0.00,0.00,275456.00,358400.00
1493153705,1399808.00,155648.00,5127168.00,56203673.60,11.00,11.00,72.00,0.00,0.00,6.00,0.00,0.00,7957504.00,11534336.00,0.00,0.00,268288.00,342016.00
1493153706,1399808.00,155648.00,5127168.00,56203673.60,9.00,11.00,75.00,0.00,0.00,5.00,0.00,106496.00,7811072.00,11534336.00,0.00,0.00,275456.00,348160.00
1493153707,1399808.00,155648.00,5127168.00,56203673.60,9.00,10.00,76.00,0.00,0.00,5.00,0.00,0.00,7891968.00,11534336.00,0.00,0.00,276480.00,349184.00
1493153708,1399808.00,155648.00,5128192.00,56203673.60,11.00,14.00,69.00,0.00,0.00,6.00,0.00,0.00,8812544.00,12582912.00,0.00,0.00,283648.00,369664.00
1493153709,1398784.00,155648.00,5128192.00,56203673.60,9.00,13.00,70.00,0.00,0.00,8.00,0.00,0.00,8578048.00,11534336.00,0.00,0.00,278528.00,360448.00
1493153710,1399808.00,155648.00,5128192.00,56203673.60,10.00,11.00,74.00,0.00,0.00,5.00,0.00,0.00,7711744.00,10485760.00,0.00,0.00,253952.00,329728.00
1493153711,1399808.00,155648.00,5128192.00,56203673.60,7.00,11.00,76.00,0.00,0.00,6.00,0.00,147456.00,7550976.00,10485760.00,0.00,0.00,259072.00,328704.00
1493153712,1399808.00,155648.00,5128192.00,56203673.60,11.00,12.00,71.00,0.00,0.00,7.00,0.00,0.00,8646656.00,12582912.00,0.00,0.00,281600.00,366592.00
1493153713,1398784.00,155648.00,5128192.00,56203673.60,13.00,12.00,68.00,0.00,0.00,7.00,0.00,0.00,8741888.00,12582912.00,0.00,0.00,282624.00,367616.00
1493153714,1399808.00,155648.00,5128192.00,56203673.60,8.00,10.00,77.00,0.00,0.00,5.00,0.00,0.00,7441408.00,10485760.00,0.00,0.00,248832.00,319488.00
1493153715,1399808.00,155648.00,5128192.00,56203673.60,11.00,11.00,73.00,0.00,0.00,5.00,0.00,0.00,7876608.00,11534336.00,0.00,0.00,271360.00,343040.00
1493153716,1399808.00,155648.00,5128192.00,56203673.60,9.00,11.00,74.00,0.00,0.00,6.00,0.00,876544.00,8164352.00,11534336.00,0.00,0.00,275456.00,352256.00
1493153717,1399808.00,155648.00,5128192.00,56203673.60,8.00,11.00,75.00,0.00,0.00,5.00,0.00,0.00,8028160.00,11534336.00,0.00,0.00,278528.00,350208.00
1493153718,1399808.00,155648.00,5128192.00,56203673.60,9.00,13.00,73.00,0.00,0.00,6.00,0.00,0.00,8421376.00,11534336.00,0.00,0.00,282624.00,362496.00
1493153719,1400832.00,155648.00,5128192.00,56203673.60,10.00,13.00,71.00,0.00,0.00,6.00,0.00,0.00,8735744.00,12582912.00,0.00,0.00,282624.00,367616.00
1493153720,1399808.00,155648.00,5128192.00,56203673.60,12.00,14.00,68.00,0.00,0.00,6.00,0.00,0.00,8631296.00,11534336.00,0.00,0.00,279552.00,363520.00
1493153721,1399808.00,155648.00,5128192.00,56203673.60,9.00,11.00,75.00,0.00,0.00,5.00,0.00,106496.00,8007680.00,11534336.00,0.00,0.00,276480.00,349184.00
1493153722,1400832.00,155648.00,5128192.00,56203673.60,10.00,13.00,71.00,0.00,0.00,6.00,0.00,0.00,8429568.00,11534336.00,0.00,0.00,274432.00,357376.00
1493153723,1399808.00,155648.00,5128192.00,56203673.60,9.00,10.00,75.00,0.00,0.00,6.00,0.00,0.00,7771136.00,10485760.00,0.00,0.00,249856.00,326656.00
1493153724,1399808.00,155648.00,5128192.00,56203673.60,12.00,13.00,68.00,0.00,0.00,6.00,0.00,0.00,8576000.00,11534336.00,0.00,0.00,279552.00,363520.00
1493153725,1399808.00,155648.00,5128192.00,56203673.60,10.00,11.00,74.00,0.00,0.00,5.00,0.00,0.00,8017920.00,11534336.00,0.00,0.00,276480.00,349184.00
1493153726,1399808.00,155648.00,5128192.00,56203673.60,9.00,12.00,74.00,0.00,0.00,6.00,0.00,106496.00,8029184.00,11534336.00,0.00,0.00,266240.00,342016.00
1493153727,1399808.00,155648.00,5128192.00,56203673.60,11.00,15.00,67.00,0.00,0.00,7.00,0.00,0.00,8986624.00,12582912.00,0.00,0.00,283648.00,374784.00
1493153728,1399808.00,155648.00,5128192.00,56203673.60,11.00,14.00,69.00,0.00,0.00,6.00,0.00,0.00,8491008.00,11534336.00,0.00,0.00,269312.00,354304.00
1493153729,1399808.00,155648.00,5128192.00,56203673.60,13.00,14.00,66.00,0.00,0.00,7.00,0.00,0.00,8740864.00,12582912.00,0.00,0.00,279552.00,364544.00
1493153730,1399808.00,155648.00,5128192.00,56203673.60,10.00,14.00,69.00,0.00,0.00,7.00,0.00,0.00,8783872.00,12582912.00,0.00,0.00,282624.00,369664.00
1493153731,1399808.00,155648.00,5128192.00,56203673.60,12.00,13.00,69.00,0.00,0.00,7.00,0.00,106496.00,8853504.00,12582912.00,0.00,0.00,279552.00,368640.00
1493153732,1399808.00,155648.00,5128192.00,56203673.60,11.00,16.00,66.00,0.00,0.00,7.00,0.00,0.00,8861696.00,12582912.00,0.00,0.00,283648.00,371712.00
1493153733,1399808.00,155648.00,5128192.00,56203673.60,9.00,14.00,70.00,0.00,0.00,7.00,0.00,0.00,8913920.00,12582912.00,0.00,0.00,283648.00,372736.00
1493153734,1399808.00,155648.00,5128192.00,56203673.60,12.00,13.00,68.00,0.00,0.00,6.00,0.00,0.00,8664064.00,12582912.00,0.00,0.00,276480.00,362496.00
1493153735,1399808.00,155648.00,5128192.00,56203673.60,9.00,12.00,74.00,0.00,0.00,5.00,0.00,0.00,8013824.00,11534336.00,0.00,0.00,253952.00,335872.00
1493153736,1399808.00,155648.00,5128192.00,56203673.60,11.00,14.00,67.00,0.00,0.00,7.00,0.00,106496.00,8801280.00,12582912.00,0.00,0.00,277504.00,369664.00
1493153737,1399808.00,155648.00,5128192.00,56203673.60,11.00,14.00,69.00,0.00,0.00,6.00,0.00,0.00,8924160.00,12582912.00,0.00,0.00,281600.00,372736.00
1493153738,1399808.00,155648.00,5128192.00,56203673.60,11.00,12.00,70.00,0.00,0.00,7.00,0.00,0.00,8343552.00,11534336.00,0.00,0.00,267264.00,349184.00
1493153739,1399808.00,155648.00,5128192.00,56203673.60,12.00,13.00,69.00,0.00,0.00,6.00,0.00,0.00,8897536.00,12582912.00,0.00,0.00,281600.00,371712.00
1493153740,1399808.00,155648.00,5128192.00,56203673.60,9.00,14.00,68.00,0.00,0.00,8.00,0.00,0.00,8878080.00,12582912.00,0.00,0.00,285696.00,371712.00
1493153741,1399808.00,155648.00,5128192.00,56203673.60,9.00,13.00,72.00,0.00,0.00,6.00,0.00,147456.00,8386560.00,11534336.00,0.00,0.00,268288.00,352256.00
1493153742,1399808.00,155648.00,5128192.00,56203673.60,12.00,16.00,66.00,0.00,0.00,6.00,0.00,0.00,8873984.00,12582912.00,0.00,0.00,285696.00,370688.00
1493153743,1399808.00,155648.00,5128192.00,56203673.60,13.00,13.00,69.00,0.00,0.00,5.00,0.00,0.00,8742912.00,12582912.00,0.00,0.00,281600.00,367616.00
1493153744,1399808.00,155648.00,5128192.00,56203673.60,11.00,15.00,68.00,0.00,0.00,6.00,0.00,0.00,8911872.00,12582912.00,0.00,0.00,286720.00,372736.00
1493153745,1400832.00,155648.00,5128192.00,56203673.60,10.00,15.00,68.00,0.00,0.00,8.00,0.00,0.00,8922112.00,12582912.00,0.00,0.00,284672.00,372736.00
1493153746,1399808.00,155648.00,5128192.00,56203673.60,8.00,12.00,75.00,0.00,0.00,5.00,0.00,106496.00,7820288.00,10485760.00,0.00,0.00,250880.00,327680.00
1493153747,1399808.00,155648.00,5128192.00,56203673.60,15.00,12.00,65.00,0.00,0.00,8.00,0.00,0.00,8815616.00,12582912.00,0.00,0.00,284672.00,369664.00
1493153748,1399808.00,155648.00,5128192.00,56203673.60,11.00,13.00,69.00,0.00,0.00,7.00,0.00,0.00,8923136.00,12582912.00,0.00,0.00,283648.00,373760.00
1493153749,1400832.00,155648.00,5128192.00,56203673.60,12.00,13.00,68.00,0.00,0.00,7.00,0.00,0.00,8934400.00,12582912.00,0.00,0.00,286720.00,373760.00
1493153750,1399808.00,155648.00,5128192.00,56203673.60,9.00,14.00,72.00,0.00,0.00,5.00,0.00,0.00,7908352.00,11534336.00,0.00,0.00,256000.00,333824.00
1493153751,1399808.00,155648.00,5128192.00,56203673.60,10.00,15.00,68.00,0.00,0.00,6.00,0.00,876544.00,8791040.00,12582912.00,0.00,0.00,281600.00,367616.00
1493153752,1400832.00,155648.00,5128192.00,56203673.60,8.00,8.00,80.00,0.00,0.00,4.00,0.00,0.00,6619136.00,9272320.00,0.00,0.00,218112.00,283648.00
1493153753,1399808.00,155648.00,5128192.00,56203673.60,8.00,10.00,76.00,0.00,0.00,6.00,0.00,0.00,7822336.00,10485760.00,0.00,0.00,252928.00,333824.00
1493153754,1399808.00,155648.00,5128192.00,56203673.60,9.00,14.00,71.00,0.00,0.00,6.00,0.00,0.00,8692736.00,12582912.00,0.00,0.00,280576.00,368640.00
1493153755,1400832.00,155648.00,5128192.00,56203673.60,9.00,12.00,74.00,0.00,0.00,5.00,0.00,0.00,8056832.00,11534336.00,0.00,0.00,258048.00,340992.00
1493153756,1399808.00,155648.00,5128192.00,56203673.60,10.00,14.00,71.00,0.00,0.00,6.00,0.00,106496.00,8683520.00,12582912.00,0.00,0.00,279552.00,363520.00
1493153757,1399808.00,155648.00,5128192.00,56203673.60,11.00,14.00,69.00,0.00,0.00,5.00,0.00,0.00,8568832.00,11534336.00,0.00,0.00,271360.00,358400.00
1493153758,1399808.00,155648.00,5128192.00,56203673.60,10.00,13.00,70.00,0.00,0.00,7.00,0.00,0.00,8488960.00,11534336.00,0.00,0.00,271360.00,354304.00
1493153759,1399808.00,155648.00,5128192.00,56203673.60,11.00,13.00,70.00,0.00,0.00,6.00,0.00,0.00,8256512.00,11534336.00,0.00,0.00,263168.00,345088.00
1493153760,1400832.00,155648.00,5128192.00,56203673.60,9.00,12.00,73.00,0.00,0.00,6.00,0.00,0.00,8128512.00,11534336.00,0.00,0.00,271360.00,349184.00
1493153761,1399808.00,155648.00,5128192.00,56203673.60,9.00,12.00,73.00,0.00,0.00,5.00,0.00,106496.00,8352768.00,11534336.00,0.00,0.00,279552.00,361472.00
1493153762,1399808.00,155648.00,5128192.00,56203673.60,14.00,12.00,68.00,0.00,0.00,6.00,0.00,0.00,8624128.00,11534336.00,0.00,0.00,279552.00,363520.00
1493153763,1400832.00,155648.00,5128192.00,56203673.60,9.00,13.00,72.00,0.00,0.00,6.00,0.00,0.00,8346624.00,11534336.00,0.00,0.00,265216.00,351232.00
1493153764,1399808.00,155648.00,5128192.00,56203673.60,10.00,14.00,71.00,0.00,0.00,6.00,0.00,0.00,8516608.00,11534336.00,0.00,0.00,272384.00,359424.00
1493153765,1399808.00,155648.00,5128192.00,56203673.60,11.00,14.00,69.00,0.00,0.00,6.00,0.00,0.00,8543232.00,11534336.00,0.00,0.00,277504.00,360448.00
1493153766,1399808.00,155648.00,5128192.00,56203673.60,12.00,14.00,69.00,0.00,0.00,5.00,0.00,663552.00,8717312.00,12582912.00,0.00,0.00,282624.00,368640.00
1493153767,1400832.00,155648.00,5128192.00,56203673.60,12.00,13.00,68.00,0.00,0.00,7.00,0.00,0.00,8660992.00,12582912.00,0.00,0.00,279552.00,364544.00
1493153768,1399808.00,155648.00,5128192.00,56203673.60,9.00,15.00,69.00,0.00,0.00,7.00,0.00,0.00,8452096.00,11534336.00,0.00,0.00,271360.00,353280.00
1493153769,1399808.00,155648.00,5128192.00,56203673.60,10.00,14.00,71.00,0.00,0.00,5.00,0.00,0.00,8458240.00,11534336.00,0.00,0.00,266240.00,353280.00
1493153770,1399808.00,155648.00,5128192.00,56203673.60,10.00,14.00,70.00,0.00,0.00,6.00,0.00,0.00,8851456.00,12582912.00,0.00,0.00,284672.00,371712.00
1493153771,1399808.00,155648.00,5128192.00,56203673.60,13.00,11.00,69.00,0.00,0.00,6.00,0.00,425984.00,8223744.00,11534336.00,0.00,0.00,265216.00,346112.00
1493153772,1399808.00,155648.00,5128192.00,56203673.60,13.00,13.00,68.00,0.00,0.00,7.00,0.00,0.00,8866816.00,12582912.00,0.00,0.00,281600.00,369664.00
1493153773,1399808.00,155648.00,5128192.00,56203673.60,10.00,14.00,68.00,0.00,0.00,8.00,0.00,0.00,8857600.00,12582912.00,0.00,0.00,286720.00,371712.00
1493153774,1399808.00,155648.00,5128192.00,56203673.60,10.00,14.00,68.00,0.00,0.00,8.00,0.00,0.00,8832000.00,12582912.00,0.00,0.00,286720.00,370688.00
1493153775,1400832.00,155648.00,5128192.00,56203673.60,9.00,14.00,70.00,0.00,0.00,6.00,0.00,0.00,8409088.00,11534336.00,0.00,0.00,271360.00,353280.00
1493153776,1399808.00,155648.00,5128192.00,56203673.60,12.00,13.00,68.00,0.00,0.00,6.00,0.00,409600.00,8647680.00,12582912.00,0.00,0.00,278528.00,363520.00
1493153777,1399808.00,155648.00,5128192.00,56203673.60,10.00,14.00,70.00,0.00,0.00,6.00,0.00,0.00,8871936.00,12582912.00,0.00,0.00,284672.00,370688.00
1493153778,1399808.00,155648.00,5128192.00,56203673.60,11.00,15.00,68.00,0.00,0.00,6.00,0.00,0.00,8985600.00,12582912.00,0.00,0.00,286720.00,375808.00
1493153779,1399808.00,155648.00,5128192.00,56203673.60,11.00,13.00,69.00,0.00,0.00,7.00,0.00,0.00,8904704.00,12582912.00,0.00,0.00,282624.00,373760.00
1493153780,1399808.00,155648.00,5128192.00,56203673.60,14.00,12.00,67.00,0.00,0.00,7.00,0.00,0.00,8747008.00,12582912.00,0.00,0.00,280576.00,367616.00
1493153781,1399808.00,155648.00,5128192.00,56203673.60,9.00,12.00,74.00,0.00,0.00,5.00,0.00,106496.00,7884800.00,10485760.00,0.00,0.00,252928.00,330752.00
1493153782,1399808.00,155648.00,5128192.00,56203673.60,9.00,15.00,70.00,0.00,0.00,6.00,0.00,0.00,8828928.00,12582912.00,0.00,0.00,282624.00,369664.00
1493153783,1400832.00,155648.00,5128192.00,56203673.60,8.00,12.00,74.00,0.00,0.00,6.00,0.00,0.00,8053760.00,11534336.00,0.00,0.00,258048.00,338944.00
1493153784,1399808.00,155648.00,5128192.00,56203673.60,12.00,12.00,69.00,0.00,0.00,7.00,0.00,0.00,8840192.00,12582912.00,0.00,0.00,284672.00,371712.00
1493153785,1399808.00,155648.00,5128192.00,56203673.60,12.00,12.00,69.00,0.00,0.00,7.00,0.00,0.00,8708096.00,12582912.00,0.00,0.00,280576.00,365568.00
1493153786,1399808.00,155648.00,5128192.00,56203673.60,11.00,13.00,69.00,0.00,0.00,7.00,0.00,106496.00,8711168.00,12582912.00,0.00,0.00,282624.00,366592.00
1493153787,1399808.00,155648.00,5128192.00,56203673.60,9.00,13.00,71.00,0.00,0.00,6.00,0.00,0.00,8409088.00,11534336.00,0.00,0.00,269312.00,353280.00
1493153788,1399808.00,155648.00,5128192.00,56203673.60,11.00,14.00,69.00,0.00,0.00,6.00,0.00,0.00,8803328.00,12582912.00,0.00,0.00,283648.00,370688.00
1493153789,1399808.00,155648.00,5128192.00,56203673.60,10.00,13.00,71.00,0.00,0.00,6.00,0.00,0.00,8577024.00,11534336.00,0.00,0.00,282624.00,365568.00
