--Probe dump file for probe: org.yardstickframework.probes.ThroughputLatencyProbe@20d11153 (class org.yardstickframework.probes.ThroughputLatencyProbe)
--Created Tue Apr 25 20:50:29 UTC 2017
--Benchmark config: BenchmarkConfiguration [memberId='0', driverNames='[IgnitePutGetBenchmark]', serverName='IgniteNode', threads=64, duration=300, warmup=60, dfltProbeClsNames=[ThroughputLatencyProbe, PercentileProbe, DStatProbe], propsFileName='yardstick/config/run.properties', packages=[org.yardstickframework, org.apache.ignite.yardstick], cmdArgs=[--outputFolder, /home/ubuntu/date-2504-204359-s-4-c-1-ver-2.0.0-SNAPSHOT-0be92732/yardstick/bin/../output/results-20170425-204411, -id, 0, -cfg, /home/ubuntu/date-2504-204359-s-4-c-1-ver-2.0.0-SNAPSHOT-0be92732/yardstick/bin/../config/ignite-config.xml, -nn, 5, -b, 1, -w, 60, -d, 300, -t, 64, -sm, FULL_SYNC, --client, -dn, IgnitePutGetBenchmark, -sn, IgniteNode, -wom, PRIMARY, -ds, 2.0.0-SNAPSHOT-0be92732-atomic-put-get-1-backup, --config, yardstick/config/run.properties, --logsFolder, /home/ubuntu/date-2504-204359-s-4-c-1-ver-2.0.0-SNAPSHOT-0be92732/yardstick/bin/../output/logs-20170425-204411/logs_drivers, --currentFolder, /home/ubuntu/date-2504-204359-s-4-c-1-ver-2.0.0-SNAPSHOT-0be92732, --scriptsFolder, /home/ubuntu/date-2504-204359-s-4-c-1-ver-2.0.0-SNAPSHOT-0be92732/yardstick/bin], probeWriter='null', customProps={ver=2.0.0-SNAPSHOT-0be92732- , b=1, d=300, SERVER_HOSTS=172.31.45.250,172.31.38.80,172.31.41.141,172.31.42.161, now0=`date +'%H%M%S'`, j=10, nodesNum=$((`echo ${SERVER_HOSTS} | tr ',' '' | wc -l` + `echo ${DRIVER_HOSTS} | tr ',' '' | wc -l`)), JVM_OPTS=${JVM_OPTS}" -Xms6g -Xmx6g -Xloggc:./gc${now0}.log -XX:+PrintGCDetails -verbose:gc -XX:+UseParNewGC -XX:+UseConcMarkSweepGC ", CONFIGS="-cfg ${SCRIPT_DIR}/../config/ignite-config.xml -nn ${nodesNum} -b ${b} -w ${w} -d ${d} -t ${t} -sm ${sm}  --client -dn IgnitePutBenchmark -sn IgniteNode -wom PRIMARY -ds ${ver}atomic-put-${b}-backup,-cfg ${SCRIPT_DIR}/../config/ignite-config.xml -nn ${nodesNum} -b ${b} -w ${w} -d ${d} -t ${t} -sm ${sm}  --client -dn IgnitePutGetBenchmark -sn IgniteNode -wom PRIMARY -ds ${ver}atomic-put-get-${b}-backup,-cfg ${SCRIPT_DIR}/../config/ignite-config.xml -nn ${nodesNum} -b ${b} -w ${w} -d ${d} -t ${t} -sm ${sm} -bs 6  --client -dn IgnitePutGetBatchBenchmark -wom PRIMARY -sn IgniteNode -ds ${ver}atomic-put-get-bs-6-${b}-backup,-cfg ${SCRIPT_DIR}/../config/ignite-config.xml -nn ${nodesNum} -b ${b} -w ${w} -d ${d} -t ${t} -sm ${sm}  --client -dn IgnitePutTxImplicitBenchmark -sn IgniteNode -ds ${ver}tx-optimistic-put-${b}-backup,-cfg ${SCRIPT_DIR}/../config/ignite-config.xml -nn ${nodesNum} -b ${b} -w ${w} -d ${d} -t ${t} -sm ${sm} -txc OPTIMISTIC  --client -dn IgnitePutGetTxBenchmark -sn IgniteNode -ds ${ver}tx-optim-repRead-put-get-${b}-backup,-cfg ${SCRIPT_DIR}/../config/ignite-config.xml -nn ${nodesNum} -b ${b} -w ${w} -d ${d} -t ${t} -sm ${sm} -txc PESSIMISTIC  --client -dn IgnitePutGetTxBenchmark -sn IgniteNode -ds ${ver}tx-pessim-repRead-put-get-${b}-backup,-cfg ${SCRIPT_DIR}/../config/ignite-config.xml -nn ${nodesNum} -b ${b} -w ${w} -d ${d} -t ${t} -sm ${sm} -txc OPTIMISTIC -txi SERIALIZABLE  --client -dn IgnitePutGetTxBenchmark -sn IgniteNode -ds ${ver}tx-opt-serial-put-get-${b}-backup,-cfg ${SCRIPT_DIR}/../config/ignite-config.xml -nn ${nodesNum} -b ${b} -w ${w} -d ${d} -t ${t} -sm ${sm}  --client -dn IgniteSqlQueryBenchmark -sn IgniteNode -ds ${ver}sql-query-${b}-backup,-cfg ${SCRIPT_DIR}/../config/ignite-config.xml -nn ${nodesNum} -b ${b} -w ${w} -d ${d} -t ${t} -sm ${sm}  --client -dn IgniteSqlQueryPutBenchmark -sn IgniteNode -ds ${ver}sql-query-put-${b}-backup,-cfg ${SCRIPT_DIR}/../config/ignite-config.xml -nn ${nodesNum} -b ${b} -w ${w} -d ${d} -t ${t} -sm ${sm} -bs 6  --client -dn IgnitePutAllBenchmark -wom PRIMARY -sn IgniteNode -ds ${ver}atomic-putAll-bs-6-${b}-backup,-cfg ${SCRIPT_DIR}/../config/ignite-config.xml -nn ${nodesNum} -b ${b} -w ${w} -d ${d} -t ${t} -sm ${sm} -bs 6  --client -dn IgnitePutAllTxBenchmark -sn IgniteNode -ds ${ver}tx-putAll-bs-6-${b}-backup,-cfg ${SCRIPT_DIR}/../config/ignite-config.xml -nn ${nodesNum} -b ${b} -w ${w} -d ${d} -t ${t} -sm ${sm} -bs 6  --client -dn IgnitePutAllSerializableTxBenchmark -sn IgniteNode -ds ${ver}tx-putAllSerializable-bs-6-${b}-backup,-cfg ${SCRIPT_DIR}/../config/ignite-config.xml -nn ${nodesNum} -b ${b} -w ${w} -d ${d} -t ${t} -sm ${sm} -bs 6 -txc OPTIMISTIC   --client -dn IgniteGetAllPutAllTxBenchmark -sn IgniteNode -ds ${ver}tx-optimistic-getAllPutAll-bs-6-${b}-backup,-cfg ${SCRIPT_DIR}/../config/ignite-config.xml -nn ${nodesNum} -b ${b} -w ${w} -d ${d} -t ${t} -sm ${sm} -bs 6 -txc PESSIMISTIC  --client -dn IgniteGetAllPutAllTxBenchmark -sn IgniteNode -ds ${ver}tx-pessimistic-getAllPutAll-bs-6-${b}-backup,-cfg ${SCRIPT_DIR}/../config/ignite-config.xml -nn ${nodesNum} -b ${b} -w ${w} -d ${d} -t ${t} -sm ${sm} -bs 6 -txc OPTIMISTIC -txi SERIALIZABLE  --client -dn IgniteGetAllPutAllTxBenchmark -sn IgniteNode -ds ${ver}tx-opt-serializable-getAllPutAll-bs-6-${b}-backup,", DRIVER_HOSTS=172.31.46.6, t=64, BENCHMARK_PACKAGES=org.yardstickframework,org.apache.ignite.yardstick, w=60, sm=FULL_SYNC, AUTO_COPY=false, RESTART_SERVERS=true}, shutdownHook=true, currentFolder=/home/ubuntu/date-2504-204359-s-4-c-1-ver-2.0.0-SNAPSHOT-0be92732, scriptsFolder=/home/ubuntu/date-2504-204359-s-4-c-1-ver-2.0.0-SNAPSHOT-0be92732/yardstick/bin, logsFolder=/home/ubuntu/date-2504-204359-s-4-c-1-ver-2.0.0-SNAPSHOT-0be92732/yardstick/bin/../output/logs-20170425-204411/logs_drivers, outputFolder=/home/ubuntu/date-2504-204359-s-4-c-1-ver-2.0.0-SNAPSHOT-0be92732/yardstick/bin/../output/results-20170425-204411, outputWriter=java.io.PrintStream@5ff142bb, errorWriter=java.io.PrintStream@5136a735, descriptions=[2.0.0-SNAPSHOT-0be92732-atomic-put-get-1-backup], hostName=]
--Description: 2.0.0-SNAPSHOT-0be92732-atomic-put-get-1-backup
@@IgnitePutGetBenchmark
**"Time, sec","Operations/sec (more is better)","Latency, nsec (less is better)"
1493153490,38228.00,1668964.08
1493153491,47382.00,1347344.97
1493153492,48907.00,1307816.13
1493153493,49856.00,1282296.19
1493153494,51333.00,1245316.82
1493153495,51512.00,1241293.96
1493153496,51768.00,1235230.66
1493153497,50625.00,1263076.05
1493153498,48280.00,1259235.13
1493153499,50093.00,1339450.63
1493153500,47142.00,1356622.25
1493153501,43931.00,1455819.56
1493153502,48643.00,1314609.30
1493153503,46129.00,1319745.70
1493153504,46538.00,1440255.29
1493153505,38469.00,1662889.33
1493153506,40477.00,1580171.57
1493153507,48643.00,1314919.52
1493153508,48778.00,1309370.77
1493153509,50449.00,1269406.46
1493153510,49003.00,1305104.37
1493153511,50484.00,1267085.67
1493153512,49455.00,1293166.96
1493153513,47170.00,1355967.20
1493153514,51815.00,1234279.63
1493153515,52044.00,1228897.14
1493153516,47344.00,1351057.78
1493153517,49578.00,1290078.87
1493153518,51494.00,1242220.64
1493153519,51898.00,1232229.50
1493153520,47865.00,1336420.88
1493153521,46082.00,1388048.30
1493153522,50319.00,1270996.20
1493153523,51886.00,1232731.77
1493153524,48906.00,1307906.85
1493153525,48344.00,1322929.43
1493153526,51519.00,1241643.87
1493153527,47193.00,1355301.77
1493153528,51086.00,1251831.27
1493153529,48758.00,1311924.03
1493153530,49792.00,1284714.07
1493153531,49554.00,1290565.01
1493153532,49895.00,1281258.49
1493153533,49840.00,1284280.26
1493153534,47792.00,1337795.22
1493153535,47940.00,1334790.36
1493153536,49647.00,1288132.45
1493153537,50640.00,1259565.25
1493153538,46643.00,1375496.16
1493153539,46123.00,1386756.32
1493153540,49864.00,1278650.76
1493153541,44141.00,1433375.09
1493153542,49488.00,1310832.23
1493153543,50564.00,1264973.10
1493153544,50210.00,1273995.82
1493153545,51018.00,1253648.56
1493153546,49382.00,1295213.78
1493153547,47802.00,1338230.18
1493153548,48699.00,1313070.40
1493153549,47964.00,1351536.41
1493153550,50263.00,1275244.66
1493153551,44784.00,1428339.88
1493153552,45412.00,1408783.59
1493153553,43626.00,1466176.86
1493153554,50445.00,1267954.80
1493153555,49239.00,1299118.88
1493153556,50796.00,1259058.20
1493153557,50077.00,1277416.17
1493153558,49784.00,1284714.60
1493153559,47554.00,1345182.96
1493153560,50025.00,1278581.96
1493153561,49938.00,1280726.82
1493153562,49362.00,1295764.29
1493153563,48691.00,1313756.94
1493153564,47293.00,1352496.75
1493153565,47470.00,1339105.18
1493153566,46408.00,1379510.88
1493153567,38355.00,1677056.10
1493153568,51178.00,1249929.52
1493153569,51277.00,1247271.46
1493153570,50666.00,1262488.77
1493153571,47255.00,1353631.62
1493153572,49254.00,1298429.47
1493153573,50214.00,1273870.06
1493153574,51828.00,1233943.63
1493153575,51905.00,1232439.88
1493153576,48716.00,1313027.99
1493153577,50921.00,1256188.66
1493153578,49082.00,1303144.64
1493153579,49388.00,1295100.26
1493153580,47855.00,1336250.18
1493153581,47333.00,1351363.54
1493153582,47370.00,1350491.24
1493153583,49902.00,1281977.82
1493153584,48805.00,1310617.19
1493153585,52019.00,1229578.56
1493153586,50577.00,1264666.17
1493153587,50196.00,1274279.99
1493153588,46555.00,1373746.46
1493153589,49723.00,1286280.69
1493153590,46512.00,1375403.43
1493153591,49074.00,1303473.67
1493153592,48539.00,1317756.28
1493153593,49812.00,1284187.38
1493153594,48554.00,1317435.57
1493153595,51065.00,1252642.74
1493153596,50075.00,1277312.68
1493153597,50636.00,1263013.12
1493153598,51615.00,1239356.49
1493153599,49257.00,1298477.82
1493153600,45841.00,1395525.52
1493153601,46006.00,1390219.85
1493153602,46324.00,1380848.71
1493153603,48995.00,1304553.95
1493153604,50135.00,1276553.09
1493153605,47316.00,1352051.42
1493153606,48349.00,1322955.55
1493153607,50939.00,1255677.15
1493153608,51788.00,1234985.65
1493153609,51061.00,1252814.76
1493153610,50475.00,1267078.65
1493153611,48903.00,1307859.36
1493153612,45895.00,1393812.99
1493153613,51118.00,1251479.12
1493153614,48163.00,1327915.60
1493153615,50792.00,1259276.88
1493153616,50609.00,1263571.86
1493153617,45980.00,1391421.96
1493153618,48177.00,1327618.55
1493153619,48137.00,1328832.10
1493153620,51657.00,1238274.59
1493153621,50147.00,1275392.94
1493153622,49863.00,1282841.59
1493153623,50876.00,1256402.79
1493153624,45213.00,1415731.20
1493153625,49818.00,1283821.54
1493153626,51329.00,1246210.76
1493153627,49304.00,1297130.05
1493153628,39075.00,1637308.42
1493153629,49068.00,1303549.52
1493153630,48080.00,1330599.30
1493153631,50034.00,1278044.48
1493153632,49359.00,1296047.96
1493153633,49840.00,1283400.79
1493153634,49218.00,1299516.70
1493153635,50194.00,1274471.84
1493153636,46808.00,1366349.14
1493153637,49979.00,1280058.41
1493153638,48203.00,1326771.67
1493153639,47838.00,1337228.69
1493153640,43726.00,1463079.54
1493153641,45953.00,1391854.29
1493153642,47195.00,1355245.85
1493153643,49014.00,1305132.17
1493153644,49566.00,1290340.19
1493153645,50093.00,1276896.36
1493153646,47607.00,1343693.87
1493153647,50889.00,1256851.27
1493153648,49246.00,1275840.81
1493153649,49070.00,1326622.48
1493153650,51177.00,1249947.48
1493153651,48215.00,1309807.01
1493153652,46846.00,1382676.34
1493153653,51092.00,1252069.53
1493153654,51425.00,1243518.31
1493153655,50577.00,1264716.67
1493153656,51306.00,1246706.64
1493153657,51060.00,1252819.33
1493153658,50418.00,1268373.55
1493153659,49329.00,1297095.76
1493153660,48091.00,1329652.31
1493153661,48275.00,1325383.39
1493153662,51233.00,1248324.24
1493153663,44265.00,1385531.26
1493153664,49577.00,1343133.25
1493153665,51405.00,1244402.23
1493153666,50688.00,1262080.85
1493153667,50833.00,1258033.64
1493153668,51289.00,1247391.02
1493153669,50780.00,1259543.51
1493153670,49315.00,1296934.10
1493153671,50265.00,1272251.16
1493153672,47757.00,1339596.24
1493153673,48968.00,1306176.75
1493153674,51352.00,1245620.63
1493153675,45400.00,1400257.66
1493153676,51388.00,1261567.31
1493153677,51437.00,1243229.89
1493153678,50461.00,1267889.62
1493153679,50332.00,1270724.72
1493153680,50218.00,1273690.74
1493153681,50484.00,1267101.17
1493153682,51714.00,1236858.07
1493153683,49379.00,1284867.18
1493153684,35440.00,1819349.08
1493153685,47104.00,1358412.78
1493153686,45114.00,1417982.74
1493153687,50707.00,1261314.31
1493153688,48882.00,1308572.97
1493153689,51819.00,1234282.03
1493153690,45552.00,1398204.24
1493153691,40975.00,1567975.84
1493153692,52098.00,1227531.68
1493153693,47857.00,1320606.19
1493153694,41640.00,1554777.31
1493153695,44943.00,1423192.68
1493153696,48985.00,1305821.91
1493153697,48529.00,1318198.86
1493153698,48010.00,1259314.82
1493153699,49139.00,1372854.91
1493153700,42621.00,1500928.05
1493153701,41835.00,1529028.51
1493153702,42325.00,1511312.71
1493153703,45195.00,1415712.80
1493153704,49160.00,1300844.46
1493153705,45847.00,1395390.24
1493153706,44207.00,1446514.77
1493153707,45767.00,1397968.98
1493153708,51230.00,1248518.62
1493153709,49776.00,1284913.83
1493153710,44670.00,1432091.69
1493153711,43226.00,1479957.60
1493153712,50249.00,1272823.03
1493153713,48292.00,1258646.33
1493153714,45515.00,1475265.57
1493153715,45022.00,1421016.13
1493153716,47250.00,1353522.46
1493153717,46082.00,1387963.04
1493153718,49030.00,1304705.06
1493153719,49665.00,1287948.34
1493153720,50617.00,1263701.83
1493153721,44992.00,1420507.43
1493153722,47429.00,1291025.48
1493153723,47314.00,1410695.40
1493153724,49593.00,1289800.30
1493153725,45887.00,1393918.30
1493153726,46684.00,1370237.39
1493153727,52130.00,1227005.24
1493153728,49142.00,1301776.28
1493153729,50677.00,1261972.06
1493153730,50888.00,1256908.24
1493153731,51431.00,1243590.40
1493153732,51580.00,1239989.37
1493153733,51767.00,1235551.83
1493153734,47928.00,1331838.26
1493153735,48741.00,1315082.87
1493153736,51181.00,1249600.21
1493153737,51747.00,1236055.62
1493153738,48475.00,1319675.67
1493153739,51671.00,1237776.08
1493153740,51366.00,1245270.70
1493153741,48657.00,1314561.00
1493153742,51503.00,1241883.39
1493153743,50708.00,1261434.27
1493153744,51684.00,1237429.53
1493153745,51698.00,1236959.89
1493153746,45524.00,1405354.08
1493153747,51162.00,1250116.92
1493153748,51824.00,1234438.94
1493153749,51807.00,1234542.51
1493153750,45782.00,1397125.47
1493153751,50918.00,1256224.19
1493153752,36994.00,1729300.22
1493153753,46522.00,1374748.29
1493153754,50420.00,1268669.34
1493153755,46657.00,1370895.51
1493153756,49648.00,1288435.37
1493153757,50370.00,1269596.68
1493153758,49306.00,1297528.97
1493153759,47813.00,1337610.42
1493153760,46703.00,1369688.14
1493153761,48528.00,1318269.57
1493153762,49908.00,1281622.45
1493153763,48509.00,1318695.04
1493153764,47856.00,1336482.89
1493153765,50779.00,1259630.39
1493153766,49827.00,1283724.94
1493153767,50901.00,1256417.55
1493153768,49036.00,1304402.57
1493153769,49117.00,1302341.64
1493153770,51154.00,1250323.61
1493153771,47871.00,1336469.34
1493153772,51341.00,1245647.81
1493153773,51301.00,1246799.50
1493153774,51147.00,1250491.94
1493153775,48885.00,1308408.51
1493153776,50132.00,1275959.72
1493153777,51452.00,1243258.04
1493153778,52112.00,1227283.85
1493153779,51581.00,1240083.97
1493153780,50819.00,1258604.47
1493153781,45725.00,1398813.09
1493153782,48364.00,1319502.85
1493153783,49478.00,1295820.74
1493153784,51375.00,1245145.45
1493153785,50124.00,1275774.20
1493153786,50871.00,1257443.97
1493153787,48759.00,1311997.12
1493153788,51021.00,1253422.29
1493153789,49663.00,1287992.55
