--Probe dump file for probe: org.yardstickframework.probes.DStatProbe@2ab4bc72 (class org.yardstickframework.probes.DStatProbe)
--Created Tue Apr 25 22:56:53 UTC 2017
--Benchmark config: BenchmarkConfiguration [memberId='0', driverNames='[HazelcastSqlQueryBenchmark]', serverName='HazelcastNode', threads=64, duration=300, warmup=60, dfltProbeClsNames=[ThroughputLatencyProbe, PercentileProbe, DStatProbe], propsFileName='yardstick/config/run.properties', packages=[org.yardstickframework], cmdArgs=[--outputFolder, /home/ubuntu/date-2504-221749-s-4-c-1-ver-3.8.1-f1e9264/yardstick/bin/../output/results-20170425-221800, -id, 0, -hzcfg, /home/ubuntu/date-2504-221749-s-4-c-1-ver-3.8.1-f1e9264/yardstick/bin/../config/hz-config.xml, --hzClientConfig, /home/ubuntu/date-2504-221749-s-4-c-1-ver-3.8.1-f1e9264/yardstick/bin/../config/hz-client-config.xml, --clientMode, -nn, 4, -b, 1, -w, 60, -d, 300, -t, 64, --syncBackups, --readBackups, -dn, HazelcastSqlQueryBenchmark, -sn, HazelcastNode, -ds, 3.8.1-f1e9264-sql-query-1-backup, --config, yardstick/config/run.properties, --logsFolder, /home/ubuntu/date-2504-221749-s-4-c-1-ver-3.8.1-f1e9264/yardstick/bin/../output/logs-20170425-221800/logs_drivers, --currentFolder, /home/ubuntu/date-2504-221749-s-4-c-1-ver-3.8.1-f1e9264, --scriptsFolder, /home/ubuntu/date-2504-221749-s-4-c-1-ver-3.8.1-f1e9264/yardstick/bin], probeWriter='null', customProps={ver=3.8.1-f1e9264-, b=1, d=300, SERVER_HOSTS=172.31.45.250,172.31.38.80,172.31.41.141,172.31.42.161, now0=`date +'%H%M%S'`, nodesNum=$((`echo ${SERVER_HOSTS} | tr ',' '' | wc -l`)), JVM_OPTS=${JVM_OPTS}" -Xms6g -Xmx6g -Xloggc:./gc${now0}.log -XX:+PrintGCDetails -verbose:gc -XX:+UseParNewGC -XX:+UseConcMarkSweepGC ", CONFIGS="-hzcfg ${SCRIPT_DIR}/../config/hz-config.xml --hzClientConfig ${SCRIPT_DIR}/../config/hz-client-config.xml --clientMode -nn ${nodesNum} -b ${b} -w ${w} -d ${d} -t ${t}  ${sm} --readBackups -dn HazelcastSetBenchmark -sn HazelcastNode -ds ${ver}atomic-set-1-backup,-hzcfg ${SCRIPT_DIR}/../config/hz-config.xml --hzClientConfig ${SCRIPT_DIR}/../config/hz-client-config.xml --clientMode -nn ${nodesNum} -b ${b} -w ${w} -d ${d} -t ${t}  ${sm} --readBackups -dn HazelcastSetGetBenchmark -sn HazelcastNode -ds ${ver}atomic-set-get-1-backup,-hzcfg ${SCRIPT_DIR}/../config/hz-config.xml --hzClientConfig ${SCRIPT_DIR}/../config/hz-client-config.xml --clientMode -nn ${nodesNum} -b ${b} -w ${w} -d ${d} -t ${t}  ${sm} --readBackups -bs 6 -dn HazelcastPutGetBatchBenchmark -sn HazelcastNode -ds ${ver}atomic-set-get-bs-6-1-backup,-hzcfg ${SCRIPT_DIR}/../config/hz-config.xml --hzClientConfig ${SCRIPT_DIR}/../config/hz-client-config.xml --clientMode -nn ${nodesNum} -b ${b} -w ${w} -d ${d} -t ${t}  ${sm} --readBackups -dn HazelcastSetTxBenchmark -sn HazelcastNode -ds ${ver}tx-set-pessimistic-1-backup,-hzcfg ${SCRIPT_DIR}/../config/hz-config.xml --hzClientConfig ${SCRIPT_DIR}/../config/hz-client-config.xml --clientMode -nn ${nodesNum} -b ${b} -w ${w} -d ${d} -t ${t}  ${sm} --readBackups -dn HazelcastSetGetTxOptimisticBenchmark -sn HazelcastNode -ds ${ver}tx-set-get-opt-1-backup,-hzcfg ${SCRIPT_DIR}/../config/hz-config.xml --hzClientConfig ${SCRIPT_DIR}/../config/hz-client-config.xml --clientMode -nn ${nodesNum} -b ${b} -w ${w} -d ${d} -t ${t}  ${sm} --readBackups -dn HazelcastSetGetTxPessimisticBenchmark -sn HazelcastNode -ds ${ver}tx-set-get-pes-1-backup,-hzcfg ${SCRIPT_DIR}/../config/hz-config.xml --hzClientConfig ${SCRIPT_DIR}/../config/hz-client-config.xml --clientMode -nn ${nodesNum} -b ${b} -w ${w} -d ${d} -t ${t}  ${sm} --readBackups -dn HazelcastSqlQueryBenchmark -sn HazelcastNode -ds ${ver}sql-query-1-backup,-hzcfg ${SCRIPT_DIR}/../config/hz-config.xml --hzClientConfig ${SCRIPT_DIR}/../config/hz-client-config.xml --clientMode -nn ${nodesNum} -b ${b} -w ${w} -d ${d} -t ${t}  ${sm} --readBackups -dn HazelcastSqlQuerySetBenchmark -sn HazelcastNode -ds ${ver}sql-query-set-1-backup,-hzcfg ${SCRIPT_DIR}/../config/hz-config.xml --hzClientConfig ${SCRIPT_DIR}/../config/hz-client-config.xml --clientMode -nn ${nodesNum} -b ${b} -w ${w} -d ${d} -t ${t}  ${sm} --readBackups -bs 6 -dn HazelcastPutAllBenchmark -sn HazelcastNode -ds ${ver}atomic-setAll-bs-6-1-backup,-hzcfg ${SCRIPT_DIR}/../config/hz-config.xml --hzClientConfig ${SCRIPT_DIR}/../config/hz-client-config.xml --clientMode -nn ${nodesNum} -b ${b} -w ${w} -d ${d} -t ${t}  ${sm} --readBackups -bs 6 -dn HazelcastSetAllTxBenchmark -sn HazelcastNode -ds ${ver}tx-setAll-bs-6-1-backup,-hzcfg ${SCRIPT_DIR}/../config/hz-config.xml --hzClientConfig ${SCRIPT_DIR}/../config/hz-client-config.xml --clientMode -nn ${nodesNum} -b ${b} -w ${w} -d ${d} -t ${t}  ${sm} --readBackups -bs 6 -dn HazelcastGetAllSetAllTxOptimisticBenchmark -sn HazelcastNode -ds ${ver}tx-optimistic-getAllSetAll-bs-6-1-backup,-hzcfg ${SCRIPT_DIR}/../config/hz-config.xml --hzClientConfig ${SCRIPT_DIR}/../config/hz-client-config.xml --clientMode -nn ${nodesNum} -b ${b} -w ${w} -d ${d} -t ${t}  ${sm} --readBackups -bs 6 -dn HazelcastGetAllSetAllTxPessimisticBenchmark -sn HazelcastNode -ds ${ver}tx-pessimistic-getAllSetAll-bs-6-1-backup,", DRIVER_HOSTS=172.31.46.6, t=64, BENCHMARK_PACKAGES=org.yardstickframework, w=60, BENCHMARK_LABEL=hazelcast, sm="--syncBackups", AUTO_COPY=false, RESTART_SERVERS=true}, shutdownHook=true, currentFolder=/home/ubuntu/date-2504-221749-s-4-c-1-ver-3.8.1-f1e9264, scriptsFolder=/home/ubuntu/date-2504-221749-s-4-c-1-ver-3.8.1-f1e9264/yardstick/bin, logsFolder=/home/ubuntu/date-2504-221749-s-4-c-1-ver-3.8.1-f1e9264/yardstick/bin/../output/logs-20170425-221800/logs_drivers, outputFolder=/home/ubuntu/date-2504-221749-s-4-c-1-ver-3.8.1-f1e9264/yardstick/bin/../output/results-20170425-221800, outputWriter=java.io.PrintStream@7f2d4ebe, errorWriter=java.io.PrintStream@7b12d583, descriptions=[3.8.1-f1e9264-sql-query-1-backup], hostName=]
--Description: 3.8.1-f1e9264-sql-query-1-backup
@@HazelcastSqlQueryBenchmark
**"Time, sec","Memory Used, KB","Memory Buffered, KB","Memory Cached, KB","Memory Free, KB","CPU User, %","CPU System, %","CPU Idle, %","CPU Wait, %","CPU Hardware Interrupts","CPU Software Interrupts","Disk Read, B","Disk Write, B","Network Receive, B","Network Send, B","Page In, B","Page Out, B","System Interrupts, per sec","System Context Switches, per sec"
1493161074,1199104.00,162816.00,5308416.00,56203673.60,3.00,1.00,96.00,0.00,0.00,0.00,0.00,0.00,8141824.00,7301120.00,0.00,0.00,196608.00,168960.00
1493161075,1199104.00,162816.00,5308416.00,56203673.60,3.00,0.00,96.00,0.00,0.00,1.00,0.00,0.00,7964672.00,7132160.00,0.00,0.00,188416.00,162816.00
1493161076,1199104.00,162816.00,5308416.00,56203673.60,3.00,1.00,96.00,0.00,0.00,0.00,0.00,155648.00,7775232.00,6973440.00,0.00,0.00,185344.00,160768.00
1493161077,1199104.00,162816.00,5308416.00,56203673.60,2.00,1.00,98.00,0.00,0.00,0.00,0.00,0.00,8140800.00,7296000.00,0.00,0.00,196608.00,168960.00
1493161078,1199104.00,162816.00,5308416.00,56203673.60,0.00,0.00,99.00,0.00,0.00,0.00,0.00,0.00,7545856.00,6778880.00,0.00,0.00,179200.00,154624.00
1493161079,1199104.00,162816.00,5308416.00,56203673.60,2.00,1.00,97.00,0.00,0.00,1.00,0.00,0.00,7899136.00,7081984.00,0.00,0.00,190464.00,162816.00
1493161080,1199104.00,162816.00,5308416.00,56203673.60,2.00,1.00,98.00,0.00,0.00,0.00,0.00,57344.00,8032256.00,7189504.00,0.00,0.00,193536.00,166912.00
1493161081,1199104.00,162816.00,5308416.00,56203673.60,1.00,0.00,99.00,0.00,0.00,0.00,0.00,155648.00,6700032.00,6014976.00,0.00,0.00,157696.00,137216.00
1493161082,1200128.00,162816.00,5308416.00,56203673.60,2.00,0.00,97.00,0.00,0.00,0.00,0.00,0.00,7615488.00,6816768.00,0.00,0.00,186368.00,158720.00
1493161083,1200128.00,162816.00,5308416.00,56203673.60,1.00,1.00,98.00,0.00,0.00,0.00,0.00,0.00,7917568.00,7108608.00,0.00,0.00,190464.00,163840.00
1493161084,1199104.00,162816.00,5308416.00,56203673.60,2.00,1.00,97.00,0.00,0.00,0.00,0.00,0.00,7829504.00,7017472.00,0.00,0.00,186368.00,161792.00
1493161085,1200128.00,162816.00,5308416.00,56203673.60,0.00,1.00,99.00,0.00,0.00,0.00,0.00,0.00,6939648.00,6223872.00,0.00,0.00,167936.00,144384.00
1493161086,1201152.00,162816.00,5308416.00,56203673.60,1.00,0.00,98.00,0.00,0.00,0.00,0.00,131072.00,5975040.00,5359616.00,0.00,0.00,144384.00,123904.00
1493161087,1201152.00,162816.00,5308416.00,56203673.60,1.00,1.00,98.00,0.00,0.00,0.00,0.00,0.00,7708672.00,6922240.00,0.00,0.00,186368.00,160768.00
1493161088,1201152.00,162816.00,5308416.00,56203673.60,2.00,0.00,97.00,0.00,0.00,0.00,0.00,0.00,6765568.00,6072320.00,0.00,0.00,163840.00,140288.00
1493161089,1202176.00,162816.00,5308416.00,56203673.60,2.00,1.00,98.00,0.00,0.00,0.00,0.00,0.00,7602176.00,6805504.00,0.00,0.00,180224.00,155648.00
1493161090,1201152.00,162816.00,5308416.00,56203673.60,1.00,1.00,99.00,0.00,0.00,0.00,0.00,0.00,8209408.00,7359488.00,0.00,0.00,195584.00,167936.00
1493161091,1201152.00,162816.00,5308416.00,56203673.60,2.00,1.00,97.00,0.00,0.00,0.00,0.00,131072.00,7587840.00,6801408.00,0.00,0.00,180224.00,155648.00
1493161092,1201152.00,162816.00,5308416.00,56203673.60,1.00,1.00,99.00,0.00,0.00,0.00,0.00,0.00,8019968.00,7161856.00,0.00,0.00,189440.00,163840.00
1493161093,1201152.00,162816.00,5308416.00,56203673.60,2.00,1.00,98.00,0.00,0.00,0.00,0.00,0.00,8093696.00,7243776.00,0.00,0.00,188416.00,163840.00
1493161094,1201152.00,162816.00,5308416.00,56203673.60,2.00,1.00,97.00,0.00,0.00,0.00,0.00,0.00,7753728.00,6923264.00,0.00,0.00,181248.00,157696.00
1493161095,1201152.00,162816.00,5308416.00,56203673.60,1.00,1.00,98.00,0.00,0.00,0.00,0.00,24576.00,7902208.00,7077888.00,0.00,0.00,190464.00,163840.00
1493161096,1201152.00,162816.00,5308416.00,56203673.60,2.00,0.00,97.00,0.00,0.00,0.00,0.00,155648.00,8047616.00,7222272.00,0.00,0.00,193536.00,166912.00
1493161097,1202176.00,162816.00,5308416.00,56203673.60,1.00,1.00,98.00,0.00,0.00,0.00,0.00,0.00,8055808.00,7221248.00,0.00,0.00,194560.00,166912.00
1493161098,1201152.00,162816.00,5308416.00,56203673.60,2.00,1.00,97.00,0.00,0.00,0.00,0.00,0.00,8024064.00,7195648.00,0.00,0.00,193536.00,167936.00
1493161099,1202176.00,162816.00,5308416.00,56203673.60,2.00,1.00,97.00,0.00,0.00,0.00,0.00,0.00,7942144.00,7115776.00,0.00,0.00,193536.00,164864.00
1493161100,1201152.00,162816.00,5308416.00,56203673.60,1.00,1.00,98.00,0.00,0.00,0.00,0.00,540672.00,8008704.00,7179264.00,0.00,0.00,194560.00,165888.00
1493161101,1201152.00,162816.00,5308416.00,56203673.60,2.00,0.00,98.00,0.00,0.00,0.00,0.00,253952.00,7569408.00,6777856.00,0.00,0.00,182272.00,156672.00
1493161102,1201152.00,162816.00,5308416.00,56203673.60,1.00,1.00,98.00,0.00,0.00,0.00,0.00,0.00,8144896.00,7304192.00,0.00,0.00,195584.00,168960.00
1493161103,1201152.00,162816.00,5308416.00,56203673.60,3.00,1.00,97.00,0.00,0.00,0.00,0.00,0.00,7922688.00,7102464.00,0.00,0.00,191488.00,165888.00
1493161104,1202176.00,162816.00,5308416.00,56203673.60,2.00,0.00,97.00,0.00,0.00,0.00,0.00,0.00,8138752.00,7296000.00,0.00,0.00,196608.00,168960.00
1493161105,1201152.00,162816.00,5308416.00,56203673.60,1.00,1.00,98.00,0.00,0.00,0.00,0.00,16384.00,8136704.00,7291904.00,0.00,0.00,197632.00,168960.00
1493161106,1203200.00,162816.00,5308416.00,56203673.60,2.00,1.00,98.00,0.00,0.00,0.00,0.00,147456.00,7829504.00,7027712.00,0.00,0.00,190464.00,162816.00
1493161107,1202176.00,162816.00,5308416.00,56203673.60,2.00,1.00,97.00,0.00,0.00,0.00,0.00,0.00,8087552.00,7242752.00,0.00,0.00,192512.00,165888.00
1493161108,1203200.00,162816.00,5308416.00,56203673.60,1.00,1.00,99.00,0.00,0.00,0.00,0.00,0.00,8225792.00,7380992.00,0.00,0.00,198656.00,171008.00
1493161109,1202176.00,162816.00,5308416.00,56203673.60,2.00,0.00,97.00,0.00,0.00,0.00,0.00,0.00,8040448.00,7207936.00,0.00,0.00,193536.00,166912.00
1493161110,1203200.00,162816.00,5308416.00,56203673.60,1.00,0.00,99.00,0.00,0.00,0.00,0.00,81920.00,8091648.00,7248896.00,0.00,0.00,193536.00,167936.00
1493161111,1203200.00,162816.00,5308416.00,56203673.60,2.00,0.00,98.00,0.00,0.00,0.00,0.00,155648.00,7829504.00,7015424.00,0.00,0.00,190464.00,162816.00
1493161112,1203200.00,162816.00,5308416.00,56203673.60,2.00,1.00,97.00,0.00,0.00,0.00,0.00,0.00,8071168.00,7226368.00,0.00,0.00,193536.00,166912.00
1493161113,1203200.00,162816.00,5308416.00,56203673.60,1.00,1.00,98.00,0.00,0.00,0.00,0.00,0.00,8011776.00,7164928.00,0.00,0.00,191488.00,165888.00
1493161114,1203200.00,162816.00,5308416.00,56203673.60,1.00,0.00,98.00,0.00,0.00,0.00,0.00,0.00,6026240.00,5405696.00,0.00,0.00,145408.00,124928.00
1493161115,1203200.00,162816.00,5308416.00,56203673.60,1.00,1.00,99.00,0.00,0.00,0.00,0.00,16384.00,6825984.00,6123520.00,0.00,0.00,163840.00,141312.00
1493161116,1203200.00,162816.00,5308416.00,56203673.60,2.00,1.00,98.00,0.00,0.00,0.00,0.00,147456.00,8313856.00,7443456.00,0.00,0.00,197632.00,169984.00
1493161117,1203200.00,162816.00,5308416.00,56203673.60,0.00,1.00,99.00,0.00,0.00,0.00,0.00,0.00,8144896.00,7300096.00,0.00,0.00,195584.00,168960.00
1493161118,1203200.00,162816.00,5308416.00,56203673.60,2.00,1.00,97.00,0.00,0.00,0.00,0.00,0.00,7519232.00,6739968.00,0.00,0.00,181248.00,156672.00
1493161119,1203200.00,162816.00,5308416.00,56203673.60,2.00,0.00,98.00,0.00,0.00,0.00,0.00,0.00,7393280.00,6620160.00,0.00,0.00,181248.00,155648.00
1493161120,1204224.00,162816.00,5308416.00,56203673.60,0.00,1.00,99.00,0.00,0.00,0.00,0.00,0.00,8085504.00,7249920.00,0.00,0.00,194560.00,167936.00
1493161121,1203200.00,162816.00,5308416.00,56203673.60,2.00,1.00,97.00,0.00,0.00,0.00,0.00,131072.00,7939072.00,7123968.00,0.00,0.00,191488.00,164864.00
1493161122,1203200.00,162816.00,5308416.00,56203673.60,1.00,1.00,98.00,0.00,0.00,0.00,0.00,0.00,7176192.00,6435840.00,0.00,0.00,177152.00,151552.00
1493161123,1203200.00,162816.00,5308416.00,56203673.60,3.00,0.00,97.00,0.00,0.00,0.00,0.00,0.00,7712768.00,6908928.00,0.00,0.00,187392.00,160768.00
1493161124,1202176.00,162816.00,5308416.00,56203673.60,2.00,1.00,97.00,0.00,0.00,0.00,0.00,0.00,8160256.00,7302144.00,0.00,0.00,195584.00,167936.00
1493161125,1203200.00,162816.00,5308416.00,56203673.60,1.00,1.00,98.00,0.00,0.00,0.00,0.00,0.00,8114176.00,7234560.00,0.00,0.00,188416.00,164864.00
1493161126,1203200.00,162816.00,5308416.00,56203673.60,2.00,0.00,97.00,0.00,0.00,0.00,0.00,131072.00,6990848.00,6231040.00,0.00,0.00,166912.00,144384.00
1493161127,1202176.00,162816.00,5308416.00,56203673.60,0.00,1.00,99.00,0.00,0.00,0.00,0.00,0.00,8085504.00,7191552.00,0.00,0.00,188416.00,163840.00
1493161128,1203200.00,162816.00,5308416.00,56203673.60,2.00,1.00,97.00,0.00,0.00,0.00,0.00,0.00,8162304.00,7254016.00,0.00,0.00,186368.00,162816.00
1493161129,1203200.00,162816.00,5308416.00,56203673.60,2.00,1.00,98.00,0.00,0.00,0.00,0.00,0.00,7741440.00,6906880.00,0.00,0.00,182272.00,159744.00
1493161130,1203200.00,162816.00,5308416.00,56203673.60,1.00,1.00,98.00,0.00,0.00,0.00,0.00,57344.00,7305216.00,6533120.00,0.00,0.00,180224.00,153600.00
1493161131,1203200.00,162816.00,5308416.00,56203673.60,2.00,1.00,97.00,0.00,0.00,0.00,0.00,188416.00,7472128.00,6680576.00,0.00,0.00,180224.00,154624.00
1493161132,1203200.00,162816.00,5308416.00,56203673.60,1.00,1.00,99.00,0.00,0.00,0.00,0.00,0.00,8114176.00,7276544.00,0.00,0.00,192512.00,165888.00
1493161133,1202176.00,162816.00,5308416.00,56203673.60,2.00,1.00,97.00,0.00,0.00,0.00,0.00,0.00,8124416.00,7281664.00,0.00,0.00,194560.00,167936.00
1493161134,1203200.00,162816.00,5308416.00,56203673.60,2.00,1.00,98.00,0.00,0.00,0.00,0.00,0.00,7195648.00,6446080.00,0.00,0.00,177152.00,151552.00
1493161135,1203200.00,162816.00,5308416.00,56203673.60,1.00,1.00,98.00,0.00,0.00,0.00,0.00,532480.00,8036352.00,7195648.00,0.00,0.00,191488.00,166912.00
1493161136,1203200.00,162816.00,5308416.00,56203673.60,2.00,1.00,97.00,0.00,0.00,0.00,0.00,237568.00,8267776.00,7405568.00,0.00,0.00,197632.00,169984.00
1493161137,1203200.00,162816.00,5308416.00,56203673.60,1.00,1.00,99.00,0.00,0.00,0.00,0.00,0.00,8186880.00,7343104.00,0.00,0.00,196608.00,168960.00
1493161138,1203200.00,162816.00,5308416.00,56203673.60,2.00,0.00,98.00,0.00,0.00,0.00,0.00,0.00,6829056.00,6123520.00,0.00,0.00,166912.00,144384.00
1493161139,1203200.00,162816.00,5308416.00,56203673.60,2.00,1.00,98.00,0.00,0.00,0.00,0.00,0.00,7392256.00,6620160.00,0.00,0.00,178176.00,153600.00
1493161140,1203200.00,162816.00,5308416.00,56203673.60,1.00,1.00,98.00,0.00,0.00,0.00,0.00,57344.00,7778304.00,6984704.00,0.00,0.00,188416.00,161792.00
1493161141,1203200.00,162816.00,5308416.00,56203673.60,2.00,1.00,97.00,0.00,0.00,0.00,0.00,155648.00,7284736.00,6513664.00,0.00,0.00,173056.00,149504.00
1493161142,1203200.00,162816.00,5308416.00,56203673.60,0.00,0.00,99.00,0.00,0.00,0.00,0.00,0.00,6798336.00,6091776.00,0.00,0.00,165888.00,142336.00
1493161143,1203200.00,162816.00,5308416.00,56203673.60,1.00,0.00,98.00,0.00,0.00,0.00,0.00,0.00,7480320.00,6706176.00,0.00,0.00,181248.00,156672.00
1493161144,1203200.00,162816.00,5308416.00,56203673.60,1.00,0.00,99.00,0.00,0.00,0.00,0.00,0.00,7928832.00,7111680.00,0.00,0.00,193536.00,165888.00
1493161145,1203200.00,162816.00,5308416.00,56203673.60,2.00,1.00,98.00,0.00,0.00,0.00,0.00,32768.00,7810048.00,6998016.00,0.00,0.00,188416.00,160768.00
1493161146,1203200.00,162816.00,5308416.00,56203673.60,1.00,1.00,98.00,0.00,0.00,0.00,0.00,155648.00,7901184.00,7075840.00,0.00,0.00,191488.00,163840.00
1493161147,1203200.00,162816.00,5308416.00,56203673.60,0.00,0.00,99.00,0.00,0.00,0.00,0.00,0.00,5315584.00,4768768.00,0.00,0.00,126976.00,109568.00
1493161148,1203200.00,162816.00,5308416.00,56203673.60,2.00,1.00,97.00,0.00,0.00,0.00,0.00,0.00,7851008.00,7044096.00,0.00,0.00,189440.00,162816.00
1493161149,1203200.00,162816.00,5308416.00,56203673.60,1.00,0.00,99.00,0.00,0.00,0.00,0.00,0.00,8089600.00,7239680.00,0.00,0.00,196608.00,168960.00
1493161150,1203200.00,162816.00,5308416.00,56203673.60,2.00,1.00,98.00,0.00,0.00,0.00,0.00,8192.00,7789568.00,6986752.00,0.00,0.00,191488.00,163840.00
1493161151,1203200.00,162816.00,5308416.00,56203673.60,1.00,1.00,99.00,0.00,0.00,0.00,0.00,131072.00,7761920.00,6960128.00,0.00,0.00,189440.00,161792.00
1493161152,1203200.00,162816.00,5308416.00,56203673.60,2.00,1.00,97.00,0.00,0.00,0.00,0.00,0.00,7643136.00,6861824.00,0.00,0.00,188416.00,160768.00
1493161153,1203200.00,162816.00,5308416.00,56203673.60,2.00,1.00,98.00,0.00,0.00,0.00,0.00,0.00,7980032.00,7150592.00,0.00,0.00,192512.00,164864.00
1493161154,1203200.00,162816.00,5308416.00,56203673.60,1.00,1.00,98.00,0.00,0.00,0.00,0.00,0.00,8141824.00,7309312.00,0.00,0.00,197632.00,169984.00
1493161155,1203200.00,162816.00,5309440.00,56203673.60,2.00,1.00,97.00,0.00,0.00,0.00,0.00,0.00,7980032.00,7148544.00,0.00,0.00,190464.00,163840.00
1493161156,1203200.00,162816.00,5309440.00,56203673.60,1.00,1.00,98.00,0.00,0.00,0.00,0.00,131072.00,8053760.00,7197696.00,0.00,0.00,190464.00,164864.00
1493161157,1204224.00,162816.00,5309440.00,56203673.60,1.00,1.00,98.00,0.00,0.00,0.00,0.00,0.00,7900160.00,7087104.00,0.00,0.00,189440.00,163840.00
1493161158,1203200.00,162816.00,5309440.00,56203673.60,2.00,0.00,97.00,0.00,0.00,0.00,0.00,0.00,7686144.00,6891520.00,0.00,0.00,182272.00,157696.00
1493161159,1203200.00,162816.00,5309440.00,56203673.60,1.00,1.00,99.00,0.00,0.00,0.00,0.00,0.00,8128512.00,7282688.00,0.00,0.00,196608.00,167936.00
1493161160,1204224.00,162816.00,5309440.00,56203673.60,2.00,1.00,97.00,0.00,0.00,0.00,0.00,0.00,7923712.00,7090176.00,0.00,0.00,191488.00,163840.00
1493161161,1204224.00,162816.00,5309440.00,56203673.60,0.00,1.00,99.00,0.00,0.00,0.00,0.00,131072.00,7329792.00,6564864.00,0.00,0.00,177152.00,151552.00
1493161162,1205248.00,162816.00,5309440.00,56203673.60,2.00,0.00,97.00,0.00,0.00,0.00,0.00,0.00,7881728.00,7077888.00,0.00,0.00,192512.00,163840.00
1493161163,1203200.00,162816.00,5309440.00,56203673.60,2.00,1.00,97.00,0.00,0.00,0.00,0.00,0.00,7660544.00,6858752.00,0.00,0.00,187392.00,159744.00
1493161164,1203200.00,162816.00,5309440.00,56203673.60,1.00,1.00,99.00,0.00,0.00,0.00,0.00,0.00,7749632.00,6946816.00,0.00,0.00,186368.00,159744.00
1493161165,1203200.00,162816.00,5309440.00,56203673.60,2.00,1.00,97.00,0.00,0.00,0.00,0.00,65536.00,7874560.00,7055360.00,0.00,0.00,191488.00,164864.00
1493161166,1203200.00,162816.00,5309440.00,56203673.60,1.00,1.00,98.00,0.00,0.00,0.00,0.00,212992.00,7756800.00,6963200.00,0.00,0.00,190464.00,163840.00
1493161167,1203200.00,162816.00,5309440.00,56203673.60,2.00,0.00,98.00,0.00,0.00,0.00,0.00,0.00,7960576.00,7124992.00,0.00,0.00,191488.00,164864.00
1493161168,1203200.00,162816.00,5309440.00,56203673.60,2.00,0.00,97.00,0.00,0.00,0.00,0.00,0.00,7914496.00,7096320.00,0.00,0.00,191488.00,164864.00
1493161169,1202176.00,162816.00,5309440.00,56203673.60,1.00,1.00,99.00,0.00,0.00,0.00,0.00,0.00,8169472.00,7316480.00,0.00,0.00,196608.00,169984.00
1493161170,1203200.00,162816.00,5309440.00,56203673.60,2.00,1.00,97.00,0.00,0.00,0.00,0.00,598016.00,7908352.00,7091200.00,0.00,0.00,190464.00,164864.00
1493161171,1203200.00,162816.00,5309440.00,56203673.60,2.00,1.00,97.00,0.00,0.00,0.00,0.00,212992.00,7985152.00,7157760.00,0.00,0.00,190464.00,164864.00
1493161172,1205248.00,162816.00,5309440.00,56203673.60,1.00,1.00,98.00,0.00,0.00,0.00,0.00,0.00,7852032.00,7046144.00,0.00,0.00,190464.00,163840.00
1493161173,1205248.00,162816.00,5309440.00,56203673.60,2.00,1.00,98.00,0.00,0.00,0.00,0.00,0.00,7800832.00,7000064.00,0.00,0.00,189440.00,162816.00
1493161174,1206272.00,162816.00,5309440.00,56203673.60,0.00,1.00,99.00,0.00,0.00,0.00,0.00,0.00,7986176.00,7157760.00,0.00,0.00,191488.00,164864.00
1493161175,1206272.00,162816.00,5309440.00,56203673.60,2.00,0.00,98.00,0.00,0.00,0.00,0.00,16384.00,7813120.00,7013376.00,0.00,0.00,190464.00,162816.00
1493161176,1206272.00,162816.00,5309440.00,56203673.60,2.00,0.00,98.00,0.00,0.00,0.00,0.00,147456.00,7873536.00,7050240.00,0.00,0.00,188416.00,162816.00
1493161177,1206272.00,162816.00,5309440.00,56203673.60,1.00,0.00,99.00,0.00,0.00,0.00,0.00,0.00,7930880.00,7091200.00,0.00,0.00,189440.00,163840.00
1493161178,1206272.00,162816.00,5309440.00,56203673.60,2.00,0.00,98.00,0.00,0.00,0.00,0.00,0.00,7820288.00,6993920.00,0.00,0.00,187392.00,160768.00
1493161179,1205248.00,162816.00,5309440.00,56203673.60,1.00,1.00,99.00,0.00,0.00,0.00,0.00,0.00,7764992.00,6957056.00,0.00,0.00,187392.00,161792.00
1493161180,1206272.00,162816.00,5309440.00,56203673.60,2.00,0.00,98.00,0.00,0.00,0.00,0.00,32768.00,7764992.00,6957056.00,0.00,0.00,186368.00,160768.00
1493161181,1205248.00,162816.00,5309440.00,56203673.60,2.00,0.00,97.00,0.00,0.00,0.00,0.00,155648.00,7229440.00,6478848.00,0.00,0.00,174080.00,150528.00
1493161182,1206272.00,162816.00,5309440.00,56203673.60,1.00,1.00,99.00,0.00,0.00,0.00,0.00,0.00,8216576.00,7368704.00,0.00,0.00,195584.00,168960.00
1493161183,1206272.00,162816.00,5309440.00,56203673.60,2.00,0.00,97.00,0.00,0.00,0.00,0.00,0.00,7869440.00,7056384.00,0.00,0.00,190464.00,162816.00
1493161184,1206272.00,162816.00,5309440.00,56203673.60,0.00,1.00,98.00,0.00,0.00,0.00,0.00,0.00,7745536.00,6949888.00,0.00,0.00,187392.00,161792.00
1493161185,1206272.00,162816.00,5309440.00,56203673.60,2.00,0.00,98.00,0.00,0.00,0.00,0.00,16384.00,7890944.00,7066624.00,0.00,0.00,189440.00,162816.00
1493161186,1206272.00,162816.00,5309440.00,56203673.60,3.00,0.00,97.00,0.00,0.00,0.00,0.00,147456.00,7756800.00,6951936.00,0.00,0.00,187392.00,160768.00
1493161187,1205248.00,162816.00,5309440.00,56203673.60,1.00,1.00,98.00,0.00,0.00,0.00,0.00,0.00,7676928.00,6893568.00,0.00,0.00,186368.00,159744.00
1493161188,1206272.00,162816.00,5309440.00,56203673.60,2.00,1.00,97.00,0.00,0.00,0.00,0.00,0.00,7937024.00,7119872.00,0.00,0.00,192512.00,164864.00
1493161189,1206272.00,162816.00,5309440.00,56203673.60,1.00,1.00,99.00,0.00,0.00,0.00,0.00,0.00,7834624.00,7017472.00,0.00,0.00,188416.00,161792.00
1493161190,1206272.00,162816.00,5309440.00,56203673.60,2.00,1.00,98.00,0.00,0.00,0.00,0.00,0.00,7718912.00,6929408.00,0.00,0.00,187392.00,160768.00
1493161191,1206272.00,162816.00,5309440.00,56203673.60,2.00,1.00,97.00,0.00,0.00,0.00,0.00,131072.00,7659520.00,6859776.00,0.00,0.00,185344.00,159744.00
1493161192,1206272.00,162816.00,5309440.00,56203673.60,1.00,0.00,99.00,0.00,0.00,0.00,0.00,0.00,7863296.00,7046144.00,0.00,0.00,188416.00,161792.00
1493161193,1206272.00,162816.00,5309440.00,56203673.60,1.00,1.00,98.00,0.00,0.00,0.00,0.00,0.00,7932928.00,7101440.00,0.00,0.00,189440.00,163840.00
1493161194,1205248.00,162816.00,5309440.00,56203673.60,0.00,0.00,99.00,0.00,0.00,0.00,0.00,0.00,8249344.00,7394304.00,0.00,0.00,197632.00,171008.00
1493161195,1206272.00,162816.00,5309440.00,56203673.60,2.00,1.00,97.00,0.00,0.00,0.00,0.00,8192.00,7735296.00,6935552.00,0.00,0.00,190464.00,161792.00
1493161196,1206272.00,162816.00,5309440.00,56203673.60,2.00,1.00,97.00,0.00,0.00,0.00,0.00,131072.00,8080384.00,7229440.00,0.00,0.00,194560.00,166912.00
1493161197,1206272.00,162816.00,5309440.00,56203673.60,1.00,1.00,99.00,0.00,0.00,0.00,0.00,0.00,8157184.00,7315456.00,0.00,0.00,195584.00,168960.00
1493161198,1206272.00,162816.00,5309440.00,56203673.60,1.00,1.00,98.00,0.00,0.00,0.00,0.00,0.00,7966720.00,7144448.00,0.00,0.00,191488.00,164864.00
1493161199,1206272.00,162816.00,5309440.00,56203673.60,1.00,1.00,98.00,0.00,0.00,0.00,0.00,0.00,7741440.00,6947840.00,0.00,0.00,186368.00,159744.00
1493161200,1206272.00,162816.00,5309440.00,56203673.60,2.00,0.00,98.00,0.00,0.00,0.00,0.00,131072.00,7939072.00,7110656.00,0.00,0.00,191488.00,164864.00
1493161201,1206272.00,162816.00,5309440.00,56203673.60,2.00,0.00,98.00,0.00,0.00,0.00,0.00,229376.00,6904832.00,6187008.00,0.00,0.00,164864.00,143360.00
1493161202,1206272.00,162816.00,5309440.00,56203673.60,1.00,0.00,99.00,0.00,0.00,0.00,0.00,0.00,6092800.00,5477376.00,0.00,0.00,149504.00,130048.00
1493161203,1206272.00,162816.00,5309440.00,56203673.60,2.00,0.00,98.00,0.00,0.00,0.00,0.00,0.00,7570432.00,6753280.00,0.00,0.00,179200.00,155648.00
1493161204,1205248.00,162816.00,5309440.00,56203673.60,1.00,1.00,98.00,0.00,0.00,0.00,0.00,0.00,7975936.00,7149568.00,0.00,0.00,195584.00,167936.00
1493161205,1205248.00,162816.00,5309440.00,56203673.60,2.00,1.00,96.00,0.00,0.00,0.00,0.00,507904.00,7817216.00,7004160.00,0.00,0.00,192512.00,163840.00
1493161206,1205248.00,162816.00,5309440.00,56203673.60,1.00,0.00,99.00,0.00,0.00,0.00,0.00,229376.00,7065600.00,6343680.00,0.00,0.00,173056.00,148480.00
1493161207,1206272.00,162816.00,5309440.00,56203673.60,1.00,1.00,98.00,0.00,0.00,0.00,0.00,0.00,7635968.00,6841344.00,0.00,0.00,187392.00,159744.00
1493161208,1205248.00,162816.00,5309440.00,56203673.60,0.00,0.00,99.00,0.00,0.00,0.00,0.00,0.00,6379520.00,5723136.00,0.00,0.00,154624.00,133120.00
1493161209,1206272.00,162816.00,5309440.00,56203673.60,1.00,0.00,98.00,0.00,0.00,0.00,0.00,0.00,6267904.00,5614592.00,0.00,0.00,149504.00,130048.00
1493161210,1206272.00,162816.00,5309440.00,56203673.60,1.00,0.00,98.00,0.00,0.00,0.00,0.00,16384.00,8055808.00,7223296.00,0.00,0.00,192512.00,166912.00
1493161211,1206272.00,162816.00,5309440.00,56203673.60,1.00,1.00,99.00,0.00,0.00,0.00,0.00,163840.00,7380992.00,6602752.00,0.00,0.00,179200.00,154624.00
1493161212,1206272.00,162816.00,5309440.00,56203673.60,2.00,0.00,98.00,0.00,0.00,0.00,0.00,0.00,7763968.00,6946816.00,0.00,0.00,186368.00,159744.00
1493161213,1206272.00,162816.00,5309440.00,56203673.60,1.00,1.00,98.00,0.00,0.00,0.00,0.00,0.00,8016896.00,7176192.00,0.00,0.00,192512.00,166912.00
1493161214,1206272.00,162816.00,5309440.00,56203673.60,2.00,1.00,97.00,0.00,0.00,0.00,0.00,0.00,7713792.00,6903808.00,0.00,0.00,182272.00,157696.00
1493161215,1206272.00,162816.00,5309440.00,56203673.60,1.00,1.00,98.00,0.00,0.00,0.00,0.00,40960.00,8020992.00,7159808.00,0.00,0.00,189440.00,163840.00
1493161216,1206272.00,162816.00,5309440.00,56203673.60,1.00,1.00,99.00,0.00,0.00,0.00,0.00,163840.00,7442432.00,6657024.00,0.00,0.00,178176.00,153600.00
1493161217,1205248.00,162816.00,5309440.00,56203673.60,2.00,1.00,97.00,0.00,0.00,0.00,0.00,0.00,7867392.00,7053312.00,0.00,0.00,188416.00,162816.00
1493161218,1206272.00,162816.00,5309440.00,56203673.60,1.00,0.00,99.00,0.00,0.00,0.00,0.00,0.00,7865344.00,7059456.00,0.00,0.00,191488.00,165888.00
1493161219,1206272.00,162816.00,5309440.00,56203673.60,1.00,1.00,98.00,0.00,0.00,0.00,0.00,0.00,7827456.00,7018496.00,0.00,0.00,189440.00,161792.00
1493161220,1206272.00,162816.00,5309440.00,56203673.60,1.00,1.00,99.00,0.00,0.00,0.00,0.00,0.00,7531520.00,6748160.00,0.00,0.00,180224.00,155648.00
1493161221,1206272.00,162816.00,5309440.00,56203673.60,2.00,0.00,97.00,0.00,0.00,0.00,0.00,131072.00,7047168.00,6302720.00,0.00,0.00,168960.00,145408.00
1493161222,1206272.00,162816.00,5309440.00,56203673.60,2.00,1.00,97.00,0.00,0.00,0.00,0.00,0.00,7670784.00,6870016.00,0.00,0.00,185344.00,158720.00
1493161223,1206272.00,162816.00,5309440.00,56203673.60,1.00,0.00,99.00,0.00,0.00,0.00,0.00,0.00,8037376.00,7205888.00,0.00,0.00,195584.00,166912.00
1493161224,1206272.00,162816.00,5309440.00,56203673.60,2.00,1.00,98.00,0.00,0.00,0.00,0.00,0.00,7037952.00,6312960.00,0.00,0.00,173056.00,147456.00
1493161225,1205248.00,162816.00,5309440.00,56203673.60,0.00,0.00,100.00,0.00,0.00,0.00,0.00,0.00,6849536.00,6132736.00,0.00,0.00,164864.00,144384.00
1493161226,1206272.00,162816.00,5309440.00,56203673.60,2.00,0.00,97.00,0.00,0.00,0.00,0.00,131072.00,7149568.00,6417408.00,0.00,0.00,173056.00,149504.00
1493161227,1206272.00,162816.00,5309440.00,56203673.60,1.00,1.00,99.00,0.00,0.00,0.00,0.00,0.00,7552000.00,6777856.00,0.00,0.00,183296.00,157696.00
1493161228,1206272.00,162816.00,5309440.00,56203673.60,3.00,0.00,97.00,0.00,0.00,0.00,0.00,0.00,7837696.00,7020544.00,0.00,0.00,189440.00,162816.00
1493161229,1207296.00,162816.00,5309440.00,56203673.60,2.00,1.00,97.00,0.00,0.00,0.00,0.00,0.00,8076288.00,7231488.00,0.00,0.00,194560.00,167936.00
1493161230,1206272.00,162816.00,5309440.00,56203673.60,1.00,1.00,98.00,0.00,0.00,0.00,0.00,40960.00,8064000.00,7232512.00,0.00,0.00,195584.00,166912.00
1493161231,1206272.00,162816.00,5309440.00,56203673.60,2.00,1.00,97.00,0.00,0.00,0.00,0.00,139264.00,8170496.00,7321600.00,0.00,0.00,196608.00,167936.00
1493161232,1206272.00,162816.00,5309440.00,56203673.60,2.00,1.00,97.00,0.00,0.00,0.00,0.00,0.00,8242176.00,7383040.00,0.00,0.00,196608.00,169984.00
1493161233,1206272.00,162816.00,5309440.00,56203673.60,1.00,1.00,98.00,0.00,0.00,0.00,0.00,0.00,8104960.00,7267328.00,0.00,0.00,192512.00,165888.00
1493161234,1206272.00,162816.00,5309440.00,56203673.60,2.00,1.00,98.00,0.00,0.00,0.00,0.00,0.00,8095744.00,7273472.00,0.00,0.00,192512.00,166912.00
1493161235,1206272.00,162816.00,5309440.00,56203673.60,0.00,1.00,99.00,0.00,0.00,0.00,0.00,73728.00,8013824.00,7189504.00,0.00,0.00,192512.00,163840.00
1493161236,1206272.00,162816.00,5309440.00,56203673.60,2.00,1.00,98.00,0.00,0.00,0.00,0.00,180224.00,7276544.00,6507520.00,0.00,0.00,175104.00,151552.00
1493161237,1206272.00,162816.00,5309440.00,56203673.60,2.00,1.00,97.00,0.00,0.00,0.00,0.00,0.00,7976960.00,7148544.00,0.00,0.00,189440.00,163840.00
1493161238,1206272.00,162816.00,5309440.00,56203673.60,1.00,1.00,98.00,0.00,0.00,0.00,0.00,0.00,8196096.00,7347200.00,0.00,0.00,197632.00,169984.00
1493161239,1206272.00,162816.00,5309440.00,56203673.60,2.00,1.00,98.00,0.00,0.00,0.00,0.00,0.00,8000512.00,7166976.00,0.00,0.00,190464.00,164864.00
1493161240,1206272.00,162816.00,5309440.00,56203673.60,1.00,1.00,99.00,0.00,0.00,0.00,0.00,507904.00,8015872.00,7187456.00,0.00,0.00,194560.00,167936.00
1493161241,1205248.00,162816.00,5309440.00,56203673.60,2.00,1.00,97.00,0.00,0.00,0.00,0.00,212992.00,7760896.00,6957056.00,0.00,0.00,187392.00,160768.00
1493161242,1206272.00,162816.00,5309440.00,56203673.60,3.00,1.00,97.00,0.00,0.00,0.00,0.00,0.00,8011776.00,7169024.00,0.00,0.00,189440.00,163840.00
1493161243,1206272.00,162816.00,5309440.00,56203673.60,1.00,1.00,99.00,0.00,0.00,0.00,0.00,0.00,8365056.00,7489536.00,0.00,0.00,196608.00,169984.00
1493161244,1205248.00,162816.00,5309440.00,56203673.60,2.00,1.00,98.00,0.00,0.00,0.00,0.00,0.00,7752704.00,6948864.00,0.00,0.00,190464.00,162816.00
1493161245,1206272.00,162816.00,5309440.00,56203673.60,1.00,1.00,98.00,0.00,0.00,0.00,0.00,16384.00,7854080.00,7050240.00,0.00,0.00,191488.00,163840.00
1493161246,1206272.00,162816.00,5309440.00,56203673.60,2.00,1.00,97.00,0.00,0.00,0.00,0.00,155648.00,7939072.00,7108608.00,0.00,0.00,193536.00,165888.00
1493161247,1206272.00,162816.00,5309440.00,56203673.60,2.00,1.00,98.00,0.00,0.00,0.00,0.00,0.00,8092672.00,7251968.00,0.00,0.00,194560.00,167936.00
1493161248,1206272.00,162816.00,5309440.00,56203673.60,1.00,0.00,99.00,0.00,0.00,0.00,0.00,0.00,8003584.00,7165952.00,0.00,0.00,192512.00,164864.00
1493161249,1206272.00,162816.00,5309440.00,56203673.60,2.00,1.00,96.00,0.00,0.00,0.00,0.00,0.00,8097792.00,7251968.00,0.00,0.00,194560.00,166912.00
1493161250,1206272.00,162816.00,5309440.00,56203673.60,2.00,1.00,97.00,0.00,0.00,0.00,0.00,385024.00,8073216.00,7223296.00,0.00,0.00,191488.00,165888.00
1493161251,1207296.00,162816.00,5309440.00,56203673.60,1.00,1.00,98.00,0.00,0.00,0.00,0.00,270336.00,7929856.00,7110656.00,0.00,0.00,189440.00,162816.00
1493161252,1206272.00,162816.00,5309440.00,56203673.60,2.00,1.00,96.00,0.00,0.00,1.00,0.00,0.00,8332288.00,7445504.00,0.00,0.00,199680.00,171008.00
1493161253,1206272.00,162816.00,5309440.00,56203673.60,0.00,1.00,99.00,0.00,0.00,0.00,0.00,0.00,7764992.00,6964224.00,0.00,0.00,185344.00,159744.00
1493161254,1206272.00,162816.00,5309440.00,56203673.60,1.00,0.00,98.00,0.00,0.00,0.00,0.00,0.00,8082432.00,7230464.00,0.00,0.00,192512.00,165888.00
1493161255,1206272.00,162816.00,5309440.00,56203673.60,2.00,1.00,97.00,0.00,0.00,0.00,0.00,0.00,8412160.00,7521280.00,0.00,0.00,197632.00,171008.00
1493161256,1206272.00,162816.00,5309440.00,56203673.60,1.00,1.00,98.00,0.00,0.00,0.00,0.00,139264.00,8127488.00,7270400.00,0.00,0.00,194560.00,167936.00
1493161257,1206272.00,162816.00,5309440.00,56203673.60,2.00,1.00,97.00,0.00,0.00,0.00,0.00,0.00,8083456.00,7226368.00,0.00,0.00,192512.00,165888.00
1493161258,1206272.00,162816.00,5309440.00,56203673.60,2.00,1.00,97.00,0.00,0.00,0.00,0.00,0.00,8124416.00,7280640.00,0.00,0.00,196608.00,167936.00
1493161259,1206272.00,162816.00,5309440.00,56203673.60,1.00,1.00,98.00,0.00,0.00,0.00,0.00,0.00,7820288.00,6992896.00,0.00,0.00,186368.00,160768.00
1493161260,1206272.00,162816.00,5309440.00,56203673.60,2.00,1.00,97.00,0.00,0.00,0.00,0.00,0.00,8031232.00,7179264.00,0.00,0.00,189440.00,163840.00
1493161261,1206272.00,162816.00,5309440.00,56203673.60,1.00,1.00,99.00,0.00,0.00,0.00,0.00,131072.00,7281664.00,6487040.00,0.00,0.00,169984.00,148480.00
1493161262,1206272.00,162816.00,5309440.00,56203673.60,2.00,1.00,97.00,0.00,0.00,0.00,0.00,0.00,7352320.00,6585344.00,0.00,0.00,176128.00,151552.00
1493161263,1206272.00,162816.00,5309440.00,56203673.60,2.00,1.00,98.00,0.00,0.00,0.00,0.00,0.00,8107008.00,7247872.00,0.00,0.00,191488.00,164864.00
1493161264,1205248.00,162816.00,5309440.00,56203673.60,1.00,1.00,99.00,0.00,0.00,0.00,0.00,0.00,8165376.00,7312384.00,0.00,0.00,193536.00,166912.00
1493161265,1206272.00,162816.00,5309440.00,56203673.60,2.00,1.00,97.00,0.00,0.00,0.00,0.00,0.00,7899136.00,7056384.00,0.00,0.00,187392.00,161792.00
1493161266,1205248.00,162816.00,5309440.00,56203673.60,1.00,1.00,98.00,0.00,0.00,0.00,0.00,0.00,8030208.00,7199744.00,0.00,0.00,193536.00,165888.00
1493161267,1206272.00,162816.00,5309440.00,56203673.60,2.00,1.00,97.00,0.00,0.00,0.00,0.00,131072.00,7886848.00,7048192.00,0.00,0.00,186368.00,161792.00
1493161268,1205248.00,162816.00,5309440.00,56203673.60,2.00,1.00,97.00,0.00,0.00,0.00,0.00,0.00,7462912.00,6680576.00,0.00,0.00,179200.00,153600.00
1493161269,1206272.00,162816.00,5309440.00,56203673.60,0.00,1.00,99.00,0.00,0.00,0.00,0.00,0.00,7885824.00,7063552.00,0.00,0.00,186368.00,160768.00
1493161270,1206272.00,162816.00,5309440.00,56203673.60,2.00,0.00,98.00,0.00,0.00,0.00,0.00,0.00,6170624.00,5518336.00,0.00,0.00,146432.00,126976.00
1493161271,1206272.00,162816.00,5309440.00,56203673.60,0.00,1.00,99.00,0.00,0.00,0.00,0.00,0.00,6825984.00,6093824.00,0.00,0.00,161792.00,139264.00
1493161272,1206272.00,162816.00,5309440.00,56203673.60,2.00,0.00,98.00,0.00,0.00,0.00,0.00,131072.00,7911424.00,7078912.00,0.00,0.00,186368.00,160768.00
1493161273,1206272.00,162816.00,5309440.00,56203673.60,0.00,0.00,99.00,0.00,0.00,0.00,0.00,0.00,7727104.00,6914048.00,0.00,0.00,184320.00,158720.00
1493161274,1206272.00,162816.00,5309440.00,56203673.60,2.00,0.00,98.00,0.00,0.00,0.00,0.00,0.00,7942144.00,7104512.00,0.00,0.00,191488.00,164864.00
1493161275,1205248.00,162816.00,5309440.00,56203673.60,2.00,1.00,98.00,0.00,0.00,0.00,0.00,565248.00,8252416.00,7365632.00,0.00,0.00,195584.00,169984.00
1493161276,1206272.00,162816.00,5309440.00,56203673.60,1.00,1.00,99.00,0.00,0.00,0.00,0.00,0.00,7920640.00,7098368.00,0.00,0.00,187392.00,162816.00
1493161277,1206272.00,162816.00,5309440.00,56203673.60,2.00,1.00,97.00,0.00,0.00,1.00,0.00,262144.00,7991296.00,7165952.00,0.00,0.00,192512.00,165888.00
1493161278,1206272.00,162816.00,5309440.00,56203673.60,0.00,1.00,99.00,0.00,0.00,0.00,0.00,0.00,8436736.00,7555072.00,0.00,0.00,200704.00,174080.00
1493161279,1206272.00,162816.00,5309440.00,56203673.60,2.00,0.00,98.00,0.00,0.00,0.00,0.00,0.00,7992320.00,7146496.00,0.00,0.00,189440.00,163840.00
1493161280,1206272.00,162816.00,5309440.00,56203673.60,2.00,1.00,97.00,0.00,0.00,0.00,0.00,0.00,8181760.00,7332864.00,0.00,0.00,195584.00,167936.00
1493161281,1206272.00,162816.00,5309440.00,56203673.60,1.00,0.00,99.00,0.00,0.00,0.00,0.00,0.00,8247296.00,7364608.00,0.00,0.00,195584.00,167936.00
1493161282,1205248.00,162816.00,5309440.00,56203673.60,2.00,0.00,98.00,0.00,0.00,0.00,0.00,131072.00,7881728.00,7045120.00,0.00,0.00,187392.00,161792.00
1493161283,1206272.00,162816.00,5309440.00,56203673.60,1.00,0.00,98.00,0.00,0.00,0.00,0.00,0.00,8103936.00,7246848.00,0.00,0.00,189440.00,164864.00
1493161284,1206272.00,162816.00,5309440.00,56203673.60,0.00,1.00,99.00,0.00,0.00,0.00,0.00,0.00,8136704.00,7272448.00,0.00,0.00,193536.00,167936.00
1493161285,1206272.00,162816.00,5309440.00,56203673.60,2.00,1.00,97.00,0.00,0.00,0.00,0.00,0.00,7173120.00,6424576.00,0.00,0.00,175104.00,150528.00
1493161286,1206272.00,162816.00,5309440.00,56203673.60,1.00,1.00,99.00,0.00,0.00,0.00,0.00,0.00,7616512.00,6828032.00,0.00,0.00,186368.00,158720.00
1493161287,1206272.00,162816.00,5309440.00,56203673.60,2.00,0.00,97.00,0.00,0.00,0.00,0.00,139264.00,8208384.00,7362560.00,0.00,0.00,196608.00,168960.00
1493161288,1206272.00,162816.00,5309440.00,56203673.60,1.00,1.00,98.00,0.00,0.00,0.00,0.00,0.00,7857152.00,7037952.00,0.00,0.00,185344.00,159744.00
1493161289,1206272.00,162816.00,5309440.00,56203673.60,1.00,1.00,98.00,0.00,0.00,0.00,0.00,0.00,8272896.00,7411712.00,0.00,0.00,197632.00,171008.00
1493161290,1206272.00,162816.00,5309440.00,56203673.60,2.00,1.00,97.00,0.00,0.00,0.00,0.00,0.00,8025088.00,7182336.00,0.00,0.00,195584.00,167936.00
1493161291,1206272.00,162816.00,5309440.00,56203673.60,0.00,1.00,99.00,0.00,0.00,0.00,0.00,0.00,7709696.00,6914048.00,0.00,0.00,185344.00,158720.00
1493161292,1206272.00,162816.00,5309440.00,56203673.60,2.00,1.00,97.00,0.00,0.00,0.00,0.00,131072.00,7923712.00,7103488.00,0.00,0.00,191488.00,163840.00
1493161293,1205248.00,162816.00,5309440.00,56203673.60,2.00,1.00,98.00,0.00,0.00,0.00,0.00,0.00,7922688.00,7102464.00,0.00,0.00,192512.00,165888.00
1493161294,1206272.00,162816.00,5309440.00,56203673.60,1.00,1.00,99.00,0.00,0.00,0.00,0.00,0.00,7817216.00,7012352.00,0.00,0.00,191488.00,163840.00
1493161295,1206272.00,162816.00,5309440.00,56203673.60,1.00,1.00,98.00,0.00,0.00,0.00,0.00,0.00,8007680.00,7175168.00,0.00,0.00,194560.00,166912.00
1493161296,1206272.00,162816.00,5309440.00,56203673.60,1.00,1.00,98.00,0.00,0.00,0.00,0.00,0.00,8196096.00,7339008.00,0.00,0.00,195584.00,168960.00
1493161297,1205248.00,162816.00,5309440.00,56203673.60,2.00,0.00,98.00,0.00,0.00,0.00,0.00,131072.00,8051712.00,7222272.00,0.00,0.00,193536.00,165888.00
1493161298,1205248.00,162816.00,5309440.00,56203673.60,2.00,0.00,97.00,0.00,0.00,0.00,0.00,0.00,7379968.00,6606848.00,0.00,0.00,181248.00,155648.00
1493161299,1205248.00,162816.00,5309440.00,56203673.60,1.00,1.00,99.00,0.00,0.00,0.00,0.00,0.00,8307712.00,7453696.00,0.00,0.00,199680.00,172032.00
1493161300,1206272.00,162816.00,5309440.00,56203673.60,2.00,1.00,98.00,0.00,0.00,0.00,0.00,548864.00,8031232.00,7199744.00,0.00,0.00,192512.00,165888.00
1493161301,1206272.00,162816.00,5309440.00,56203673.60,2.00,0.00,97.00,0.00,0.00,0.00,0.00,0.00,7998464.00,7165952.00,0.00,0.00,195584.00,166912.00
1493161302,1206272.00,162816.00,5309440.00,56203673.60,1.00,1.00,99.00,0.00,0.00,0.00,0.00,303104.00,7997440.00,7166976.00,0.00,0.00,193536.00,166912.00
1493161303,1206272.00,162816.00,5309440.00,56203673.60,2.00,1.00,97.00,0.00,0.00,0.00,0.00,0.00,7786496.00,6988800.00,0.00,0.00,189440.00,161792.00
1493161304,1206272.00,162816.00,5309440.00,56203673.60,0.00,1.00,99.00,0.00,0.00,0.00,0.00,0.00,8299520.00,7442432.00,0.00,0.00,200704.00,173056.00
1493161305,1205248.00,162816.00,5309440.00,56203673.60,2.00,0.00,98.00,0.00,0.00,0.00,0.00,0.00,8183808.00,7336960.00,0.00,0.00,196608.00,169984.00
1493161306,1206272.00,162816.00,5309440.00,56203673.60,1.00,0.00,98.00,0.00,0.00,0.00,0.00,0.00,8073216.00,7238656.00,0.00,0.00,195584.00,167936.00
1493161307,1206272.00,162816.00,5309440.00,56203673.60,1.00,0.00,99.00,0.00,0.00,0.00,0.00,131072.00,8117248.00,7282688.00,0.00,0.00,198656.00,169984.00
1493161308,1205248.00,162816.00,5309440.00,56203673.60,2.00,0.00,98.00,0.00,0.00,0.00,0.00,0.00,8142848.00,7294976.00,0.00,0.00,197632.00,169984.00
1493161309,1206272.00,162816.00,5309440.00,56203673.60,1.00,1.00,98.00,0.00,0.00,0.00,0.00,0.00,8042496.00,7212032.00,0.00,0.00,193536.00,166912.00
1493161310,1206272.00,162816.00,5309440.00,56203673.60,2.00,1.00,97.00,0.00,0.00,0.00,0.00,0.00,8045568.00,7218176.00,0.00,0.00,195584.00,166912.00
1493161311,1206272.00,162816.00,5309440.00,56203673.60,2.00,0.00,97.00,0.00,0.00,0.00,0.00,0.00,7870464.00,7063552.00,0.00,0.00,193536.00,163840.00
1493161312,1206272.00,162816.00,5309440.00,56203673.60,1.00,1.00,99.00,0.00,0.00,0.00,0.00,139264.00,8161280.00,7315456.00,0.00,0.00,197632.00,169984.00
1493161313,1206272.00,162816.00,5309440.00,56203673.60,2.00,0.00,98.00,0.00,0.00,0.00,0.00,0.00,8112128.00,7277568.00,0.00,0.00,196608.00,167936.00
1493161314,1206272.00,162816.00,5309440.00,56203673.60,2.00,0.00,98.00,0.00,0.00,0.00,0.00,0.00,8161280.00,7320576.00,0.00,0.00,197632.00,168960.00
1493161315,1206272.00,162816.00,5309440.00,56203673.60,1.00,1.00,98.00,0.00,0.00,0.00,0.00,0.00,8248320.00,7386112.00,0.00,0.00,197632.00,169984.00
1493161316,1205248.00,162816.00,5309440.00,56203673.60,2.00,1.00,98.00,0.00,0.00,0.00,0.00,0.00,8032256.00,7186432.00,0.00,0.00,193536.00,166912.00
1493161317,1206272.00,162816.00,5309440.00,56203673.60,1.00,1.00,98.00,0.00,0.00,0.00,0.00,131072.00,8116224.00,7285760.00,0.00,0.00,196608.00,168960.00
1493161318,1205248.00,162816.00,5309440.00,56203673.60,1.00,0.00,98.00,0.00,0.00,0.00,0.00,0.00,8014848.00,7181312.00,0.00,0.00,193536.00,165888.00
1493161319,1206272.00,162816.00,5309440.00,56203673.60,2.00,1.00,97.00,0.00,0.00,0.00,0.00,0.00,7529472.00,6747136.00,0.00,0.00,184320.00,157696.00
1493161320,1206272.00,162816.00,5309440.00,56203673.60,1.00,0.00,99.00,0.00,0.00,0.00,0.00,0.00,8065024.00,7230464.00,0.00,0.00,193536.00,166912.00
1493161321,1206272.00,162816.00,5309440.00,56203673.60,2.00,0.00,98.00,0.00,0.00,0.00,0.00,0.00,6844416.00,6119424.00,0.00,0.00,160768.00,140288.00
1493161322,1206272.00,162816.00,5309440.00,56203673.60,0.00,1.00,99.00,0.00,0.00,0.00,0.00,131072.00,7443456.00,6672384.00,0.00,0.00,180224.00,156672.00
1493161323,1206272.00,162816.00,5309440.00,56203673.60,2.00,1.00,98.00,0.00,0.00,0.00,0.00,0.00,7876608.00,7056384.00,0.00,0.00,192512.00,164864.00
1493161324,1206272.00,162816.00,5309440.00,56203673.60,2.00,1.00,97.00,0.00,0.00,0.00,0.00,0.00,7090176.00,6353920.00,0.00,0.00,171008.00,147456.00
1493161325,1206272.00,162816.00,5310464.00,56203673.60,0.00,0.00,99.00,0.00,0.00,0.00,0.00,540672.00,6306816.00,5651456.00,0.00,0.00,150528.00,131072.00
1493161326,1206272.00,162816.00,5310464.00,56203673.60,2.00,1.00,98.00,0.00,0.00,0.00,0.00,0.00,7829504.00,7012352.00,0.00,0.00,190464.00,163840.00
1493161327,1206272.00,162816.00,5310464.00,56203673.60,1.00,1.00,93.00,5.00,0.00,0.00,0.00,270336.00,8351744.00,7477248.00,0.00,0.00,200704.00,173056.00
1493161328,1206272.00,162816.00,5310464.00,56203673.60,2.00,1.00,97.00,0.00,0.00,0.00,0.00,0.00,7767040.00,6964224.00,0.00,0.00,189440.00,161792.00
1493161329,1205248.00,162816.00,5310464.00,56203673.60,1.00,1.00,99.00,0.00,0.00,0.00,0.00,0.00,7900160.00,7070720.00,0.00,0.00,189440.00,162816.00
1493161330,1206272.00,162816.00,5310464.00,56203673.60,2.00,1.00,97.00,0.00,0.00,0.00,0.00,0.00,8329216.00,7471104.00,0.00,0.00,200704.00,171008.00
1493161331,1206272.00,162816.00,5310464.00,56203673.60,2.00,1.00,98.00,0.00,0.00,0.00,0.00,0.00,6658048.00,5965824.00,0.00,0.00,160768.00,138240.00
1493161332,1206272.00,162816.00,5310464.00,56203673.60,1.00,0.00,98.00,0.00,0.00,0.00,0.00,139264.00,7091200.00,6353920.00,0.00,0.00,168960.00,147456.00
1493161333,1205248.00,162816.00,5310464.00,56203673.60,2.00,1.00,97.00,0.00,0.00,0.00,0.00,0.00,7251968.00,6499328.00,0.00,0.00,176128.00,151552.00
1493161334,1206272.00,162816.00,5310464.00,56203673.60,1.00,1.00,99.00,0.00,0.00,0.00,0.00,0.00,8130560.00,7304192.00,0.00,0.00,194560.00,167936.00
1493161335,1206272.00,162816.00,5310464.00,56203673.60,2.00,0.00,97.00,0.00,0.00,0.00,0.00,0.00,7987200.00,7155712.00,0.00,0.00,193536.00,166912.00
1493161336,1206272.00,162816.00,5310464.00,56203673.60,2.00,1.00,97.00,0.00,0.00,0.00,0.00,0.00,7756800.00,6951936.00,0.00,0.00,189440.00,162816.00
1493161337,1206272.00,162816.00,5310464.00,56203673.60,1.00,1.00,99.00,0.00,0.00,0.00,0.00,131072.00,8085504.00,7239680.00,0.00,0.00,194560.00,167936.00
1493161338,1206272.00,162816.00,5310464.00,56203673.60,2.00,1.00,97.00,0.00,0.00,0.00,0.00,0.00,8200192.00,7347200.00,0.00,0.00,199680.00,171008.00
1493161339,1206272.00,162816.00,5310464.00,56203673.60,1.00,1.00,98.00,0.00,0.00,0.00,0.00,0.00,8161280.00,7326720.00,0.00,0.00,197632.00,169984.00
1493161340,1206272.00,162816.00,5310464.00,56203673.60,5.00,0.00,94.00,0.00,0.00,1.00,0.00,0.00,7986176.00,7150592.00,0.00,0.00,191488.00,165888.00
1493161341,1206272.00,162816.00,5310464.00,56203673.60,2.00,1.00,97.00,0.00,0.00,0.00,0.00,0.00,8110080.00,7270400.00,0.00,0.00,192512.00,166912.00
1493161342,1206272.00,162816.00,5310464.00,56203673.60,1.00,1.00,99.00,0.00,0.00,0.00,0.00,131072.00,8341504.00,7490560.00,0.00,0.00,201728.00,172032.00
1493161343,1206272.00,162816.00,5310464.00,56203673.60,2.00,1.00,97.00,0.00,0.00,0.00,0.00,0.00,8069120.00,7214080.00,0.00,0.00,193536.00,166912.00
1493161344,1206272.00,162816.00,5310464.00,56203673.60,2.00,1.00,97.00,0.00,0.00,0.00,0.00,0.00,8015872.00,7191552.00,0.00,0.00,194560.00,166912.00
1493161345,1206272.00,162816.00,5310464.00,56203673.60,0.00,1.00,98.00,0.00,0.00,1.00,0.00,0.00,8342528.00,7484416.00,0.00,0.00,200704.00,172032.00
1493161346,1206272.00,162816.00,5310464.00,56203673.60,2.00,0.00,98.00,0.00,0.00,0.00,0.00,0.00,8083456.00,7242752.00,0.00,0.00,195584.00,167936.00
1493161347,1206272.00,162816.00,5310464.00,56203673.60,1.00,1.00,98.00,0.00,0.00,0.00,0.00,131072.00,7903232.00,7079936.00,0.00,0.00,190464.00,163840.00
1493161348,1207296.00,162816.00,5310464.00,56203673.60,2.00,1.00,97.00,0.00,0.00,0.00,0.00,0.00,7356416.00,6601728.00,0.00,0.00,180224.00,153600.00
1493161349,1206272.00,162816.00,5310464.00,56203673.60,1.00,1.00,99.00,0.00,0.00,0.00,0.00,0.00,7052288.00,6329344.00,0.00,0.00,171008.00,148480.00
1493161350,1205248.00,162816.00,5310464.00,56203673.60,2.00,1.00,98.00,0.00,0.00,0.00,0.00,0.00,7747584.00,6963200.00,0.00,0.00,188416.00,161792.00
1493161351,1206272.00,162816.00,5310464.00,56203673.60,2.00,0.00,98.00,0.00,0.00,0.00,0.00,0.00,7645184.00,6862848.00,0.00,0.00,185344.00,158720.00
1493161352,1206272.00,162816.00,5310464.00,56203673.60,1.00,0.00,99.00,0.00,0.00,0.00,0.00,131072.00,8203264.00,7362560.00,0.00,0.00,197632.00,169984.00
1493161353,1206272.00,162816.00,5310464.00,56203673.60,2.00,0.00,98.00,0.00,0.00,0.00,0.00,0.00,8215552.00,7358464.00,0.00,0.00,197632.00,169984.00
1493161354,1206272.00,162816.00,5310464.00,56203673.60,2.00,1.00,97.00,0.00,0.00,0.00,0.00,0.00,8011776.00,7192576.00,0.00,0.00,193536.00,166912.00
1493161355,1206272.00,162816.00,5310464.00,56203673.60,1.00,1.00,99.00,0.00,0.00,0.00,0.00,40960.00,8145920.00,7297024.00,0.00,0.00,197632.00,168960.00
1493161356,1206272.00,162816.00,5310464.00,56203673.60,3.00,0.00,96.00,0.00,0.00,1.00,0.00,0.00,8332288.00,7472128.00,0.00,0.00,197632.00,171008.00
1493161357,1206272.00,162816.00,5310464.00,56203673.60,1.00,1.00,99.00,0.00,0.00,0.00,0.00,139264.00,8108032.00,7268352.00,0.00,0.00,194560.00,167936.00
1493161358,1205248.00,162816.00,5310464.00,56203673.60,2.00,1.00,97.00,0.00,0.00,0.00,0.00,0.00,8301568.00,7450624.00,0.00,0.00,199680.00,171008.00
1493161359,1206272.00,162816.00,5310464.00,56203673.60,2.00,1.00,97.00,0.00,0.00,0.00,0.00,0.00,8280064.00,7420928.00,0.00,0.00,201728.00,173056.00
1493161360,1206272.00,162816.00,5310464.00,56203673.60,1.00,0.00,99.00,0.00,0.00,0.00,0.00,589824.00,7737344.00,6927360.00,0.00,0.00,186368.00,160768.00
1493161361,1206272.00,162816.00,5310464.00,56203673.60,2.00,1.00,97.00,0.00,0.00,0.00,0.00,0.00,7630848.00,6848512.00,0.00,0.00,184320.00,158720.00
1493161362,1207296.00,162816.00,5310464.00,56203673.60,2.00,0.00,98.00,0.00,0.00,0.00,0.00,303104.00,8326144.00,7458816.00,0.00,0.00,200704.00,173056.00
1493161363,1206272.00,162816.00,5310464.00,56203673.60,0.00,1.00,99.00,0.00,0.00,0.00,0.00,0.00,8145920.00,7302144.00,0.00,0.00,196608.00,168960.00
1493161364,1206272.00,162816.00,5310464.00,56203673.60,2.00,0.00,97.00,0.00,0.00,0.00,0.00,0.00,7447552.00,6674432.00,0.00,0.00,176128.00,152576.00
1493161365,1206272.00,162816.00,5310464.00,56203673.60,0.00,0.00,99.00,0.00,0.00,0.00,0.00,0.00,6494208.00,5824512.00,0.00,0.00,154624.00,134144.00
1493161366,1206272.00,162816.00,5310464.00,56203673.60,2.00,1.00,97.00,0.00,0.00,0.00,0.00,0.00,7504896.00,6721536.00,0.00,0.00,182272.00,156672.00
1493161367,1206272.00,162816.00,5310464.00,56203673.60,0.00,1.00,99.00,0.00,0.00,0.00,0.00,131072.00,8255488.00,7401472.00,0.00,0.00,199680.00,171008.00
1493161368,1207296.00,162816.00,5310464.00,56203673.60,3.00,1.00,96.00,0.00,0.00,0.00,0.00,0.00,8197120.00,7340032.00,0.00,0.00,196608.00,168960.00
1493161369,1206272.00,162816.00,5310464.00,56203673.60,2.00,1.00,97.00,0.00,0.00,0.00,0.00,0.00,7333888.00,6572032.00,0.00,0.00,179200.00,153600.00
1493161370,1206272.00,162816.00,5310464.00,56203673.60,1.00,0.00,99.00,0.00,0.00,0.00,0.00,0.00,7892992.00,7075840.00,0.00,0.00,193536.00,165888.00
1493161371,1206272.00,162816.00,5310464.00,56203673.60,2.00,1.00,97.00,0.00,0.00,0.00,0.00,0.00,7692288.00,6897664.00,0.00,0.00,185344.00,159744.00
1493161372,1206272.00,162816.00,5310464.00,56203673.60,1.00,1.00,99.00,0.00,0.00,0.00,0.00,131072.00,7991296.00,7170048.00,0.00,0.00,194560.00,166912.00
1493161373,1206272.00,162816.00,5310464.00,56203673.60,1.00,1.00,98.00,0.00,0.00,0.00,0.00,0.00,7224320.00,6471680.00,0.00,0.00,178176.00,153600.00
1493161374,1200128.00,162816.00,5310464.00,56203673.60,2.00,1.00,97.00,0.00,0.00,0.00,0.00,0.00,7710720.00,6902784.00,0.00,0.00,185344.00,159744.00
