--Probe dump file for probe: org.yardstickframework.probes.ThroughputLatencyProbe@710636b0 (class org.yardstickframework.probes.ThroughputLatencyProbe)
--Created Tue Apr 25 22:56:53 UTC 2017
--Benchmark config: BenchmarkConfiguration [memberId='0', driverNames='[HazelcastSqlQueryBenchmark]', serverName='HazelcastNode', threads=64, duration=300, warmup=60, dfltProbeClsNames=[ThroughputLatencyProbe, PercentileProbe, DStatProbe], propsFileName='yardstick/config/run.properties', packages=[org.yardstickframework], cmdArgs=[--outputFolder, /home/ubuntu/date-2504-221749-s-4-c-1-ver-3.8.1-f1e9264/yardstick/bin/../output/results-20170425-221800, -id, 0, -hzcfg, /home/ubuntu/date-2504-221749-s-4-c-1-ver-3.8.1-f1e9264/yardstick/bin/../config/hz-config.xml, --hzClientConfig, /home/ubuntu/date-2504-221749-s-4-c-1-ver-3.8.1-f1e9264/yardstick/bin/../config/hz-client-config.xml, --clientMode, -nn, 4, -b, 1, -w, 60, -d, 300, -t, 64, --syncBackups, --readBackups, -dn, HazelcastSqlQueryBenchmark, -sn, HazelcastNode, -ds, 3.8.1-f1e9264-sql-query-1-backup, --config, yardstick/config/run.properties, --logsFolder, /home/ubuntu/date-2504-221749-s-4-c-1-ver-3.8.1-f1e9264/yardstick/bin/../output/logs-20170425-221800/logs_drivers, --currentFolder, /home/ubuntu/date-2504-221749-s-4-c-1-ver-3.8.1-f1e9264, --scriptsFolder, /home/ubuntu/date-2504-221749-s-4-c-1-ver-3.8.1-f1e9264/yardstick/bin], probeWriter='null', customProps={ver=3.8.1-f1e9264-, b=1, d=300, SERVER_HOSTS=172.31.45.250,172.31.38.80,172.31.41.141,172.31.42.161, now0=`date +'%H%M%S'`, nodesNum=$((`echo ${SERVER_HOSTS} | tr ',' '' | wc -l`)), JVM_OPTS=${JVM_OPTS}" -Xms6g -Xmx6g -Xloggc:./gc${now0}.log -XX:+PrintGCDetails -verbose:gc -XX:+UseParNewGC -XX:+UseConcMarkSweepGC ", CONFIGS="-hzcfg ${SCRIPT_DIR}/../config/hz-config.xml --hzClientConfig ${SCRIPT_DIR}/../config/hz-client-config.xml --clientMode -nn ${nodesNum} -b ${b} -w ${w} -d ${d} -t ${t}  ${sm} --readBackups -dn HazelcastSetBenchmark -sn HazelcastNode -ds ${ver}atomic-set-1-backup,-hzcfg ${SCRIPT_DIR}/../config/hz-config.xml --hzClientConfig ${SCRIPT_DIR}/../config/hz-client-config.xml --clientMode -nn ${nodesNum} -b ${b} -w ${w} -d ${d} -t ${t}  ${sm} --readBackups -dn HazelcastSetGetBenchmark -sn HazelcastNode -ds ${ver}atomic-set-get-1-backup,-hzcfg ${SCRIPT_DIR}/../config/hz-config.xml --hzClientConfig ${SCRIPT_DIR}/../config/hz-client-config.xml --clientMode -nn ${nodesNum} -b ${b} -w ${w} -d ${d} -t ${t}  ${sm} --readBackups -bs 6 -dn HazelcastPutGetBatchBenchmark -sn HazelcastNode -ds ${ver}atomic-set-get-bs-6-1-backup,-hzcfg ${SCRIPT_DIR}/../config/hz-config.xml --hzClientConfig ${SCRIPT_DIR}/../config/hz-client-config.xml --clientMode -nn ${nodesNum} -b ${b} -w ${w} -d ${d} -t ${t}  ${sm} --readBackups -dn HazelcastSetTxBenchmark -sn HazelcastNode -ds ${ver}tx-set-pessimistic-1-backup,-hzcfg ${SCRIPT_DIR}/../config/hz-config.xml --hzClientConfig ${SCRIPT_DIR}/../config/hz-client-config.xml --clientMode -nn ${nodesNum} -b ${b} -w ${w} -d ${d} -t ${t}  ${sm} --readBackups -dn HazelcastSetGetTxOptimisticBenchmark -sn HazelcastNode -ds ${ver}tx-set-get-opt-1-backup,-hzcfg ${SCRIPT_DIR}/../config/hz-config.xml --hzClientConfig ${SCRIPT_DIR}/../config/hz-client-config.xml --clientMode -nn ${nodesNum} -b ${b} -w ${w} -d ${d} -t ${t}  ${sm} --readBackups -dn HazelcastSetGetTxPessimisticBenchmark -sn HazelcastNode -ds ${ver}tx-set-get-pes-1-backup,-hzcfg ${SCRIPT_DIR}/../config/hz-config.xml --hzClientConfig ${SCRIPT_DIR}/../config/hz-client-config.xml --clientMode -nn ${nodesNum} -b ${b} -w ${w} -d ${d} -t ${t}  ${sm} --readBackups -dn HazelcastSqlQueryBenchmark -sn HazelcastNode -ds ${ver}sql-query-1-backup,-hzcfg ${SCRIPT_DIR}/../config/hz-config.xml --hzClientConfig ${SCRIPT_DIR}/../config/hz-client-config.xml --clientMode -nn ${nodesNum} -b ${b} -w ${w} -d ${d} -t ${t}  ${sm} --readBackups -dn HazelcastSqlQuerySetBenchmark -sn HazelcastNode -ds ${ver}sql-query-set-1-backup,-hzcfg ${SCRIPT_DIR}/../config/hz-config.xml --hzClientConfig ${SCRIPT_DIR}/../config/hz-client-config.xml --clientMode -nn ${nodesNum} -b ${b} -w ${w} -d ${d} -t ${t}  ${sm} --readBackups -bs 6 -dn HazelcastPutAllBenchmark -sn HazelcastNode -ds ${ver}atomic-setAll-bs-6-1-backup,-hzcfg ${SCRIPT_DIR}/../config/hz-config.xml --hzClientConfig ${SCRIPT_DIR}/../config/hz-client-config.xml --clientMode -nn ${nodesNum} -b ${b} -w ${w} -d ${d} -t ${t}  ${sm} --readBackups -bs 6 -dn HazelcastSetAllTxBenchmark -sn HazelcastNode -ds ${ver}tx-setAll-bs-6-1-backup,-hzcfg ${SCRIPT_DIR}/../config/hz-config.xml --hzClientConfig ${SCRIPT_DIR}/../config/hz-client-config.xml --clientMode -nn ${nodesNum} -b ${b} -w ${w} -d ${d} -t ${t}  ${sm} --readBackups -bs 6 -dn HazelcastGetAllSetAllTxOptimisticBenchmark -sn HazelcastNode -ds ${ver}tx-optimistic-getAllSetAll-bs-6-1-backup,-hzcfg ${SCRIPT_DIR}/../config/hz-config.xml --hzClientConfig ${SCRIPT_DIR}/../config/hz-client-config.xml --clientMode -nn ${nodesNum} -b ${b} -w ${w} -d ${d} -t ${t}  ${sm} --readBackups -bs 6 -dn HazelcastGetAllSetAllTxPessimisticBenchmark -sn HazelcastNode -ds ${ver}tx-pessimistic-getAllSetAll-bs-6-1-backup,", DRIVER_HOSTS=172.31.46.6, t=64, BENCHMARK_PACKAGES=org.yardstickframework, w=60, BENCHMARK_LABEL=hazelcast, sm="--syncBackups", AUTO_COPY=false, RESTART_SERVERS=true}, shutdownHook=true, currentFolder=/home/ubuntu/date-2504-221749-s-4-c-1-ver-3.8.1-f1e9264, scriptsFolder=/home/ubuntu/date-2504-221749-s-4-c-1-ver-3.8.1-f1e9264/yardstick/bin, logsFolder=/home/ubuntu/date-2504-221749-s-4-c-1-ver-3.8.1-f1e9264/yardstick/bin/../output/logs-20170425-221800/logs_drivers, outputFolder=/home/ubuntu/date-2504-221749-s-4-c-1-ver-3.8.1-f1e9264/yardstick/bin/../output/results-20170425-221800, outputWriter=java.io.PrintStream@7f2d4ebe, errorWriter=java.io.PrintStream@7b12d583, descriptions=[3.8.1-f1e9264-sql-query-1-backup], hostName=]
--Description: 3.8.1-f1e9264-sql-query-1-backup
@@HazelcastSqlQueryBenchmark
**"Time, sec","Operations/sec (more is better)","Latency, nsec (less is better)"
1493161075,38513.00,1676410.64
1493161076,37816.00,1690114.86
1493161077,39504.00,1600103.61
1493161078,36699.00,1763925.04
1493161079,38926.00,1632865.37
1493161080,38857.00,1655045.99
1493161081,32583.00,1963589.71
1493161082,37027.00,1727978.97
1493161083,38442.00,1663958.34
1493161084,38168.00,1675886.51
1493161085,33782.00,1880047.36
1493161086,29071.00,2216273.06
1493161087,37671.00,1696887.47
1493161088,32871.00,1946946.13
1493161089,37333.00,1711960.48
1493161090,40097.00,1614056.64
1493161091,37189.00,1718602.87
1493161092,38981.00,1624803.11
1493161093,39332.00,1644691.95
1493161094,37857.00,1689691.12
1493161095,38457.00,1663476.14
1493161096,39179.00,1632631.80
1493161097,39167.00,1632865.47
1493161098,39002.00,1640440.38
1493161099,38479.00,1662301.62
1493161100,38955.00,1642116.86
1493161101,36861.00,1735143.11
1493161102,39618.00,1615085.25
1493161103,38448.00,1663733.29
1493161104,39717.00,1609317.72
1493161105,39413.00,1624449.76
1493161106,38089.00,1679159.52
1493161107,39389.00,1608181.34
1493161108,39940.00,1617627.20
1493161109,39115.00,1635391.01
1493161110,39293.00,1628211.68
1493161111,38079.00,1679897.44
1493161112,39266.00,1629335.18
1493161113,38918.00,1643949.21
1493161114,29304.00,2181660.48
1493161115,33217.00,1927219.09
1493161116,40417.00,1582319.82
1493161117,39557.00,1617814.02
1493161118,36628.00,1745524.77
1493161119,36013.00,1777227.03
1493161120,39288.00,1628631.16
1493161121,38623.00,1656245.13
1493161122,34905.00,1831927.03
1493161123,37495.00,1706321.63
1493161124,39728.00,1609913.50
1493161125,39581.00,1617333.04
1493161126,34132.00,1873485.89
1493161127,39403.00,1624276.40
1493161128,39896.00,1603605.64
1493161129,37679.00,1697756.41
1493161130,35521.00,1800713.72
1493161131,36364.00,1759691.17
1493161132,39547.00,1617632.23
1493161133,39471.00,1621220.56
1493161134,34994.00,1827806.51
1493161135,39085.00,1637121.96
1493161136,40244.00,1589708.46
1493161137,39815.00,1605550.53
1493161138,33191.00,1928125.55
1493161139,35949.00,1780532.39
1493161140,37805.00,1691489.72
1493161141,35667.00,1794772.90
1493161142,33162.00,1928749.93
1493161143,36377.00,1758953.56
1493161144,38487.00,1661705.41
1493161145,38070.00,1681309.10
1493161146,38339.00,1668313.75
1493161147,25913.00,2469267.31
1493161148,38170.00,1675410.35
1493161149,39302.00,1628154.72
1493161150,37840.00,1690659.02
1493161151,37698.00,1697607.13
1493161152,37158.00,1721539.30
1493161153,38763.00,1649715.49
1493161154,39540.00,1617782.62
1493161155,38849.00,1647589.82
1493161156,39033.00,1638947.61
1493161157,38599.00,1656968.68
1493161158,37461.00,1707807.18
1493161159,39564.00,1617201.87
1493161160,38500.00,1660009.05
1493161161,35777.00,1787923.17
1493161162,38687.00,1670124.71
1493161163,37324.00,1714318.12
1493161164,37771.00,1693773.32
1493161165,38148.00,1676803.92
1493161166,37721.00,1696214.78
1493161167,38643.00,1655336.03
1493161168,38402.00,1665993.51
1493161169,39813.00,1607093.72
1493161170,38265.00,1671735.19
1493161171,38568.00,1649566.43
1493161172,38649.00,1668593.92
1493161173,37941.00,1685375.44
1493161174,38741.00,1651787.40
1493161175,38058.00,1680981.34
1493161176,38250.00,1672709.85
1493161177,38557.00,1659598.47
1493161178,38248.00,1672853.27
1493161179,37499.00,1704409.62
1493161180,37896.00,1689157.24
1493161181,35197.00,1818254.01
1493161182,40030.00,1597987.97
1493161183,38327.00,1669215.65
1493161184,37608.00,1701069.64
1493161185,38282.00,1670360.81
1493161186,37740.00,1696232.62
1493161187,37316.00,1714145.66
1493161188,38119.00,1678424.56
1493161189,38518.00,1660838.00
1493161190,37533.00,1704300.01
1493161191,37254.00,1717448.26
1493161192,38232.00,1672485.21
1493161193,38597.00,1658385.45
1493161194,40036.00,1597781.42
1493161195,37516.00,1705425.83
1493161196,38827.00,1631703.63
1493161197,40133.00,1609592.03
1493161198,38307.00,1655044.70
1493161199,38104.00,1693792.52
1493161200,38379.00,1666931.17
1493161201,33743.00,1895120.06
1493161202,29799.00,2147650.22
1493161203,36994.00,1729718.99
1493161204,38670.00,1654041.57
1493161205,38155.00,1677199.74
1493161206,34240.00,1868177.09
1493161207,37220.00,1719110.19
1493161208,30920.00,2068105.36
1493161209,30550.00,2095497.26
1493161210,39105.00,1636080.43
1493161211,35705.00,1791394.21
1493161212,37945.00,1686151.13
1493161213,38841.00,1646788.05
1493161214,37230.00,1718766.52
1493161215,39227.00,1630876.49
1493161216,36623.00,1746711.07
1493161217,38182.00,1675831.25
1493161218,38025.00,1681794.23
1493161219,38037.00,1681734.77
1493161220,36146.00,1764223.30
1493161221,34910.00,1850212.96
1493161222,37356.00,1712405.52
1493161223,39070.00,1637345.95
1493161224,34322.00,1864184.91
1493161225,33355.00,1917806.59
1493161226,34954.00,1831456.32
1493161227,36785.00,1738134.37
1493161228,38141.00,1678529.81
1493161229,39122.00,1634558.00
1493161230,39392.00,1624555.74
1493161231,39769.00,1607628.92
1493161232,40067.00,1597601.92
1493161233,39441.00,1621787.76
1493161234,39319.00,1626768.94
1493161235,39006.00,1640237.29
1493161236,35522.00,1801382.04
1493161237,38733.00,1651689.88
1493161238,39863.00,1604618.55
1493161239,38977.00,1641561.50
1493161240,38571.00,1658077.87
1493161241,38067.00,1681288.48
1493161242,39078.00,1637123.00
1493161243,40716.00,1571137.23
1493161244,37608.00,1700635.43
1493161245,37764.00,1678474.31
1493161246,38661.00,1671586.98
1493161247,39651.00,1613661.41
1493161248,39032.00,1639087.41
1493161249,38834.00,1646878.11
1493161250,39878.00,1604137.48
1493161251,38636.00,1656458.12
1493161252,39778.00,1607732.36
1493161253,38491.00,1662689.81
1493161254,39345.00,1625867.17
1493161255,40609.00,1575372.08
1493161256,39885.00,1603741.00
1493161257,39294.00,1628327.31
1493161258,39413.00,1622955.60
1493161259,38021.00,1682658.81
1493161260,39051.00,1637748.94
1493161261,35187.00,1817800.03
1493161262,36522.00,1752485.60
1493161263,39438.00,1622310.17
1493161264,39768.00,1608574.78
1493161265,38412.00,1665908.00
1493161266,38923.00,1643424.11
1493161267,38612.00,1657372.49
1493161268,36111.00,1770906.06
1493161269,38292.00,1662466.98
1493161270,29372.00,2166339.93
1493161271,34398.00,1878739.28
1493161272,38506.00,1655230.99
1493161273,37797.00,1699781.68
1493161274,38557.00,1658592.15
1493161275,39955.00,1598447.53
1493161276,38833.00,1650855.19
1493161277,38827.00,1647876.12
1493161278,40659.00,1573366.29
1493161279,39379.00,1623923.30
1493161280,39787.00,1608354.45
1493161281,39682.00,1612062.36
1493161282,38582.00,1658106.40
1493161283,39555.00,1617319.04
1493161284,39377.00,1623902.20
1493161285,34797.00,1839102.84
1493161286,36510.00,1751067.62
1493161287,40753.00,1571199.28
1493161288,38203.00,1674211.95
1493161289,40160.00,1592283.88
1493161290,39021.00,1640730.02
1493161291,37451.00,1707590.78
1493161292,37952.00,1665763.08
1493161293,39082.00,1656504.54
1493161294,37903.00,1688197.57
1493161295,38929.00,1643166.70
1493161296,39501.00,1619461.33
1493161297,39323.00,1626795.87
1493161298,35741.00,1789973.14
1493161299,40760.00,1569754.29
1493161300,38616.00,1656576.97
1493161301,38819.00,1646882.99
1493161302,39324.00,1627394.72
1493161303,37969.00,1685603.34
1493161304,39894.00,1603612.02
1493161305,40348.00,1585499.03
1493161306,38476.00,1662639.04
1493161307,39931.00,1601224.77
1493161308,39557.00,1617962.61
1493161309,37905.00,1672176.04
1493161310,40228.00,1604816.44
1493161311,38212.00,1674548.81
1493161312,39528.00,1618314.23
1493161313,39269.00,1628642.77
1493161314,40021.00,1599032.31
1493161315,39652.00,1613358.18
1493161316,38941.00,1642763.46
1493161317,40195.00,1591590.98
1493161318,38159.00,1676412.97
1493161319,36746.00,1740278.53
1493161320,39389.00,1624440.01
1493161321,33625.00,1903350.73
1493161322,36128.00,1769375.49
1493161323,38266.00,1672908.96
1493161324,34382.00,1860609.72
1493161325,31053.00,2060442.62
1493161326,37771.00,1693503.76
1493161327,40755.00,1570274.52
1493161328,37097.00,1723401.61
1493161329,39044.00,1639558.46
1493161330,40428.00,1581474.33
1493161331,31756.00,2015751.27
1493161332,34788.00,1821797.73
1493161333,35384.00,1824720.26
1493161334,39856.00,1605481.52
1493161335,38304.00,1669929.85
1493161336,38155.00,1676986.22
1493161337,39254.00,1629254.84
1493161338,39393.00,1624465.82
1493161339,40035.00,1597556.46
1493161340,38686.00,1653803.89
1493161341,39098.00,1620396.64
1493161342,40858.00,1580838.14
1493161343,39282.00,1628874.86
1493161344,38546.00,1659698.75
1493161345,40802.00,1567557.92
1493161346,39260.00,1628371.19
1493161347,38195.00,1675714.07
1493161348,36005.00,1777437.01
1493161349,33958.00,1883368.25
1493161350,38202.00,1674992.28
1493161351,37369.00,1712228.74
1493161352,39830.00,1606057.28
1493161353,39965.00,1600844.95
1493161354,38907.00,1644186.40
1493161355,39663.00,1613107.06
1493161356,40216.00,1590607.15
1493161357,39641.00,1613972.19
1493161358,40385.00,1582567.43
1493161359,39677.00,1612455.08
1493161360,38312.00,1671165.02
1493161361,36849.00,1735383.57
1493161362,40536.00,1578739.08
1493161363,39587.00,1615075.82
1493161364,35725.00,1792108.53
1493161365,32390.00,1975455.39
1493161366,36379.00,1758359.73
1493161367,39739.00,1609762.86
1493161368,40204.00,1591335.44
1493161369,35226.00,1815684.13
1493161370,38726.00,1652216.10
1493161371,37500.00,1706282.56
1493161372,38390.00,1665649.34
1493161373,35346.00,1810490.53
