--Probe dump file for probe: org.yardstickframework.probes.DStatProbe@4fcc529 (class org.yardstickframework.probes.DStatProbe)
--Created Tue Apr 25 21:21:22 UTC 2017
--Benchmark config: BenchmarkConfiguration [memberId='0', driverNames='[IgnitePutGetTxBenchmark]', serverName='IgniteNode', threads=64, duration=300, warmup=60, dfltProbeClsNames=[ThroughputLatencyProbe, PercentileProbe, DStatProbe], propsFileName='yardstick/config/run.properties', packages=[org.yardstickframework, org.apache.ignite.yardstick], cmdArgs=[--outputFolder, /home/ubuntu/date-2504-204359-s-4-c-1-ver-2.0.0-SNAPSHOT-0be92732/yardstick/bin/../output/results-20170425-204411, -id, 0, -cfg, /home/ubuntu/date-2504-204359-s-4-c-1-ver-2.0.0-SNAPSHOT-0be92732/yardstick/bin/../config/ignite-config.xml, -nn, 5, -b, 1, -w, 60, -d, 300, -t, 64, -sm, FULL_SYNC, -txc, OPTIMISTIC, -txi, SERIALIZABLE, --client, -dn, IgnitePutGetTxBenchmark, -sn, IgniteNode, -ds, 2.0.0-SNAPSHOT-0be92732-tx-opt-serial-put-get-1-backup, --config, yardstick/config/run.properties, --logsFolder, /home/ubuntu/date-2504-204359-s-4-c-1-ver-2.0.0-SNAPSHOT-0be92732/yardstick/bin/../output/logs-20170425-204411/logs_drivers, --currentFolder, /home/ubuntu/date-2504-204359-s-4-c-1-ver-2.0.0-SNAPSHOT-0be92732, --scriptsFolder, /home/ubuntu/date-2504-204359-s-4-c-1-ver-2.0.0-SNAPSHOT-0be92732/yardstick/bin], probeWriter='null', customProps={ver=2.0.0-SNAPSHOT-0be92732- , b=1, d=300, SERVER_HOSTS=172.31.45.250,172.31.38.80,172.31.41.141,172.31.42.161, now0=`date +'%H%M%S'`, j=10, nodesNum=$((`echo ${SERVER_HOSTS} | tr ',' '' | wc -l` + `echo ${DRIVER_HOSTS} | tr ',' '' | wc -l`)), JVM_OPTS=${JVM_OPTS}" -Xms6g -Xmx6g -Xloggc:./gc${now0}.log -XX:+PrintGCDetails -verbose:gc -XX:+UseParNewGC -XX:+UseConcMarkSweepGC ", CONFIGS="-cfg ${SCRIPT_DIR}/../config/ignite-config.xml -nn ${nodesNum} -b ${b} -w ${w} -d ${d} -t ${t} -sm ${sm}  --client -dn IgnitePutBenchmark -sn IgniteNode -wom PRIMARY -ds ${ver}atomic-put-${b}-backup,-cfg ${SCRIPT_DIR}/../config/ignite-config.xml -nn ${nodesNum} -b ${b} -w ${w} -d ${d} -t ${t} -sm ${sm}  --client -dn IgnitePutGetBenchmark -sn IgniteNode -wom PRIMARY -ds ${ver}atomic-put-get-${b}-backup,-cfg ${SCRIPT_DIR}/../config/ignite-config.xml -nn ${nodesNum} -b ${b} -w ${w} -d ${d} -t ${t} -sm ${sm} -bs 6  --client -dn IgnitePutGetBatchBenchmark -wom PRIMARY -sn IgniteNode -ds ${ver}atomic-put-get-bs-6-${b}-backup,-cfg ${SCRIPT_DIR}/../config/ignite-config.xml -nn ${nodesNum} -b ${b} -w ${w} -d ${d} -t ${t} -sm ${sm}  --client -dn IgnitePutTxImplicitBenchmark -sn IgniteNode -ds ${ver}tx-optimistic-put-${b}-backup,-cfg ${SCRIPT_DIR}/../config/ignite-config.xml -nn ${nodesNum} -b ${b} -w ${w} -d ${d} -t ${t} -sm ${sm} -txc OPTIMISTIC  --client -dn IgnitePutGetTxBenchmark -sn IgniteNode -ds ${ver}tx-optim-repRead-put-get-${b}-backup,-cfg ${SCRIPT_DIR}/../config/ignite-config.xml -nn ${nodesNum} -b ${b} -w ${w} -d ${d} -t ${t} -sm ${sm} -txc PESSIMISTIC  --client -dn IgnitePutGetTxBenchmark -sn IgniteNode -ds ${ver}tx-pessim-repRead-put-get-${b}-backup,-cfg ${SCRIPT_DIR}/../config/ignite-config.xml -nn ${nodesNum} -b ${b} -w ${w} -d ${d} -t ${t} -sm ${sm} -txc OPTIMISTIC -txi SERIALIZABLE  --client -dn IgnitePutGetTxBenchmark -sn IgniteNode -ds ${ver}tx-opt-serial-put-get-${b}-backup,-cfg ${SCRIPT_DIR}/../config/ignite-config.xml -nn ${nodesNum} -b ${b} -w ${w} -d ${d} -t ${t} -sm ${sm}  --client -dn IgniteSqlQueryBenchmark -sn IgniteNode -ds ${ver}sql-query-${b}-backup,-cfg ${SCRIPT_DIR}/../config/ignite-config.xml -nn ${nodesNum} -b ${b} -w ${w} -d ${d} -t ${t} -sm ${sm}  --client -dn IgniteSqlQueryPutBenchmark -sn IgniteNode -ds ${ver}sql-query-put-${b}-backup,-cfg ${SCRIPT_DIR}/../config/ignite-config.xml -nn ${nodesNum} -b ${b} -w ${w} -d ${d} -t ${t} -sm ${sm} -bs 6  --client -dn IgnitePutAllBenchmark -wom PRIMARY -sn IgniteNode -ds ${ver}atomic-putAll-bs-6-${b}-backup,-cfg ${SCRIPT_DIR}/../config/ignite-config.xml -nn ${nodesNum} -b ${b} -w ${w} -d ${d} -t ${t} -sm ${sm} -bs 6  --client -dn IgnitePutAllTxBenchmark -sn IgniteNode -ds ${ver}tx-putAll-bs-6-${b}-backup,-cfg ${SCRIPT_DIR}/../config/ignite-config.xml -nn ${nodesNum} -b ${b} -w ${w} -d ${d} -t ${t} -sm ${sm} -bs 6  --client -dn IgnitePutAllSerializableTxBenchmark -sn IgniteNode -ds ${ver}tx-putAllSerializable-bs-6-${b}-backup,-cfg ${SCRIPT_DIR}/../config/ignite-config.xml -nn ${nodesNum} -b ${b} -w ${w} -d ${d} -t ${t} -sm ${sm} -bs 6 -txc OPTIMISTIC   --client -dn IgniteGetAllPutAllTxBenchmark -sn IgniteNode -ds ${ver}tx-optimistic-getAllPutAll-bs-6-${b}-backup,-cfg ${SCRIPT_DIR}/../config/ignite-config.xml -nn ${nodesNum} -b ${b} -w ${w} -d ${d} -t ${t} -sm ${sm} -bs 6 -txc PESSIMISTIC  --client -dn IgniteGetAllPutAllTxBenchmark -sn IgniteNode -ds ${ver}tx-pessimistic-getAllPutAll-bs-6-${b}-backup,-cfg ${SCRIPT_DIR}/../config/ignite-config.xml -nn ${nodesNum} -b ${b} -w ${w} -d ${d} -t ${t} -sm ${sm} -bs 6 -txc OPTIMISTIC -txi SERIALIZABLE  --client -dn IgniteGetAllPutAllTxBenchmark -sn IgniteNode -ds ${ver}tx-opt-serializable-getAllPutAll-bs-6-${b}-backup,", DRIVER_HOSTS=172.31.46.6, t=64, BENCHMARK_PACKAGES=org.yardstickframework,org.apache.ignite.yardstick, w=60, sm=FULL_SYNC, AUTO_COPY=false, RESTART_SERVERS=true}, shutdownHook=true, currentFolder=/home/ubuntu/date-2504-204359-s-4-c-1-ver-2.0.0-SNAPSHOT-0be92732, scriptsFolder=/home/ubuntu/date-2504-204359-s-4-c-1-ver-2.0.0-SNAPSHOT-0be92732/yardstick/bin, logsFolder=/home/ubuntu/date-2504-204359-s-4-c-1-ver-2.0.0-SNAPSHOT-0be92732/yardstick/bin/../output/logs-20170425-204411/logs_drivers, outputFolder=/home/ubuntu/date-2504-204359-s-4-c-1-ver-2.0.0-SNAPSHOT-0be92732/yardstick/bin/../output/results-20170425-204411, outputWriter=java.io.PrintStream@558cfcf3, errorWriter=java.io.PrintStream@5b4b0832, descriptions=[2.0.0-SNAPSHOT-0be92732-tx-opt-serial-put-get-1-backup], hostName=]
--Description: 2.0.0-SNAPSHOT-0be92732-tx-opt-serial-put-get-1-backup
@@IgnitePutGetTxBenchmark
**"Time, sec","Memory Used, KB","Memory Buffered, KB","Memory Cached, KB","Memory Free, KB","CPU User, %","CPU System, %","CPU Idle, %","CPU Wait, %","CPU Hardware Interrupts","CPU Software Interrupts","Disk Read, B","Disk Write, B","Network Receive, B","Network Send, B","Page In, B","Page Out, B","System Interrupts, per sec","System Context Switches, per sec"
1493155343,1519616.00,157696.00,5137408.00,56098816.00,22.00,12.00,60.00,0.00,0.00,5.00,0.00,204800.00,12582912.00,19922944.00,0.00,0.00,202752.00,224256.00
1493155344,1518592.00,157696.00,5137408.00,56098816.00,18.00,11.00,65.00,0.00,0.00,6.00,0.00,0.00,12582912.00,19922944.00,0.00,0.00,197632.00,223232.00
1493155345,1520640.00,157696.00,5137408.00,56098816.00,26.00,15.00,53.00,0.00,0.00,6.00,0.00,139264.00,13631488.00,22020096.00,0.00,0.00,219136.00,246784.00
1493155346,1520640.00,157696.00,5137408.00,56098816.00,22.00,14.00,57.00,0.00,0.00,7.00,0.00,0.00,14680064.00,23068672.00,0.00,0.00,226304.00,251904.00
1493155347,1522688.00,157696.00,5137408.00,56098816.00,21.00,11.00,63.00,0.00,0.00,5.00,0.00,0.00,11534336.00,18874368.00,0.00,0.00,188416.00,210944.00
1493155348,1522688.00,157696.00,5137408.00,56098816.00,20.00,14.00,60.00,0.00,0.00,6.00,0.00,32768.00,13631488.00,22020096.00,0.00,0.00,217088.00,242688.00
1493155349,1524736.00,157696.00,5137408.00,56098816.00,21.00,9.00,65.00,0.00,0.00,5.00,0.00,0.00,11534336.00,18874368.00,0.00,0.00,191488.00,212992.00
1493155350,1525760.00,157696.00,5137408.00,56098816.00,21.00,13.00,60.00,0.00,0.00,6.00,0.00,131072.00,13631488.00,22020096.00,0.00,0.00,226304.00,251904.00
1493155351,1526784.00,157696.00,5137408.00,56098816.00,19.00,8.00,68.00,0.00,0.00,5.00,0.00,0.00,11534336.00,17825792.00,0.00,0.00,184320.00,204800.00
1493155352,1527808.00,157696.00,5137408.00,56098816.00,14.00,9.00,72.00,0.00,0.00,5.00,0.00,0.00,11534336.00,17825792.00,0.00,0.00,180224.00,201728.00
1493155353,1531904.00,157696.00,5137408.00,56098816.00,23.00,11.00,60.00,0.00,0.00,5.00,0.00,0.00,12582912.00,19922944.00,0.00,0.00,204800.00,229376.00
1493155354,1532928.00,157696.00,5137408.00,56098816.00,19.00,14.00,62.00,0.00,0.00,5.00,0.00,0.00,13631488.00,22020096.00,0.00,0.00,215040.00,241664.00
1493155355,1534976.00,157696.00,5137408.00,56098816.00,26.00,13.00,55.00,0.00,0.00,6.00,0.00,114688.00,13631488.00,22020096.00,0.00,0.00,220160.00,247808.00
1493155356,1533952.00,157696.00,5137408.00,56098816.00,16.00,12.00,68.00,0.00,0.00,5.00,0.00,0.00,12582912.00,19922944.00,0.00,0.00,198656.00,222208.00
1493155357,1534976.00,157696.00,5137408.00,56098816.00,24.00,13.00,58.00,0.00,0.00,5.00,0.00,0.00,12582912.00,20971520.00,0.00,0.00,206848.00,233472.00
1493155358,1539072.00,157696.00,5137408.00,55993958.40,23.00,14.00,56.00,0.00,0.00,7.00,0.00,0.00,13631488.00,22020096.00,0.00,0.00,216064.00,244736.00
1493155359,1539072.00,157696.00,5137408.00,55993958.40,17.00,13.00,64.00,0.00,0.00,6.00,0.00,0.00,13631488.00,20971520.00,0.00,0.00,210944.00,241664.00
1493155360,1540096.00,157696.00,5137408.00,55993958.40,22.00,11.00,61.00,0.00,0.00,6.00,0.00,114688.00,12582912.00,19922944.00,0.00,0.00,199680.00,229376.00
1493155361,1541120.00,157696.00,5137408.00,55993958.40,14.00,11.00,70.00,0.00,0.00,6.00,0.00,0.00,11534336.00,18874368.00,0.00,0.00,185344.00,216064.00
1493155362,1543168.00,157696.00,5137408.00,55993958.40,23.00,12.00,59.00,0.00,0.00,6.00,0.00,0.00,13631488.00,20971520.00,0.00,0.00,209920.00,243712.00
1493155363,1543168.00,157696.00,5137408.00,55993958.40,17.00,14.00,64.00,0.00,0.00,5.00,0.00,16384.00,13631488.00,20971520.00,0.00,0.00,205824.00,238592.00
1493155364,1545216.00,157696.00,5137408.00,55993958.40,25.00,12.00,57.00,0.00,0.00,6.00,0.00,0.00,13631488.00,22020096.00,0.00,0.00,216064.00,248832.00
1493155365,1545216.00,157696.00,5137408.00,55993958.40,19.00,12.00,64.00,0.00,0.00,5.00,0.00,139264.00,12582912.00,19922944.00,0.00,0.00,201728.00,226304.00
1493155366,1546240.00,157696.00,5137408.00,55993958.40,22.00,12.00,60.00,0.00,0.00,6.00,0.00,0.00,12582912.00,20971520.00,0.00,0.00,206848.00,234496.00
1493155367,1547264.00,157696.00,5137408.00,55993958.40,22.00,15.00,57.00,0.00,0.00,6.00,0.00,0.00,14680064.00,23068672.00,0.00,0.00,227328.00,256000.00
1493155368,1551360.00,157696.00,5137408.00,55993958.40,23.00,13.00,59.00,0.00,0.00,5.00,0.00,139264.00,12582912.00,20971520.00,0.00,0.00,204800.00,230400.00
1493155369,1553408.00,157696.00,5137408.00,55993958.40,21.00,10.00,64.00,0.00,0.00,4.00,0.00,0.00,12582912.00,18874368.00,0.00,0.00,190464.00,216064.00
1493155370,1552384.00,157696.00,5137408.00,55993958.40,20.00,12.00,63.00,0.00,0.00,5.00,0.00,237568.00,13631488.00,20971520.00,0.00,0.00,212992.00,238592.00
1493155371,1555456.00,157696.00,5137408.00,55993958.40,25.00,13.00,56.00,0.00,0.00,6.00,0.00,0.00,13631488.00,22020096.00,0.00,0.00,217088.00,245760.00
1493155372,1555456.00,157696.00,5137408.00,55993958.40,23.00,14.00,57.00,0.00,0.00,5.00,0.00,0.00,14680064.00,23068672.00,0.00,0.00,224256.00,250880.00
1493155373,1557504.00,157696.00,5137408.00,55993958.40,18.00,11.00,67.00,0.00,0.00,4.00,0.00,360448.00,11534336.00,17825792.00,0.00,0.00,180224.00,202752.00
1493155374,1557504.00,157696.00,5137408.00,55993958.40,21.00,14.00,60.00,0.00,0.00,5.00,0.00,0.00,13631488.00,22020096.00,0.00,0.00,214016.00,240640.00
1493155375,1559552.00,157696.00,5137408.00,55993958.40,26.00,15.00,54.00,0.00,0.00,5.00,0.00,131072.00,13631488.00,22020096.00,0.00,0.00,218112.00,248832.00
1493155376,1560576.00,157696.00,5137408.00,55993958.40,23.00,13.00,59.00,0.00,0.00,6.00,0.00,0.00,14680064.00,23068672.00,0.00,0.00,224256.00,254976.00
1493155377,1561600.00,157696.00,5138432.00,55993958.40,21.00,9.00,65.00,0.00,0.00,5.00,0.00,0.00,11534336.00,18874368.00,0.00,0.00,186368.00,210944.00
1493155378,1562624.00,157696.00,5138432.00,55993958.40,20.00,11.00,63.00,0.00,0.00,6.00,0.00,188416.00,13631488.00,22020096.00,0.00,0.00,216064.00,241664.00
1493155379,1563648.00,157696.00,5138432.00,55993958.40,23.00,12.00,58.00,0.00,0.00,7.00,0.00,0.00,13631488.00,20971520.00,0.00,0.00,208896.00,239616.00
1493155380,1565696.00,157696.00,5138432.00,55993958.40,25.00,12.00,58.00,0.00,0.00,5.00,0.00,131072.00,13631488.00,20971520.00,0.00,0.00,218112.00,242688.00
1493155381,1565696.00,157696.00,5138432.00,55993958.40,17.00,12.00,65.00,0.00,0.00,5.00,0.00,0.00,12582912.00,20971520.00,0.00,0.00,211968.00,235520.00
1493155382,1569792.00,157696.00,5138432.00,55993958.40,20.00,10.00,66.00,0.00,0.00,5.00,0.00,0.00,11534336.00,18874368.00,0.00,0.00,186368.00,215040.00
1493155383,1569792.00,157696.00,5138432.00,55993958.40,17.00,15.00,62.00,0.00,0.00,6.00,0.00,32768.00,13631488.00,22020096.00,0.00,0.00,215040.00,241664.00
1493155384,1572864.00,157696.00,5138432.00,55993958.40,27.00,12.00,56.00,0.00,0.00,6.00,0.00,0.00,13631488.00,22020096.00,0.00,0.00,221184.00,246784.00
1493155385,1572864.00,157696.00,5138432.00,55993958.40,24.00,13.00,58.00,0.00,0.00,6.00,0.00,131072.00,14680064.00,23068672.00,0.00,0.00,229376.00,254976.00
1493155386,1573888.00,157696.00,5138432.00,55993958.40,21.00,11.00,63.00,0.00,0.00,5.00,0.00,0.00,11534336.00,18874368.00,0.00,0.00,191488.00,215040.00
1493155387,1573888.00,157696.00,5138432.00,55993958.40,17.00,11.00,66.00,0.00,0.00,6.00,0.00,0.00,12582912.00,19922944.00,0.00,0.00,203776.00,225280.00
1493155388,1576960.00,157696.00,5138432.00,55993958.40,25.00,14.00,55.00,0.00,0.00,6.00,0.00,0.00,13631488.00,22020096.00,0.00,0.00,218112.00,244736.00
1493155389,1575936.00,157696.00,5138432.00,55993958.40,21.00,13.00,60.00,0.00,0.00,6.00,0.00,0.00,13631488.00,22020096.00,0.00,0.00,227328.00,252928.00
1493155390,1577984.00,157696.00,5138432.00,55993958.40,20.00,10.00,66.00,0.00,0.00,4.00,0.00,114688.00,11534336.00,18874368.00,0.00,0.00,188416.00,208896.00
1493155391,1579008.00,157696.00,5138432.00,55993958.40,21.00,14.00,60.00,0.00,0.00,5.00,0.00,0.00,14680064.00,23068672.00,0.00,0.00,226304.00,252928.00
1493155392,1581056.00,157696.00,5138432.00,55993958.40,20.00,10.00,66.00,0.00,0.00,5.00,0.00,0.00,11534336.00,18874368.00,0.00,0.00,190464.00,210944.00
1493155393,1583104.00,157696.00,5138432.00,55993958.40,23.00,14.00,57.00,0.00,0.00,6.00,0.00,0.00,13631488.00,22020096.00,0.00,0.00,218112.00,243712.00
1493155394,1583104.00,157696.00,5138432.00,55993958.40,20.00,13.00,62.00,0.00,0.00,4.00,0.00,0.00,13631488.00,20971520.00,0.00,0.00,215040.00,236544.00
1493155395,1585152.00,157696.00,5138432.00,55993958.40,21.00,11.00,62.00,0.00,0.00,5.00,0.00,114688.00,12582912.00,19922944.00,0.00,0.00,202752.00,226304.00
1493155396,1585152.00,157696.00,5138432.00,55993958.40,18.00,13.00,63.00,0.00,0.00,6.00,0.00,0.00,13631488.00,22020096.00,0.00,0.00,211968.00,240640.00
1493155397,1587200.00,157696.00,5138432.00,55993958.40,23.00,13.00,59.00,0.00,0.00,5.00,0.00,0.00,12582912.00,20971520.00,0.00,0.00,206848.00,232448.00
1493155398,1587200.00,157696.00,5138432.00,55993958.40,22.00,15.00,57.00,0.00,0.00,5.00,0.00,16384.00,14680064.00,23068672.00,0.00,0.00,230400.00,252928.00
1493155399,1589248.00,157696.00,5138432.00,55993958.40,19.00,10.00,65.00,0.00,0.00,5.00,0.00,0.00,11534336.00,18874368.00,0.00,0.00,192512.00,214016.00
1493155400,1589248.00,157696.00,5138432.00,55993958.40,17.00,10.00,66.00,0.00,0.00,6.00,0.00,139264.00,12582912.00,19922944.00,0.00,0.00,215040.00,235520.00
1493155401,1592320.00,157696.00,5138432.00,55993958.40,22.00,11.00,61.00,0.00,0.00,5.00,0.00,0.00,12582912.00,20971520.00,0.00,0.00,204800.00,230400.00
1493155402,1592320.00,157696.00,5138432.00,55993958.40,22.00,14.00,58.00,0.00,0.00,6.00,0.00,0.00,14680064.00,23068672.00,0.00,0.00,228352.00,252928.00
1493155403,1596416.00,157696.00,5138432.00,55993958.40,20.00,10.00,64.00,0.00,0.00,5.00,0.00,172032.00,12582912.00,19922944.00,0.00,0.00,191488.00,216064.00
1493155404,1595392.00,157696.00,5138432.00,55993958.40,22.00,13.00,58.00,0.00,0.00,7.00,0.00,0.00,14680064.00,23068672.00,0.00,0.00,228352.00,254976.00
1493155405,1598464.00,157696.00,5138432.00,55993958.40,25.00,13.00,57.00,0.00,0.00,5.00,0.00,0.00,13631488.00,20971520.00,0.00,0.00,206848.00,232448.00
1493155406,1600512.00,157696.00,5138432.00,55993958.40,23.00,12.00,60.00,0.00,0.00,5.00,0.00,221184.00,12582912.00,20971520.00,0.00,0.00,207872.00,232448.00
1493155407,1600512.00,157696.00,5138432.00,55993958.40,21.00,14.00,60.00,0.00,0.00,5.00,0.00,0.00,13631488.00,22020096.00,0.00,0.00,216064.00,242688.00
1493155408,1602560.00,157696.00,5138432.00,55993958.40,24.00,13.00,57.00,0.00,0.00,5.00,0.00,352256.00,13631488.00,20971520.00,0.00,0.00,208896.00,234496.00
1493155409,1601536.00,157696.00,5138432.00,55993958.40,20.00,13.00,62.00,0.00,0.00,5.00,0.00,0.00,13631488.00,22020096.00,0.00,0.00,217088.00,240640.00
1493155410,1604608.00,157696.00,5138432.00,55993958.40,23.00,12.00,59.00,0.00,0.00,6.00,0.00,0.00,12582912.00,20971520.00,0.00,0.00,208896.00,231424.00
1493155411,1603584.00,157696.00,5138432.00,55993958.40,16.00,11.00,67.00,0.00,0.00,5.00,0.00,131072.00,12582912.00,20971520.00,0.00,0.00,200704.00,225280.00
1493155412,1606656.00,157696.00,5138432.00,55993958.40,20.00,11.00,65.00,0.00,0.00,4.00,0.00,0.00,11534336.00,18874368.00,0.00,0.00,193536.00,214016.00
1493155413,1606656.00,157696.00,5138432.00,55993958.40,15.00,10.00,71.00,0.00,0.00,4.00,0.00,155648.00,11534336.00,18874368.00,0.00,0.00,195584.00,215040.00
1493155414,1608704.00,157696.00,5138432.00,55993958.40,23.00,12.00,60.00,0.00,0.00,6.00,0.00,0.00,12582912.00,20971520.00,0.00,0.00,208896.00,233472.00
1493155415,1608704.00,157696.00,5138432.00,55993958.40,19.00,15.00,59.00,0.00,0.00,7.00,0.00,0.00,14680064.00,23068672.00,0.00,0.00,227328.00,254976.00
1493155416,1610752.00,157696.00,5138432.00,55993958.40,20.00,10.00,64.00,0.00,0.00,5.00,0.00,131072.00,11534336.00,18874368.00,0.00,0.00,188416.00,211968.00
1493155417,1610752.00,157696.00,5138432.00,55993958.40,20.00,14.00,61.00,0.00,0.00,5.00,0.00,0.00,13631488.00,22020096.00,0.00,0.00,220160.00,245760.00
1493155418,1612800.00,157696.00,5138432.00,55993958.40,21.00,12.00,61.00,0.00,0.00,6.00,0.00,0.00,12582912.00,20971520.00,0.00,0.00,207872.00,233472.00
1493155419,1614848.00,157696.00,5138432.00,55993958.40,24.00,13.00,56.00,0.00,0.00,7.00,0.00,32768.00,13631488.00,23068672.00,0.00,0.00,223232.00,248832.00
1493155420,1616896.00,157696.00,5138432.00,55993958.40,19.00,10.00,67.00,0.00,0.00,4.00,0.00,0.00,12582912.00,19922944.00,0.00,0.00,199680.00,225280.00
1493155421,1619968.00,157696.00,5138432.00,55993958.40,22.00,11.00,62.00,0.00,0.00,5.00,0.00,131072.00,12582912.00,20971520.00,0.00,0.00,204800.00,230400.00
1493155422,1618944.00,157696.00,5138432.00,55993958.40,19.00,13.00,62.00,0.00,0.00,6.00,0.00,0.00,13631488.00,22020096.00,0.00,0.00,215040.00,239616.00
1493155423,1622016.00,157696.00,5138432.00,55993958.40,27.00,13.00,54.00,0.00,0.00,6.00,0.00,0.00,13631488.00,22020096.00,0.00,0.00,220160.00,246784.00
1493155424,1620992.00,157696.00,5138432.00,55993958.40,17.00,12.00,65.00,0.00,0.00,6.00,0.00,0.00,13631488.00,20971520.00,0.00,0.00,212992.00,235520.00
1493155425,1624064.00,157696.00,5138432.00,55993958.40,21.00,10.00,64.00,0.00,0.00,5.00,0.00,0.00,11534336.00,18874368.00,0.00,0.00,192512.00,215040.00
1493155426,1623040.00,157696.00,5138432.00,55993958.40,22.00,14.00,59.00,0.00,0.00,5.00,0.00,114688.00,13631488.00,22020096.00,0.00,0.00,215040.00,239616.00
1493155427,1625088.00,157696.00,5138432.00,55993958.40,27.00,14.00,53.00,0.00,0.00,6.00,0.00,0.00,13631488.00,22020096.00,0.00,0.00,219136.00,245760.00
1493155428,1626112.00,157696.00,5138432.00,55993958.40,24.00,14.00,57.00,0.00,0.00,6.00,0.00,0.00,14680064.00,23068672.00,0.00,0.00,228352.00,254976.00
1493155429,1628160.00,157696.00,5138432.00,55993958.40,21.00,13.00,62.00,0.00,0.00,4.00,0.00,0.00,12582912.00,19922944.00,0.00,0.00,195584.00,218112.00
1493155430,1628160.00,157696.00,5138432.00,55993958.40,20.00,12.00,62.00,0.00,0.00,5.00,0.00,0.00,13631488.00,20971520.00,0.00,0.00,216064.00,238592.00
1493155431,1630208.00,157696.00,5138432.00,55993958.40,22.00,13.00,60.00,0.00,0.00,6.00,0.00,114688.00,12582912.00,20971520.00,0.00,0.00,208896.00,233472.00
1493155432,1631232.00,157696.00,5138432.00,55993958.40,25.00,15.00,55.00,0.00,0.00,6.00,0.00,0.00,13631488.00,22020096.00,0.00,0.00,218112.00,244736.00
1493155433,1632256.00,157696.00,5138432.00,55993958.40,16.00,11.00,68.00,0.00,0.00,5.00,0.00,0.00,12582912.00,19922944.00,0.00,0.00,199680.00,223232.00
1493155434,1634304.00,157696.00,5138432.00,55993958.40,26.00,14.00,54.00,0.00,0.00,5.00,0.00,49152.00,13631488.00,22020096.00,0.00,0.00,221184.00,247808.00
1493155435,1634304.00,157696.00,5138432.00,55993958.40,17.00,12.00,65.00,0.00,0.00,5.00,0.00,0.00,12582912.00,20971520.00,0.00,0.00,204800.00,228352.00
1493155436,1636352.00,157696.00,5138432.00,55993958.40,26.00,13.00,54.00,0.00,0.00,7.00,0.00,114688.00,13631488.00,22020096.00,0.00,0.00,222208.00,248832.00
1493155437,1637376.00,157696.00,5138432.00,55993958.40,20.00,12.00,62.00,0.00,0.00,6.00,0.00,0.00,13631488.00,22020096.00,0.00,0.00,215040.00,240640.00
1493155438,1640448.00,157696.00,5138432.00,55993958.40,21.00,13.00,60.00,0.00,0.00,6.00,0.00,0.00,12582912.00,20971520.00,0.00,0.00,208896.00,233472.00
1493155439,1640448.00,157696.00,5138432.00,55993958.40,19.00,10.00,67.00,0.00,0.00,4.00,0.00,139264.00,12582912.00,19922944.00,0.00,0.00,200704.00,223232.00
1493155440,1643520.00,157696.00,5138432.00,55889100.80,25.00,12.00,58.00,0.00,0.00,5.00,0.00,0.00,13631488.00,20971520.00,0.00,0.00,218112.00,244736.00
1493155441,1643520.00,157696.00,5138432.00,55889100.80,18.00,12.00,65.00,0.00,0.00,5.00,0.00,237568.00,13631488.00,20971520.00,0.00,0.00,210944.00,237568.00
1493155442,1644544.00,157696.00,5138432.00,55889100.80,19.00,12.00,65.00,0.00,0.00,5.00,0.00,0.00,12582912.00,19922944.00,0.00,0.00,202752.00,230400.00
1493155443,1647616.00,157696.00,5138432.00,55889100.80,25.00,14.00,54.00,0.00,0.00,7.00,0.00,0.00,13631488.00,22020096.00,0.00,0.00,222208.00,247808.00
1493155444,1646592.00,157696.00,5138432.00,55889100.80,15.00,14.00,66.00,0.00,0.00,5.00,0.00,368640.00,12582912.00,19922944.00,0.00,0.00,202752.00,226304.00
1493155445,1649664.00,157696.00,5138432.00,55889100.80,24.00,15.00,55.00,0.00,0.00,6.00,0.00,0.00,13631488.00,22020096.00,0.00,0.00,221184.00,248832.00
1493155446,1649664.00,157696.00,5138432.00,55889100.80,17.00,13.00,66.00,0.00,0.00,5.00,0.00,139264.00,12582912.00,20971520.00,0.00,0.00,202752.00,225280.00
1493155447,1651712.00,157696.00,5138432.00,55889100.80,24.00,14.00,56.00,0.00,0.00,7.00,0.00,0.00,13631488.00,22020096.00,0.00,0.00,221184.00,246784.00
1493155448,1651712.00,157696.00,5138432.00,55889100.80,20.00,14.00,60.00,0.00,0.00,7.00,0.00,0.00,13631488.00,22020096.00,0.00,0.00,217088.00,242688.00
1493155449,1653760.00,157696.00,5138432.00,55889100.80,22.00,14.00,59.00,0.00,0.00,5.00,0.00,139264.00,12582912.00,20971520.00,0.00,0.00,210944.00,235520.00
1493155450,1652736.00,157696.00,5138432.00,55889100.80,18.00,12.00,65.00,0.00,0.00,5.00,0.00,0.00,12582912.00,20971520.00,0.00,0.00,210944.00,234496.00
1493155451,1655808.00,157696.00,5138432.00,55889100.80,23.00,12.00,60.00,0.00,0.00,5.00,0.00,114688.00,12582912.00,20971520.00,0.00,0.00,206848.00,232448.00
1493155452,1655808.00,157696.00,5138432.00,55889100.80,21.00,12.00,61.00,0.00,0.00,6.00,0.00,0.00,13631488.00,22020096.00,0.00,0.00,215040.00,239616.00
1493155453,1657856.00,157696.00,5138432.00,55889100.80,21.00,12.00,61.00,0.00,0.00,5.00,0.00,0.00,12582912.00,20971520.00,0.00,0.00,206848.00,232448.00
1493155454,1659904.00,157696.00,5138432.00,55889100.80,23.00,12.00,60.00,0.00,0.00,6.00,0.00,40960.00,13631488.00,20971520.00,0.00,0.00,207872.00,232448.00
1493155455,1659904.00,157696.00,5138432.00,55889100.80,20.00,14.00,61.00,0.00,0.00,5.00,0.00,0.00,13631488.00,22020096.00,0.00,0.00,217088.00,243712.00
1493155456,1662976.00,157696.00,5138432.00,55889100.80,24.00,12.00,59.00,0.00,0.00,6.00,0.00,147456.00,12582912.00,20971520.00,0.00,0.00,209920.00,233472.00
1493155457,1665024.00,157696.00,5138432.00,55889100.80,22.00,13.00,59.00,0.00,0.00,6.00,0.00,0.00,13631488.00,23068672.00,0.00,0.00,225280.00,250880.00
1493155458,1666048.00,157696.00,5138432.00,55889100.80,22.00,9.00,63.00,0.00,0.00,6.00,0.00,0.00,12582912.00,19922944.00,0.00,0.00,196608.00,218112.00
1493155459,1666048.00,157696.00,5138432.00,55889100.80,19.00,14.00,62.00,0.00,0.00,6.00,0.00,0.00,13631488.00,22020096.00,0.00,0.00,215040.00,239616.00
1493155460,1668096.00,157696.00,5138432.00,55889100.80,25.00,12.00,56.00,0.00,0.00,7.00,0.00,0.00,13631488.00,22020096.00,0.00,0.00,221184.00,247808.00
1493155461,1668096.00,157696.00,5138432.00,55889100.80,21.00,13.00,60.00,0.00,0.00,6.00,0.00,114688.00,13631488.00,22020096.00,0.00,0.00,217088.00,240640.00
1493155462,1670144.00,157696.00,5138432.00,55889100.80,23.00,13.00,58.00,0.00,0.00,6.00,0.00,0.00,13631488.00,20971520.00,0.00,0.00,209920.00,235520.00
1493155463,1670144.00,157696.00,5138432.00,55889100.80,20.00,11.00,64.00,0.00,0.00,5.00,0.00,0.00,12582912.00,20971520.00,0.00,0.00,202752.00,227328.00
1493155464,1673216.00,157696.00,5138432.00,55889100.80,27.00,13.00,53.00,0.00,0.00,6.00,0.00,40960.00,13631488.00,22020096.00,0.00,0.00,222208.00,248832.00
1493155465,1675264.00,157696.00,5138432.00,55889100.80,22.00,12.00,60.00,0.00,0.00,6.00,0.00,0.00,13631488.00,20971520.00,0.00,0.00,209920.00,234496.00
1493155466,1675264.00,157696.00,5138432.00,55889100.80,20.00,14.00,59.00,0.00,0.00,6.00,0.00,114688.00,14680064.00,23068672.00,0.00,0.00,228352.00,254976.00
1493155467,1677312.00,157696.00,5138432.00,55889100.80,20.00,11.00,64.00,0.00,0.00,5.00,0.00,0.00,12582912.00,19922944.00,0.00,0.00,191488.00,218112.00
1493155468,1676288.00,157696.00,5138432.00,55889100.80,20.00,13.00,61.00,0.00,0.00,6.00,0.00,0.00,13631488.00,22020096.00,0.00,0.00,217088.00,241664.00
1493155469,1679360.00,157696.00,5138432.00,55889100.80,22.00,12.00,60.00,0.00,0.00,6.00,0.00,32768.00,13631488.00,20971520.00,0.00,0.00,208896.00,235520.00
1493155470,1679360.00,157696.00,5138432.00,55889100.80,18.00,13.00,62.00,0.00,0.00,7.00,0.00,0.00,13631488.00,22020096.00,0.00,0.00,223232.00,246784.00
1493155471,1680384.00,157696.00,5138432.00,55889100.80,22.00,13.00,59.00,0.00,0.00,5.00,0.00,147456.00,12582912.00,20971520.00,0.00,0.00,207872.00,232448.00
1493155472,1680384.00,157696.00,5138432.00,55889100.80,18.00,12.00,66.00,0.00,0.00,5.00,0.00,0.00,12582912.00,19922944.00,0.00,0.00,202752.00,227328.00
1493155473,1682432.00,157696.00,5138432.00,55889100.80,26.00,13.00,55.00,0.00,0.00,6.00,0.00,0.00,13631488.00,22020096.00,0.00,0.00,219136.00,247808.00
1493155474,1683456.00,157696.00,5138432.00,55889100.80,13.00,10.00,73.00,0.00,0.00,4.00,0.00,122880.00,11534336.00,17825792.00,0.00,0.00,185344.00,204800.00
1493155475,1685504.00,157696.00,5138432.00,55889100.80,19.00,11.00,66.00,0.00,0.00,4.00,0.00,0.00,11534336.00,18874368.00,0.00,0.00,188416.00,210944.00
1493155476,1684480.00,157696.00,5138432.00,55889100.80,19.00,11.00,64.00,0.00,0.00,5.00,0.00,229376.00,13631488.00,20971520.00,0.00,0.00,212992.00,236544.00
1493155477,1688576.00,157696.00,5138432.00,55889100.80,23.00,12.00,60.00,0.00,0.00,6.00,0.00,0.00,13631488.00,20971520.00,0.00,0.00,206848.00,235520.00
1493155478,1690624.00,157696.00,5138432.00,55889100.80,18.00,13.00,63.00,0.00,0.00,6.00,0.00,0.00,13631488.00,22020096.00,0.00,0.00,218112.00,241664.00
1493155479,1690624.00,157696.00,5138432.00,55889100.80,21.00,15.00,58.00,0.00,0.00,6.00,0.00,344064.00,13631488.00,20971520.00,0.00,0.00,216064.00,239616.00
1493155480,1691648.00,157696.00,5138432.00,55889100.80,11.00,8.00,78.00,0.00,0.00,3.00,0.00,0.00,9732096.00,15728640.00,0.00,0.00,164864.00,180224.00
1493155481,1693696.00,157696.00,5138432.00,55889100.80,18.00,12.00,66.00,0.00,0.00,4.00,0.00,139264.00,11534336.00,17825792.00,0.00,0.00,183296.00,205824.00
1493155482,1692672.00,157696.00,5138432.00,55889100.80,20.00,12.00,64.00,0.00,0.00,5.00,0.00,0.00,13631488.00,20971520.00,0.00,0.00,214016.00,238592.00
1493155483,1695744.00,157696.00,5138432.00,55889100.80,23.00,13.00,57.00,0.00,0.00,7.00,0.00,0.00,13631488.00,20971520.00,0.00,0.00,208896.00,234496.00
1493155484,1697792.00,157696.00,5138432.00,55889100.80,23.00,10.00,61.00,0.00,0.00,6.00,0.00,155648.00,12582912.00,20971520.00,0.00,0.00,208896.00,232448.00
1493155485,1697792.00,157696.00,5138432.00,55889100.80,14.00,12.00,68.00,0.00,0.00,6.00,0.00,0.00,12582912.00,19922944.00,0.00,0.00,216064.00,234496.00
1493155486,1699840.00,157696.00,5138432.00,55889100.80,24.00,14.00,56.00,0.00,0.00,7.00,0.00,114688.00,13631488.00,22020096.00,0.00,0.00,220160.00,247808.00
1493155487,1699840.00,157696.00,5138432.00,55889100.80,19.00,11.00,66.00,0.00,0.00,5.00,0.00,0.00,12582912.00,19922944.00,0.00,0.00,198656.00,224256.00
1493155488,1701888.00,157696.00,5138432.00,55889100.80,26.00,13.00,55.00,0.00,0.00,5.00,0.00,0.00,13631488.00,22020096.00,0.00,0.00,217088.00,243712.00
1493155489,1702912.00,157696.00,5138432.00,55889100.80,17.00,12.00,66.00,0.00,0.00,5.00,0.00,32768.00,12582912.00,19922944.00,0.00,0.00,215040.00,237568.00
1493155490,1704960.00,157696.00,5138432.00,55889100.80,24.00,11.00,59.00,0.00,0.00,6.00,0.00,0.00,13631488.00,20971520.00,0.00,0.00,207872.00,233472.00
1493155491,1703936.00,157696.00,5138432.00,55889100.80,23.00,15.00,56.00,0.00,0.00,6.00,0.00,155648.00,14680064.00,23068672.00,0.00,0.00,227328.00,253952.00
1493155492,1707008.00,157696.00,5138432.00,55889100.80,22.00,10.00,63.00,0.00,0.00,5.00,0.00,0.00,12582912.00,19922944.00,0.00,0.00,194560.00,218112.00
1493155493,1705984.00,157696.00,5138432.00,55889100.80,15.00,12.00,66.00,0.00,0.00,6.00,0.00,0.00,12582912.00,20971520.00,0.00,0.00,214016.00,236544.00
1493155494,1708032.00,157696.00,5138432.00,55889100.80,22.00,12.00,61.00,0.00,0.00,6.00,0.00,40960.00,12582912.00,20971520.00,0.00,0.00,208896.00,231424.00
1493155495,1708032.00,157696.00,5138432.00,55889100.80,20.00,15.00,58.00,0.00,0.00,7.00,0.00,0.00,14680064.00,23068672.00,0.00,0.00,228352.00,254976.00
1493155496,1712128.00,157696.00,5138432.00,55889100.80,24.00,12.00,58.00,0.00,0.00,6.00,0.00,114688.00,13631488.00,20971520.00,0.00,0.00,207872.00,234496.00
1493155497,1712128.00,157696.00,5138432.00,55889100.80,18.00,11.00,68.00,0.00,0.00,4.00,0.00,0.00,12582912.00,19922944.00,0.00,0.00,202752.00,223232.00
1493155498,1714176.00,157696.00,5138432.00,55889100.80,22.00,11.00,61.00,0.00,0.00,6.00,0.00,0.00,12582912.00,19922944.00,0.00,0.00,208896.00,231424.00
1493155499,1717248.00,157696.00,5138432.00,55889100.80,23.00,15.00,56.00,0.00,0.00,7.00,0.00,16384.00,13631488.00,22020096.00,0.00,0.00,221184.00,249856.00
1493155500,1716224.00,157696.00,5138432.00,55889100.80,18.00,12.00,66.00,0.00,0.00,4.00,0.00,0.00,12582912.00,19922944.00,0.00,0.00,209920.00,231424.00
1493155501,1718272.00,157696.00,5138432.00,55889100.80,22.00,10.00,63.00,0.00,0.00,5.00,0.00,139264.00,12582912.00,19922944.00,0.00,0.00,207872.00,235520.00
1493155502,1719296.00,157696.00,5138432.00,55889100.80,12.00,10.00,74.00,0.00,0.00,4.00,0.00,0.00,10485760.00,17825792.00,0.00,0.00,197632.00,215040.00
1493155503,1720320.00,157696.00,5138432.00,55889100.80,21.00,11.00,63.00,0.00,0.00,5.00,0.00,0.00,12582912.00,19922944.00,0.00,0.00,206848.00,231424.00
1493155504,1721344.00,157696.00,5138432.00,55889100.80,18.00,14.00,61.00,0.00,0.00,6.00,0.00,32768.00,13631488.00,22020096.00,0.00,0.00,222208.00,247808.00
1493155505,1723392.00,157696.00,5138432.00,55889100.80,21.00,12.00,61.00,0.00,0.00,5.00,0.00,0.00,12582912.00,19922944.00,0.00,0.00,204800.00,231424.00
1493155506,1723392.00,157696.00,5138432.00,55889100.80,16.00,11.00,69.00,0.00,0.00,4.00,0.00,147456.00,12582912.00,19922944.00,0.00,0.00,218112.00,234496.00
1493155507,1725440.00,157696.00,5138432.00,55889100.80,20.00,10.00,65.00,0.00,0.00,5.00,0.00,0.00,12582912.00,18874368.00,0.00,0.00,192512.00,217088.00
1493155508,1725440.00,157696.00,5138432.00,55889100.80,21.00,13.00,59.00,0.00,0.00,8.00,0.00,0.00,14680064.00,23068672.00,0.00,0.00,227328.00,254976.00
1493155509,1727488.00,157696.00,5138432.00,55889100.80,25.00,11.00,59.00,0.00,0.00,5.00,0.00,90112.00,13631488.00,20971520.00,0.00,0.00,208896.00,233472.00
1493155510,1727488.00,157696.00,5138432.00,55889100.80,17.00,12.00,66.00,0.00,0.00,6.00,0.00,0.00,12582912.00,19922944.00,0.00,0.00,216064.00,236544.00
1493155511,1731584.00,157696.00,5138432.00,55889100.80,22.00,11.00,63.00,0.00,0.00,5.00,0.00,180224.00,12582912.00,19922944.00,0.00,0.00,208896.00,233472.00
1493155512,1731584.00,157696.00,5138432.00,55889100.80,17.00,12.00,65.00,0.00,0.00,6.00,0.00,0.00,13631488.00,20971520.00,0.00,0.00,214016.00,237568.00
1493155513,1733632.00,157696.00,5138432.00,55889100.80,25.00,15.00,55.00,0.00,0.00,5.00,0.00,0.00,13631488.00,22020096.00,0.00,0.00,223232.00,248832.00
1493155514,1733632.00,157696.00,5138432.00,55889100.80,20.00,12.00,63.00,0.00,0.00,5.00,0.00,376832.00,13631488.00,22020096.00,0.00,0.00,216064.00,240640.00
1493155515,1736704.00,157696.00,5138432.00,55889100.80,21.00,10.00,64.00,0.00,0.00,5.00,0.00,0.00,12582912.00,19922944.00,0.00,0.00,207872.00,230400.00
1493155516,1735680.00,157696.00,5138432.00,55889100.80,15.00,10.00,69.00,0.00,0.00,5.00,0.00,155648.00,11534336.00,18874368.00,0.00,0.00,199680.00,219136.00
1493155517,1737728.00,157696.00,5138432.00,55889100.80,26.00,13.00,57.00,0.00,0.00,5.00,0.00,0.00,13631488.00,22020096.00,0.00,0.00,219136.00,245760.00
1493155518,1739776.00,157696.00,5138432.00,55889100.80,22.00,11.00,61.00,0.00,0.00,6.00,0.00,0.00,12582912.00,20971520.00,0.00,0.00,206848.00,231424.00
1493155519,1739776.00,157696.00,5138432.00,55889100.80,17.00,14.00,63.00,0.00,0.00,6.00,0.00,155648.00,13631488.00,22020096.00,0.00,0.00,215040.00,239616.00
1493155520,1742848.00,157696.00,5138432.00,55889100.80,23.00,12.00,60.00,0.00,0.00,5.00,0.00,0.00,12582912.00,20971520.00,0.00,0.00,206848.00,231424.00
1493155521,1741824.00,157696.00,5138432.00,55889100.80,20.00,13.00,62.00,0.00,0.00,5.00,0.00,114688.00,13631488.00,22020096.00,0.00,0.00,216064.00,240640.00
1493155522,1743872.00,157696.00,5138432.00,55889100.80,24.00,13.00,56.00,0.00,0.00,7.00,0.00,0.00,13631488.00,22020096.00,0.00,0.00,221184.00,246784.00
1493155523,1743872.00,157696.00,5138432.00,55889100.80,20.00,12.00,64.00,0.00,0.00,4.00,0.00,0.00,12582912.00,20971520.00,0.00,0.00,205824.00,230400.00
1493155524,1748992.00,157696.00,5138432.00,55784243.20,23.00,13.00,59.00,0.00,0.00,6.00,0.00,81920.00,13631488.00,20971520.00,0.00,0.00,207872.00,233472.00
1493155525,1747968.00,157696.00,5138432.00,55784243.20,21.00,15.00,58.00,0.00,0.00,6.00,0.00,0.00,14680064.00,23068672.00,0.00,0.00,228352.00,256000.00
1493155526,1751040.00,157696.00,5138432.00,55784243.20,23.00,12.00,59.00,1.00,0.00,5.00,0.00,147456.00,13631488.00,20971520.00,0.00,0.00,210944.00,235520.00
1493155527,1752064.00,157696.00,5138432.00,55784243.20,22.00,13.00,60.00,0.00,0.00,5.00,0.00,0.00,12582912.00,20971520.00,0.00,0.00,201728.00,226304.00
1493155528,1752064.00,157696.00,5138432.00,55784243.20,19.00,15.00,60.00,0.00,0.00,7.00,0.00,0.00,13631488.00,23068672.00,0.00,0.00,221184.00,249856.00
1493155529,1755136.00,157696.00,5138432.00,55784243.20,21.00,12.00,62.00,0.00,0.00,4.00,0.00,0.00,12582912.00,19922944.00,0.00,0.00,202752.00,229376.00
1493155530,1754112.00,157696.00,5138432.00,55784243.20,20.00,12.00,64.00,0.00,0.00,4.00,0.00,0.00,12582912.00,20971520.00,0.00,0.00,210944.00,232448.00
1493155531,1756160.00,157696.00,5138432.00,55784243.20,22.00,13.00,60.00,0.00,0.00,5.00,0.00,114688.00,12582912.00,20971520.00,0.00,0.00,202752.00,227328.00
1493155532,1756160.00,157696.00,5138432.00,55784243.20,21.00,14.00,60.00,0.00,0.00,6.00,0.00,0.00,13631488.00,22020096.00,0.00,0.00,211968.00,238592.00
1493155533,1759232.00,157696.00,5138432.00,55784243.20,23.00,11.00,61.00,0.00,0.00,5.00,0.00,0.00,12582912.00,20971520.00,0.00,0.00,202752.00,228352.00
1493155534,1759232.00,157696.00,5138432.00,55784243.20,22.00,13.00,57.00,0.00,0.00,8.00,0.00,24576.00,14680064.00,23068672.00,0.00,0.00,225280.00,252928.00
1493155535,1760256.00,157696.00,5138432.00,55784243.20,22.00,11.00,63.00,0.00,0.00,5.00,0.00,0.00,12582912.00,19922944.00,0.00,0.00,193536.00,218112.00
1493155536,1761280.00,157696.00,5138432.00,55784243.20,14.00,10.00,72.00,0.00,0.00,4.00,0.00,139264.00,11534336.00,17825792.00,0.00,0.00,184320.00,204800.00
1493155537,1763328.00,157696.00,5138432.00,55784243.20,21.00,9.00,66.00,0.00,0.00,4.00,0.00,0.00,11534336.00,18874368.00,0.00,0.00,189440.00,212992.00
1493155538,1762304.00,157696.00,5138432.00,55784243.20,22.00,13.00,59.00,0.00,0.00,6.00,0.00,0.00,14680064.00,23068672.00,0.00,0.00,226304.00,251904.00
1493155539,1765376.00,157696.00,5138432.00,55784243.20,27.00,12.00,56.00,0.00,0.00,5.00,0.00,16384.00,13631488.00,22020096.00,0.00,0.00,219136.00,247808.00
1493155540,1765376.00,157696.00,5138432.00,55784243.20,16.00,11.00,68.00,0.00,0.00,5.00,0.00,0.00,12582912.00,18874368.00,0.00,0.00,193536.00,214016.00
1493155541,1767424.00,157696.00,5138432.00,55784243.20,25.00,14.00,56.00,0.00,0.00,5.00,0.00,139264.00,13631488.00,22020096.00,0.00,0.00,216064.00,242688.00
1493155542,1770496.00,157696.00,5138432.00,55784243.20,25.00,13.00,58.00,0.00,0.00,4.00,0.00,0.00,12582912.00,20971520.00,0.00,0.00,206848.00,230400.00
1493155543,1771520.00,157696.00,5138432.00,55784243.20,21.00,14.00,57.00,0.00,0.00,7.00,0.00,0.00,14680064.00,23068672.00,0.00,0.00,229376.00,258048.00
1493155544,1773568.00,157696.00,5138432.00,55784243.20,22.00,12.00,60.00,0.00,0.00,6.00,0.00,139264.00,12582912.00,20971520.00,0.00,0.00,206848.00,231424.00
1493155545,1773568.00,157696.00,5138432.00,55784243.20,16.00,11.00,67.00,0.00,0.00,6.00,0.00,0.00,12582912.00,19922944.00,0.00,0.00,200704.00,222208.00
1493155546,1774592.00,157696.00,5139456.00,55784243.20,23.00,13.00,59.00,0.00,0.00,5.00,0.00,229376.00,13631488.00,20971520.00,0.00,0.00,209920.00,234496.00
1493155547,1774592.00,157696.00,5139456.00,55784243.20,21.00,15.00,58.00,0.00,0.00,6.00,0.00,0.00,14680064.00,23068672.00,0.00,0.00,228352.00,254976.00
1493155548,1777664.00,157696.00,5139456.00,55784243.20,27.00,12.00,55.00,0.00,0.00,6.00,0.00,0.00,13631488.00,22020096.00,0.00,0.00,220160.00,243712.00
1493155549,1776640.00,157696.00,5139456.00,55784243.20,18.00,12.00,65.00,0.00,0.00,4.00,0.00,344064.00,12582912.00,19922944.00,0.00,0.00,203776.00,227328.00
1493155550,1779712.00,157696.00,5139456.00,55784243.20,21.00,11.00,63.00,0.00,0.00,5.00,0.00,0.00,12582912.00,19922944.00,0.00,0.00,193536.00,218112.00
1493155551,1779712.00,157696.00,5139456.00,55784243.20,20.00,14.00,59.00,0.00,0.00,6.00,0.00,131072.00,14680064.00,23068672.00,0.00,0.00,223232.00,248832.00
1493155552,1781760.00,157696.00,5139456.00,55784243.20,28.00,15.00,51.00,0.00,0.00,6.00,0.00,0.00,13631488.00,22020096.00,0.00,0.00,215040.00,242688.00
1493155553,1783808.00,157696.00,5139456.00,55784243.20,22.00,12.00,62.00,0.00,0.00,4.00,0.00,0.00,12582912.00,19922944.00,0.00,0.00,194560.00,220160.00
1493155554,1783808.00,157696.00,5139456.00,55784243.20,16.00,13.00,65.00,0.00,0.00,6.00,0.00,196608.00,12582912.00,20971520.00,0.00,0.00,200704.00,224256.00
1493155555,1785856.00,157696.00,5139456.00,55784243.20,25.00,13.00,55.00,0.00,0.00,7.00,0.00,0.00,13631488.00,22020096.00,0.00,0.00,217088.00,245760.00
1493155556,1785856.00,157696.00,5139456.00,55784243.20,22.00,15.00,56.00,0.00,0.00,7.00,0.00,114688.00,14680064.00,23068672.00,0.00,0.00,226304.00,251904.00
1493155557,1787904.00,157696.00,5139456.00,55784243.20,22.00,11.00,63.00,0.00,0.00,5.00,0.00,0.00,12582912.00,19922944.00,0.00,0.00,194560.00,218112.00
1493155558,1787904.00,157696.00,5139456.00,55784243.20,22.00,13.00,60.00,0.00,0.00,5.00,0.00,0.00,13631488.00,22020096.00,0.00,0.00,225280.00,248832.00
1493155559,1789952.00,157696.00,5139456.00,55784243.20,20.00,10.00,65.00,0.00,0.00,5.00,0.00,32768.00,11534336.00,18874368.00,0.00,0.00,188416.00,211968.00
1493155560,1789952.00,157696.00,5139456.00,55784243.20,19.00,13.00,63.00,0.00,0.00,5.00,0.00,0.00,13631488.00,20971520.00,0.00,0.00,221184.00,242688.00
1493155561,1794048.00,157696.00,5139456.00,55784243.20,22.00,13.00,60.00,0.00,0.00,5.00,0.00,155648.00,12582912.00,20971520.00,0.00,0.00,214016.00,241664.00
1493155562,1795072.00,157696.00,5139456.00,55784243.20,16.00,10.00,69.00,0.00,0.00,5.00,0.00,0.00,11534336.00,18874368.00,0.00,0.00,192512.00,214016.00
1493155563,1795072.00,157696.00,5139456.00,55784243.20,21.00,13.00,61.00,0.00,0.00,5.00,0.00,0.00,12582912.00,19922944.00,0.00,0.00,201728.00,225280.00
1493155564,1796096.00,157696.00,5139456.00,55784243.20,20.00,13.00,60.00,0.00,0.00,6.00,0.00,0.00,13631488.00,20971520.00,0.00,0.00,210944.00,237568.00
1493155565,1798144.00,157696.00,5139456.00,55784243.20,25.00,13.00,55.00,0.00,0.00,6.00,0.00,0.00,13631488.00,22020096.00,0.00,0.00,219136.00,246784.00
1493155566,1799168.00,157696.00,5139456.00,55784243.20,18.00,11.00,63.00,3.00,0.00,4.00,0.00,114688.00,12582912.00,19922944.00,0.00,0.00,198656.00,222208.00
1493155567,1800192.00,157696.00,5139456.00,55784243.20,24.00,13.00,57.00,0.00,0.00,6.00,0.00,0.00,13631488.00,20971520.00,0.00,0.00,209920.00,235520.00
1493155568,1802240.00,157696.00,5139456.00,55784243.20,27.00,14.00,53.00,0.00,0.00,6.00,0.00,0.00,13631488.00,22020096.00,0.00,0.00,217088.00,243712.00
1493155569,1803264.00,157696.00,5139456.00,55784243.20,19.00,13.00,61.00,0.00,0.00,6.00,0.00,32768.00,13631488.00,20971520.00,0.00,0.00,212992.00,237568.00
1493155570,1804288.00,157696.00,5139456.00,55784243.20,22.00,12.00,62.00,0.00,0.00,5.00,0.00,0.00,12582912.00,18874368.00,0.00,0.00,194560.00,216064.00
1493155571,1804288.00,157696.00,5139456.00,55784243.20,21.00,14.00,58.00,0.00,0.00,6.00,0.00,147456.00,14680064.00,23068672.00,0.00,0.00,224256.00,251904.00
1493155572,1806336.00,157696.00,5139456.00,55784243.20,25.00,13.00,57.00,0.00,0.00,5.00,0.00,0.00,12582912.00,20971520.00,0.00,0.00,204800.00,228352.00
1493155573,1806336.00,157696.00,5139456.00,55784243.20,21.00,13.00,60.00,0.00,0.00,5.00,0.00,0.00,13631488.00,22020096.00,0.00,0.00,214016.00,240640.00
1493155574,1808384.00,157696.00,5139456.00,55784243.20,26.00,14.00,55.00,0.00,0.00,5.00,0.00,49152.00,13631488.00,22020096.00,0.00,0.00,220160.00,245760.00
1493155575,1808384.00,157696.00,5139456.00,55784243.20,20.00,13.00,62.00,0.00,0.00,5.00,0.00,0.00,12582912.00,20971520.00,0.00,0.00,201728.00,224256.00
1493155576,1810432.00,157696.00,5139456.00,55784243.20,24.00,11.00,59.00,0.00,0.00,5.00,0.00,155648.00,12582912.00,20971520.00,0.00,0.00,205824.00,232448.00
1493155577,1810432.00,157696.00,5139456.00,55784243.20,23.00,15.00,56.00,0.00,0.00,6.00,0.00,0.00,14680064.00,23068672.00,0.00,0.00,225280.00,250880.00
1493155578,1812480.00,157696.00,5139456.00,55784243.20,21.00,15.00,59.00,0.00,0.00,5.00,0.00,0.00,12582912.00,20971520.00,0.00,0.00,204800.00,228352.00
1493155579,1816576.00,157696.00,5139456.00,55784243.20,20.00,11.00,64.00,0.00,0.00,5.00,0.00,114688.00,12582912.00,18874368.00,0.00,0.00,188416.00,212992.00
1493155580,1817600.00,157696.00,5139456.00,55784243.20,19.00,14.00,61.00,0.00,0.00,7.00,0.00,0.00,13631488.00,20971520.00,0.00,0.00,210944.00,235520.00
1493155581,1818624.00,157696.00,5139456.00,55784243.20,26.00,15.00,53.00,0.00,0.00,6.00,0.00,229376.00,13631488.00,22020096.00,0.00,0.00,218112.00,243712.00
1493155582,1819648.00,157696.00,5139456.00,55784243.20,23.00,15.00,57.00,0.00,0.00,5.00,0.00,0.00,14680064.00,23068672.00,0.00,0.00,226304.00,251904.00
1493155583,1820672.00,157696.00,5139456.00,55784243.20,21.00,8.00,66.00,0.00,0.00,4.00,0.00,0.00,11534336.00,17825792.00,0.00,0.00,177152.00,200704.00
1493155584,1820672.00,157696.00,5139456.00,55784243.20,21.00,15.00,58.00,0.00,0.00,6.00,0.00,360448.00,13631488.00,23068672.00,0.00,0.00,225280.00,250880.00
1493155585,1822720.00,157696.00,5139456.00,55784243.20,22.00,12.00,60.00,0.00,0.00,5.00,0.00,0.00,12582912.00,20971520.00,0.00,0.00,204800.00,230400.00
1493155586,1822720.00,157696.00,5139456.00,55784243.20,23.00,15.00,55.00,0.00,0.00,7.00,0.00,131072.00,14680064.00,23068672.00,0.00,0.00,227328.00,252928.00
1493155587,1824768.00,157696.00,5139456.00,55784243.20,22.00,12.00,61.00,0.00,0.00,5.00,0.00,0.00,12582912.00,19922944.00,0.00,0.00,194560.00,217088.00
1493155588,1824768.00,157696.00,5139456.00,55784243.20,22.00,14.00,58.00,0.00,0.00,5.00,0.00,0.00,13631488.00,22020096.00,0.00,0.00,214016.00,238592.00
1493155589,1826816.00,157696.00,5139456.00,55784243.20,22.00,12.00,60.00,0.00,0.00,6.00,0.00,172032.00,12582912.00,20971520.00,0.00,0.00,204800.00,228352.00
1493155590,1828864.00,157696.00,5139456.00,55784243.20,23.00,14.00,60.00,0.00,0.00,4.00,0.00,0.00,12582912.00,20971520.00,0.00,0.00,207872.00,231424.00
1493155591,1828864.00,157696.00,5139456.00,55784243.20,18.00,12.00,66.00,0.00,0.00,4.00,0.00,114688.00,12582912.00,19922944.00,0.00,0.00,204800.00,226304.00
1493155592,1828864.00,157696.00,5139456.00,55784243.20,14.00,11.00,70.00,0.00,0.00,4.00,0.00,0.00,11534336.00,17825792.00,0.00,0.00,176128.00,195584.00
1493155593,1831936.00,157696.00,5139456.00,55784243.20,24.00,13.00,57.00,0.00,0.00,6.00,0.00,0.00,13631488.00,20971520.00,0.00,0.00,206848.00,231424.00
1493155594,1833984.00,157696.00,5139456.00,55784243.20,26.00,15.00,54.00,0.00,0.00,5.00,0.00,32768.00,13631488.00,22020096.00,0.00,0.00,220160.00,246784.00
1493155595,1835008.00,157696.00,5139456.00,55784243.20,22.00,15.00,57.00,0.00,0.00,6.00,0.00,0.00,13631488.00,22020096.00,0.00,0.00,223232.00,246784.00
1493155596,1835008.00,157696.00,5139456.00,55784243.20,24.00,14.00,57.00,0.00,0.00,5.00,0.00,147456.00,12582912.00,20971520.00,0.00,0.00,204800.00,228352.00
1493155597,1835008.00,157696.00,5139456.00,55784243.20,17.00,11.00,68.00,0.00,0.00,4.00,0.00,0.00,11534336.00,18874368.00,0.00,0.00,191488.00,210944.00
1493155598,1837056.00,157696.00,5139456.00,55784243.20,13.00,5.00,80.00,0.00,0.00,2.00,0.00,0.00,8273920.00,13631488.00,0.00,0.00,152576.00,162816.00
1493155599,1838080.00,157696.00,5139456.00,55784243.20,17.00,11.00,66.00,0.00,0.00,5.00,0.00,0.00,12582912.00,19922944.00,0.00,0.00,210944.00,231424.00
1493155600,1841152.00,157696.00,5139456.00,55784243.20,26.00,15.00,53.00,0.00,0.00,6.00,0.00,0.00,13631488.00,22020096.00,0.00,0.00,216064.00,244736.00
1493155601,1841152.00,157696.00,5139456.00,55784243.20,19.00,10.00,66.00,0.00,0.00,5.00,0.00,114688.00,12582912.00,19922944.00,0.00,0.00,197632.00,222208.00
1493155602,1843200.00,157696.00,5139456.00,55784243.20,21.00,11.00,63.00,0.00,0.00,5.00,0.00,0.00,12582912.00,18874368.00,0.00,0.00,191488.00,214016.00
1493155603,1843200.00,157696.00,5139456.00,55784243.20,20.00,15.00,58.00,0.00,0.00,7.00,0.00,0.00,14680064.00,23068672.00,0.00,0.00,226304.00,252928.00
1493155604,1845248.00,157696.00,5139456.00,55784243.20,26.00,13.00,56.00,0.00,0.00,5.00,0.00,32768.00,13631488.00,22020096.00,0.00,0.00,219136.00,244736.00
1493155605,1845248.00,157696.00,5139456.00,55784243.20,20.00,14.00,60.00,0.00,0.00,5.00,0.00,0.00,13631488.00,22020096.00,0.00,0.00,212992.00,236544.00
1493155606,1847296.00,157696.00,5139456.00,55784243.20,24.00,13.00,58.00,0.00,0.00,5.00,0.00,147456.00,13631488.00,20971520.00,0.00,0.00,207872.00,232448.00
1493155607,1849344.00,157696.00,5139456.00,55784243.20,17.00,11.00,66.00,0.00,0.00,6.00,0.00,0.00,12582912.00,19922944.00,0.00,0.00,200704.00,223232.00
1493155608,1851392.00,157696.00,5139456.00,55679385.60,24.00,15.00,55.00,0.00,0.00,6.00,0.00,0.00,13631488.00,22020096.00,0.00,0.00,217088.00,244736.00
1493155609,1851392.00,157696.00,5139456.00,55679385.60,18.00,14.00,62.00,0.00,0.00,6.00,0.00,32768.00,13631488.00,20971520.00,0.00,0.00,211968.00,236544.00
1493155610,1853440.00,157696.00,5139456.00,55679385.60,21.00,13.00,61.00,0.00,0.00,5.00,0.00,0.00,12582912.00,20971520.00,0.00,0.00,204800.00,231424.00
1493155611,1855488.00,157696.00,5139456.00,55679385.60,23.00,12.00,60.00,0.00,0.00,5.00,0.00,139264.00,12582912.00,20971520.00,0.00,0.00,202752.00,227328.00
1493155612,1855488.00,157696.00,5139456.00,55679385.60,21.00,14.00,60.00,0.00,0.00,5.00,0.00,0.00,13631488.00,22020096.00,0.00,0.00,212992.00,237568.00
1493155613,1858560.00,157696.00,5139456.00,55679385.60,27.00,13.00,54.00,0.00,0.00,6.00,0.00,0.00,13631488.00,22020096.00,0.00,0.00,214016.00,241664.00
1493155614,1857536.00,157696.00,5139456.00,55679385.60,19.00,12.00,63.00,0.00,0.00,6.00,0.00,131072.00,12582912.00,20971520.00,0.00,0.00,201728.00,226304.00
1493155615,1859584.00,157696.00,5139456.00,55679385.60,23.00,13.00,59.00,0.00,0.00,5.00,0.00,0.00,12582912.00,20971520.00,0.00,0.00,203776.00,229376.00
1493155616,1859584.00,157696.00,5139456.00,55679385.60,20.00,15.00,59.00,0.00,0.00,6.00,0.00,188416.00,13631488.00,22020096.00,0.00,0.00,216064.00,242688.00
1493155617,1861632.00,157696.00,5139456.00,55679385.60,25.00,14.00,56.00,0.00,0.00,5.00,0.00,0.00,13631488.00,22020096.00,0.00,0.00,207872.00,240640.00
1493155618,1861632.00,157696.00,5139456.00,55679385.60,17.00,14.00,64.00,0.00,0.00,5.00,0.00,0.00,12582912.00,20971520.00,0.00,0.00,207872.00,233472.00
1493155619,1865728.00,157696.00,5139456.00,55679385.60,21.00,12.00,62.00,0.00,0.00,5.00,0.00,344064.00,12582912.00,19922944.00,0.00,0.00,196608.00,222208.00
1493155620,1865728.00,157696.00,5139456.00,55679385.60,16.00,11.00,69.00,0.00,0.00,4.00,0.00,0.00,12582912.00,19922944.00,0.00,0.00,203776.00,231424.00
1493155621,1867776.00,157696.00,5139456.00,55679385.60,20.00,10.00,66.00,0.00,0.00,4.00,0.00,131072.00,11534336.00,18874368.00,0.00,0.00,190464.00,218112.00
1493155622,1867776.00,157696.00,5139456.00,55679385.60,16.00,12.00,67.00,0.00,0.00,5.00,0.00,0.00,12582912.00,19922944.00,0.00,0.00,201728.00,230400.00
1493155623,1869824.00,157696.00,5139456.00,55679385.60,20.00,12.00,62.00,0.00,0.00,6.00,0.00,0.00,12582912.00,19922944.00,0.00,0.00,200704.00,231424.00
1493155624,1869824.00,157696.00,5139456.00,55679385.60,19.00,11.00,65.00,0.00,0.00,5.00,0.00,122880.00,13631488.00,20971520.00,0.00,0.00,206848.00,236544.00
1493155625,1871872.00,157696.00,5139456.00,55679385.60,26.00,13.00,54.00,0.00,0.00,6.00,0.00,0.00,13631488.00,22020096.00,0.00,0.00,216064.00,244736.00
1493155626,1871872.00,157696.00,5139456.00,55679385.60,21.00,14.00,60.00,0.00,0.00,5.00,0.00,114688.00,12582912.00,20971520.00,0.00,0.00,207872.00,231424.00
1493155627,1874944.00,157696.00,5139456.00,55679385.60,18.00,13.00,63.00,0.00,0.00,5.00,0.00,0.00,12582912.00,20971520.00,0.00,0.00,204800.00,232448.00
1493155628,1874944.00,157696.00,5139456.00,55679385.60,20.00,11.00,64.00,0.00,0.00,4.00,0.00,0.00,11534336.00,18874368.00,0.00,0.00,190464.00,214016.00
1493155629,1875968.00,157696.00,5139456.00,55679385.60,21.00,14.00,59.00,0.00,0.00,7.00,0.00,40960.00,13631488.00,22020096.00,0.00,0.00,224256.00,249856.00
1493155630,1878016.00,157696.00,5139456.00,55679385.60,26.00,13.00,56.00,0.00,0.00,5.00,0.00,0.00,13631488.00,22020096.00,0.00,0.00,218112.00,245760.00
1493155631,1878016.00,157696.00,5139456.00,55679385.60,16.00,11.00,67.00,1.00,0.00,5.00,0.00,155648.00,12582912.00,19922944.00,0.00,0.00,198656.00,222208.00
1493155632,1881088.00,157696.00,5139456.00,55679385.60,23.00,12.00,59.00,0.00,0.00,5.00,0.00,0.00,12582912.00,20971520.00,0.00,0.00,205824.00,229376.00
1493155633,1879040.00,157696.00,5139456.00,55679385.60,19.00,13.00,62.00,0.00,0.00,6.00,0.00,0.00,13631488.00,20971520.00,0.00,0.00,210944.00,235520.00
1493155634,1882112.00,157696.00,5139456.00,55679385.60,24.00,13.00,57.00,0.00,0.00,6.00,0.00,0.00,13631488.00,22020096.00,0.00,0.00,217088.00,245760.00
1493155635,1882112.00,157696.00,5139456.00,55679385.60,19.00,13.00,62.00,0.00,0.00,6.00,0.00,0.00,13631488.00,20971520.00,0.00,0.00,211968.00,237568.00
1493155636,1883136.00,157696.00,5139456.00,55679385.60,21.00,14.00,60.00,0.00,0.00,6.00,0.00,114688.00,12582912.00,19922944.00,0.00,0.00,199680.00,226304.00
1493155637,1884160.00,157696.00,5139456.00,55679385.60,17.00,11.00,66.00,0.00,0.00,6.00,0.00,0.00,12582912.00,20971520.00,0.00,0.00,201728.00,229376.00
1493155638,1888256.00,157696.00,5139456.00,55679385.60,25.00,13.00,56.00,0.00,0.00,6.00,0.00,0.00,13631488.00,22020096.00,0.00,0.00,217088.00,246784.00
1493155639,1890304.00,157696.00,5139456.00,55679385.60,27.00,14.00,53.00,0.00,0.00,6.00,0.00,24576.00,13631488.00,22020096.00,0.00,0.00,211968.00,243712.00
1493155640,1891328.00,157696.00,5139456.00,55679385.60,17.00,13.00,63.00,0.00,0.00,6.00,0.00,0.00,13631488.00,22020096.00,0.00,0.00,211968.00,238592.00
1493155641,1892352.00,157696.00,5139456.00,55679385.60,18.00,11.00,66.00,0.00,0.00,5.00,0.00,139264.00,11534336.00,17825792.00,0.00,0.00,178176.00,203776.00
1493155642,1892352.00,157696.00,5139456.00,55679385.60,22.00,13.00,59.00,0.00,0.00,6.00,0.00,0.00,13631488.00,22020096.00,0.00,0.00,218112.00,249856.00
