--Probe dump file for probe: org.yardstickframework.probes.ThroughputLatencyProbe@4ad4936c (class org.yardstickframework.probes.ThroughputLatencyProbe)
--Created Tue Apr 25 21:21:22 UTC 2017
--Benchmark config: BenchmarkConfiguration [memberId='0', driverNames='[IgnitePutGetTxBenchmark]', serverName='IgniteNode', threads=64, duration=300, warmup=60, dfltProbeClsNames=[ThroughputLatencyProbe, PercentileProbe, DStatProbe], propsFileName='yardstick/config/run.properties', packages=[org.yardstickframework, org.apache.ignite.yardstick], cmdArgs=[--outputFolder, /home/ubuntu/date-2504-204359-s-4-c-1-ver-2.0.0-SNAPSHOT-0be92732/yardstick/bin/../output/results-20170425-204411, -id, 0, -cfg, /home/ubuntu/date-2504-204359-s-4-c-1-ver-2.0.0-SNAPSHOT-0be92732/yardstick/bin/../config/ignite-config.xml, -nn, 5, -b, 1, -w, 60, -d, 300, -t, 64, -sm, FULL_SYNC, -txc, OPTIMISTIC, -txi, SERIALIZABLE, --client, -dn, IgnitePutGetTxBenchmark, -sn, IgniteNode, -ds, 2.0.0-SNAPSHOT-0be92732-tx-opt-serial-put-get-1-backup, --config, yardstick/config/run.properties, --logsFolder, /home/ubuntu/date-2504-204359-s-4-c-1-ver-2.0.0-SNAPSHOT-0be92732/yardstick/bin/../output/logs-20170425-204411/logs_drivers, --currentFolder, /home/ubuntu/date-2504-204359-s-4-c-1-ver-2.0.0-SNAPSHOT-0be92732, --scriptsFolder, /home/ubuntu/date-2504-204359-s-4-c-1-ver-2.0.0-SNAPSHOT-0be92732/yardstick/bin], probeWriter='null', customProps={ver=2.0.0-SNAPSHOT-0be92732- , b=1, d=300, SERVER_HOSTS=172.31.45.250,172.31.38.80,172.31.41.141,172.31.42.161, now0=`date +'%H%M%S'`, j=10, nodesNum=$((`echo ${SERVER_HOSTS} | tr ',' '' | wc -l` + `echo ${DRIVER_HOSTS} | tr ',' '' | wc -l`)), JVM_OPTS=${JVM_OPTS}" -Xms6g -Xmx6g -Xloggc:./gc${now0}.log -XX:+PrintGCDetails -verbose:gc -XX:+UseParNewGC -XX:+UseConcMarkSweepGC ", CONFIGS="-cfg ${SCRIPT_DIR}/../config/ignite-config.xml -nn ${nodesNum} -b ${b} -w ${w} -d ${d} -t ${t} -sm ${sm}  --client -dn IgnitePutBenchmark -sn IgniteNode -wom PRIMARY -ds ${ver}atomic-put-${b}-backup,-cfg ${SCRIPT_DIR}/../config/ignite-config.xml -nn ${nodesNum} -b ${b} -w ${w} -d ${d} -t ${t} -sm ${sm}  --client -dn IgnitePutGetBenchmark -sn IgniteNode -wom PRIMARY -ds ${ver}atomic-put-get-${b}-backup,-cfg ${SCRIPT_DIR}/../config/ignite-config.xml -nn ${nodesNum} -b ${b} -w ${w} -d ${d} -t ${t} -sm ${sm} -bs 6  --client -dn IgnitePutGetBatchBenchmark -wom PRIMARY -sn IgniteNode -ds ${ver}atomic-put-get-bs-6-${b}-backup,-cfg ${SCRIPT_DIR}/../config/ignite-config.xml -nn ${nodesNum} -b ${b} -w ${w} -d ${d} -t ${t} -sm ${sm}  --client -dn IgnitePutTxImplicitBenchmark -sn IgniteNode -ds ${ver}tx-optimistic-put-${b}-backup,-cfg ${SCRIPT_DIR}/../config/ignite-config.xml -nn ${nodesNum} -b ${b} -w ${w} -d ${d} -t ${t} -sm ${sm} -txc OPTIMISTIC  --client -dn IgnitePutGetTxBenchmark -sn IgniteNode -ds ${ver}tx-optim-repRead-put-get-${b}-backup,-cfg ${SCRIPT_DIR}/../config/ignite-config.xml -nn ${nodesNum} -b ${b} -w ${w} -d ${d} -t ${t} -sm ${sm} -txc PESSIMISTIC  --client -dn IgnitePutGetTxBenchmark -sn IgniteNode -ds ${ver}tx-pessim-repRead-put-get-${b}-backup,-cfg ${SCRIPT_DIR}/../config/ignite-config.xml -nn ${nodesNum} -b ${b} -w ${w} -d ${d} -t ${t} -sm ${sm} -txc OPTIMISTIC -txi SERIALIZABLE  --client -dn IgnitePutGetTxBenchmark -sn IgniteNode -ds ${ver}tx-opt-serial-put-get-${b}-backup,-cfg ${SCRIPT_DIR}/../config/ignite-config.xml -nn ${nodesNum} -b ${b} -w ${w} -d ${d} -t ${t} -sm ${sm}  --client -dn IgniteSqlQueryBenchmark -sn IgniteNode -ds ${ver}sql-query-${b}-backup,-cfg ${SCRIPT_DIR}/../config/ignite-config.xml -nn ${nodesNum} -b ${b} -w ${w} -d ${d} -t ${t} -sm ${sm}  --client -dn IgniteSqlQueryPutBenchmark -sn IgniteNode -ds ${ver}sql-query-put-${b}-backup,-cfg ${SCRIPT_DIR}/../config/ignite-config.xml -nn ${nodesNum} -b ${b} -w ${w} -d ${d} -t ${t} -sm ${sm} -bs 6  --client -dn IgnitePutAllBenchmark -wom PRIMARY -sn IgniteNode -ds ${ver}atomic-putAll-bs-6-${b}-backup,-cfg ${SCRIPT_DIR}/../config/ignite-config.xml -nn ${nodesNum} -b ${b} -w ${w} -d ${d} -t ${t} -sm ${sm} -bs 6  --client -dn IgnitePutAllTxBenchmark -sn IgniteNode -ds ${ver}tx-putAll-bs-6-${b}-backup,-cfg ${SCRIPT_DIR}/../config/ignite-config.xml -nn ${nodesNum} -b ${b} -w ${w} -d ${d} -t ${t} -sm ${sm} -bs 6  --client -dn IgnitePutAllSerializableTxBenchmark -sn IgniteNode -ds ${ver}tx-putAllSerializable-bs-6-${b}-backup,-cfg ${SCRIPT_DIR}/../config/ignite-config.xml -nn ${nodesNum} -b ${b} -w ${w} -d ${d} -t ${t} -sm ${sm} -bs 6 -txc OPTIMISTIC   --client -dn IgniteGetAllPutAllTxBenchmark -sn IgniteNode -ds ${ver}tx-optimistic-getAllPutAll-bs-6-${b}-backup,-cfg ${SCRIPT_DIR}/../config/ignite-config.xml -nn ${nodesNum} -b ${b} -w ${w} -d ${d} -t ${t} -sm ${sm} -bs 6 -txc PESSIMISTIC  --client -dn IgniteGetAllPutAllTxBenchmark -sn IgniteNode -ds ${ver}tx-pessimistic-getAllPutAll-bs-6-${b}-backup,-cfg ${SCRIPT_DIR}/../config/ignite-config.xml -nn ${nodesNum} -b ${b} -w ${w} -d ${d} -t ${t} -sm ${sm} -bs 6 -txc OPTIMISTIC -txi SERIALIZABLE  --client -dn IgniteGetAllPutAllTxBenchmark -sn IgniteNode -ds ${ver}tx-opt-serializable-getAllPutAll-bs-6-${b}-backup,", DRIVER_HOSTS=172.31.46.6, t=64, BENCHMARK_PACKAGES=org.yardstickframework,org.apache.ignite.yardstick, w=60, sm=FULL_SYNC, AUTO_COPY=false, RESTART_SERVERS=true}, shutdownHook=true, currentFolder=/home/ubuntu/date-2504-204359-s-4-c-1-ver-2.0.0-SNAPSHOT-0be92732, scriptsFolder=/home/ubuntu/date-2504-204359-s-4-c-1-ver-2.0.0-SNAPSHOT-0be92732/yardstick/bin, logsFolder=/home/ubuntu/date-2504-204359-s-4-c-1-ver-2.0.0-SNAPSHOT-0be92732/yardstick/bin/../output/logs-20170425-204411/logs_drivers, outputFolder=/home/ubuntu/date-2504-204359-s-4-c-1-ver-2.0.0-SNAPSHOT-0be92732/yardstick/bin/../output/results-20170425-204411, outputWriter=java.io.PrintStream@558cfcf3, errorWriter=java.io.PrintStream@5b4b0832, descriptions=[2.0.0-SNAPSHOT-0be92732-tx-opt-serial-put-get-1-backup], hostName=]
--Description: 2.0.0-SNAPSHOT-0be92732-tx-opt-serial-put-get-1-backup
@@IgnitePutGetTxBenchmark
**"Time, sec","Operations/sec (more is better)","Latency, nsec (less is better)"
1493155344,22564.00,2866746.38
1493155345,24876.00,2571473.21
1493155346,25748.00,2483783.00
1493155347,21736.00,2783458.29
1493155348,24255.00,2779638.16
1493155349,21058.00,3038021.82
1493155350,24799.00,2579563.01
1493155351,19643.00,3257250.84
1493155352,19910.00,3213141.92
1493155353,22562.00,2835789.90
1493155354,24487.00,2612626.44
1493155355,24733.00,2586793.42
1493155356,22373.00,2859409.14
1493155357,23318.00,2737898.38
1493155358,24256.00,2643119.08
1493155359,23932.00,2670968.69
1493155360,22626.00,2829596.20
1493155361,21169.00,3022884.50
1493155362,23806.00,2687183.00
1493155363,23484.00,2723730.02
1493155364,24381.00,2624298.15
1493155365,22621.00,2829109.92
1493155366,23210.00,2756087.55
1493155367,25631.00,2495510.41
1493155368,23018.00,2780162.72
1493155369,21416.00,2986401.58
1493155370,23515.00,2720797.60
1493155371,24319.00,2631189.23
1493155372,25055.00,2553059.86
1493155373,20120.00,3179513.91
1493155374,24104.00,2655024.13
1493155375,24880.00,2571835.80
1493155376,25384.00,2520031.92
1493155377,21325.00,2976870.63
1493155378,23682.00,2722061.16
1493155379,23156.00,2762901.78
1493155380,22990.00,2784048.79
1493155381,22926.00,2790274.56
1493155382,20457.00,3127720.27
1493155383,23811.00,2688172.94
1493155384,24453.00,2616415.90
1493155385,25491.00,2509606.74
1493155386,20975.00,3050882.87
1493155387,22315.00,2868069.03
1493155388,24057.00,2658587.72
1493155389,24648.00,2596049.43
1493155390,20229.00,3156523.39
1493155391,25027.00,2561661.52
1493155392,20196.00,3168010.31
1493155393,23958.00,2669864.40
1493155394,23253.00,2751793.95
1493155395,22149.00,2889947.19
1493155396,23929.00,2674057.76
1493155397,22805.00,2804980.93
1493155398,25179.00,2540462.34
1493155399,20521.00,3119308.85
1493155400,22200.00,2881660.71
1493155401,22470.00,2848011.44
1493155402,24972.00,2562189.26
1493155403,21381.00,2992243.77
1493155404,25342.00,2525703.69
1493155405,23192.00,2758330.74
1493155406,22695.00,2818503.47
1493155407,24202.00,2644426.35
1493155408,23354.00,2740032.51
1493155409,23865.00,2681233.03
1493155410,22599.00,2831953.94
1493155411,22439.00,2851222.62
1493155412,20476.00,3124744.95
1493155413,20235.00,3135060.01
1493155414,22794.00,2831200.85
1493155415,25384.00,2521136.98
1493155416,21267.00,2996592.55
1493155417,24045.00,2671377.80
1493155418,22920.00,2791932.31
1493155419,25061.00,2533101.82
1493155420,22211.00,2972596.85
1493155421,22832.00,2809497.40
1493155422,23810.00,2686411.44
1493155423,24584.00,2603232.53
1493155424,23044.00,2776439.99
1493155425,21051.00,3040259.49
1493155426,23890.00,2678334.96
1493155427,24314.00,2631409.85
1493155428,25458.00,2513445.89
1493155429,21608.00,2961386.92
1493155430,23468.00,2726303.63
1493155431,22751.00,2812444.97
1493155432,24224.00,2641198.17
1493155433,21892.00,2922891.06
1493155434,24650.00,2596086.16
1493155435,22793.00,2806277.24
1493155436,24683.00,2593132.03
1493155437,23998.00,2666638.75
1493155438,22965.00,2784798.62
1493155439,21911.00,2917586.32
1493155440,22980.00,2787858.31
1493155441,23172.00,2760307.92
1493155442,21842.00,2931064.54
1493155443,24406.00,2620371.18
1493155444,22407.00,2856842.23
1493155445,24712.00,2588503.22
1493155446,22395.00,2858523.15
1493155447,24454.00,2616087.98
1493155448,24007.00,2665336.26
1493155449,22631.00,2826886.14
1493155450,22922.00,2791520.89
1493155451,22770.00,2810739.27
1493155452,23821.00,2686470.59
1493155453,22918.00,2791134.96
1493155454,23225.00,2754677.93
1493155455,24046.00,2660685.10
1493155456,22971.00,2785989.22
1493155457,24771.00,2583484.64
1493155458,21346.00,2997708.72
1493155459,24037.00,2661862.78
1493155460,24358.00,2626494.90
1493155461,24132.00,2651884.95
1493155462,23078.00,2771994.16
1493155463,22514.00,2842756.50
1493155464,24484.00,2613351.50
1493155465,23198.00,2757903.97
1493155466,25352.00,2523997.90
1493155467,21578.00,2965267.62
1493155468,23995.00,2665828.76
1493155469,23379.00,2737563.43
1493155470,23990.00,2667561.34
1493155471,22969.00,2785933.68
1493155472,22492.00,2844350.30
1493155473,24191.00,2571894.20
1493155474,19878.00,3307052.70
1493155475,20080.00,3187859.06
1493155476,23274.00,2748801.59
1493155477,23215.00,2756166.32
1493155478,23631.00,2695230.36
1493155479,24093.00,2749464.21
1493155480,16710.00,3822327.38
1493155481,20347.00,3150995.17
1493155482,23559.00,2715540.85
1493155483,23208.00,2757837.57
1493155484,22622.00,2827095.55
1493155485,21676.00,2952570.13
1493155486,24337.00,2629761.44
1493155487,22158.00,2887355.07
1493155488,23353.00,2738653.28
1493155489,22376.00,2860644.50
1493155490,23087.00,2771575.24
1493155491,24810.00,2539497.00
1493155492,22057.00,2946110.67
1493155493,22568.00,2833748.56
1493155494,22434.00,2854019.86
1493155495,25397.00,2518983.02
1493155496,23219.00,2755401.25
1493155497,20803.00,3075183.52
1493155498,22630.00,2828986.42
1493155499,24714.00,2588427.60
1493155500,21821.00,2931218.70
1493155501,21446.00,2948056.64
1493155502,19600.00,3305075.72
1493155503,22086.00,2896864.52
1493155504,24339.00,2629298.77
1493155505,22302.00,2869019.09
1493155506,20923.00,3058058.86
1493155507,21203.00,3018718.62
1493155508,25362.00,2521891.19
1493155509,23069.00,2774183.36
1493155510,21959.00,2913316.20
1493155511,21159.00,2911405.69
1493155512,23986.00,2767764.11
1493155513,24312.00,2631352.35
1493155514,22674.00,2822173.47
1493155515,22463.00,2848729.18
1493155516,20202.00,3121130.50
1493155517,24975.00,2650587.23
1493155518,22572.00,2834624.23
1493155519,23808.00,2686783.58
1493155520,22715.00,2817929.71
1493155521,23962.00,2669221.63
1493155522,23082.00,2772555.77
1493155523,23914.00,2676444.78
1493155524,23086.00,2771816.62
1493155525,25487.00,2509777.37
1493155526,23154.00,2763280.78
1493155527,21742.00,2943111.28
1493155528,25428.00,2515766.77
1493155529,22481.00,2847437.60
1493155530,22728.00,2814975.68
1493155531,22512.00,2842676.81
1493155532,23836.00,2684438.19
1493155533,22485.00,2845557.92
1493155534,25106.00,2549301.18
1493155535,21452.00,2981555.83
1493155536,19203.00,3331042.40
1493155537,20602.00,3107482.07
1493155538,25311.00,2528462.95
1493155539,24313.00,2631868.91
1493155540,20826.00,3071811.50
1493155541,24429.00,2619114.52
1493155542,22745.00,2813577.90
1493155543,25719.00,2487486.54
1493155544,22553.00,2837966.17
1493155545,22179.00,2884050.06
1493155546,23046.00,2777199.83
1493155547,25334.00,2525554.07
1493155548,23356.00,2638888.87
1493155549,21904.00,3029107.93
1493155550,23022.00,2778532.31
1493155551,24540.00,2607219.05
1493155552,24632.00,2597476.96
1493155553,22208.00,2882335.01
1493155554,22490.00,2845319.29
1493155555,24678.00,2591329.16
1493155556,25483.00,2510934.29
1493155557,21378.00,2993385.10
1493155558,24615.00,2599087.45
1493155559,20711.00,3089387.67
1493155560,22925.00,2791726.78
1493155561,22656.00,2824166.48
1493155562,20176.00,3170853.53
1493155563,21789.00,2937100.36
1493155564,23571.00,2714478.48
1493155565,24456.00,2616554.97
1493155566,21626.00,2897886.25
1493155567,23800.00,2770297.80
1493155568,23876.00,2595907.53
1493155569,24227.00,2724082.01
1493155570,21118.00,3029630.19
1493155571,25370.00,2522697.06
1493155572,22712.00,2817405.38
1493155573,23784.00,2689467.93
1493155574,23357.00,2656435.68
1493155575,23178.00,2844680.62
1493155576,22958.00,2787206.42
1493155577,24308.00,2631657.07
1493155578,23580.00,2714512.76
1493155579,21224.00,3014113.45
1493155580,23451.00,2727928.82
1493155581,23967.00,2669967.04
1493155582,25272.00,2531680.25
1493155583,19752.00,3239818.92
1493155584,23926.00,2581859.01
1493155585,23720.00,2790456.73
1493155586,25386.00,2520571.57
1493155587,21674.00,2951938.48
1493155588,23739.00,2667286.95
1493155589,23260.00,2834354.44
1493155590,22223.00,2878675.61
1493155591,21718.00,2946389.75
1493155592,18806.00,3402843.56
1493155593,24021.00,2663098.05
1493155594,24592.00,2602437.72
1493155595,24608.00,2599618.27
1493155596,21537.00,2970821.17
1493155597,22036.00,2890718.56
1493155598,13641.00,4693198.47
1493155599,22942.00,2801032.56
1493155600,24271.00,2635722.47
1493155601,22358.00,2862461.52
1493155602,21294.00,3005423.27
1493155603,25204.00,2537966.77
1493155604,24200.00,2644610.04
1493155605,23837.00,2684170.61
1493155606,22154.00,2781058.79
1493155607,22984.00,2886572.56
1493155608,23538.00,2718374.64
1493155609,22489.00,2845624.72
1493155610,23494.00,2724204.82
1493155611,22826.00,2802995.32
1493155612,23552.00,2716751.43
1493155613,22642.00,2685230.39
1493155614,23820.00,2819195.07
1493155615,22722.00,2816933.77
1493155616,24135.00,2650651.41
1493155617,24251.00,2638562.55
1493155619,22897.00,2794443.29
1493155620,21029.00,3042835.77
1493155621,22252.00,2874839.81
1493155622,20387.00,3138900.34
1493155623,22095.00,2895320.13
1493155624,22365.00,2861797.62
1493155625,23301.00,2746698.04
1493155626,24033.00,2661763.10
1493155627,22461.00,2848850.60
1493155628,23061.00,2774634.22
1493155629,21038.00,3041289.08
1493155630,24694.00,2591224.01
1493155631,23856.00,2682561.60
1493155632,21484.00,2977913.43
1493155633,22375.00,2860216.40
1493155634,23544.00,2717934.73
1493155635,23958.00,2668932.61
1493155636,23399.00,2734772.43
1493155637,21511.00,2975651.07
1493155638,23461.00,2727164.98
1493155639,24100.00,2655143.43
1493155640,23077.00,2772626.82
1493155641,23583.00,2713393.65
1493155642,21387.00,2991199.91
1493155643,24637.00,2597203.88
