--Probe dump file for probe: org.yardstickframework.probes.DStatProbe@29d37757 (class org.yardstickframework.probes.DStatProbe)
--Created Tue Apr 25 22:04:42 UTC 2017
--Benchmark config: BenchmarkConfiguration [memberId='0', driverNames='[IgniteGetAllPutAllTxBenchmark]', serverName='IgniteNode', threads=64, duration=300, warmup=60, dfltProbeClsNames=[ThroughputLatencyProbe, PercentileProbe, DStatProbe], propsFileName='yardstick/config/run.properties', packages=[org.yardstickframework, org.apache.ignite.yardstick], cmdArgs=[--outputFolder, /home/ubuntu/date-2504-204359-s-4-c-1-ver-2.0.0-SNAPSHOT-0be92732/yardstick/bin/../output/results-20170425-204411, -id, 0, -cfg, /home/ubuntu/date-2504-204359-s-4-c-1-ver-2.0.0-SNAPSHOT-0be92732/yardstick/bin/../config/ignite-config.xml, -nn, 5, -b, 1, -w, 60, -d, 300, -t, 64, -sm, FULL_SYNC, -bs, 6, -txc, PESSIMISTIC, --client, -dn, IgniteGetAllPutAllTxBenchmark, -sn, IgniteNode, -ds, 2.0.0-SNAPSHOT-0be92732-tx-pessimistic-getAllPutAll-bs-6-1-backup, --config, yardstick/config/run.properties, --logsFolder, /home/ubuntu/date-2504-204359-s-4-c-1-ver-2.0.0-SNAPSHOT-0be92732/yardstick/bin/../output/logs-20170425-204411/logs_drivers, --currentFolder, /home/ubuntu/date-2504-204359-s-4-c-1-ver-2.0.0-SNAPSHOT-0be92732, --scriptsFolder, /home/ubuntu/date-2504-204359-s-4-c-1-ver-2.0.0-SNAPSHOT-0be92732/yardstick/bin], probeWriter='null', customProps={ver=2.0.0-SNAPSHOT-0be92732- , b=1, d=300, SERVER_HOSTS=172.31.45.250,172.31.38.80,172.31.41.141,172.31.42.161, now0=`date +'%H%M%S'`, j=10, nodesNum=$((`echo ${SERVER_HOSTS} | tr ',' '' | wc -l` + `echo ${DRIVER_HOSTS} | tr ',' '' | wc -l`)), JVM_OPTS=${JVM_OPTS}" -Xms6g -Xmx6g -Xloggc:./gc${now0}.log -XX:+PrintGCDetails -verbose:gc -XX:+UseParNewGC -XX:+UseConcMarkSweepGC ", CONFIGS="-cfg ${SCRIPT_DIR}/../config/ignite-config.xml -nn ${nodesNum} -b ${b} -w ${w} -d ${d} -t ${t} -sm ${sm}  --client -dn IgnitePutBenchmark -sn IgniteNode -wom PRIMARY -ds ${ver}atomic-put-${b}-backup,-cfg ${SCRIPT_DIR}/../config/ignite-config.xml -nn ${nodesNum} -b ${b} -w ${w} -d ${d} -t ${t} -sm ${sm}  --client -dn IgnitePutGetBenchmark -sn IgniteNode -wom PRIMARY -ds ${ver}atomic-put-get-${b}-backup,-cfg ${SCRIPT_DIR}/../config/ignite-config.xml -nn ${nodesNum} -b ${b} -w ${w} -d ${d} -t ${t} -sm ${sm} -bs 6  --client -dn IgnitePutGetBatchBenchmark -wom PRIMARY -sn IgniteNode -ds ${ver}atomic-put-get-bs-6-${b}-backup,-cfg ${SCRIPT_DIR}/../config/ignite-config.xml -nn ${nodesNum} -b ${b} -w ${w} -d ${d} -t ${t} -sm ${sm}  --client -dn IgnitePutTxImplicitBenchmark -sn IgniteNode -ds ${ver}tx-optimistic-put-${b}-backup,-cfg ${SCRIPT_DIR}/../config/ignite-config.xml -nn ${nodesNum} -b ${b} -w ${w} -d ${d} -t ${t} -sm ${sm} -txc OPTIMISTIC  --client -dn IgnitePutGetTxBenchmark -sn IgniteNode -ds ${ver}tx-optim-repRead-put-get-${b}-backup,-cfg ${SCRIPT_DIR}/../config/ignite-config.xml -nn ${nodesNum} -b ${b} -w ${w} -d ${d} -t ${t} -sm ${sm} -txc PESSIMISTIC  --client -dn IgnitePutGetTxBenchmark -sn IgniteNode -ds ${ver}tx-pessim-repRead-put-get-${b}-backup,-cfg ${SCRIPT_DIR}/../config/ignite-config.xml -nn ${nodesNum} -b ${b} -w ${w} -d ${d} -t ${t} -sm ${sm} -txc OPTIMISTIC -txi SERIALIZABLE  --client -dn IgnitePutGetTxBenchmark -sn IgniteNode -ds ${ver}tx-opt-serial-put-get-${b}-backup,-cfg ${SCRIPT_DIR}/../config/ignite-config.xml -nn ${nodesNum} -b ${b} -w ${w} -d ${d} -t ${t} -sm ${sm}  --client -dn IgniteSqlQueryBenchmark -sn IgniteNode -ds ${ver}sql-query-${b}-backup,-cfg ${SCRIPT_DIR}/../config/ignite-config.xml -nn ${nodesNum} -b ${b} -w ${w} -d ${d} -t ${t} -sm ${sm}  --client -dn IgniteSqlQueryPutBenchmark -sn IgniteNode -ds ${ver}sql-query-put-${b}-backup,-cfg ${SCRIPT_DIR}/../config/ignite-config.xml -nn ${nodesNum} -b ${b} -w ${w} -d ${d} -t ${t} -sm ${sm} -bs 6  --client -dn IgnitePutAllBenchmark -wom PRIMARY -sn IgniteNode -ds ${ver}atomic-putAll-bs-6-${b}-backup,-cfg ${SCRIPT_DIR}/../config/ignite-config.xml -nn ${nodesNum} -b ${b} -w ${w} -d ${d} -t ${t} -sm ${sm} -bs 6  --client -dn IgnitePutAllTxBenchmark -sn IgniteNode -ds ${ver}tx-putAll-bs-6-${b}-backup,-cfg ${SCRIPT_DIR}/../config/ignite-config.xml -nn ${nodesNum} -b ${b} -w ${w} -d ${d} -t ${t} -sm ${sm} -bs 6  --client -dn IgnitePutAllSerializableTxBenchmark -sn IgniteNode -ds ${ver}tx-putAllSerializable-bs-6-${b}-backup,-cfg ${SCRIPT_DIR}/../config/ignite-config.xml -nn ${nodesNum} -b ${b} -w ${w} -d ${d} -t ${t} -sm ${sm} -bs 6 -txc OPTIMISTIC   --client -dn IgniteGetAllPutAllTxBenchmark -sn IgniteNode -ds ${ver}tx-optimistic-getAllPutAll-bs-6-${b}-backup,-cfg ${SCRIPT_DIR}/../config/ignite-config.xml -nn ${nodesNum} -b ${b} -w ${w} -d ${d} -t ${t} -sm ${sm} -bs 6 -txc PESSIMISTIC  --client -dn IgniteGetAllPutAllTxBenchmark -sn IgniteNode -ds ${ver}tx-pessimistic-getAllPutAll-bs-6-${b}-backup,-cfg ${SCRIPT_DIR}/../config/ignite-config.xml -nn ${nodesNum} -b ${b} -w ${w} -d ${d} -t ${t} -sm ${sm} -bs 6 -txc OPTIMISTIC -txi SERIALIZABLE  --client -dn IgniteGetAllPutAllTxBenchmark -sn IgniteNode -ds ${ver}tx-opt-serializable-getAllPutAll-bs-6-${b}-backup,", DRIVER_HOSTS=172.31.46.6, t=64, BENCHMARK_PACKAGES=org.yardstickframework,org.apache.ignite.yardstick, w=60, sm=FULL_SYNC, AUTO_COPY=false, RESTART_SERVERS=true}, shutdownHook=true, currentFolder=/home/ubuntu/date-2504-204359-s-4-c-1-ver-2.0.0-SNAPSHOT-0be92732, scriptsFolder=/home/ubuntu/date-2504-204359-s-4-c-1-ver-2.0.0-SNAPSHOT-0be92732/yardstick/bin, logsFolder=/home/ubuntu/date-2504-204359-s-4-c-1-ver-2.0.0-SNAPSHOT-0be92732/yardstick/bin/../output/logs-20170425-204411/logs_drivers, outputFolder=/home/ubuntu/date-2504-204359-s-4-c-1-ver-2.0.0-SNAPSHOT-0be92732/yardstick/bin/../output/results-20170425-204411, outputWriter=java.io.PrintStream@4b3919dd, errorWriter=java.io.PrintStream@45fefeca, descriptions=[2.0.0-SNAPSHOT-0be92732-tx-pessimistic-getAllPutAll-bs-6-1-backup], hostName=]
--Description: 2.0.0-SNAPSHOT-0be92732-tx-pessimistic-getAllPutAll-bs-6-1-backup
@@IgniteGetAllPutAllTxBenchmark
**"Time, sec","Memory Used, KB","Memory Buffered, KB","Memory Cached, KB","Memory Free, KB","CPU User, %","CPU System, %","CPU Idle, %","CPU Wait, %","CPU Hardware Interrupts","CPU Software Interrupts","Disk Read, B","Disk Write, B","Network Receive, B","Network Send, B","Page In, B","Page Out, B","System Interrupts, per sec","System Context Switches, per sec"
1493157943,1482752.00,159744.00,5153792.00,56098816.00,17.00,8.00,70.00,0.00,0.00,5.00,0.00,40960.00,14680064.00,25165824.00,0.00,0.00,167936.00,166912.00
1493157944,1485824.00,159744.00,5153792.00,56098816.00,23.00,11.00,59.00,2.00,0.00,5.00,0.00,0.00,15728640.00,28311552.00,0.00,0.00,184320.00,184320.00
1493157945,1484800.00,159744.00,5153792.00,56098816.00,19.00,11.00,65.00,1.00,0.00,4.00,0.00,106496.00,15728640.00,27262976.00,0.00,0.00,180224.00,178176.00
1493157946,1487872.00,159744.00,5153792.00,56098816.00,17.00,6.00,73.00,0.00,0.00,3.00,0.00,0.00,11534336.00,19922944.00,0.00,0.00,142336.00,141312.00
1493157947,1487872.00,159744.00,5153792.00,56098816.00,19.00,10.00,66.00,0.00,0.00,5.00,0.00,0.00,15728640.00,27262976.00,0.00,0.00,180224.00,180224.00
1493157948,1489920.00,159744.00,5153792.00,56098816.00,23.00,11.00,61.00,0.00,0.00,5.00,0.00,24576.00,16777216.00,28311552.00,0.00,0.00,184320.00,185344.00
1493157949,1489920.00,159744.00,5153792.00,56098816.00,17.00,11.00,67.00,0.00,0.00,5.00,0.00,147456.00,14680064.00,26214400.00,0.00,0.00,176128.00,173056.00
1493157950,1491968.00,159744.00,5153792.00,56098816.00,20.00,9.00,68.00,0.00,0.00,4.00,0.00,0.00,14680064.00,25165824.00,0.00,0.00,169984.00,169984.00
1493157951,1492992.00,159744.00,5153792.00,56098816.00,22.00,11.00,62.00,0.00,0.00,4.00,0.00,0.00,15728640.00,27262976.00,0.00,0.00,182272.00,181248.00
1493157952,1495040.00,159744.00,5153792.00,56098816.00,20.00,11.00,64.00,0.00,0.00,5.00,0.00,0.00,16777216.00,28311552.00,0.00,0.00,183296.00,184320.00
1493157953,1496064.00,159744.00,5153792.00,56098816.00,22.00,10.00,64.00,0.00,0.00,4.00,0.00,0.00,14680064.00,26214400.00,0.00,0.00,172032.00,172032.00
1493157954,1496064.00,159744.00,5153792.00,56098816.00,20.00,9.00,66.00,0.00,0.00,5.00,0.00,0.00,15728640.00,27262976.00,0.00,0.00,182272.00,180224.00
1493157955,1498112.00,159744.00,5153792.00,56098816.00,22.00,11.00,62.00,0.00,0.00,5.00,0.00,114688.00,15728640.00,27262976.00,0.00,0.00,185344.00,184320.00
1493157956,1498112.00,159744.00,5153792.00,56098816.00,17.00,9.00,69.00,0.00,0.00,5.00,0.00,0.00,14680064.00,25165824.00,0.00,0.00,171008.00,169984.00
1493157957,1500160.00,159744.00,5153792.00,56098816.00,22.00,10.00,63.00,0.00,0.00,4.00,0.00,0.00,15728640.00,27262976.00,0.00,0.00,178176.00,177152.00
1493157958,1500160.00,159744.00,5153792.00,56098816.00,20.00,10.00,65.00,0.00,0.00,6.00,0.00,16384.00,16777216.00,28311552.00,0.00,0.00,187392.00,184320.00
1493157959,1503232.00,159744.00,5153792.00,56098816.00,19.00,9.00,66.00,0.00,0.00,6.00,0.00,0.00,14680064.00,26214400.00,0.00,0.00,174080.00,172032.00
1493157960,1504256.00,159744.00,5153792.00,56098816.00,24.00,10.00,61.00,0.00,0.00,5.00,0.00,139264.00,15728640.00,27262976.00,0.00,0.00,181248.00,180224.00
1493157961,1504256.00,159744.00,5153792.00,56098816.00,19.00,9.00,67.00,0.00,0.00,5.00,0.00,0.00,15728640.00,27262976.00,0.00,0.00,186368.00,184320.00
1493157962,1506304.00,159744.00,5153792.00,56098816.00,21.00,8.00,67.00,0.00,0.00,4.00,0.00,0.00,14680064.00,24117248.00,0.00,0.00,172032.00,173056.00
1493157963,1507328.00,159744.00,5153792.00,56098816.00,20.00,11.00,64.00,0.00,0.00,6.00,0.00,65536.00,16777216.00,28311552.00,0.00,0.00,190464.00,188416.00
1493157964,1508352.00,159744.00,5153792.00,56098816.00,20.00,9.00,65.00,0.00,0.00,5.00,0.00,0.00,15728640.00,27262976.00,0.00,0.00,177152.00,175104.00
1493157965,1509376.00,159744.00,5153792.00,56098816.00,22.00,11.00,63.00,0.00,0.00,4.00,0.00,172032.00,16777216.00,29360128.00,0.00,0.00,190464.00,189440.00
1493157966,1510400.00,159744.00,5153792.00,56098816.00,19.00,10.00,67.00,0.00,0.00,4.00,0.00,0.00,15728640.00,26214400.00,0.00,0.00,178176.00,176128.00
1493157967,1510400.00,159744.00,5153792.00,56098816.00,19.00,11.00,65.00,0.00,0.00,6.00,0.00,0.00,16777216.00,28311552.00,0.00,0.00,190464.00,187392.00
1493157968,1512448.00,159744.00,5153792.00,56098816.00,20.00,9.00,66.00,0.00,0.00,5.00,0.00,491520.00,15728640.00,27262976.00,0.00,0.00,176128.00,177152.00
1493157969,1514496.00,159744.00,5153792.00,56098816.00,22.00,11.00,62.00,0.00,0.00,6.00,0.00,0.00,16777216.00,28311552.00,0.00,0.00,190464.00,188416.00
1493157970,1515520.00,159744.00,5153792.00,56098816.00,21.00,12.00,62.00,0.00,0.00,5.00,0.00,180224.00,16777216.00,29360128.00,0.00,0.00,195584.00,193536.00
1493157971,1517568.00,159744.00,5153792.00,56098816.00,20.00,10.00,66.00,0.00,0.00,5.00,0.00,0.00,14680064.00,25165824.00,0.00,0.00,171008.00,169984.00
1493157972,1517568.00,159744.00,5153792.00,56098816.00,21.00,9.00,65.00,0.00,0.00,4.00,0.00,0.00,15728640.00,27262976.00,0.00,0.00,183296.00,183296.00
1493157973,1518592.00,159744.00,5153792.00,56098816.00,23.00,11.00,61.00,0.00,0.00,6.00,0.00,40960.00,16777216.00,28311552.00,0.00,0.00,186368.00,186368.00
1493157974,1519616.00,159744.00,5153792.00,56098816.00,18.00,8.00,69.00,0.00,0.00,5.00,0.00,0.00,15728640.00,27262976.00,0.00,0.00,183296.00,182272.00
1493157975,1520640.00,159744.00,5153792.00,55993958.40,21.00,11.00,64.00,0.00,0.00,4.00,0.00,114688.00,15728640.00,26214400.00,0.00,0.00,176128.00,173056.00
1493157976,1523712.00,159744.00,5153792.00,55993958.40,26.00,10.00,59.00,0.00,0.00,5.00,0.00,0.00,16777216.00,29360128.00,0.00,0.00,191488.00,189440.00
1493157977,1523712.00,159744.00,5153792.00,55993958.40,17.00,10.00,68.00,0.00,0.00,5.00,0.00,0.00,14680064.00,26214400.00,0.00,0.00,169984.00,168960.00
1493157978,1525760.00,159744.00,5153792.00,55993958.40,24.00,11.00,60.00,0.00,0.00,5.00,0.00,40960.00,16777216.00,28311552.00,0.00,0.00,183296.00,182272.00
1493157979,1525760.00,159744.00,5153792.00,55993958.40,22.00,11.00,62.00,0.00,0.00,5.00,0.00,0.00,16777216.00,29360128.00,0.00,0.00,191488.00,191488.00
1493157980,1527808.00,159744.00,5153792.00,55993958.40,21.00,9.00,64.00,1.00,0.00,5.00,0.00,131072.00,15728640.00,26214400.00,0.00,0.00,171008.00,171008.00
1493157981,1527808.00,159744.00,5153792.00,55993958.40,21.00,12.00,61.00,0.00,0.00,6.00,0.00,0.00,16777216.00,29360128.00,0.00,0.00,189440.00,188416.00
1493157982,1529856.00,159744.00,5153792.00,55993958.40,23.00,10.00,61.00,0.00,0.00,6.00,0.00,0.00,16777216.00,28311552.00,0.00,0.00,185344.00,184320.00
1493157983,1528832.00,159744.00,5153792.00,55993958.40,17.00,9.00,70.00,0.00,0.00,5.00,0.00,32768.00,14680064.00,25165824.00,0.00,0.00,164864.00,163840.00
1493157984,1534976.00,159744.00,5153792.00,55993958.40,27.00,12.00,56.00,0.00,0.00,5.00,0.00,0.00,16777216.00,29360128.00,0.00,0.00,196608.00,195584.00
1493157985,1536000.00,159744.00,5153792.00,55993958.40,24.00,10.00,61.00,0.00,0.00,5.00,0.00,131072.00,16777216.00,28311552.00,0.00,0.00,184320.00,184320.00
1493157986,1536000.00,159744.00,5153792.00,55993958.40,16.00,8.00,72.00,0.00,0.00,4.00,0.00,0.00,14680064.00,25165824.00,0.00,0.00,166912.00,164864.00
1493157987,1537024.00,159744.00,5153792.00,55993958.40,25.00,12.00,57.00,0.00,0.00,6.00,0.00,0.00,16777216.00,29360128.00,0.00,0.00,195584.00,194560.00
1493157988,1538048.00,159744.00,5153792.00,55993958.40,19.00,11.00,65.00,0.00,0.00,5.00,0.00,8192.00,16777216.00,29360128.00,0.00,0.00,188416.00,189440.00
1493157989,1540096.00,159744.00,5153792.00,55993958.40,21.00,8.00,67.00,0.00,0.00,4.00,0.00,0.00,14680064.00,25165824.00,0.00,0.00,163840.00,163840.00
1493157990,1540096.00,159744.00,5153792.00,55993958.40,20.00,11.00,64.00,0.00,0.00,5.00,0.00,114688.00,15728640.00,27262976.00,0.00,0.00,182272.00,184320.00
1493157991,1542144.00,159744.00,5153792.00,55993958.40,24.00,10.00,60.00,0.00,0.00,6.00,0.00,0.00,16777216.00,28311552.00,0.00,0.00,183296.00,186368.00
1493157992,1544192.00,159744.00,5153792.00,55993958.40,19.00,10.00,66.00,0.00,0.00,5.00,0.00,0.00,15728640.00,26214400.00,0.00,0.00,176128.00,174080.00
1493157993,1544192.00,159744.00,5153792.00,55993958.40,21.00,10.00,63.00,0.00,0.00,6.00,0.00,16384.00,16777216.00,28311552.00,0.00,0.00,187392.00,187392.00
1493157994,1546240.00,159744.00,5153792.00,55993958.40,22.00,10.00,64.00,0.00,0.00,5.00,0.00,0.00,15728640.00,26214400.00,0.00,0.00,176128.00,175104.00
1493157995,1546240.00,159744.00,5153792.00,55993958.40,22.00,12.00,61.00,0.00,0.00,6.00,0.00,114688.00,16777216.00,29360128.00,0.00,0.00,190464.00,188416.00
1493157996,1549312.00,159744.00,5153792.00,55993958.40,24.00,11.00,60.00,0.00,0.00,5.00,0.00,0.00,16777216.00,28311552.00,0.00,0.00,189440.00,187392.00
1493157997,1548288.00,159744.00,5153792.00,55993958.40,19.00,10.00,66.00,0.00,0.00,5.00,0.00,0.00,16777216.00,28311552.00,0.00,0.00,183296.00,182272.00
1493157998,1550336.00,159744.00,5153792.00,55993958.40,22.00,11.00,62.00,0.00,0.00,5.00,0.00,32768.00,16777216.00,28311552.00,0.00,0.00,189440.00,187392.00
1493157999,1553408.00,159744.00,5153792.00,55993958.40,23.00,10.00,62.00,0.00,0.00,6.00,0.00,0.00,16777216.00,28311552.00,0.00,0.00,189440.00,189440.00
1493158000,1552384.00,159744.00,5153792.00,55993958.40,17.00,10.00,68.00,0.00,0.00,6.00,0.00,155648.00,15728640.00,27262976.00,0.00,0.00,183296.00,182272.00
1493158001,1555456.00,159744.00,5153792.00,55993958.40,22.00,10.00,64.00,0.00,0.00,4.00,0.00,0.00,15728640.00,26214400.00,0.00,0.00,173056.00,174080.00
1493158002,1555456.00,159744.00,5153792.00,55993958.40,23.00,11.00,62.00,0.00,0.00,4.00,0.00,0.00,16777216.00,28311552.00,0.00,0.00,187392.00,185344.00
1493158003,1556480.00,159744.00,5153792.00,55993958.40,20.00,10.00,66.00,0.00,0.00,5.00,0.00,507904.00,15728640.00,26214400.00,0.00,0.00,179200.00,177152.00
1493158004,1557504.00,159744.00,5153792.00,55993958.40,18.00,10.00,67.00,0.00,0.00,5.00,0.00,0.00,15728640.00,27262976.00,0.00,0.00,182272.00,180224.00
1493158005,1558528.00,159744.00,5153792.00,55993958.40,23.00,10.00,61.00,3.00,0.00,4.00,0.00,196608.00,15728640.00,26214400.00,0.00,0.00,177152.00,176128.00
1493158006,1560576.00,159744.00,5153792.00,55993958.40,26.00,12.00,57.00,0.00,0.00,5.00,0.00,0.00,17825792.00,30408704.00,0.00,0.00,198656.00,198656.00
1493158007,1560576.00,159744.00,5153792.00,55993958.40,14.00,8.00,75.00,0.00,0.00,4.00,0.00,0.00,13631488.00,23068672.00,0.00,0.00,155648.00,154624.00
1493158008,1560576.00,159744.00,5153792.00,55993958.40,13.00,7.00,77.00,0.00,0.00,3.00,0.00,0.00,12582912.00,22020096.00,0.00,0.00,157696.00,156672.00
1493158009,1563648.00,159744.00,5153792.00,55993958.40,15.00,8.00,73.00,0.00,0.00,4.00,0.00,0.00,13631488.00,23068672.00,0.00,0.00,185344.00,181248.00
1493158010,1563648.00,159744.00,5153792.00,55993958.40,14.00,7.00,75.00,0.00,0.00,4.00,0.00,114688.00,13631488.00,23068672.00,0.00,0.00,163840.00,161792.00
1493158011,1564672.00,159744.00,5153792.00,55993958.40,23.00,11.00,62.00,0.00,0.00,4.00,0.00,0.00,15728640.00,27262976.00,0.00,0.00,186368.00,185344.00
1493158012,1566720.00,159744.00,5153792.00,55993958.40,22.00,10.00,62.00,0.00,0.00,6.00,0.00,0.00,16777216.00,29360128.00,0.00,0.00,189440.00,190464.00
1493158013,1567744.00,159744.00,5153792.00,55993958.40,19.00,9.00,66.00,0.00,0.00,6.00,0.00,40960.00,16777216.00,28311552.00,0.00,0.00,182272.00,181248.00
1493158014,1569792.00,159744.00,5153792.00,55993958.40,21.00,10.00,65.00,0.00,0.00,4.00,0.00,0.00,15728640.00,27262976.00,0.00,0.00,178176.00,177152.00
1493158015,1569792.00,159744.00,5153792.00,55993958.40,23.00,13.00,58.00,0.00,0.00,6.00,0.00,131072.00,17825792.00,31457280.00,0.00,0.00,202752.00,201728.00
1493158016,1571840.00,159744.00,5153792.00,55993958.40,22.00,10.00,63.00,0.00,0.00,5.00,0.00,0.00,15728640.00,27262976.00,0.00,0.00,176128.00,175104.00
1493158017,1571840.00,159744.00,5153792.00,55993958.40,20.00,10.00,65.00,0.00,0.00,5.00,0.00,0.00,16777216.00,28311552.00,0.00,0.00,185344.00,183296.00
1493158018,1572864.00,159744.00,5153792.00,55993958.40,24.00,10.00,61.00,0.00,0.00,6.00,0.00,32768.00,16777216.00,29360128.00,0.00,0.00,195584.00,194560.00
1493158019,1576960.00,159744.00,5153792.00,55993958.40,20.00,9.00,67.00,0.00,0.00,4.00,0.00,0.00,15728640.00,26214400.00,0.00,0.00,173056.00,172032.00
1493158020,1575936.00,159744.00,5153792.00,55993958.40,20.00,11.00,63.00,0.00,0.00,5.00,0.00,131072.00,16777216.00,28311552.00,0.00,0.00,192512.00,191488.00
1493158021,1577984.00,159744.00,5153792.00,55993958.40,20.00,9.00,67.00,0.00,0.00,4.00,0.00,0.00,14680064.00,26214400.00,0.00,0.00,180224.00,179200.00
1493158022,1577984.00,159744.00,5153792.00,55993958.40,21.00,11.00,64.00,0.00,0.00,4.00,0.00,0.00,15728640.00,27262976.00,0.00,0.00,171008.00,176128.00
1493158023,1580032.00,159744.00,5153792.00,55993958.40,25.00,11.00,60.00,0.00,0.00,4.00,0.00,16384.00,16777216.00,28311552.00,0.00,0.00,184320.00,186368.00
1493158024,1580032.00,159744.00,5153792.00,55993958.40,21.00,11.00,63.00,0.00,0.00,5.00,0.00,0.00,16777216.00,28311552.00,0.00,0.00,191488.00,189440.00
1493158025,1583104.00,159744.00,5153792.00,55993958.40,19.00,9.00,69.00,0.00,0.00,4.00,0.00,139264.00,14680064.00,25165824.00,0.00,0.00,165888.00,165888.00
1493158026,1584128.00,159744.00,5153792.00,55993958.40,25.00,12.00,57.00,0.00,0.00,6.00,0.00,0.00,17825792.00,30408704.00,0.00,0.00,200704.00,198656.00
1493158027,1584128.00,159744.00,5153792.00,55993958.40,20.00,10.00,64.00,0.00,0.00,5.00,0.00,0.00,16777216.00,29360128.00,0.00,0.00,190464.00,189440.00
1493158028,1587200.00,159744.00,5153792.00,55993958.40,18.00,8.00,70.00,0.00,0.00,4.00,0.00,32768.00,14680064.00,24117248.00,0.00,0.00,166912.00,165888.00
1493158029,1586176.00,159744.00,5153792.00,55993958.40,21.00,11.00,62.00,0.00,0.00,6.00,0.00,0.00,17825792.00,30408704.00,0.00,0.00,203776.00,204800.00
1493158030,1591296.00,159744.00,5153792.00,55993958.40,21.00,10.00,63.00,0.00,0.00,5.00,0.00,147456.00,15728640.00,27262976.00,0.00,0.00,178176.00,176128.00
1493158031,1591296.00,159744.00,5153792.00,55993958.40,19.00,10.00,66.00,0.00,0.00,5.00,0.00,0.00,15728640.00,27262976.00,0.00,0.00,181248.00,181248.00
1493158032,1593344.00,159744.00,5153792.00,55993958.40,22.00,9.00,64.00,0.00,0.00,5.00,0.00,0.00,15728640.00,27262976.00,0.00,0.00,183296.00,182272.00
1493158033,1595392.00,159744.00,5153792.00,55993958.40,21.00,12.00,62.00,0.00,0.00,5.00,0.00,65536.00,16777216.00,28311552.00,0.00,0.00,188416.00,189440.00
1493158034,1595392.00,159744.00,5153792.00,55993958.40,18.00,10.00,67.00,0.00,0.00,5.00,0.00,0.00,15728640.00,26214400.00,0.00,0.00,179200.00,179200.00
1493158035,1596416.00,159744.00,5153792.00,55993958.40,23.00,10.00,61.00,0.00,0.00,6.00,0.00,139264.00,16777216.00,28311552.00,0.00,0.00,190464.00,188416.00
1493158036,1597440.00,159744.00,5153792.00,55993958.40,22.00,11.00,62.00,0.00,0.00,5.00,0.00,0.00,16777216.00,28311552.00,0.00,0.00,191488.00,190464.00
1493158037,1599488.00,159744.00,5153792.00,55993958.40,20.00,9.00,66.00,0.00,0.00,4.00,0.00,0.00,15728640.00,26214400.00,0.00,0.00,176128.00,175104.00
1493158038,1599488.00,159744.00,5153792.00,55993958.40,18.00,10.00,67.00,0.00,0.00,5.00,0.00,131072.00,15728640.00,27262976.00,0.00,0.00,182272.00,180224.00
1493158039,1601536.00,159744.00,5153792.00,55993958.40,22.00,11.00,61.00,0.00,0.00,6.00,0.00,352256.00,16777216.00,28311552.00,0.00,0.00,187392.00,187392.00
1493158040,1603584.00,159744.00,5153792.00,55993958.40,18.00,12.00,65.00,0.00,0.00,5.00,0.00,188416.00,16777216.00,28311552.00,0.00,0.00,188416.00,186368.00
1493158041,1603584.00,159744.00,5153792.00,55993958.40,17.00,10.00,67.00,0.00,0.00,6.00,0.00,0.00,15728640.00,26214400.00,0.00,0.00,176128.00,177152.00
1493158042,1605632.00,159744.00,5153792.00,55993958.40,23.00,12.00,60.00,0.00,0.00,5.00,0.00,0.00,16777216.00,29360128.00,0.00,0.00,189440.00,189440.00
1493158043,1605632.00,159744.00,5153792.00,55993958.40,17.00,10.00,68.00,0.00,0.00,5.00,0.00,0.00,15728640.00,28311552.00,0.00,0.00,182272.00,181248.00
1493158044,1607680.00,159744.00,5153792.00,55993958.40,24.00,10.00,60.00,0.00,0.00,6.00,0.00,0.00,16777216.00,29360128.00,0.00,0.00,188416.00,188416.00
1493158045,1607680.00,159744.00,5153792.00,55993958.40,19.00,10.00,66.00,0.00,0.00,5.00,0.00,114688.00,15728640.00,27262976.00,0.00,0.00,182272.00,182272.00
1493158046,1609728.00,159744.00,5153792.00,55993958.40,21.00,11.00,63.00,0.00,0.00,5.00,0.00,0.00,16777216.00,28311552.00,0.00,0.00,189440.00,188416.00
1493158047,1611776.00,159744.00,5153792.00,55993958.40,23.00,10.00,61.00,0.00,0.00,6.00,0.00,0.00,16777216.00,28311552.00,0.00,0.00,188416.00,190464.00
1493158048,1611776.00,159744.00,5153792.00,55993958.40,19.00,11.00,66.00,0.00,0.00,5.00,0.00,0.00,15728640.00,27262976.00,0.00,0.00,182272.00,180224.00
1493158049,1613824.00,159744.00,5153792.00,55993958.40,20.00,10.00,65.00,0.00,0.00,5.00,0.00,24576.00,15728640.00,26214400.00,0.00,0.00,177152.00,176128.00
1493158050,1613824.00,159744.00,5153792.00,55993958.40,19.00,10.00,66.00,0.00,0.00,5.00,0.00,131072.00,16777216.00,28311552.00,0.00,0.00,193536.00,191488.00
1493158051,1616896.00,159744.00,5153792.00,55993958.40,24.00,10.00,61.00,0.00,0.00,5.00,0.00,0.00,16777216.00,28311552.00,0.00,0.00,184320.00,184320.00
1493158052,1616896.00,159744.00,5153792.00,55993958.40,18.00,10.00,67.00,0.00,0.00,5.00,0.00,0.00,15728640.00,28311552.00,0.00,0.00,182272.00,183296.00
1493158053,1617920.00,159744.00,5153792.00,55993958.40,23.00,10.00,63.00,0.00,0.00,4.00,0.00,0.00,16777216.00,28311552.00,0.00,0.00,188416.00,188416.00
1493158054,1619968.00,159744.00,5153792.00,55993958.40,22.00,10.00,64.00,0.00,0.00,5.00,0.00,32768.00,15728640.00,26214400.00,0.00,0.00,178176.00,175104.00
1493158055,1620992.00,159744.00,5153792.00,55993958.40,19.00,12.00,63.00,0.00,0.00,6.00,0.00,131072.00,16777216.00,29360128.00,0.00,0.00,193536.00,194560.00
1493158056,1623040.00,159744.00,5153792.00,55993958.40,23.00,12.00,61.00,0.00,0.00,4.00,0.00,0.00,16777216.00,28311552.00,0.00,0.00,189440.00,188416.00
1493158057,1623040.00,159744.00,5153792.00,55993958.40,16.00,8.00,70.00,0.00,0.00,5.00,0.00,0.00,14680064.00,25165824.00,0.00,0.00,167936.00,166912.00
1493158058,1625088.00,159744.00,5153792.00,55889100.80,25.00,13.00,57.00,0.00,0.00,5.00,0.00,0.00,17825792.00,30408704.00,0.00,0.00,200704.00,200704.00
1493158059,1625088.00,159744.00,5153792.00,55889100.80,21.00,11.00,64.00,0.00,0.00,4.00,0.00,16384.00,16777216.00,29360128.00,0.00,0.00,193536.00,191488.00
1493158060,1627136.00,159744.00,5153792.00,55889100.80,20.00,8.00,67.00,0.00,0.00,5.00,0.00,139264.00,14680064.00,25165824.00,0.00,0.00,165888.00,165888.00
1493158061,1630208.00,159744.00,5153792.00,55889100.80,21.00,11.00,63.00,0.00,0.00,6.00,0.00,0.00,16777216.00,28311552.00,0.00,0.00,188416.00,187392.00
1493158062,1629184.00,159744.00,5153792.00,55889100.80,21.00,10.00,64.00,0.00,0.00,5.00,0.00,0.00,16777216.00,29360128.00,0.00,0.00,195584.00,193536.00
1493158063,1631232.00,159744.00,5154816.00,55889100.80,20.00,9.00,67.00,0.00,0.00,4.00,0.00,0.00,14680064.00,25165824.00,0.00,0.00,168960.00,167936.00
1493158064,1631232.00,159744.00,5154816.00,55889100.80,20.00,11.00,63.00,0.00,0.00,6.00,0.00,73728.00,16777216.00,29360128.00,0.00,0.00,193536.00,192512.00
1493158065,1633280.00,159744.00,5154816.00,55889100.80,19.00,11.00,65.00,0.00,0.00,4.00,0.00,147456.00,15728640.00,27262976.00,0.00,0.00,177152.00,177152.00
1493158066,1634304.00,159744.00,5154816.00,55889100.80,21.00,11.00,62.00,0.00,0.00,6.00,0.00,0.00,16777216.00,29360128.00,0.00,0.00,191488.00,189440.00
1493158067,1635328.00,159744.00,5154816.00,55889100.80,23.00,11.00,61.00,0.00,0.00,6.00,0.00,0.00,16777216.00,29360128.00,0.00,0.00,187392.00,187392.00
1493158068,1635328.00,159744.00,5154816.00,55889100.80,17.00,10.00,69.00,0.00,0.00,5.00,0.00,0.00,14680064.00,26214400.00,0.00,0.00,172032.00,169984.00
1493158069,1638400.00,159744.00,5154816.00,55889100.80,15.00,7.00,73.00,0.00,0.00,4.00,0.00,24576.00,13631488.00,22020096.00,0.00,0.00,149504.00,150528.00
1493158070,1639424.00,159744.00,5154816.00,55889100.80,23.00,9.00,63.00,0.00,0.00,5.00,0.00,139264.00,15728640.00,26214400.00,0.00,0.00,178176.00,176128.00
1493158071,1640448.00,159744.00,5154816.00,55889100.80,19.00,9.00,67.00,0.00,0.00,5.00,0.00,0.00,15728640.00,27262976.00,0.00,0.00,182272.00,181248.00
1493158072,1644544.00,159744.00,5154816.00,55889100.80,20.00,13.00,63.00,0.00,0.00,5.00,0.00,0.00,16777216.00,28311552.00,0.00,0.00,185344.00,185344.00
1493158073,1644544.00,159744.00,5154816.00,55889100.80,20.00,14.00,61.00,0.00,0.00,5.00,0.00,0.00,17825792.00,29360128.00,0.00,0.00,193536.00,192512.00
1493158074,1645568.00,159744.00,5154816.00,55889100.80,21.00,9.00,66.00,0.00,0.00,5.00,0.00,442368.00,15728640.00,27262976.00,0.00,0.00,177152.00,176128.00
1493158075,1645568.00,159744.00,5154816.00,55889100.80,18.00,12.00,65.00,0.00,0.00,5.00,0.00,196608.00,16777216.00,28311552.00,0.00,0.00,185344.00,183296.00
1493158076,1648640.00,159744.00,5154816.00,55889100.80,22.00,9.00,64.00,0.00,0.00,5.00,0.00,0.00,15728640.00,27262976.00,0.00,0.00,183296.00,181248.00
1493158077,1649664.00,159744.00,5154816.00,55889100.80,25.00,12.00,57.00,0.00,0.00,6.00,0.00,0.00,17825792.00,30408704.00,0.00,0.00,196608.00,195584.00
1493158078,1649664.00,159744.00,5154816.00,55889100.80,17.00,9.00,69.00,0.00,0.00,5.00,0.00,0.00,15728640.00,27262976.00,0.00,0.00,183296.00,181248.00
1493158079,1651712.00,159744.00,5154816.00,55889100.80,21.00,11.00,64.00,0.00,0.00,5.00,0.00,0.00,15728640.00,27262976.00,0.00,0.00,178176.00,177152.00
1493158080,1651712.00,159744.00,5154816.00,55889100.80,20.00,13.00,61.00,0.00,0.00,6.00,0.00,114688.00,17825792.00,30408704.00,0.00,0.00,204800.00,202752.00
1493158081,1653760.00,159744.00,5154816.00,55889100.80,16.00,9.00,71.00,0.00,0.00,4.00,0.00,0.00,14680064.00,25165824.00,0.00,0.00,167936.00,167936.00
1493158082,1653760.00,159744.00,5154816.00,55889100.80,18.00,8.00,69.00,0.00,0.00,5.00,0.00,0.00,15728640.00,27262976.00,0.00,0.00,178176.00,179200.00
1493158083,1655808.00,159744.00,5154816.00,55889100.80,21.00,11.00,61.00,0.00,0.00,6.00,0.00,0.00,16777216.00,28311552.00,0.00,0.00,191488.00,191488.00
1493158084,1656832.00,159744.00,5154816.00,55889100.80,11.00,8.00,78.00,0.00,0.00,3.00,0.00,24576.00,11534336.00,20971520.00,0.00,0.00,143360.00,141312.00
1493158085,1658880.00,159744.00,5154816.00,55889100.80,20.00,9.00,67.00,0.00,0.00,4.00,0.00,131072.00,14680064.00,25165824.00,0.00,0.00,164864.00,163840.00
1493158086,1657856.00,159744.00,5154816.00,55889100.80,22.00,12.00,59.00,0.00,0.00,6.00,0.00,0.00,17825792.00,31457280.00,0.00,0.00,203776.00,202752.00
1493158087,1660928.00,159744.00,5154816.00,55889100.80,20.00,9.00,67.00,0.00,0.00,4.00,0.00,0.00,14680064.00,25165824.00,0.00,0.00,167936.00,166912.00
1493158088,1661952.00,159744.00,5154816.00,55889100.80,23.00,10.00,62.00,0.00,0.00,5.00,0.00,0.00,15728640.00,27262976.00,0.00,0.00,183296.00,184320.00
1493158089,1661952.00,159744.00,5154816.00,55889100.80,21.00,11.00,63.00,0.00,0.00,6.00,0.00,32768.00,17825792.00,29360128.00,0.00,0.00,201728.00,200704.00
1493158090,1664000.00,159744.00,5154816.00,55889100.80,18.00,8.00,70.00,0.00,0.00,4.00,0.00,155648.00,14680064.00,24117248.00,0.00,0.00,163840.00,164864.00
1493158091,1664000.00,159744.00,5154816.00,55889100.80,19.00,11.00,65.00,0.00,0.00,5.00,0.00,0.00,16777216.00,28311552.00,0.00,0.00,188416.00,188416.00
1493158092,1666048.00,159744.00,5154816.00,55889100.80,22.00,12.00,60.00,0.00,0.00,6.00,0.00,0.00,16777216.00,29360128.00,0.00,0.00,200704.00,197632.00
1493158093,1667072.00,159744.00,5154816.00,55889100.80,16.00,8.00,73.00,0.00,0.00,4.00,0.00,0.00,13631488.00,24117248.00,0.00,0.00,159744.00,158720.00
1493158094,1668096.00,159744.00,5154816.00,55889100.80,26.00,12.00,58.00,0.00,0.00,5.00,0.00,57344.00,17825792.00,30408704.00,0.00,0.00,199680.00,197632.00
1493158095,1670144.00,159744.00,5154816.00,55889100.80,23.00,9.00,62.00,0.00,0.00,6.00,0.00,139264.00,16777216.00,28311552.00,0.00,0.00,189440.00,190464.00
1493158096,1671168.00,159744.00,5154816.00,55889100.80,13.00,10.00,73.00,0.00,0.00,4.00,0.00,0.00,13631488.00,24117248.00,0.00,0.00,165888.00,164864.00
1493158097,1672192.00,159744.00,5154816.00,55889100.80,25.00,12.00,58.00,0.00,0.00,5.00,0.00,0.00,17825792.00,30408704.00,0.00,0.00,197632.00,197632.00
1493158098,1672192.00,159744.00,5154816.00,55889100.80,18.00,11.00,66.00,0.00,0.00,5.00,0.00,0.00,16777216.00,28311552.00,0.00,0.00,182272.00,182272.00
1493158099,1675264.00,159744.00,5154816.00,55889100.80,22.00,9.00,64.00,0.00,0.00,5.00,0.00,32768.00,15728640.00,26214400.00,0.00,0.00,176128.00,176128.00
1493158100,1675264.00,159744.00,5154816.00,55889100.80,22.00,11.00,61.00,0.00,0.00,5.00,0.00,147456.00,17825792.00,30408704.00,0.00,0.00,201728.00,199680.00
1493158101,1677312.00,159744.00,5154816.00,55889100.80,22.00,10.00,64.00,0.00,0.00,5.00,0.00,0.00,15728640.00,27262976.00,0.00,0.00,174080.00,174080.00
1493158102,1677312.00,159744.00,5154816.00,55889100.80,17.00,11.00,68.00,0.00,0.00,4.00,0.00,0.00,15728640.00,27262976.00,0.00,0.00,178176.00,178176.00
1493158103,1679360.00,159744.00,5154816.00,55889100.80,26.00,12.00,56.00,0.00,0.00,5.00,0.00,0.00,17825792.00,30408704.00,0.00,0.00,196608.00,196608.00
1493158104,1681408.00,159744.00,5154816.00,55889100.80,19.00,8.00,68.00,0.00,0.00,5.00,0.00,65536.00,14680064.00,25165824.00,0.00,0.00,167936.00,166912.00
1493158105,1681408.00,159744.00,5154816.00,55889100.80,21.00,11.00,63.00,0.00,0.00,5.00,0.00,180224.00,16777216.00,28311552.00,0.00,0.00,191488.00,188416.00
1493158106,1683456.00,159744.00,5154816.00,55889100.80,23.00,10.00,60.00,0.00,0.00,6.00,0.00,0.00,16777216.00,28311552.00,0.00,0.00,189440.00,188416.00
1493158107,1683456.00,159744.00,5154816.00,55889100.80,17.00,10.00,66.00,0.00,0.00,6.00,0.00,0.00,15728640.00,27262976.00,0.00,0.00,183296.00,182272.00
1493158108,1685504.00,159744.00,5154816.00,55889100.80,21.00,10.00,64.00,0.00,0.00,5.00,0.00,0.00,15728640.00,27262976.00,0.00,0.00,186368.00,185344.00
1493158109,1685504.00,159744.00,5154816.00,55889100.80,18.00,10.00,66.00,0.00,0.00,6.00,0.00,507904.00,15728640.00,27262976.00,0.00,0.00,184320.00,182272.00
1493158110,1687552.00,159744.00,5154816.00,55889100.80,24.00,10.00,61.00,0.00,0.00,6.00,0.00,172032.00,16777216.00,28311552.00,0.00,0.00,190464.00,188416.00
1493158111,1690624.00,159744.00,5154816.00,55889100.80,22.00,12.00,62.00,0.00,0.00,4.00,0.00,0.00,16777216.00,28311552.00,0.00,0.00,187392.00,186368.00
1493158112,1690624.00,159744.00,5154816.00,55889100.80,19.00,9.00,67.00,0.00,0.00,5.00,0.00,0.00,15728640.00,26214400.00,0.00,0.00,179200.00,177152.00
1493158113,1691648.00,159744.00,5154816.00,55889100.80,23.00,10.00,61.00,0.00,0.00,6.00,0.00,0.00,16777216.00,28311552.00,0.00,0.00,187392.00,186368.00
1493158114,1691648.00,159744.00,5154816.00,55889100.80,22.00,12.00,62.00,0.00,0.00,5.00,0.00,0.00,16777216.00,29360128.00,0.00,0.00,190464.00,187392.00
1493158115,1696768.00,159744.00,5154816.00,55889100.80,21.00,9.00,66.00,0.00,0.00,4.00,0.00,114688.00,14680064.00,25165824.00,0.00,0.00,164864.00,164864.00
1493158116,1698816.00,159744.00,5154816.00,55889100.80,24.00,10.00,59.00,0.00,0.00,7.00,0.00,0.00,17825792.00,30408704.00,0.00,0.00,195584.00,195584.00
1493158117,1698816.00,159744.00,5154816.00,55889100.80,18.00,9.00,67.00,0.00,0.00,5.00,0.00,0.00,15728640.00,27262976.00,0.00,0.00,177152.00,176128.00
1493158118,1699840.00,159744.00,5154816.00,55889100.80,21.00,9.00,65.00,0.00,0.00,5.00,0.00,0.00,14680064.00,26214400.00,0.00,0.00,166912.00,172032.00
1493158119,1699840.00,159744.00,5154816.00,55889100.80,24.00,9.00,62.00,0.00,0.00,5.00,0.00,32768.00,17825792.00,30408704.00,0.00,0.00,191488.00,201728.00
1493158120,1702912.00,159744.00,5154816.00,55889100.80,20.00,8.00,68.00,0.00,0.00,4.00,0.00,147456.00,14680064.00,24117248.00,0.00,0.00,158720.00,161792.00
1493158121,1701888.00,159744.00,5154816.00,55889100.80,23.00,10.00,62.00,0.00,0.00,5.00,0.00,0.00,16777216.00,29360128.00,0.00,0.00,186368.00,188416.00
1493158122,1704960.00,159744.00,5154816.00,55889100.80,27.00,11.00,58.00,0.00,0.00,5.00,0.00,0.00,17825792.00,29360128.00,0.00,0.00,195584.00,196608.00
1493158123,1704960.00,159744.00,5154816.00,55889100.80,16.00,9.00,70.00,0.00,0.00,5.00,0.00,0.00,14680064.00,25165824.00,0.00,0.00,168960.00,166912.00
1493158124,1707008.00,159744.00,5154816.00,55889100.80,22.00,10.00,63.00,0.00,0.00,4.00,0.00,81920.00,15728640.00,26214400.00,0.00,0.00,176128.00,176128.00
1493158125,1709056.00,159744.00,5154816.00,55889100.80,24.00,11.00,59.00,0.00,0.00,5.00,0.00,147456.00,16777216.00,29360128.00,0.00,0.00,194560.00,193536.00
1493158126,1709056.00,159744.00,5154816.00,55889100.80,17.00,10.00,68.00,0.00,0.00,4.00,0.00,0.00,14680064.00,26214400.00,0.00,0.00,172032.00,171008.00
1493158127,1710080.00,159744.00,5154816.00,55889100.80,22.00,10.00,62.00,0.00,0.00,6.00,0.00,0.00,16777216.00,29360128.00,0.00,0.00,189440.00,189440.00
1493158128,1711104.00,159744.00,5154816.00,55889100.80,22.00,11.00,63.00,0.00,0.00,5.00,0.00,0.00,16777216.00,29360128.00,0.00,0.00,194560.00,193536.00
1493158129,1713152.00,159744.00,5154816.00,55889100.80,18.00,9.00,70.00,0.00,0.00,4.00,0.00,16384.00,14680064.00,24117248.00,0.00,0.00,162816.00,162816.00
1493158130,1713152.00,159744.00,5154816.00,55889100.80,18.00,8.00,69.00,0.00,0.00,5.00,0.00,139264.00,15728640.00,27262976.00,0.00,0.00,180224.00,180224.00
1493158131,1715200.00,159744.00,5154816.00,55889100.80,15.00,8.00,73.00,0.00,0.00,4.00,0.00,0.00,13631488.00,23068672.00,0.00,0.00,155648.00,156672.00
1493158132,1715200.00,159744.00,5154816.00,55889100.80,15.00,8.00,73.00,0.00,0.00,4.00,0.00,0.00,14680064.00,25165824.00,0.00,0.00,164864.00,165888.00
1493158133,1717248.00,159744.00,5154816.00,55889100.80,23.00,10.00,60.00,0.00,0.00,6.00,0.00,0.00,16777216.00,28311552.00,0.00,0.00,193536.00,191488.00
1493158134,1717248.00,159744.00,5154816.00,55889100.80,21.00,10.00,63.00,0.00,0.00,5.00,0.00,57344.00,16777216.00,29360128.00,0.00,0.00,191488.00,190464.00
1493158135,1719296.00,159744.00,5154816.00,55889100.80,17.00,9.00,69.00,0.00,0.00,5.00,0.00,163840.00,13631488.00,24117248.00,0.00,0.00,160768.00,159744.00
1493158136,1721344.00,159744.00,5154816.00,55889100.80,24.00,11.00,59.00,0.00,0.00,6.00,0.00,0.00,16777216.00,29360128.00,0.00,0.00,195584.00,194560.00
1493158137,1721344.00,159744.00,5154816.00,55889100.80,19.00,9.00,66.00,0.00,0.00,6.00,0.00,0.00,16777216.00,29360128.00,0.00,0.00,195584.00,193536.00
1493158138,1724416.00,159744.00,5154816.00,55889100.80,20.00,9.00,67.00,0.00,0.00,4.00,0.00,0.00,14680064.00,25165824.00,0.00,0.00,167936.00,165888.00
1493158139,1723392.00,159744.00,5154816.00,55889100.80,20.00,12.00,63.00,0.00,0.00,5.00,0.00,32768.00,17825792.00,30408704.00,0.00,0.00,200704.00,200704.00
1493158140,1726464.00,159744.00,5154816.00,55889100.80,20.00,10.00,65.00,0.00,0.00,5.00,0.00,155648.00,15728640.00,27262976.00,0.00,0.00,180224.00,179200.00
1493158141,1725440.00,159744.00,5154816.00,55889100.80,15.00,10.00,71.00,0.00,0.00,4.00,0.00,0.00,14680064.00,26214400.00,0.00,0.00,175104.00,178176.00
1493158142,1727488.00,159744.00,5154816.00,55889100.80,22.00,10.00,62.00,0.00,0.00,6.00,0.00,0.00,16777216.00,28311552.00,0.00,0.00,188416.00,189440.00
1493158143,1730560.00,159744.00,5154816.00,55784243.20,21.00,10.00,64.00,0.00,0.00,5.00,0.00,0.00,15728640.00,27262976.00,0.00,0.00,177152.00,177152.00
1493158144,1730560.00,159744.00,5154816.00,55784243.20,20.00,11.00,64.00,0.00,0.00,4.00,0.00,507904.00,16777216.00,29360128.00,0.00,0.00,191488.00,191488.00
1493158145,1732608.00,159744.00,5154816.00,55784243.20,22.00,10.00,62.00,0.00,0.00,6.00,0.00,131072.00,16777216.00,28311552.00,0.00,0.00,185344.00,186368.00
1493158146,1731584.00,159744.00,5154816.00,55784243.20,19.00,11.00,66.00,0.00,0.00,4.00,0.00,0.00,15728640.00,27262976.00,0.00,0.00,182272.00,180224.00
1493158147,1733632.00,159744.00,5154816.00,55784243.20,23.00,11.00,61.00,0.00,0.00,5.00,0.00,0.00,16777216.00,29360128.00,0.00,0.00,188416.00,188416.00
1493158148,1734656.00,159744.00,5154816.00,55784243.20,20.00,10.00,65.00,0.00,0.00,5.00,0.00,0.00,16777216.00,29360128.00,0.00,0.00,193536.00,192512.00
1493158149,1735680.00,159744.00,5154816.00,55784243.20,21.00,9.00,65.00,0.00,0.00,5.00,0.00,0.00,15728640.00,27262976.00,0.00,0.00,176128.00,176128.00
1493158150,1737728.00,159744.00,5154816.00,55784243.20,20.00,10.00,65.00,0.00,0.00,5.00,0.00,114688.00,15728640.00,27262976.00,0.00,0.00,178176.00,177152.00
1493158151,1738752.00,159744.00,5154816.00,55784243.20,23.00,11.00,61.00,0.00,0.00,5.00,0.00,0.00,16777216.00,29360128.00,0.00,0.00,187392.00,192512.00
1493158152,1740800.00,159744.00,5154816.00,55784243.20,19.00,10.00,67.00,0.00,0.00,4.00,0.00,0.00,15728640.00,26214400.00,0.00,0.00,175104.00,177152.00
1493158153,1740800.00,159744.00,5154816.00,55784243.20,21.00,10.00,64.00,0.00,0.00,6.00,0.00,0.00,16777216.00,29360128.00,0.00,0.00,192512.00,192512.00
1493158154,1742848.00,159744.00,5154816.00,55784243.20,21.00,11.00,63.00,0.00,0.00,5.00,0.00,73728.00,15728640.00,27262976.00,0.00,0.00,179200.00,179200.00
1493158155,1742848.00,159744.00,5154816.00,55784243.20,20.00,11.00,64.00,0.00,0.00,5.00,0.00,139264.00,16777216.00,29360128.00,0.00,0.00,192512.00,190464.00
1493158156,1744896.00,159744.00,5154816.00,55784243.20,22.00,11.00,61.00,0.00,0.00,5.00,0.00,0.00,16777216.00,28311552.00,0.00,0.00,187392.00,187392.00
1493158157,1748992.00,159744.00,5154816.00,55784243.20,20.00,9.00,67.00,0.00,0.00,5.00,0.00,0.00,15728640.00,27262976.00,0.00,0.00,177152.00,178176.00
1493158158,1748992.00,159744.00,5154816.00,55784243.20,19.00,11.00,66.00,0.00,0.00,5.00,0.00,0.00,15728640.00,27262976.00,0.00,0.00,180224.00,179200.00
1493158159,1751040.00,159744.00,5154816.00,55784243.20,26.00,12.00,57.00,0.00,0.00,6.00,0.00,32768.00,17825792.00,29360128.00,0.00,0.00,197632.00,196608.00
1493158160,1750016.00,159744.00,5154816.00,55784243.20,19.00,10.00,66.00,0.00,0.00,5.00,0.00,155648.00,16777216.00,28311552.00,0.00,0.00,183296.00,182272.00
1493158161,1753088.00,159744.00,5154816.00,55784243.20,21.00,8.00,66.00,0.00,0.00,6.00,0.00,0.00,15728640.00,26214400.00,0.00,0.00,176128.00,175104.00
1493158162,1755136.00,159744.00,5154816.00,55784243.20,22.00,11.00,61.00,0.00,0.00,6.00,0.00,0.00,16777216.00,28311552.00,0.00,0.00,190464.00,188416.00
1493158163,1755136.00,159744.00,5154816.00,55784243.20,20.00,11.00,64.00,0.00,0.00,5.00,0.00,0.00,16777216.00,29360128.00,0.00,0.00,192512.00,191488.00
1493158164,1757184.00,159744.00,5154816.00,55784243.20,21.00,10.00,65.00,0.00,0.00,5.00,0.00,8192.00,15728640.00,26214400.00,0.00,0.00,175104.00,175104.00
1493158165,1757184.00,159744.00,5154816.00,55784243.20,19.00,10.00,66.00,0.00,0.00,5.00,0.00,114688.00,15728640.00,28311552.00,0.00,0.00,183296.00,184320.00
1493158166,1759232.00,159744.00,5154816.00,55784243.20,24.00,9.00,62.00,0.00,0.00,5.00,0.00,0.00,16777216.00,28311552.00,0.00,0.00,188416.00,188416.00
1493158167,1759232.00,159744.00,5154816.00,55784243.20,21.00,10.00,63.00,0.00,0.00,5.00,0.00,0.00,16777216.00,29360128.00,0.00,0.00,187392.00,191488.00
1493158168,1761280.00,159744.00,5154816.00,55784243.20,21.00,10.00,65.00,0.00,0.00,5.00,0.00,0.00,15728640.00,26214400.00,0.00,0.00,177152.00,175104.00
1493158169,1763328.00,159744.00,5154816.00,55784243.20,23.00,11.00,61.00,0.00,0.00,5.00,0.00,57344.00,16777216.00,28311552.00,0.00,0.00,190464.00,189440.00
1493158170,1763328.00,159744.00,5154816.00,55784243.20,19.00,10.00,65.00,0.00,0.00,6.00,0.00,163840.00,16777216.00,29360128.00,0.00,0.00,193536.00,191488.00
1493158171,1766400.00,159744.00,5154816.00,55784243.20,21.00,10.00,65.00,0.00,0.00,4.00,0.00,0.00,15728640.00,27262976.00,0.00,0.00,178176.00,178176.00
1493158172,1765376.00,159744.00,5154816.00,55784243.20,20.00,11.00,63.00,0.00,0.00,6.00,0.00,0.00,16777216.00,29360128.00,0.00,0.00,193536.00,191488.00
1493158173,1767424.00,159744.00,5154816.00,55784243.20,20.00,11.00,65.00,0.00,0.00,5.00,0.00,0.00,15728640.00,26214400.00,0.00,0.00,173056.00,172032.00
1493158174,1768448.00,159744.00,5154816.00,55784243.20,22.00,11.00,63.00,0.00,0.00,5.00,0.00,32768.00,16777216.00,29360128.00,0.00,0.00,195584.00,195584.00
1493158175,1769472.00,159744.00,5154816.00,55784243.20,23.00,10.00,60.00,0.00,0.00,7.00,0.00,155648.00,16777216.00,29360128.00,0.00,0.00,193536.00,191488.00
1493158176,1771520.00,159744.00,5154816.00,55784243.20,21.00,8.00,67.00,0.00,0.00,4.00,0.00,0.00,14680064.00,25165824.00,0.00,0.00,163840.00,162816.00
1493158177,1772544.00,159744.00,5154816.00,55784243.20,19.00,11.00,64.00,0.00,0.00,6.00,0.00,0.00,16777216.00,29360128.00,0.00,0.00,192512.00,192512.00
1493158178,1774592.00,159744.00,5154816.00,55784243.20,24.00,12.00,58.00,0.00,0.00,7.00,0.00,0.00,17825792.00,30408704.00,0.00,0.00,199680.00,199680.00
1493158179,1774592.00,159744.00,5154816.00,55784243.20,16.00,9.00,70.00,0.00,0.00,6.00,0.00,483328.00,14680064.00,25165824.00,0.00,0.00,167936.00,168960.00
1493158180,1776640.00,159744.00,5154816.00,55784243.20,22.00,12.00,61.00,0.00,0.00,5.00,0.00,172032.00,16777216.00,28311552.00,0.00,0.00,188416.00,187392.00
1493158181,1775616.00,159744.00,5154816.00,55784243.20,24.00,11.00,60.00,0.00,0.00,6.00,0.00,0.00,17825792.00,31457280.00,0.00,0.00,203776.00,203776.00
1493158182,1777664.00,159744.00,5154816.00,55784243.20,20.00,10.00,67.00,0.00,0.00,4.00,0.00,0.00,14680064.00,26214400.00,0.00,0.00,168960.00,166912.00
1493158183,1779712.00,159744.00,5154816.00,55784243.20,25.00,9.00,60.00,0.00,0.00,5.00,0.00,0.00,16777216.00,28311552.00,0.00,0.00,187392.00,186368.00
1493158184,1780736.00,159744.00,5154816.00,55784243.20,17.00,9.00,70.00,0.00,0.00,4.00,0.00,40960.00,15728640.00,26214400.00,0.00,0.00,172032.00,171008.00
1493158185,1782784.00,159744.00,5154816.00,55784243.20,21.00,8.00,66.00,0.00,0.00,4.00,0.00,114688.00,15728640.00,26214400.00,0.00,0.00,177152.00,177152.00
1493158186,1782784.00,159744.00,5154816.00,55784243.20,23.00,12.00,59.00,0.00,0.00,6.00,0.00,0.00,17825792.00,30408704.00,0.00,0.00,205824.00,203776.00
1493158187,1783808.00,159744.00,5154816.00,55784243.20,20.00,9.00,66.00,0.00,0.00,5.00,0.00,0.00,15728640.00,26214400.00,0.00,0.00,175104.00,176128.00
1493158188,1784832.00,159744.00,5154816.00,55784243.20,19.00,11.00,65.00,0.00,0.00,5.00,0.00,0.00,16777216.00,28311552.00,0.00,0.00,185344.00,182272.00
1493158189,1786880.00,159744.00,5154816.00,55784243.20,25.00,13.00,57.00,0.00,0.00,6.00,0.00,24576.00,17825792.00,30408704.00,0.00,0.00,197632.00,198656.00
1493158190,1787904.00,159744.00,5154816.00,55784243.20,19.00,9.00,67.00,0.00,0.00,4.00,0.00,139264.00,14680064.00,25165824.00,0.00,0.00,166912.00,164864.00
1493158191,1788928.00,159744.00,5154816.00,55784243.20,18.00,9.00,69.00,0.00,0.00,4.00,0.00,0.00,15728640.00,27262976.00,0.00,0.00,182272.00,183296.00
1493158192,1790976.00,159744.00,5154816.00,55784243.20,18.00,9.00,68.00,0.00,0.00,5.00,0.00,0.00,14680064.00,25165824.00,0.00,0.00,171008.00,168960.00
1493158193,1790976.00,159744.00,5154816.00,55784243.20,13.00,7.00,77.00,0.00,0.00,3.00,0.00,0.00,12582912.00,22020096.00,0.00,0.00,155648.00,153600.00
1493158194,1793024.00,159744.00,5154816.00,55784243.20,20.00,9.00,67.00,0.00,0.00,4.00,0.00,32768.00,14680064.00,24117248.00,0.00,0.00,167936.00,165888.00
1493158195,1793024.00,159744.00,5154816.00,55784243.20,23.00,12.00,58.00,0.00,0.00,7.00,0.00,155648.00,17825792.00,30408704.00,0.00,0.00,201728.00,200704.00
1493158196,1795072.00,159744.00,5154816.00,55784243.20,22.00,10.00,64.00,0.00,0.00,4.00,0.00,0.00,15728640.00,26214400.00,0.00,0.00,176128.00,175104.00
1493158197,1795072.00,159744.00,5154816.00,55784243.20,17.00,11.00,67.00,0.00,0.00,5.00,0.00,0.00,15728640.00,27262976.00,0.00,0.00,179200.00,177152.00
1493158198,1797120.00,159744.00,5154816.00,55784243.20,24.00,11.00,58.00,0.00,0.00,7.00,0.00,0.00,17825792.00,30408704.00,0.00,0.00,195584.00,195584.00
1493158199,1796096.00,159744.00,5154816.00,55784243.20,16.00,9.00,70.00,0.00,0.00,5.00,0.00,16384.00,14680064.00,26214400.00,0.00,0.00,171008.00,168960.00
1493158200,1801216.00,159744.00,5154816.00,55784243.20,22.00,9.00,64.00,0.00,0.00,5.00,0.00,139264.00,15728640.00,27262976.00,0.00,0.00,187392.00,187392.00
1493158201,1801216.00,159744.00,5154816.00,55784243.20,15.00,10.00,69.00,0.00,0.00,5.00,0.00,0.00,14680064.00,26214400.00,0.00,0.00,183296.00,185344.00
1493158202,1803264.00,159744.00,5154816.00,55784243.20,19.00,9.00,68.00,0.00,0.00,4.00,0.00,0.00,14680064.00,25165824.00,0.00,0.00,169984.00,169984.00
1493158203,1804288.00,159744.00,5154816.00,55784243.20,23.00,9.00,63.00,0.00,0.00,5.00,0.00,0.00,15728640.00,28311552.00,0.00,0.00,186368.00,186368.00
1493158204,1805312.00,159744.00,5154816.00,55784243.20,19.00,12.00,64.00,0.00,0.00,5.00,0.00,49152.00,16777216.00,28311552.00,0.00,0.00,185344.00,186368.00
1493158205,1807360.00,159744.00,5154816.00,55784243.20,23.00,9.00,63.00,0.00,0.00,4.00,0.00,147456.00,16777216.00,28311552.00,0.00,0.00,182272.00,182272.00
1493158206,1807360.00,159744.00,5154816.00,55784243.20,19.00,12.00,64.00,0.00,0.00,4.00,0.00,0.00,16777216.00,28311552.00,0.00,0.00,189440.00,186368.00
1493158207,1809408.00,159744.00,5154816.00,55784243.20,20.00,10.00,65.00,0.00,0.00,5.00,0.00,0.00,15728640.00,26214400.00,0.00,0.00,175104.00,175104.00
1493158208,1810432.00,159744.00,5154816.00,55784243.20,20.00,12.00,63.00,0.00,0.00,6.00,0.00,0.00,16777216.00,29360128.00,0.00,0.00,190464.00,188416.00
1493158209,1811456.00,159744.00,5154816.00,55784243.20,23.00,10.00,62.00,0.00,0.00,5.00,0.00,24576.00,16777216.00,28311552.00,0.00,0.00,187392.00,187392.00
1493158210,1813504.00,159744.00,5154816.00,55784243.20,19.00,9.00,68.00,0.00,0.00,4.00,0.00,139264.00,14680064.00,25165824.00,0.00,0.00,165888.00,164864.00
1493158211,1813504.00,159744.00,5154816.00,55784243.20,20.00,13.00,60.00,0.00,0.00,7.00,0.00,0.00,17825792.00,30408704.00,0.00,0.00,200704.00,200704.00
1493158212,1816576.00,159744.00,5154816.00,55784243.20,24.00,9.00,61.00,0.00,0.00,5.00,0.00,0.00,15728640.00,27262976.00,0.00,0.00,181248.00,181248.00
1493158213,1815552.00,159744.00,5154816.00,55784243.20,17.00,9.00,69.00,0.00,0.00,5.00,0.00,0.00,14680064.00,25165824.00,0.00,0.00,167936.00,167936.00
1493158214,1818624.00,159744.00,5154816.00,55784243.20,23.00,12.00,59.00,0.00,0.00,6.00,0.00,507904.00,16777216.00,29360128.00,0.00,0.00,189440.00,192512.00
1493158215,1818624.00,159744.00,5154816.00,55784243.20,17.00,11.00,66.00,0.00,0.00,5.00,0.00,172032.00,16777216.00,28311552.00,0.00,0.00,181248.00,182272.00
1493158216,1820672.00,159744.00,5154816.00,55784243.20,23.00,10.00,63.00,0.00,0.00,4.00,0.00,0.00,15728640.00,27262976.00,0.00,0.00,175104.00,175104.00
1493158217,1822720.00,159744.00,5154816.00,55784243.20,21.00,12.00,62.00,0.00,0.00,5.00,0.00,0.00,16777216.00,28311552.00,0.00,0.00,187392.00,186368.00
1493158218,1821696.00,159744.00,5154816.00,55784243.20,18.00,9.00,67.00,0.00,0.00,5.00,0.00,0.00,15728640.00,26214400.00,0.00,0.00,176128.00,174080.00
1493158219,1823744.00,159744.00,5154816.00,55784243.20,24.00,13.00,57.00,0.00,0.00,5.00,0.00,0.00,16777216.00,29360128.00,0.00,0.00,192512.00,192512.00
1493158220,1824768.00,159744.00,5154816.00,55784243.20,19.00,10.00,67.00,0.00,0.00,5.00,0.00,114688.00,16777216.00,28311552.00,0.00,0.00,184320.00,184320.00
1493158221,1826816.00,159744.00,5154816.00,55784243.20,18.00,8.00,70.00,0.00,0.00,4.00,0.00,0.00,13631488.00,24117248.00,0.00,0.00,159744.00,159744.00
1493158222,1826816.00,159744.00,5154816.00,55784243.20,23.00,13.00,59.00,0.00,0.00,5.00,0.00,0.00,17825792.00,30408704.00,0.00,0.00,203776.00,200704.00
1493158223,1828864.00,159744.00,5154816.00,55784243.20,22.00,9.00,63.00,0.00,0.00,6.00,0.00,0.00,16777216.00,28311552.00,0.00,0.00,187392.00,185344.00
1493158224,1828864.00,159744.00,5154816.00,55784243.20,15.00,9.00,72.00,0.00,0.00,4.00,0.00,32768.00,14680064.00,25165824.00,0.00,0.00,169984.00,169984.00
1493158225,1829888.00,159744.00,5154816.00,55784243.20,25.00,12.00,57.00,0.00,0.00,5.00,0.00,139264.00,16777216.00,29360128.00,0.00,0.00,191488.00,193536.00
1493158226,1832960.00,159744.00,5154816.00,55784243.20,22.00,9.00,65.00,0.00,0.00,5.00,0.00,0.00,15728640.00,27262976.00,0.00,0.00,177152.00,179200.00
1493158227,1832960.00,159744.00,5154816.00,55784243.20,18.00,10.00,67.00,0.00,0.00,6.00,0.00,0.00,15728640.00,27262976.00,0.00,0.00,178176.00,180224.00
1493158228,1835008.00,159744.00,5154816.00,55679385.60,25.00,13.00,56.00,0.00,0.00,6.00,0.00,0.00,17825792.00,30408704.00,0.00,0.00,198656.00,198656.00
1493158229,1833984.00,159744.00,5154816.00,55679385.60,17.00,9.00,70.00,0.00,0.00,5.00,0.00,32768.00,14680064.00,25165824.00,0.00,0.00,168960.00,167936.00
1493158230,1837056.00,159744.00,5154816.00,55679385.60,22.00,11.00,62.00,0.00,0.00,5.00,0.00,155648.00,16777216.00,28311552.00,0.00,0.00,186368.00,186368.00
1493158231,1839104.00,159744.00,5154816.00,55679385.60,24.00,12.00,59.00,0.00,0.00,5.00,0.00,0.00,17825792.00,30408704.00,0.00,0.00,201728.00,199680.00
1493158232,1839104.00,159744.00,5154816.00,55679385.60,14.00,8.00,73.00,0.00,0.00,5.00,0.00,0.00,14680064.00,24117248.00,0.00,0.00,161792.00,161792.00
1493158233,1841152.00,159744.00,5154816.00,55679385.60,26.00,10.00,58.00,0.00,0.00,6.00,0.00,0.00,17825792.00,30408704.00,0.00,0.00,201728.00,199680.00
1493158234,1840128.00,159744.00,5154816.00,55679385.60,19.00,12.00,64.00,0.00,0.00,6.00,0.00,16384.00,16777216.00,29360128.00,0.00,0.00,193536.00,191488.00
1493158235,1843200.00,159744.00,5154816.00,55679385.60,18.00,9.00,68.00,0.00,0.00,5.00,0.00,139264.00,14680064.00,25165824.00,0.00,0.00,167936.00,167936.00
1493158236,1843200.00,159744.00,5154816.00,55679385.60,24.00,11.00,58.00,0.00,0.00,6.00,0.00,0.00,17825792.00,31457280.00,0.00,0.00,205824.00,204800.00
1493158237,1844224.00,159744.00,5155840.00,55679385.60,22.00,11.00,63.00,0.00,0.00,4.00,0.00,0.00,15728640.00,27262976.00,0.00,0.00,179200.00,179200.00
1493158238,1847296.00,159744.00,5155840.00,55679385.60,22.00,10.00,65.00,0.00,0.00,4.00,0.00,0.00,15728640.00,27262976.00,0.00,0.00,180224.00,178176.00
1493158239,1847296.00,159744.00,5155840.00,55679385.60,25.00,10.00,59.00,0.00,0.00,6.00,0.00,65536.00,18874368.00,31457280.00,0.00,0.00,204800.00,204800.00
1493158240,1849344.00,159744.00,5155840.00,55679385.60,21.00,9.00,65.00,0.00,0.00,5.00,0.00,172032.00,15728640.00,27262976.00,0.00,0.00,177152.00,176128.00
1493158241,1849344.00,159744.00,5155840.00,55679385.60,19.00,12.00,65.00,0.00,0.00,5.00,0.00,0.00,16777216.00,28311552.00,0.00,0.00,182272.00,182272.00
1493158242,1853440.00,159744.00,5155840.00,55679385.60,26.00,13.00,56.00,0.00,0.00,5.00,0.00,0.00,17825792.00,30408704.00,0.00,0.00,202752.00,200704.00
