--Probe dump file for probe: org.yardstickframework.probes.DStatProbe@1a245833 (class org.yardstickframework.probes.DStatProbe)
--Created Tue Apr 25 22:18:15 UTC 2017
--Benchmark config: BenchmarkConfiguration [memberId='0', driverNames='[HazelcastSetBenchmark]', serverName='HazelcastNode', threads=64, duration=300, warmup=60, dfltProbeClsNames=[ThroughputLatencyProbe, PercentileProbe, DStatProbe], propsFileName='yardstick/config/run.properties', packages=[org.yardstickframework], cmdArgs=[--outputFolder, /home/ubuntu/date-2504-221749-s-4-c-1-ver-3.8.1-f1e9264/yardstick/bin/../output/results-20170425-221800, -id, 0, -hzcfg, /home/ubuntu/date-2504-221749-s-4-c-1-ver-3.8.1-f1e9264/yardstick/bin/../config/hz-config.xml, --hzClientConfig, /home/ubuntu/date-2504-221749-s-4-c-1-ver-3.8.1-f1e9264/yardstick/bin/../config/hz-client-config.xml, --clientMode, -nn, 4, -b, 1, -w, 60, -d, 300, -t, 64, --syncBackups, --readBackups, -dn, HazelcastSetBenchmark, -sn, HazelcastNode, -ds, 3.8.1-f1e9264-atomic-set-1-backup, --config, yardstick/config/run.properties, --logsFolder, /home/ubuntu/date-2504-221749-s-4-c-1-ver-3.8.1-f1e9264/yardstick/bin/../output/logs-20170425-221800/logs_drivers, --currentFolder, /home/ubuntu/date-2504-221749-s-4-c-1-ver-3.8.1-f1e9264, --scriptsFolder, /home/ubuntu/date-2504-221749-s-4-c-1-ver-3.8.1-f1e9264/yardstick/bin], probeWriter='null', customProps={ver=3.8.1-f1e9264-, b=1, d=300, SERVER_HOSTS=172.31.45.250,172.31.38.80,172.31.41.141,172.31.42.161, now0=`date +'%H%M%S'`, nodesNum=$((`echo ${SERVER_HOSTS} | tr ',' '' | wc -l`)), JVM_OPTS=${JVM_OPTS}" -Xms6g -Xmx6g -Xloggc:./gc${now0}.log -XX:+PrintGCDetails -verbose:gc -XX:+UseParNewGC -XX:+UseConcMarkSweepGC ", CONFIGS="-hzcfg ${SCRIPT_DIR}/../config/hz-config.xml --hzClientConfig ${SCRIPT_DIR}/../config/hz-client-config.xml --clientMode -nn ${nodesNum} -b ${b} -w ${w} -d ${d} -t ${t}  ${sm} --readBackups -dn HazelcastSetBenchmark -sn HazelcastNode -ds ${ver}atomic-set-1-backup,-hzcfg ${SCRIPT_DIR}/../config/hz-config.xml --hzClientConfig ${SCRIPT_DIR}/../config/hz-client-config.xml --clientMode -nn ${nodesNum} -b ${b} -w ${w} -d ${d} -t ${t}  ${sm} --readBackups -dn HazelcastSetGetBenchmark -sn HazelcastNode -ds ${ver}atomic-set-get-1-backup,-hzcfg ${SCRIPT_DIR}/../config/hz-config.xml --hzClientConfig ${SCRIPT_DIR}/../config/hz-client-config.xml --clientMode -nn ${nodesNum} -b ${b} -w ${w} -d ${d} -t ${t}  ${sm} --readBackups -bs 6 -dn HazelcastPutGetBatchBenchmark -sn HazelcastNode -ds ${ver}atomic-set-get-bs-6-1-backup,-hzcfg ${SCRIPT_DIR}/../config/hz-config.xml --hzClientConfig ${SCRIPT_DIR}/../config/hz-client-config.xml --clientMode -nn ${nodesNum} -b ${b} -w ${w} -d ${d} -t ${t}  ${sm} --readBackups -dn HazelcastSetTxBenchmark -sn HazelcastNode -ds ${ver}tx-set-pessimistic-1-backup,-hzcfg ${SCRIPT_DIR}/../config/hz-config.xml --hzClientConfig ${SCRIPT_DIR}/../config/hz-client-config.xml --clientMode -nn ${nodesNum} -b ${b} -w ${w} -d ${d} -t ${t}  ${sm} --readBackups -dn HazelcastSetGetTxOptimisticBenchmark -sn HazelcastNode -ds ${ver}tx-set-get-opt-1-backup,-hzcfg ${SCRIPT_DIR}/../config/hz-config.xml --hzClientConfig ${SCRIPT_DIR}/../config/hz-client-config.xml --clientMode -nn ${nodesNum} -b ${b} -w ${w} -d ${d} -t ${t}  ${sm} --readBackups -dn HazelcastSetGetTxPessimisticBenchmark -sn HazelcastNode -ds ${ver}tx-set-get-pes-1-backup,-hzcfg ${SCRIPT_DIR}/../config/hz-config.xml --hzClientConfig ${SCRIPT_DIR}/../config/hz-client-config.xml --clientMode -nn ${nodesNum} -b ${b} -w ${w} -d ${d} -t ${t}  ${sm} --readBackups -dn HazelcastSqlQueryBenchmark -sn HazelcastNode -ds ${ver}sql-query-1-backup,-hzcfg ${SCRIPT_DIR}/../config/hz-config.xml --hzClientConfig ${SCRIPT_DIR}/../config/hz-client-config.xml --clientMode -nn ${nodesNum} -b ${b} -w ${w} -d ${d} -t ${t}  ${sm} --readBackups -dn HazelcastSqlQuerySetBenchmark -sn HazelcastNode -ds ${ver}sql-query-set-1-backup,-hzcfg ${SCRIPT_DIR}/../config/hz-config.xml --hzClientConfig ${SCRIPT_DIR}/../config/hz-client-config.xml --clientMode -nn ${nodesNum} -b ${b} -w ${w} -d ${d} -t ${t}  ${sm} --readBackups -bs 6 -dn HazelcastPutAllBenchmark -sn HazelcastNode -ds ${ver}atomic-setAll-bs-6-1-backup,-hzcfg ${SCRIPT_DIR}/../config/hz-config.xml --hzClientConfig ${SCRIPT_DIR}/../config/hz-client-config.xml --clientMode -nn ${nodesNum} -b ${b} -w ${w} -d ${d} -t ${t}  ${sm} --readBackups -bs 6 -dn HazelcastSetAllTxBenchmark -sn HazelcastNode -ds ${ver}tx-setAll-bs-6-1-backup,-hzcfg ${SCRIPT_DIR}/../config/hz-config.xml --hzClientConfig ${SCRIPT_DIR}/../config/hz-client-config.xml --clientMode -nn ${nodesNum} -b ${b} -w ${w} -d ${d} -t ${t}  ${sm} --readBackups -bs 6 -dn HazelcastGetAllSetAllTxOptimisticBenchmark -sn HazelcastNode -ds ${ver}tx-optimistic-getAllSetAll-bs-6-1-backup,-hzcfg ${SCRIPT_DIR}/../config/hz-config.xml --hzClientConfig ${SCRIPT_DIR}/../config/hz-client-config.xml --clientMode -nn ${nodesNum} -b ${b} -w ${w} -d ${d} -t ${t}  ${sm} --readBackups -bs 6 -dn HazelcastGetAllSetAllTxPessimisticBenchmark -sn HazelcastNode -ds ${ver}tx-pessimistic-getAllSetAll-bs-6-1-backup,", DRIVER_HOSTS=172.31.46.6, t=64, BENCHMARK_PACKAGES=org.yardstickframework, w=60, BENCHMARK_LABEL=hazelcast, sm="--syncBackups", AUTO_COPY=false, RESTART_SERVERS=true}, shutdownHook=true, currentFolder=/home/ubuntu/date-2504-221749-s-4-c-1-ver-3.8.1-f1e9264, scriptsFolder=/home/ubuntu/date-2504-221749-s-4-c-1-ver-3.8.1-f1e9264/yardstick/bin, logsFolder=/home/ubuntu/date-2504-221749-s-4-c-1-ver-3.8.1-f1e9264/yardstick/bin/../output/logs-20170425-221800/logs_drivers, outputFolder=/home/ubuntu/date-2504-221749-s-4-c-1-ver-3.8.1-f1e9264/yardstick/bin/../output/results-20170425-221800, outputWriter=java.io.PrintStream@3a92b7c2, errorWriter=java.io.PrintStream@3ead2448, descriptions=[3.8.1-f1e9264-atomic-set-1-backup], hostName=]
--Description: 3.8.1-f1e9264-atomic-set-1-backup
@@HazelcastSetBenchmark
**"Time, sec","Memory Used, KB","Memory Buffered, KB","Memory Cached, KB","Memory Free, KB","CPU User, %","CPU System, %","CPU Idle, %","CPU Wait, %","CPU Hardware Interrupts","CPU Software Interrupts","Disk Read, B","Disk Write, B","Network Receive, B","Network Send, B","Page In, B","Page Out, B","System Interrupts, per sec","System Context Switches, per sec"
1493158756,1183744.00,160768.00,5294080.00,56203673.60,1.00,1.00,97.00,0.00,0.00,1.00,0.00,0.00,4131840.00,13631488.00,0.00,0.00,258048.00,246784.00
1493158757,1184768.00,160768.00,5294080.00,56203673.60,5.00,2.00,92.00,0.00,0.00,0.00,0.00,0.00,4041728.00,13631488.00,0.00,0.00,245760.00,237568.00
1493158758,1184768.00,160768.00,5294080.00,56203673.60,1.00,1.00,97.00,0.00,0.00,0.00,0.00,163840.00,4192256.00,13631488.00,0.00,0.00,256000.00,247808.00
1493158759,1184768.00,160768.00,5294080.00,56203673.60,3.00,1.00,96.00,0.00,0.00,1.00,0.00,0.00,4183040.00,13631488.00,0.00,0.00,253952.00,245760.00
1493158760,1183744.00,160768.00,5294080.00,56203673.60,1.00,1.00,98.00,0.00,0.00,0.00,0.00,98304.00,3838976.00,12582912.00,0.00,0.00,234496.00,226304.00
1493158761,1184768.00,160768.00,5294080.00,56203673.60,2.00,1.00,97.00,0.00,0.00,1.00,0.00,0.00,3814400.00,12582912.00,0.00,0.00,233472.00,225280.00
1493158762,1183744.00,160768.00,5294080.00,56203673.60,1.00,2.00,97.00,0.00,0.00,0.00,0.00,0.00,4226048.00,13631488.00,0.00,0.00,257024.00,247808.00
1493158763,1184768.00,160768.00,5294080.00,56203673.60,1.00,2.00,96.00,0.00,0.00,1.00,0.00,212992.00,4235264.00,13631488.00,0.00,0.00,258048.00,248832.00
1493158764,1185792.00,160768.00,5294080.00,56203673.60,2.00,1.00,97.00,0.00,0.00,1.00,0.00,0.00,3869696.00,12582912.00,0.00,0.00,246784.00,235520.00
1493158765,1184768.00,160768.00,5294080.00,56203673.60,1.00,1.00,98.00,0.00,0.00,0.00,0.00,65536.00,4057088.00,13631488.00,0.00,0.00,251904.00,240640.00
1493158766,1184768.00,160768.00,5294080.00,56203673.60,2.00,1.00,96.00,0.00,0.00,1.00,0.00,0.00,4174848.00,13631488.00,0.00,0.00,257024.00,247808.00
1493158767,1184768.00,160768.00,5294080.00,56203673.60,1.00,1.00,98.00,0.00,0.00,1.00,0.00,0.00,4032512.00,13631488.00,0.00,0.00,248832.00,238592.00
1493158768,1184768.00,160768.00,5294080.00,56203673.60,2.00,1.00,96.00,0.00,0.00,1.00,0.00,188416.00,3995648.00,12582912.00,0.00,0.00,246784.00,235520.00
1493158769,1185792.00,160768.00,5294080.00,56203673.60,1.00,1.00,97.00,0.00,0.00,1.00,0.00,0.00,3507200.00,11534336.00,0.00,0.00,226304.00,215040.00
1493158770,1185792.00,160768.00,5294080.00,56203673.60,1.00,2.00,97.00,0.00,0.00,0.00,0.00,360448.00,4005888.00,13631488.00,0.00,0.00,257024.00,242688.00
1493158771,1184768.00,160768.00,5294080.00,56203673.60,2.00,1.00,96.00,0.00,0.00,1.00,0.00,0.00,4085760.00,13631488.00,0.00,0.00,251904.00,241664.00
1493158772,1184768.00,160768.00,5294080.00,56203673.60,1.00,2.00,97.00,0.00,0.00,1.00,0.00,0.00,4137984.00,13631488.00,0.00,0.00,257024.00,245760.00
1493158773,1186816.00,160768.00,5294080.00,56203673.60,2.00,1.00,96.00,0.00,0.00,0.00,0.00,147456.00,4124672.00,13631488.00,0.00,0.00,252928.00,244736.00
1493158774,1188864.00,160768.00,5294080.00,56203673.60,1.00,1.00,98.00,0.00,0.00,0.00,0.00,0.00,4141056.00,13631488.00,0.00,0.00,257024.00,245760.00
1493158775,1187840.00,160768.00,5294080.00,56203673.60,2.00,1.00,96.00,0.00,0.00,0.00,0.00,163840.00,3769344.00,12582912.00,0.00,0.00,231424.00,223232.00
1493158776,1187840.00,160768.00,5294080.00,56203673.60,1.00,1.00,98.00,0.00,0.00,0.00,0.00,0.00,3951616.00,12582912.00,0.00,0.00,245760.00,234496.00
1493158777,1186816.00,160768.00,5294080.00,56203673.60,2.00,1.00,96.00,0.00,0.00,0.00,0.00,0.00,3729408.00,12582912.00,0.00,0.00,239616.00,226304.00
1493158778,1187840.00,160768.00,5294080.00,56203673.60,1.00,1.00,97.00,0.00,0.00,0.00,0.00,122880.00,3859456.00,12582912.00,0.00,0.00,254976.00,237568.00
1493158779,1187840.00,160768.00,5294080.00,56203673.60,0.00,1.00,98.00,0.00,0.00,0.00,0.00,0.00,4091904.00,13631488.00,0.00,0.00,254976.00,244736.00
1493158780,1187840.00,160768.00,5294080.00,56203673.60,2.00,2.00,96.00,0.00,0.00,1.00,0.00,40960.00,3986432.00,12582912.00,0.00,0.00,250880.00,239616.00
1493158781,1187840.00,160768.00,5294080.00,56203673.60,1.00,1.00,97.00,0.00,0.00,1.00,0.00,0.00,4072448.00,13631488.00,0.00,0.00,258048.00,244736.00
1493158782,1187840.00,160768.00,5294080.00,56203673.60,2.00,2.00,96.00,0.00,0.00,0.00,0.00,0.00,4032512.00,13631488.00,0.00,0.00,246784.00,238592.00
1493158783,1187840.00,160768.00,5294080.00,56203673.60,1.00,1.00,97.00,0.00,0.00,1.00,0.00,122880.00,4073472.00,13631488.00,0.00,0.00,251904.00,241664.00
1493158784,1187840.00,160768.00,5295104.00,56203673.60,3.00,2.00,95.00,0.00,0.00,0.00,0.00,0.00,3949568.00,12582912.00,0.00,0.00,244736.00,234496.00
1493158785,1187840.00,160768.00,5295104.00,56203673.60,1.00,2.00,97.00,0.00,0.00,0.00,0.00,0.00,4063232.00,13631488.00,0.00,0.00,251904.00,241664.00
1493158786,1187840.00,160768.00,5295104.00,56203673.60,0.00,1.00,98.00,0.00,0.00,0.00,0.00,0.00,3962880.00,12582912.00,0.00,0.00,248832.00,237568.00
1493158787,1188864.00,160768.00,5295104.00,56203673.60,2.00,2.00,96.00,0.00,0.00,1.00,0.00,0.00,4150272.00,13631488.00,0.00,0.00,256000.00,245760.00
1493158788,1187840.00,160768.00,5295104.00,56203673.60,1.00,1.00,97.00,0.00,0.00,1.00,0.00,122880.00,4203520.00,13631488.00,0.00,0.00,259072.00,247808.00
1493158789,1188864.00,160768.00,5295104.00,56203673.60,2.00,2.00,96.00,0.00,0.00,0.00,0.00,0.00,4167680.00,13631488.00,0.00,0.00,256000.00,246784.00
1493158790,1188864.00,160768.00,5295104.00,56203673.60,1.00,2.00,97.00,0.00,0.00,1.00,0.00,73728.00,3906560.00,12582912.00,0.00,0.00,240640.00,232448.00
1493158791,1188864.00,160768.00,5295104.00,56203673.60,2.00,1.00,97.00,0.00,0.00,1.00,0.00,0.00,3871744.00,12582912.00,0.00,0.00,238592.00,230400.00
1493158792,1187840.00,160768.00,5295104.00,56203673.60,1.00,2.00,97.00,0.00,0.00,1.00,0.00,0.00,3757056.00,12582912.00,0.00,0.00,233472.00,223232.00
1493158793,1188864.00,160768.00,5295104.00,56203673.60,1.00,2.00,97.00,0.00,0.00,1.00,0.00,155648.00,4089856.00,13631488.00,0.00,0.00,256000.00,244736.00
1493158794,1188864.00,160768.00,5295104.00,56203673.60,2.00,2.00,96.00,0.00,0.00,0.00,0.00,0.00,4128768.00,13631488.00,0.00,0.00,254976.00,244736.00
1493158795,1187840.00,160768.00,5295104.00,56203673.60,1.00,2.00,97.00,0.00,0.00,0.00,0.00,90112.00,4237312.00,13631488.00,0.00,0.00,257024.00,248832.00
1493158796,1188864.00,160768.00,5295104.00,56203673.60,3.00,2.00,94.00,0.00,0.00,0.00,0.00,0.00,4246528.00,13631488.00,0.00,0.00,260096.00,249856.00
1493158797,1188864.00,160768.00,5295104.00,56203673.60,1.00,1.00,98.00,0.00,0.00,0.00,0.00,0.00,4102144.00,13631488.00,0.00,0.00,248832.00,241664.00
1493158798,1188864.00,160768.00,5295104.00,56203673.60,2.00,2.00,95.00,0.00,0.00,1.00,0.00,196608.00,3981312.00,12582912.00,0.00,0.00,246784.00,237568.00
1493158799,1188864.00,160768.00,5295104.00,56203673.60,1.00,2.00,97.00,0.00,0.00,0.00,0.00,0.00,3958784.00,12582912.00,0.00,0.00,247808.00,236544.00
1493158800,1188864.00,160768.00,5295104.00,56203673.60,2.00,1.00,97.00,0.00,0.00,0.00,0.00,57344.00,3621888.00,11534336.00,0.00,0.00,234496.00,222208.00
1493158801,1188864.00,160768.00,5295104.00,56203673.60,1.00,1.00,98.00,0.00,0.00,0.00,0.00,0.00,3926016.00,12582912.00,0.00,0.00,249856.00,236544.00
1493158802,1187840.00,160768.00,5295104.00,56203673.60,1.00,1.00,98.00,0.00,0.00,0.00,0.00,0.00,3422208.00,11534336.00,0.00,0.00,225280.00,212992.00
1493158803,1188864.00,160768.00,5295104.00,56203673.60,2.00,1.00,96.00,0.00,0.00,1.00,0.00,172032.00,4116480.00,13631488.00,0.00,0.00,257024.00,245760.00
1493158804,1188864.00,160768.00,5295104.00,56203673.60,1.00,2.00,97.00,0.00,0.00,1.00,0.00,0.00,4119552.00,13631488.00,0.00,0.00,256000.00,244736.00
1493158805,1188864.00,160768.00,5295104.00,56203673.60,2.00,2.00,95.00,0.00,0.00,0.00,0.00,368640.00,3957760.00,12582912.00,0.00,0.00,246784.00,235520.00
1493158806,1188864.00,160768.00,5295104.00,56203673.60,0.00,2.00,97.00,0.00,0.00,1.00,0.00,0.00,4034560.00,13631488.00,0.00,0.00,252928.00,241664.00
1493158807,1188864.00,160768.00,5295104.00,56203673.60,2.00,1.00,97.00,0.00,0.00,1.00,0.00,0.00,3799040.00,12582912.00,0.00,0.00,243712.00,230400.00
1493158808,1188864.00,160768.00,5295104.00,56203673.60,0.00,1.00,99.00,0.00,0.00,0.00,0.00,0.00,2993152.00,9768960.00,0.00,0.00,194560.00,183296.00
1493158809,1188864.00,160768.00,5295104.00,56203673.60,0.00,1.00,98.00,0.00,0.00,1.00,0.00,147456.00,3636224.00,11534336.00,0.00,0.00,233472.00,221184.00
1493158810,1188864.00,160768.00,5295104.00,56203673.60,2.00,1.00,97.00,0.00,0.00,0.00,0.00,180224.00,3938304.00,12582912.00,0.00,0.00,251904.00,239616.00
1493158811,1187840.00,160768.00,5295104.00,56203673.60,0.00,2.00,97.00,0.00,0.00,0.00,0.00,0.00,4214784.00,13631488.00,0.00,0.00,260096.00,249856.00
1493158812,1189888.00,160768.00,5295104.00,56203673.60,2.00,2.00,96.00,0.00,0.00,1.00,0.00,0.00,4154368.00,13631488.00,0.00,0.00,259072.00,247808.00
1493158813,1189888.00,160768.00,5295104.00,56203673.60,1.00,1.00,97.00,0.00,0.00,1.00,0.00,0.00,4052992.00,13631488.00,0.00,0.00,252928.00,241664.00
1493158814,1189888.00,160768.00,5295104.00,56203673.60,1.00,2.00,97.00,0.00,0.00,0.00,0.00,122880.00,4057088.00,13631488.00,0.00,0.00,250880.00,242688.00
1493158815,1188864.00,160768.00,5295104.00,56203673.60,2.00,1.00,96.00,0.00,0.00,1.00,0.00,0.00,4025344.00,13631488.00,0.00,0.00,247808.00,238592.00
1493158816,1188864.00,160768.00,5295104.00,56203673.60,1.00,1.00,98.00,0.00,0.00,0.00,0.00,0.00,4067328.00,13631488.00,0.00,0.00,250880.00,240640.00
1493158817,1188864.00,160768.00,5295104.00,56203673.60,2.00,2.00,95.00,0.00,0.00,1.00,0.00,0.00,4195328.00,13631488.00,0.00,0.00,258048.00,247808.00
1493158818,1188864.00,160768.00,5295104.00,56203673.60,1.00,1.00,98.00,0.00,0.00,0.00,0.00,0.00,4305920.00,13631488.00,0.00,0.00,265216.00,253952.00
1493158819,1188864.00,160768.00,5295104.00,56203673.60,2.00,2.00,96.00,0.00,0.00,0.00,0.00,122880.00,4235264.00,13631488.00,0.00,0.00,262144.00,250880.00
1493158820,1188864.00,160768.00,5295104.00,56203673.60,1.00,2.00,97.00,0.00,0.00,1.00,0.00,0.00,4049920.00,13631488.00,0.00,0.00,248832.00,238592.00
1493158821,1188864.00,160768.00,5295104.00,56203673.60,2.00,1.00,96.00,0.00,0.00,1.00,0.00,0.00,4209664.00,13631488.00,0.00,0.00,259072.00,248832.00
1493158822,1188864.00,160768.00,5295104.00,56203673.60,1.00,2.00,97.00,0.00,0.00,1.00,0.00,0.00,4094976.00,13631488.00,0.00,0.00,253952.00,241664.00
1493158823,1190912.00,160768.00,5295104.00,56203673.60,1.00,2.00,97.00,0.00,0.00,0.00,0.00,0.00,4005888.00,12582912.00,0.00,0.00,248832.00,237568.00
1493158824,1191936.00,160768.00,5295104.00,56203673.60,2.00,1.00,97.00,0.00,0.00,1.00,0.00,122880.00,4059136.00,13631488.00,0.00,0.00,245760.00,238592.00
1493158825,1190912.00,160768.00,5295104.00,56203673.60,0.00,1.00,98.00,0.00,0.00,1.00,0.00,73728.00,4246528.00,13631488.00,0.00,0.00,258048.00,249856.00
1493158826,1190912.00,160768.00,5295104.00,56203673.60,2.00,2.00,96.00,0.00,0.00,1.00,0.00,0.00,4113408.00,13631488.00,0.00,0.00,256000.00,244736.00
1493158827,1190912.00,160768.00,5295104.00,56203673.60,1.00,2.00,97.00,0.00,0.00,1.00,0.00,0.00,4170752.00,13631488.00,0.00,0.00,259072.00,247808.00
1493158828,1190912.00,160768.00,5295104.00,56203673.60,2.00,2.00,95.00,0.00,0.00,0.00,0.00,0.00,4014080.00,12582912.00,0.00,0.00,246784.00,237568.00
1493158829,1191936.00,160768.00,5295104.00,56203673.60,1.00,1.00,97.00,0.00,0.00,1.00,0.00,155648.00,3995648.00,12582912.00,0.00,0.00,247808.00,237568.00
1493158830,1191936.00,160768.00,5295104.00,56203673.60,2.00,1.00,96.00,0.00,0.00,1.00,0.00,90112.00,3952640.00,12582912.00,0.00,0.00,246784.00,235520.00
1493158831,1191936.00,160768.00,5295104.00,56203673.60,1.00,2.00,96.00,0.00,0.00,1.00,0.00,0.00,4062208.00,13631488.00,0.00,0.00,248832.00,239616.00
1493158832,1191936.00,160768.00,5295104.00,56203673.60,1.00,2.00,97.00,0.00,0.00,1.00,0.00,0.00,4204544.00,13631488.00,0.00,0.00,262144.00,250880.00
1493158833,1191936.00,160768.00,5295104.00,56203673.60,2.00,2.00,95.00,0.00,0.00,1.00,0.00,0.00,4211712.00,13631488.00,0.00,0.00,258048.00,248832.00
1493158834,1191936.00,160768.00,5295104.00,56203673.60,1.00,1.00,98.00,0.00,0.00,0.00,0.00,196608.00,4271104.00,13631488.00,0.00,0.00,266240.00,253952.00
1493158835,1191936.00,160768.00,5295104.00,56203673.60,2.00,2.00,95.00,0.00,0.00,1.00,0.00,57344.00,4066304.00,13631488.00,0.00,0.00,250880.00,241664.00
1493158836,1191936.00,160768.00,5295104.00,56203673.60,0.00,1.00,97.00,0.00,0.00,1.00,0.00,0.00,4262912.00,13631488.00,0.00,0.00,262144.00,251904.00
1493158837,1191936.00,160768.00,5295104.00,56203673.60,2.00,1.00,96.00,0.00,0.00,1.00,0.00,0.00,4039680.00,13631488.00,0.00,0.00,248832.00,238592.00
1493158838,1191936.00,160768.00,5295104.00,56203673.60,1.00,1.00,97.00,0.00,0.00,0.00,0.00,0.00,4083712.00,13631488.00,0.00,0.00,257024.00,243712.00
1493158839,1191936.00,160768.00,5295104.00,56203673.60,2.00,2.00,95.00,0.00,0.00,1.00,0.00,180224.00,4037632.00,13631488.00,0.00,0.00,248832.00,239616.00
1493158840,1191936.00,160768.00,5295104.00,56203673.60,0.00,1.00,98.00,0.00,0.00,0.00,0.00,376832.00,4191232.00,13631488.00,0.00,0.00,260096.00,249856.00
1493158841,1191936.00,160768.00,5295104.00,56203673.60,3.00,3.00,94.00,0.00,0.00,1.00,0.00,0.00,4251648.00,13631488.00,0.00,0.00,262144.00,250880.00
1493158842,1191936.00,160768.00,5295104.00,56203673.60,1.00,2.00,97.00,0.00,0.00,1.00,0.00,0.00,4057088.00,13631488.00,0.00,0.00,259072.00,244736.00
1493158843,1191936.00,160768.00,5295104.00,56203673.60,1.00,1.00,98.00,0.00,0.00,0.00,0.00,0.00,3756032.00,12582912.00,0.00,0.00,243712.00,229376.00
1493158844,1191936.00,160768.00,5295104.00,56203673.60,2.00,1.00,97.00,0.00,0.00,1.00,0.00,163840.00,4004864.00,12582912.00,0.00,0.00,246784.00,236544.00
1493158845,1191936.00,160768.00,5295104.00,56203673.60,0.00,1.00,98.00,0.00,0.00,1.00,0.00,147456.00,3567616.00,11534336.00,0.00,0.00,225280.00,215040.00
1493158846,1191936.00,160768.00,5295104.00,56203673.60,2.00,1.00,96.00,0.00,0.00,1.00,0.00,0.00,3416064.00,11534336.00,0.00,0.00,216064.00,206848.00
1493158847,1191936.00,160768.00,5295104.00,56203673.60,1.00,2.00,97.00,0.00,0.00,1.00,0.00,0.00,3755008.00,12582912.00,0.00,0.00,232448.00,225280.00
1493158848,1192960.00,160768.00,5295104.00,56203673.60,0.00,2.00,97.00,0.00,0.00,1.00,0.00,0.00,4287488.00,13631488.00,0.00,0.00,264192.00,254976.00
1493158849,1192960.00,160768.00,5295104.00,56203673.60,2.00,2.00,96.00,0.00,0.00,0.00,0.00,122880.00,4226048.00,13631488.00,0.00,0.00,261120.00,250880.00
1493158850,1192960.00,160768.00,5295104.00,56203673.60,1.00,2.00,97.00,0.00,0.00,0.00,0.00,0.00,3878912.00,12582912.00,0.00,0.00,245760.00,233472.00
1493158851,1191936.00,160768.00,5295104.00,56203673.60,3.00,1.00,96.00,0.00,0.00,0.00,0.00,0.00,4085760.00,13631488.00,0.00,0.00,256000.00,244736.00
1493158852,1192960.00,160768.00,5295104.00,56203673.60,0.00,1.00,98.00,0.00,0.00,1.00,0.00,0.00,4091904.00,13631488.00,0.00,0.00,250880.00,242688.00
1493158853,1192960.00,160768.00,5295104.00,56203673.60,2.00,2.00,97.00,0.00,0.00,0.00,0.00,0.00,4043776.00,13631488.00,0.00,0.00,251904.00,240640.00
1493158854,1192960.00,160768.00,5295104.00,56203673.60,1.00,1.00,98.00,0.00,0.00,1.00,0.00,122880.00,3947520.00,12582912.00,0.00,0.00,257024.00,240640.00
1493158855,1192960.00,160768.00,5295104.00,56203673.60,2.00,2.00,96.00,0.00,0.00,0.00,0.00,0.00,3947520.00,12582912.00,0.00,0.00,245760.00,234496.00
1493158856,1192960.00,160768.00,5295104.00,56203673.60,1.00,2.00,96.00,0.00,0.00,1.00,0.00,0.00,4272128.00,13631488.00,0.00,0.00,262144.00,251904.00
1493158857,1192960.00,160768.00,5295104.00,56203673.60,0.00,1.00,97.00,0.00,0.00,1.00,0.00,0.00,4211712.00,13631488.00,0.00,0.00,260096.00,249856.00
1493158858,1192960.00,160768.00,5295104.00,56203673.60,2.00,2.00,96.00,0.00,0.00,0.00,0.00,0.00,3789824.00,12582912.00,0.00,0.00,248832.00,232448.00
1493158859,1192960.00,160768.00,5295104.00,56203673.60,1.00,2.00,96.00,0.00,0.00,1.00,0.00,122880.00,4117504.00,13631488.00,0.00,0.00,259072.00,247808.00
1493158860,1191936.00,160768.00,5295104.00,56203673.60,1.00,1.00,97.00,0.00,0.00,1.00,0.00,73728.00,3571712.00,11534336.00,0.00,0.00,234496.00,220160.00
1493158861,1192960.00,160768.00,5295104.00,56203673.60,1.00,1.00,98.00,0.00,0.00,0.00,0.00,0.00,3825664.00,12582912.00,0.00,0.00,244736.00,231424.00
1493158862,1191936.00,160768.00,5295104.00,56203673.60,1.00,1.00,98.00,0.00,0.00,0.00,0.00,0.00,3812352.00,12582912.00,0.00,0.00,250880.00,234496.00
1493158863,1191936.00,160768.00,5295104.00,56203673.60,1.00,1.00,97.00,0.00,0.00,1.00,0.00,0.00,3751936.00,12582912.00,0.00,0.00,244736.00,228352.00
1493158864,1191936.00,160768.00,5295104.00,56203673.60,1.00,1.00,98.00,0.00,0.00,0.00,0.00,155648.00,4126720.00,13631488.00,0.00,0.00,260096.00,246784.00
1493158865,1192960.00,160768.00,5295104.00,56203673.60,2.00,3.00,94.00,0.00,0.00,1.00,0.00,81920.00,4183040.00,13631488.00,0.00,0.00,260096.00,250880.00
1493158866,1191936.00,160768.00,5295104.00,56203673.60,0.00,2.00,98.00,0.00,0.00,1.00,0.00,0.00,3914752.00,12582912.00,0.00,0.00,250880.00,235520.00
1493158867,1192960.00,160768.00,5295104.00,56203673.60,1.00,2.00,97.00,0.00,0.00,1.00,0.00,0.00,3891200.00,12582912.00,0.00,0.00,250880.00,237568.00
1493158868,1192960.00,160768.00,5295104.00,56203673.60,1.00,2.00,97.00,0.00,0.00,1.00,0.00,0.00,3902464.00,12582912.00,0.00,0.00,243712.00,234496.00
1493158869,1192960.00,160768.00,5295104.00,56203673.60,0.00,1.00,98.00,0.00,0.00,0.00,0.00,196608.00,3622912.00,11534336.00,0.00,0.00,230400.00,218112.00
1493158870,1192960.00,160768.00,5295104.00,56203673.60,2.00,1.00,97.00,0.00,0.00,0.00,0.00,98304.00,2998272.00,9765888.00,0.00,0.00,194560.00,184320.00
1493158871,1192960.00,160768.00,5295104.00,56203673.60,0.00,1.00,98.00,0.00,0.00,0.00,0.00,0.00,3590144.00,11534336.00,0.00,0.00,236544.00,222208.00
1493158872,1192960.00,160768.00,5295104.00,56203673.60,2.00,2.00,96.00,0.00,0.00,1.00,0.00,0.00,4236288.00,13631488.00,0.00,0.00,261120.00,249856.00
1493158873,1192960.00,160768.00,5295104.00,56203673.60,0.00,2.00,97.00,0.00,0.00,1.00,0.00,0.00,4237312.00,13631488.00,0.00,0.00,262144.00,251904.00
1493158874,1192960.00,160768.00,5295104.00,56203673.60,2.00,2.00,96.00,0.00,0.00,1.00,0.00,172032.00,3944448.00,12582912.00,0.00,0.00,248832.00,236544.00
1493158875,1193984.00,160768.00,5295104.00,56203673.60,1.00,1.00,98.00,0.00,0.00,0.00,0.00,360448.00,3920896.00,12582912.00,0.00,0.00,257024.00,240640.00
1493158876,1192960.00,160768.00,5295104.00,56203673.60,0.00,1.00,98.00,0.00,0.00,1.00,0.00,0.00,4005888.00,12582912.00,0.00,0.00,248832.00,237568.00
1493158877,1192960.00,160768.00,5295104.00,56203673.60,2.00,2.00,95.00,0.00,0.00,0.00,0.00,0.00,4013056.00,13631488.00,0.00,0.00,246784.00,238592.00
1493158878,1192960.00,160768.00,5295104.00,56203673.60,1.00,1.00,97.00,0.00,0.00,1.00,0.00,0.00,4236288.00,13631488.00,0.00,0.00,263168.00,251904.00
1493158879,1192960.00,160768.00,5295104.00,56203673.60,2.00,1.00,96.00,0.00,0.00,1.00,0.00,139264.00,3774464.00,12582912.00,0.00,0.00,237568.00,228352.00
1493158880,1191936.00,160768.00,5295104.00,56203673.60,1.00,2.00,97.00,0.00,0.00,1.00,0.00,122880.00,4081664.00,13631488.00,0.00,0.00,254976.00,244736.00
1493158881,1192960.00,160768.00,5295104.00,56203673.60,2.00,2.00,96.00,0.00,0.00,0.00,0.00,0.00,4024320.00,13631488.00,0.00,0.00,248832.00,238592.00
1493158882,1192960.00,160768.00,5295104.00,56203673.60,0.00,1.00,98.00,0.00,0.00,1.00,0.00,0.00,4195328.00,13631488.00,0.00,0.00,259072.00,247808.00
1493158883,1192960.00,160768.00,5295104.00,56203673.60,1.00,2.00,97.00,0.00,0.00,1.00,0.00,0.00,4055040.00,13631488.00,0.00,0.00,249856.00,242688.00
1493158884,1192960.00,160768.00,5295104.00,56203673.60,2.00,1.00,97.00,0.00,0.00,0.00,0.00,122880.00,4100096.00,13631488.00,0.00,0.00,253952.00,242688.00
1493158885,1191936.00,160768.00,5295104.00,56203673.60,1.00,2.00,97.00,0.00,0.00,0.00,0.00,0.00,4006912.00,12582912.00,0.00,0.00,253952.00,240640.00
1493158886,1192960.00,160768.00,5295104.00,56203673.60,2.00,2.00,95.00,0.00,0.00,1.00,0.00,0.00,4226048.00,13631488.00,0.00,0.00,260096.00,251904.00
1493158887,1192960.00,160768.00,5295104.00,56203673.60,1.00,2.00,97.00,0.00,0.00,1.00,0.00,0.00,4019200.00,13631488.00,0.00,0.00,251904.00,239616.00
1493158888,1192960.00,160768.00,5295104.00,56203673.60,2.00,1.00,96.00,0.00,0.00,1.00,0.00,0.00,4267008.00,13631488.00,0.00,0.00,267264.00,251904.00
1493158889,1191936.00,160768.00,5295104.00,56203673.60,0.00,1.00,98.00,0.00,0.00,0.00,0.00,122880.00,4003840.00,12582912.00,0.00,0.00,249856.00,237568.00
1493158890,1192960.00,160768.00,5295104.00,56203673.60,2.00,2.00,96.00,0.00,0.00,1.00,0.00,0.00,4051968.00,13631488.00,0.00,0.00,251904.00,243712.00
1493158891,1192960.00,160768.00,5295104.00,56203673.60,1.00,2.00,97.00,0.00,0.00,1.00,0.00,0.00,3973120.00,12582912.00,0.00,0.00,247808.00,236544.00
1493158892,1192960.00,160768.00,5295104.00,56203673.60,0.00,1.00,98.00,0.00,0.00,1.00,0.00,0.00,3999744.00,12582912.00,0.00,0.00,249856.00,238592.00
1493158893,1192960.00,160768.00,5295104.00,56203673.60,2.00,1.00,97.00,0.00,0.00,0.00,0.00,0.00,4090880.00,13631488.00,0.00,0.00,253952.00,243712.00
1493158894,1192960.00,160768.00,5295104.00,56203673.60,1.00,2.00,97.00,0.00,0.00,1.00,0.00,122880.00,4058112.00,13631488.00,0.00,0.00,252928.00,242688.00
1493158895,1192960.00,160768.00,5295104.00,56203673.60,3.00,2.00,95.00,0.00,0.00,1.00,0.00,57344.00,4151296.00,13631488.00,0.00,0.00,258048.00,246784.00
1493158896,1192960.00,160768.00,5295104.00,56203673.60,0.00,1.00,98.00,0.00,0.00,0.00,0.00,0.00,4056064.00,13631488.00,0.00,0.00,254976.00,242688.00
1493158897,1192960.00,160768.00,5295104.00,56203673.60,2.00,1.00,96.00,0.00,0.00,1.00,0.00,0.00,4139008.00,13631488.00,0.00,0.00,260096.00,246784.00
1493158898,1191936.00,160768.00,5295104.00,56203673.60,1.00,1.00,98.00,0.00,0.00,0.00,0.00,0.00,4117504.00,13631488.00,0.00,0.00,256000.00,244736.00
1493158899,1192960.00,160768.00,5295104.00,56203673.60,2.00,2.00,95.00,0.00,0.00,1.00,0.00,155648.00,4019200.00,13631488.00,0.00,0.00,247808.00,239616.00
1493158900,1192960.00,160768.00,5295104.00,56203673.60,1.00,2.00,97.00,0.00,0.00,0.00,0.00,139264.00,4073472.00,13631488.00,0.00,0.00,250880.00,241664.00
1493158901,1192960.00,160768.00,5295104.00,56203673.60,0.00,2.00,98.00,0.00,0.00,0.00,0.00,0.00,4047872.00,13631488.00,0.00,0.00,252928.00,243712.00
1493158902,1191936.00,160768.00,5295104.00,56203673.60,1.00,2.00,96.00,0.00,0.00,1.00,0.00,0.00,4073472.00,13631488.00,0.00,0.00,250880.00,241664.00
1493158903,1192960.00,160768.00,5295104.00,56203673.60,1.00,1.00,98.00,0.00,0.00,0.00,0.00,0.00,4249600.00,13631488.00,0.00,0.00,261120.00,251904.00
1493158904,1192960.00,160768.00,5295104.00,56203673.60,2.00,1.00,96.00,0.00,0.00,0.00,0.00,212992.00,4037632.00,13631488.00,0.00,0.00,250880.00,240640.00
1493158905,1192960.00,160768.00,5295104.00,56203673.60,0.00,2.00,98.00,0.00,0.00,0.00,0.00,65536.00,4229120.00,13631488.00,0.00,0.00,263168.00,251904.00
1493158906,1192960.00,160768.00,5295104.00,56203673.60,2.00,2.00,95.00,0.00,0.00,1.00,0.00,0.00,4027392.00,13631488.00,0.00,0.00,250880.00,239616.00
1493158907,1192960.00,160768.00,5295104.00,56203673.60,1.00,2.00,97.00,0.00,0.00,1.00,0.00,0.00,3766272.00,12582912.00,0.00,0.00,236544.00,225280.00
1493158908,1192960.00,160768.00,5295104.00,56203673.60,2.00,1.00,97.00,0.00,0.00,0.00,0.00,0.00,4186112.00,13631488.00,0.00,0.00,261120.00,249856.00
1493158909,1192960.00,160768.00,5295104.00,56203673.60,0.00,2.00,97.00,0.00,0.00,1.00,0.00,204800.00,4253696.00,13631488.00,0.00,0.00,265216.00,252928.00
1493158910,1192960.00,160768.00,5295104.00,56203673.60,1.00,2.00,97.00,0.00,0.00,1.00,0.00,368640.00,3941376.00,12582912.00,0.00,0.00,247808.00,235520.00
1493158911,1192960.00,160768.00,5295104.00,56203673.60,2.00,2.00,95.00,0.00,0.00,0.00,0.00,0.00,4017152.00,13631488.00,0.00,0.00,249856.00,239616.00
1493158912,1192960.00,160768.00,5295104.00,56203673.60,0.00,2.00,98.00,0.00,0.00,0.00,0.00,0.00,4278272.00,13631488.00,0.00,0.00,263168.00,252928.00
1493158913,1192960.00,160768.00,5295104.00,56203673.60,2.00,1.00,97.00,0.00,0.00,0.00,0.00,0.00,3333120.00,10485760.00,0.00,0.00,208896.00,199680.00
1493158914,1192960.00,160768.00,5295104.00,56203673.60,1.00,1.00,98.00,0.00,0.00,0.00,0.00,155648.00,3760128.00,12582912.00,0.00,0.00,233472.00,224256.00
1493158915,1191936.00,160768.00,5295104.00,56203673.60,1.00,2.00,97.00,0.00,0.00,1.00,0.00,180224.00,4064256.00,13631488.00,0.00,0.00,252928.00,242688.00
1493158916,1192960.00,160768.00,5295104.00,56203673.60,3.00,2.00,95.00,0.00,0.00,1.00,0.00,0.00,4134912.00,13631488.00,0.00,0.00,258048.00,246784.00
1493158917,1191936.00,160768.00,5295104.00,56203673.60,1.00,2.00,97.00,0.00,0.00,1.00,0.00,0.00,4167680.00,13631488.00,0.00,0.00,258048.00,246784.00
1493158918,1191936.00,160768.00,5295104.00,56203673.60,2.00,2.00,96.00,0.00,0.00,0.00,0.00,0.00,4088832.00,13631488.00,0.00,0.00,254976.00,242688.00
1493158919,1191936.00,160768.00,5295104.00,56203673.60,0.00,2.00,97.00,0.00,0.00,0.00,0.00,122880.00,4042752.00,13631488.00,0.00,0.00,254976.00,243712.00
1493158920,1192960.00,160768.00,5295104.00,56203673.60,2.00,1.00,97.00,0.00,0.00,1.00,0.00,0.00,3780608.00,12582912.00,0.00,0.00,244736.00,230400.00
1493158921,1192960.00,160768.00,5295104.00,56203673.60,1.00,1.00,98.00,0.00,0.00,0.00,0.00,0.00,3641344.00,11534336.00,0.00,0.00,237568.00,224256.00
1493158922,1193984.00,160768.00,5295104.00,56203673.60,1.00,1.00,97.00,0.00,0.00,0.00,0.00,0.00,4051968.00,13631488.00,0.00,0.00,256000.00,243712.00
1493158923,1193984.00,160768.00,5295104.00,56203673.60,1.00,1.00,97.00,0.00,0.00,1.00,0.00,0.00,3972096.00,12582912.00,0.00,0.00,249856.00,237568.00
1493158924,1192960.00,160768.00,5295104.00,56203673.60,1.00,2.00,97.00,0.00,0.00,0.00,0.00,122880.00,4166656.00,13631488.00,0.00,0.00,262144.00,248832.00
1493158925,1191936.00,160768.00,5295104.00,56203673.60,3.00,1.00,96.00,0.00,0.00,0.00,0.00,0.00,3960832.00,12582912.00,0.00,0.00,245760.00,235520.00
1493158926,1192960.00,160768.00,5295104.00,56203673.60,1.00,1.00,98.00,0.00,0.00,1.00,0.00,0.00,4178944.00,13631488.00,0.00,0.00,261120.00,248832.00
1493158927,1192960.00,160768.00,5295104.00,56203673.60,1.00,1.00,97.00,0.00,0.00,0.00,0.00,0.00,3680256.00,11534336.00,0.00,0.00,239616.00,226304.00
1493158928,1191936.00,160768.00,5295104.00,56203673.60,1.00,2.00,97.00,0.00,0.00,1.00,0.00,0.00,4060160.00,13631488.00,0.00,0.00,259072.00,244736.00
1493158929,1192960.00,160768.00,5295104.00,56203673.60,2.00,1.00,96.00,0.00,0.00,1.00,0.00,131072.00,3993600.00,12582912.00,0.00,0.00,248832.00,237568.00
1493158930,1192960.00,160768.00,5295104.00,56203673.60,1.00,2.00,97.00,0.00,0.00,1.00,0.00,106496.00,4128768.00,13631488.00,0.00,0.00,259072.00,246784.00
1493158931,1192960.00,160768.00,5295104.00,56203673.60,1.00,1.00,98.00,0.00,0.00,0.00,0.00,0.00,3181568.00,10485760.00,0.00,0.00,198656.00,190464.00
1493158932,1192960.00,160768.00,5295104.00,56203673.60,1.00,1.00,97.00,0.00,0.00,0.00,0.00,0.00,3733504.00,12582912.00,0.00,0.00,233472.00,224256.00
1493158933,1191936.00,160768.00,5295104.00,56203673.60,1.00,2.00,97.00,0.00,0.00,0.00,0.00,0.00,4097024.00,13631488.00,0.00,0.00,253952.00,243712.00
1493158934,1191936.00,160768.00,5295104.00,56203673.60,2.00,2.00,95.00,0.00,0.00,0.00,0.00,180224.00,4070400.00,13631488.00,0.00,0.00,251904.00,241664.00
1493158935,1191936.00,160768.00,5295104.00,56203673.60,1.00,1.00,98.00,0.00,0.00,0.00,0.00,98304.00,4024320.00,13631488.00,0.00,0.00,249856.00,240640.00
1493158936,1192960.00,160768.00,5295104.00,56203673.60,2.00,2.00,95.00,0.00,0.00,1.00,0.00,0.00,4170752.00,13631488.00,0.00,0.00,258048.00,247808.00
1493158937,1191936.00,160768.00,5295104.00,56203673.60,1.00,0.00,98.00,0.00,0.00,0.00,0.00,0.00,3939328.00,12582912.00,0.00,0.00,245760.00,235520.00
1493158938,1191936.00,160768.00,5295104.00,56203673.60,0.00,2.00,98.00,0.00,0.00,1.00,0.00,0.00,4037632.00,13631488.00,0.00,0.00,250880.00,239616.00
1493158939,1191936.00,160768.00,5295104.00,56203673.60,2.00,2.00,96.00,0.00,0.00,1.00,0.00,196608.00,4149248.00,13631488.00,0.00,0.00,257024.00,246784.00
1493158940,1192960.00,160768.00,5295104.00,56203673.60,1.00,2.00,97.00,0.00,0.00,1.00,0.00,32768.00,4113408.00,13631488.00,0.00,0.00,258048.00,245760.00
1493158941,1191936.00,160768.00,5295104.00,56203673.60,2.00,2.00,95.00,0.00,0.00,1.00,0.00,0.00,3986432.00,12582912.00,0.00,0.00,244736.00,235520.00
1493158942,1192960.00,160768.00,5295104.00,56203673.60,0.00,2.00,97.00,0.00,0.00,1.00,0.00,0.00,4039680.00,13631488.00,0.00,0.00,253952.00,240640.00
1493158943,1191936.00,160768.00,5295104.00,56203673.60,2.00,2.00,95.00,0.00,0.00,1.00,0.00,0.00,4148224.00,13631488.00,0.00,0.00,259072.00,247808.00
1493158944,1191936.00,160768.00,5295104.00,56203673.60,1.00,2.00,96.00,0.00,0.00,1.00,0.00,147456.00,4258816.00,13631488.00,0.00,0.00,263168.00,251904.00
1493158945,1191936.00,160768.00,5295104.00,56203673.60,2.00,2.00,96.00,0.00,0.00,0.00,0.00,335872.00,3992576.00,12582912.00,0.00,0.00,246784.00,235520.00
1493158946,1192960.00,160768.00,5295104.00,56203673.60,1.00,2.00,97.00,0.00,0.00,0.00,0.00,0.00,4052992.00,13631488.00,0.00,0.00,251904.00,240640.00
1493158947,1192960.00,160768.00,5295104.00,56203673.60,1.00,1.00,98.00,0.00,0.00,0.00,0.00,0.00,4179968.00,13631488.00,0.00,0.00,259072.00,249856.00
1493158948,1192960.00,160768.00,5295104.00,56203673.60,2.00,1.00,96.00,0.00,0.00,1.00,0.00,0.00,4163584.00,13631488.00,0.00,0.00,256000.00,246784.00
1493158949,1192960.00,160768.00,5295104.00,56203673.60,1.00,1.00,98.00,0.00,0.00,0.00,0.00,155648.00,3862528.00,12582912.00,0.00,0.00,239616.00,229376.00
1493158950,1192960.00,160768.00,5295104.00,56203673.60,2.00,2.00,95.00,0.00,0.00,1.00,0.00,155648.00,4149248.00,13631488.00,0.00,0.00,262144.00,247808.00
1493158951,1191936.00,160768.00,5295104.00,56203673.60,1.00,1.00,97.00,0.00,0.00,1.00,0.00,0.00,4146176.00,13631488.00,0.00,0.00,259072.00,248832.00
1493158952,1191936.00,160768.00,5296128.00,56203673.60,2.00,2.00,95.00,0.00,0.00,1.00,0.00,0.00,4000768.00,12582912.00,0.00,0.00,246784.00,236544.00
1493158953,1192960.00,160768.00,5296128.00,56203673.60,1.00,1.00,97.00,0.00,0.00,1.00,0.00,0.00,4208640.00,13631488.00,0.00,0.00,260096.00,248832.00
1493158954,1192960.00,160768.00,5296128.00,56203673.60,0.00,1.00,98.00,0.00,0.00,0.00,0.00,122880.00,3957760.00,12582912.00,0.00,0.00,245760.00,237568.00
1493158955,1192960.00,160768.00,5296128.00,56203673.60,3.00,2.00,95.00,0.00,0.00,0.00,0.00,8192.00,3870720.00,12582912.00,0.00,0.00,246784.00,234496.00
1493158956,1192960.00,160768.00,5296128.00,56203673.60,0.00,1.00,98.00,0.00,0.00,0.00,0.00,0.00,3709952.00,12582912.00,0.00,0.00,237568.00,227328.00
1493158957,1191936.00,160768.00,5296128.00,56203673.60,2.00,1.00,96.00,0.00,0.00,1.00,0.00,0.00,3559424.00,11534336.00,0.00,0.00,226304.00,216064.00
1493158958,1191936.00,160768.00,5296128.00,56203673.60,1.00,2.00,97.00,0.00,0.00,1.00,0.00,0.00,4115456.00,13631488.00,0.00,0.00,257024.00,244736.00
1493158959,1192960.00,160768.00,5296128.00,56203673.60,3.00,1.00,96.00,0.00,0.00,0.00,0.00,122880.00,4094976.00,13631488.00,0.00,0.00,254976.00,243712.00
1493158960,1191936.00,160768.00,5296128.00,56203673.60,0.00,1.00,98.00,0.00,0.00,1.00,0.00,40960.00,3781632.00,12582912.00,0.00,0.00,237568.00,228352.00
1493158961,1192960.00,160768.00,5296128.00,56203673.60,1.00,1.00,98.00,0.00,0.00,1.00,0.00,0.00,3961856.00,12582912.00,0.00,0.00,250880.00,238592.00
1493158962,1191936.00,160768.00,5296128.00,56203673.60,2.00,1.00,96.00,0.00,0.00,1.00,0.00,0.00,3877888.00,12582912.00,0.00,0.00,240640.00,231424.00
1493158963,1191936.00,160768.00,5296128.00,56203673.60,1.00,2.00,97.00,0.00,0.00,0.00,0.00,0.00,3840000.00,12582912.00,0.00,0.00,237568.00,229376.00
1493158964,1192960.00,160768.00,5296128.00,56203673.60,2.00,2.00,95.00,0.00,0.00,1.00,0.00,122880.00,3737600.00,12582912.00,0.00,0.00,239616.00,226304.00
1493158965,1192960.00,160768.00,5296128.00,56203673.60,1.00,2.00,97.00,0.00,0.00,1.00,0.00,65536.00,3891200.00,12582912.00,0.00,0.00,241664.00,231424.00
1493158966,1192960.00,160768.00,5296128.00,56203673.60,2.00,1.00,96.00,0.00,0.00,1.00,0.00,0.00,4201472.00,13631488.00,0.00,0.00,261120.00,248832.00
1493158967,1192960.00,160768.00,5296128.00,56203673.60,0.00,2.00,98.00,0.00,0.00,0.00,0.00,0.00,3928064.00,12582912.00,0.00,0.00,246784.00,235520.00
1493158968,1191936.00,160768.00,5296128.00,56203673.60,0.00,0.00,99.00,0.00,0.00,1.00,0.00,0.00,4072448.00,13631488.00,0.00,0.00,253952.00,242688.00
1493158969,1191936.00,160768.00,5296128.00,56203673.60,2.00,2.00,95.00,0.00,0.00,1.00,0.00,180224.00,4020224.00,13631488.00,0.00,0.00,250880.00,239616.00
1493158970,1192960.00,160768.00,5296128.00,56203673.60,1.00,1.00,98.00,0.00,0.00,0.00,0.00,106496.00,4106240.00,13631488.00,0.00,0.00,261120.00,248832.00
1493158971,1191936.00,160768.00,5296128.00,56203673.60,2.00,2.00,96.00,0.00,0.00,0.00,0.00,0.00,4193280.00,13631488.00,0.00,0.00,259072.00,248832.00
1493158972,1192960.00,160768.00,5296128.00,56203673.60,0.00,1.00,98.00,0.00,0.00,1.00,0.00,0.00,4055040.00,13631488.00,0.00,0.00,249856.00,240640.00
1493158973,1192960.00,160768.00,5296128.00,56203673.60,2.00,1.00,97.00,0.00,0.00,0.00,0.00,0.00,3887104.00,12582912.00,0.00,0.00,241664.00,231424.00
1493158974,1191936.00,160768.00,5296128.00,56203673.60,1.00,1.00,98.00,0.00,0.00,1.00,0.00,212992.00,4103168.00,13631488.00,0.00,0.00,259072.00,246784.00
1493158975,1191936.00,160768.00,5296128.00,56203673.60,1.00,1.00,98.00,0.00,0.00,1.00,0.00,49152.00,4040704.00,13631488.00,0.00,0.00,252928.00,240640.00
1493158976,1192960.00,160768.00,5296128.00,56203673.60,2.00,2.00,95.00,0.00,0.00,1.00,0.00,0.00,4116480.00,13631488.00,0.00,0.00,261120.00,246784.00
1493158977,1191936.00,160768.00,5296128.00,56203673.60,1.00,1.00,98.00,0.00,0.00,0.00,0.00,0.00,3977216.00,12582912.00,0.00,0.00,247808.00,236544.00
1493158978,1191936.00,160768.00,5296128.00,56203673.60,2.00,1.00,96.00,0.00,0.00,0.00,0.00,0.00,4216832.00,13631488.00,0.00,0.00,258048.00,248832.00
1493158979,1191936.00,160768.00,5296128.00,56203673.60,1.00,2.00,96.00,0.00,0.00,1.00,0.00,180224.00,4280320.00,13631488.00,0.00,0.00,262144.00,252928.00
1493158980,1191936.00,160768.00,5296128.00,56203673.60,2.00,1.00,97.00,0.00,0.00,0.00,0.00,360448.00,3468288.00,11534336.00,0.00,0.00,224256.00,211968.00
1493158981,1192960.00,160768.00,5296128.00,56203673.60,1.00,1.00,98.00,0.00,0.00,0.00,0.00,0.00,4003840.00,12582912.00,0.00,0.00,254976.00,242688.00
1493158982,1191936.00,160768.00,5296128.00,56203673.60,2.00,2.00,96.00,0.00,0.00,0.00,0.00,0.00,4116480.00,13631488.00,0.00,0.00,262144.00,246784.00
1493158983,1191936.00,160768.00,5296128.00,56203673.60,0.00,1.00,98.00,0.00,0.00,1.00,0.00,0.00,4045824.00,13631488.00,0.00,0.00,249856.00,240640.00
1493158984,1192960.00,160768.00,5296128.00,56203673.60,0.00,1.00,98.00,0.00,0.00,1.00,0.00,155648.00,4025344.00,13631488.00,0.00,0.00,259072.00,244736.00
1493158985,1191936.00,160768.00,5296128.00,56203673.60,2.00,2.00,96.00,0.00,0.00,0.00,0.00,172032.00,3974144.00,12582912.00,0.00,0.00,248832.00,236544.00
1493158986,1192960.00,160768.00,5296128.00,56203673.60,1.00,1.00,98.00,0.00,0.00,0.00,0.00,0.00,4137984.00,13631488.00,0.00,0.00,261120.00,248832.00
1493158987,1192960.00,160768.00,5296128.00,56203673.60,2.00,1.00,96.00,0.00,0.00,1.00,0.00,0.00,4054016.00,13631488.00,0.00,0.00,252928.00,241664.00
1493158988,1192960.00,160768.00,5296128.00,56203673.60,1.00,1.00,98.00,0.00,0.00,0.00,0.00,0.00,3731456.00,12582912.00,0.00,0.00,233472.00,224256.00
1493158989,1192960.00,160768.00,5296128.00,56203673.60,2.00,2.00,95.00,1.00,0.00,0.00,0.00,122880.00,4075520.00,13631488.00,0.00,0.00,254976.00,244736.00
1493158990,1191936.00,160768.00,5296128.00,56203673.60,1.00,1.00,97.00,0.00,0.00,1.00,0.00,40960.00,4184064.00,13631488.00,0.00,0.00,264192.00,250880.00
1493158991,1191936.00,160768.00,5296128.00,56203673.60,1.00,1.00,98.00,0.00,0.00,1.00,0.00,0.00,4038656.00,13631488.00,0.00,0.00,252928.00,241664.00
1493158992,1191936.00,160768.00,5296128.00,56203673.60,2.00,1.00,96.00,0.00,0.00,1.00,0.00,0.00,3638272.00,11534336.00,0.00,0.00,230400.00,219136.00
1493158993,1192960.00,160768.00,5296128.00,56203673.60,0.00,1.00,98.00,0.00,0.00,0.00,0.00,0.00,3332096.00,10485760.00,0.00,0.00,211968.00,201728.00
1493158994,1192960.00,160768.00,5296128.00,56203673.60,2.00,2.00,95.00,0.00,0.00,1.00,0.00,122880.00,4132864.00,13631488.00,0.00,0.00,260096.00,246784.00
1493158995,1191936.00,160768.00,5296128.00,56203673.60,1.00,2.00,97.00,0.00,0.00,1.00,0.00,0.00,4035584.00,13631488.00,0.00,0.00,250880.00,240640.00
1493158996,1191936.00,160768.00,5296128.00,56203673.60,2.00,1.00,96.00,0.00,0.00,1.00,0.00,0.00,3952640.00,12582912.00,0.00,0.00,245760.00,236544.00
1493158997,1191936.00,160768.00,5296128.00,56203673.60,1.00,1.00,98.00,0.00,0.00,1.00,0.00,0.00,4199424.00,13631488.00,0.00,0.00,261120.00,250880.00
1493158998,1192960.00,160768.00,5296128.00,56203673.60,0.00,1.00,98.00,0.00,0.00,0.00,0.00,0.00,4066304.00,13631488.00,0.00,0.00,251904.00,241664.00
1493158999,1192960.00,160768.00,5296128.00,56203673.60,2.00,2.00,95.00,0.00,0.00,0.00,0.00,122880.00,4166656.00,13631488.00,0.00,0.00,258048.00,247808.00
1493159000,1191936.00,160768.00,5296128.00,56203673.60,0.00,1.00,98.00,0.00,0.00,0.00,0.00,73728.00,3817472.00,12582912.00,0.00,0.00,243712.00,231424.00
1493159001,1191936.00,160768.00,5296128.00,56203673.60,2.00,2.00,96.00,0.00,0.00,0.00,0.00,0.00,4196352.00,13631488.00,0.00,0.00,258048.00,248832.00
1493159002,1191936.00,160768.00,5296128.00,56203673.60,0.00,2.00,97.00,0.00,0.00,1.00,0.00,0.00,4092928.00,13631488.00,0.00,0.00,260096.00,247808.00
1493159003,1191936.00,160768.00,5296128.00,56203673.60,2.00,2.00,96.00,0.00,0.00,0.00,0.00,0.00,3889152.00,12582912.00,0.00,0.00,247808.00,233472.00
1493159004,1191936.00,160768.00,5296128.00,56203673.60,1.00,1.00,97.00,0.00,0.00,1.00,0.00,172032.00,4006912.00,13631488.00,0.00,0.00,248832.00,238592.00
1493159005,1192960.00,160768.00,5296128.00,56203673.60,2.00,1.00,96.00,0.00,0.00,1.00,0.00,98304.00,4162560.00,13631488.00,0.00,0.00,257024.00,247808.00
1493159006,1191936.00,160768.00,5296128.00,56203673.60,1.00,2.00,97.00,0.00,0.00,1.00,0.00,0.00,3975168.00,12582912.00,0.00,0.00,252928.00,238592.00
1493159007,1192960.00,160768.00,5296128.00,56203673.60,0.00,1.00,98.00,0.00,0.00,0.00,0.00,0.00,4145152.00,13631488.00,0.00,0.00,260096.00,248832.00
1493159008,1191936.00,160768.00,5296128.00,56203673.60,2.00,1.00,97.00,0.00,0.00,0.00,0.00,0.00,4008960.00,12582912.00,0.00,0.00,245760.00,237568.00
1493159009,1192960.00,160768.00,5296128.00,56203673.60,0.00,2.00,98.00,0.00,0.00,0.00,0.00,188416.00,4261888.00,13631488.00,0.00,0.00,262144.00,252928.00
1493159010,1191936.00,160768.00,5296128.00,56203673.60,2.00,1.00,96.00,0.00,0.00,1.00,0.00,49152.00,4000768.00,13631488.00,0.00,0.00,250880.00,239616.00
1493159011,1192960.00,160768.00,5296128.00,56203673.60,0.00,1.00,98.00,0.00,0.00,0.00,0.00,0.00,4241408.00,13631488.00,0.00,0.00,264192.00,252928.00
1493159012,1191936.00,160768.00,5296128.00,56203673.60,2.00,1.00,96.00,0.00,0.00,1.00,0.00,0.00,4020224.00,13631488.00,0.00,0.00,250880.00,238592.00
1493159013,1191936.00,160768.00,5296128.00,56203673.60,1.00,2.00,97.00,0.00,0.00,0.00,0.00,0.00,4072448.00,13631488.00,0.00,0.00,248832.00,239616.00
1493159014,1192960.00,160768.00,5296128.00,56203673.60,2.00,1.00,96.00,0.00,0.00,1.00,0.00,180224.00,4164608.00,13631488.00,0.00,0.00,257024.00,245760.00
1493159015,1192960.00,160768.00,5296128.00,56203673.60,0.00,1.00,97.00,0.00,0.00,1.00,0.00,360448.00,4111360.00,13631488.00,0.00,0.00,252928.00,242688.00
1493159016,1192960.00,160768.00,5296128.00,56203673.60,1.00,1.00,97.00,0.00,0.00,1.00,0.00,0.00,4179968.00,13631488.00,0.00,0.00,259072.00,248832.00
1493159017,1192960.00,160768.00,5296128.00,56203673.60,3.00,2.00,95.00,0.00,0.00,1.00,0.00,0.00,4208640.00,13631488.00,0.00,0.00,262144.00,249856.00
1493159018,1192960.00,160768.00,5296128.00,56203673.60,0.00,1.00,97.00,0.00,0.00,1.00,0.00,0.00,4070400.00,13631488.00,0.00,0.00,251904.00,242688.00
1493159019,1192960.00,160768.00,5296128.00,56203673.60,2.00,2.00,95.00,0.00,0.00,0.00,0.00,155648.00,3738624.00,12582912.00,0.00,0.00,240640.00,227328.00
1493159020,1192960.00,160768.00,5296128.00,56203673.60,0.00,1.00,97.00,0.00,0.00,1.00,0.00,204800.00,4160512.00,13631488.00,0.00,0.00,259072.00,247808.00
1493159021,1192960.00,160768.00,5296128.00,56203673.60,5.00,2.00,93.00,0.00,0.00,1.00,0.00,0.00,4028416.00,13631488.00,0.00,0.00,248832.00,237568.00
1493159022,1192960.00,160768.00,5296128.00,56203673.60,1.00,2.00,96.00,0.00,0.00,0.00,0.00,0.00,4257792.00,13631488.00,0.00,0.00,261120.00,252928.00
1493159023,1192960.00,160768.00,5296128.00,56203673.60,2.00,1.00,97.00,0.00,0.00,1.00,0.00,0.00,4066304.00,13631488.00,0.00,0.00,248832.00,240640.00
1493159024,1192960.00,160768.00,5296128.00,56203673.60,1.00,2.00,96.00,0.00,0.00,1.00,0.00,122880.00,4116480.00,13631488.00,0.00,0.00,253952.00,244736.00
1493159025,1192960.00,160768.00,5296128.00,56203673.60,1.00,1.00,98.00,0.00,0.00,1.00,0.00,0.00,4048896.00,13631488.00,0.00,0.00,248832.00,239616.00
1493159026,1192960.00,160768.00,5296128.00,56203673.60,4.00,1.00,94.00,0.00,0.00,1.00,0.00,0.00,3899392.00,12582912.00,0.00,0.00,232448.00,228352.00
1493159027,1192960.00,160768.00,5296128.00,56203673.60,1.00,1.00,98.00,0.00,0.00,0.00,0.00,0.00,3565568.00,11534336.00,0.00,0.00,215040.00,211968.00
1493159028,1192960.00,160768.00,5296128.00,56203673.60,2.00,1.00,97.00,0.00,0.00,0.00,0.00,0.00,4061184.00,13631488.00,0.00,0.00,246784.00,239616.00
1493159029,1192960.00,160768.00,5296128.00,56203673.60,0.00,1.00,98.00,0.00,0.00,1.00,0.00,122880.00,3952640.00,12582912.00,0.00,0.00,245760.00,236544.00
1493159030,1192960.00,160768.00,5296128.00,56203673.60,0.00,2.00,98.00,0.00,0.00,0.00,0.00,0.00,3924992.00,12582912.00,0.00,0.00,253952.00,238592.00
1493159031,1192960.00,160768.00,5296128.00,56203673.60,2.00,1.00,96.00,0.00,0.00,0.00,0.00,0.00,3919872.00,12582912.00,0.00,0.00,243712.00,233472.00
1493159032,1193984.00,160768.00,5296128.00,56203673.60,1.00,2.00,97.00,0.00,0.00,0.00,0.00,0.00,4191232.00,13631488.00,0.00,0.00,260096.00,249856.00
1493159033,1192960.00,160768.00,5296128.00,56203673.60,3.00,2.00,94.00,0.00,0.00,1.00,0.00,0.00,3965952.00,12582912.00,0.00,0.00,248832.00,237568.00
1493159034,1192960.00,160768.00,5296128.00,56203673.60,1.00,1.00,97.00,0.00,0.00,1.00,0.00,122880.00,4061184.00,13631488.00,0.00,0.00,260096.00,247808.00
1493159035,1192960.00,160768.00,5296128.00,56203673.60,2.00,1.00,97.00,0.00,0.00,0.00,0.00,73728.00,3682304.00,11534336.00,0.00,0.00,237568.00,224256.00
1493159036,1192960.00,160768.00,5296128.00,56203673.60,1.00,1.00,97.00,0.00,0.00,1.00,0.00,0.00,3863552.00,12582912.00,0.00,0.00,251904.00,236544.00
1493159037,1193984.00,160768.00,5296128.00,56203673.60,1.00,1.00,98.00,0.00,0.00,0.00,0.00,0.00,3705856.00,12582912.00,0.00,0.00,240640.00,227328.00
1493159038,1192960.00,160768.00,5296128.00,56203673.60,2.00,1.00,97.00,0.00,0.00,0.00,0.00,0.00,3798016.00,12582912.00,0.00,0.00,247808.00,232448.00
1493159039,1193984.00,160768.00,5296128.00,56203673.60,1.00,2.00,97.00,0.00,0.00,0.00,0.00,180224.00,4011008.00,13631488.00,0.00,0.00,250880.00,239616.00
1493159040,1192960.00,160768.00,5296128.00,56203673.60,3.00,1.00,96.00,0.00,0.00,1.00,0.00,90112.00,3816448.00,12582912.00,0.00,0.00,244736.00,231424.00
1493159041,1192960.00,160768.00,5296128.00,56203673.60,1.00,1.00,98.00,0.00,0.00,0.00,0.00,0.00,3648512.00,11534336.00,0.00,0.00,237568.00,223232.00
1493159042,1193984.00,160768.00,5296128.00,56203673.60,2.00,2.00,96.00,0.00,0.00,1.00,0.00,0.00,4034560.00,13631488.00,0.00,0.00,258048.00,242688.00
1493159043,1193984.00,160768.00,5296128.00,56203673.60,1.00,1.00,98.00,0.00,0.00,0.00,0.00,0.00,3799040.00,12582912.00,0.00,0.00,243712.00,231424.00
1493159044,1192960.00,160768.00,5296128.00,56203673.60,1.00,2.00,97.00,0.00,0.00,1.00,0.00,204800.00,4055040.00,13631488.00,0.00,0.00,256000.00,242688.00
1493159045,1192960.00,160768.00,5296128.00,56203673.60,2.00,1.00,96.00,0.00,0.00,1.00,0.00,40960.00,3920896.00,12582912.00,0.00,0.00,243712.00,233472.00
1493159046,1192960.00,160768.00,5296128.00,56203673.60,1.00,2.00,97.00,0.00,0.00,0.00,0.00,0.00,4168704.00,13631488.00,0.00,0.00,259072.00,248832.00
1493159047,1192960.00,160768.00,5296128.00,56203673.60,2.00,1.00,97.00,0.00,0.00,0.00,0.00,0.00,3771392.00,12582912.00,0.00,0.00,236544.00,227328.00
1493159048,1192960.00,160768.00,5296128.00,56203673.60,1.00,2.00,96.00,0.00,0.00,1.00,0.00,0.00,4072448.00,13631488.00,0.00,0.00,254976.00,244736.00
1493159049,1192960.00,160768.00,5296128.00,56203673.60,2.00,1.00,96.00,0.00,0.00,1.00,0.00,147456.00,3981312.00,12582912.00,0.00,0.00,243712.00,234496.00
1493159050,1192960.00,160768.00,5296128.00,56203673.60,1.00,1.00,98.00,0.00,0.00,0.00,0.00,352256.00,4015104.00,13631488.00,0.00,0.00,253952.00,240640.00
1493159051,1193984.00,160768.00,5296128.00,56203673.60,1.00,1.00,98.00,0.00,0.00,0.00,0.00,0.00,3895296.00,12582912.00,0.00,0.00,241664.00,231424.00
1493159052,1192960.00,160768.00,5296128.00,56203673.60,2.00,1.00,96.00,0.00,0.00,1.00,0.00,0.00,3969024.00,12582912.00,0.00,0.00,242688.00,233472.00
1493159053,1193984.00,160768.00,5296128.00,56203673.60,0.00,1.00,98.00,0.00,0.00,0.00,0.00,0.00,4185088.00,13631488.00,0.00,0.00,258048.00,249856.00
1493159054,1192960.00,160768.00,5296128.00,56203673.60,2.00,1.00,96.00,0.00,0.00,0.00,0.00,139264.00,3024896.00,9902080.00,0.00,0.00,193536.00,183296.00
1493159055,1193984.00,160768.00,5296128.00,56203673.60,1.00,1.00,97.00,0.00,0.00,1.00,0.00,139264.00,3856384.00,12582912.00,0.00,0.00,239616.00,228352.00
