--Probe dump file for probe: org.yardstickframework.probes.ThroughputLatencyProbe@6f01b95f (class org.yardstickframework.probes.ThroughputLatencyProbe)
--Created Tue Apr 25 22:18:15 UTC 2017
--Benchmark config: BenchmarkConfiguration [memberId='0', driverNames='[HazelcastSetBenchmark]', serverName='HazelcastNode', threads=64, duration=300, warmup=60, dfltProbeClsNames=[ThroughputLatencyProbe, PercentileProbe, DStatProbe], propsFileName='yardstick/config/run.properties', packages=[org.yardstickframework], cmdArgs=[--outputFolder, /home/ubuntu/date-2504-221749-s-4-c-1-ver-3.8.1-f1e9264/yardstick/bin/../output/results-20170425-221800, -id, 0, -hzcfg, /home/ubuntu/date-2504-221749-s-4-c-1-ver-3.8.1-f1e9264/yardstick/bin/../config/hz-config.xml, --hzClientConfig, /home/ubuntu/date-2504-221749-s-4-c-1-ver-3.8.1-f1e9264/yardstick/bin/../config/hz-client-config.xml, --clientMode, -nn, 4, -b, 1, -w, 60, -d, 300, -t, 64, --syncBackups, --readBackups, -dn, HazelcastSetBenchmark, -sn, HazelcastNode, -ds, 3.8.1-f1e9264-atomic-set-1-backup, --config, yardstick/config/run.properties, --logsFolder, /home/ubuntu/date-2504-221749-s-4-c-1-ver-3.8.1-f1e9264/yardstick/bin/../output/logs-20170425-221800/logs_drivers, --currentFolder, /home/ubuntu/date-2504-221749-s-4-c-1-ver-3.8.1-f1e9264, --scriptsFolder, /home/ubuntu/date-2504-221749-s-4-c-1-ver-3.8.1-f1e9264/yardstick/bin], probeWriter='null', customProps={ver=3.8.1-f1e9264-, b=1, d=300, SERVER_HOSTS=172.31.45.250,172.31.38.80,172.31.41.141,172.31.42.161, now0=`date +'%H%M%S'`, nodesNum=$((`echo ${SERVER_HOSTS} | tr ',' '' | wc -l`)), JVM_OPTS=${JVM_OPTS}" -Xms6g -Xmx6g -Xloggc:./gc${now0}.log -XX:+PrintGCDetails -verbose:gc -XX:+UseParNewGC -XX:+UseConcMarkSweepGC ", CONFIGS="-hzcfg ${SCRIPT_DIR}/../config/hz-config.xml --hzClientConfig ${SCRIPT_DIR}/../config/hz-client-config.xml --clientMode -nn ${nodesNum} -b ${b} -w ${w} -d ${d} -t ${t}  ${sm} --readBackups -dn HazelcastSetBenchmark -sn HazelcastNode -ds ${ver}atomic-set-1-backup,-hzcfg ${SCRIPT_DIR}/../config/hz-config.xml --hzClientConfig ${SCRIPT_DIR}/../config/hz-client-config.xml --clientMode -nn ${nodesNum} -b ${b} -w ${w} -d ${d} -t ${t}  ${sm} --readBackups -dn HazelcastSetGetBenchmark -sn HazelcastNode -ds ${ver}atomic-set-get-1-backup,-hzcfg ${SCRIPT_DIR}/../config/hz-config.xml --hzClientConfig ${SCRIPT_DIR}/../config/hz-client-config.xml --clientMode -nn ${nodesNum} -b ${b} -w ${w} -d ${d} -t ${t}  ${sm} --readBackups -bs 6 -dn HazelcastPutGetBatchBenchmark -sn HazelcastNode -ds ${ver}atomic-set-get-bs-6-1-backup,-hzcfg ${SCRIPT_DIR}/../config/hz-config.xml --hzClientConfig ${SCRIPT_DIR}/../config/hz-client-config.xml --clientMode -nn ${nodesNum} -b ${b} -w ${w} -d ${d} -t ${t}  ${sm} --readBackups -dn HazelcastSetTxBenchmark -sn HazelcastNode -ds ${ver}tx-set-pessimistic-1-backup,-hzcfg ${SCRIPT_DIR}/../config/hz-config.xml --hzClientConfig ${SCRIPT_DIR}/../config/hz-client-config.xml --clientMode -nn ${nodesNum} -b ${b} -w ${w} -d ${d} -t ${t}  ${sm} --readBackups -dn HazelcastSetGetTxOptimisticBenchmark -sn HazelcastNode -ds ${ver}tx-set-get-opt-1-backup,-hzcfg ${SCRIPT_DIR}/../config/hz-config.xml --hzClientConfig ${SCRIPT_DIR}/../config/hz-client-config.xml --clientMode -nn ${nodesNum} -b ${b} -w ${w} -d ${d} -t ${t}  ${sm} --readBackups -dn HazelcastSetGetTxPessimisticBenchmark -sn HazelcastNode -ds ${ver}tx-set-get-pes-1-backup,-hzcfg ${SCRIPT_DIR}/../config/hz-config.xml --hzClientConfig ${SCRIPT_DIR}/../config/hz-client-config.xml --clientMode -nn ${nodesNum} -b ${b} -w ${w} -d ${d} -t ${t}  ${sm} --readBackups -dn HazelcastSqlQueryBenchmark -sn HazelcastNode -ds ${ver}sql-query-1-backup,-hzcfg ${SCRIPT_DIR}/../config/hz-config.xml --hzClientConfig ${SCRIPT_DIR}/../config/hz-client-config.xml --clientMode -nn ${nodesNum} -b ${b} -w ${w} -d ${d} -t ${t}  ${sm} --readBackups -dn HazelcastSqlQuerySetBenchmark -sn HazelcastNode -ds ${ver}sql-query-set-1-backup,-hzcfg ${SCRIPT_DIR}/../config/hz-config.xml --hzClientConfig ${SCRIPT_DIR}/../config/hz-client-config.xml --clientMode -nn ${nodesNum} -b ${b} -w ${w} -d ${d} -t ${t}  ${sm} --readBackups -bs 6 -dn HazelcastPutAllBenchmark -sn HazelcastNode -ds ${ver}atomic-setAll-bs-6-1-backup,-hzcfg ${SCRIPT_DIR}/../config/hz-config.xml --hzClientConfig ${SCRIPT_DIR}/../config/hz-client-config.xml --clientMode -nn ${nodesNum} -b ${b} -w ${w} -d ${d} -t ${t}  ${sm} --readBackups -bs 6 -dn HazelcastSetAllTxBenchmark -sn HazelcastNode -ds ${ver}tx-setAll-bs-6-1-backup,-hzcfg ${SCRIPT_DIR}/../config/hz-config.xml --hzClientConfig ${SCRIPT_DIR}/../config/hz-client-config.xml --clientMode -nn ${nodesNum} -b ${b} -w ${w} -d ${d} -t ${t}  ${sm} --readBackups -bs 6 -dn HazelcastGetAllSetAllTxOptimisticBenchmark -sn HazelcastNode -ds ${ver}tx-optimistic-getAllSetAll-bs-6-1-backup,-hzcfg ${SCRIPT_DIR}/../config/hz-config.xml --hzClientConfig ${SCRIPT_DIR}/../config/hz-client-config.xml --clientMode -nn ${nodesNum} -b ${b} -w ${w} -d ${d} -t ${t}  ${sm} --readBackups -bs 6 -dn HazelcastGetAllSetAllTxPessimisticBenchmark -sn HazelcastNode -ds ${ver}tx-pessimistic-getAllSetAll-bs-6-1-backup,", DRIVER_HOSTS=172.31.46.6, t=64, BENCHMARK_PACKAGES=org.yardstickframework, w=60, BENCHMARK_LABEL=hazelcast, sm="--syncBackups", AUTO_COPY=false, RESTART_SERVERS=true}, shutdownHook=true, currentFolder=/home/ubuntu/date-2504-221749-s-4-c-1-ver-3.8.1-f1e9264, scriptsFolder=/home/ubuntu/date-2504-221749-s-4-c-1-ver-3.8.1-f1e9264/yardstick/bin, logsFolder=/home/ubuntu/date-2504-221749-s-4-c-1-ver-3.8.1-f1e9264/yardstick/bin/../output/logs-20170425-221800/logs_drivers, outputFolder=/home/ubuntu/date-2504-221749-s-4-c-1-ver-3.8.1-f1e9264/yardstick/bin/../output/results-20170425-221800, outputWriter=java.io.PrintStream@3a92b7c2, errorWriter=java.io.PrintStream@3ead2448, descriptions=[3.8.1-f1e9264-atomic-set-1-backup], hostName=]
--Description: 3.8.1-f1e9264-atomic-set-1-backup
@@HazelcastSetBenchmark
**"Time, sec","Operations/sec (more is better)","Latency, nsec (less is better)"
1493158756,76727.00,831673.39
1493158757,75249.00,846212.84
1493158758,77530.00,826277.61
1493158759,77828.00,820955.22
1493158760,71438.00,894680.47
1493158761,70895.00,901675.42
1493158762,78618.00,813100.78
1493158763,78942.00,809700.24
1493158764,71605.00,892798.65
1493158765,75101.00,851203.08
1493158766,77526.00,824596.91
1493158767,74807.00,854620.31
1493158768,74376.00,859777.74
1493158769,64995.00,983734.62
1493158770,73848.00,865809.32
1493158771,75985.00,841409.08
1493158772,76828.00,832175.92
1493158773,76410.00,836717.66
1493158774,76851.00,831982.41
1493158775,70336.00,873651.85
1493158776,73123.00,908662.86
1493158777,69183.00,924093.25
1493158778,70922.00,901670.91
1493158779,75921.00,842104.15
1493158780,74229.00,861413.18
1493158781,75185.00,850387.02
1493158782,74786.00,855084.76
1493158783,75402.00,847989.92
1493158784,73184.00,873712.99
1493158785,75403.00,848028.87
1493158786,73481.00,870202.35
1493158787,76828.00,832191.99
1493158788,77787.00,821952.81
1493158789,77190.00,828354.65
1493158790,72665.00,879949.85
1493158791,71658.00,892297.92
1493158792,69984.00,913720.93
1493158793,76282.00,838294.15
1493158794,76272.00,838270.40
1493158795,78661.00,812725.68
1493158796,78607.00,813500.96
1493158797,76311.00,837753.81
1493158798,73457.00,870442.70
1493158799,73380.00,871593.30
1493158800,67028.00,953983.26
1493158801,72173.00,886002.93
1493158802,62846.00,1017694.08
1493158803,76086.00,840266.37
1493158804,76348.00,837406.64
1493158805,73250.00,872943.26
1493158806,75067.00,851815.98
1493158807,70197.00,910935.05
1493158808,55314.00,1150088.55
1493158809,67217.00,956405.55
1493158810,72556.00,881316.39
1493158811,77951.00,820233.76
1493158812,76771.00,832764.18
1493158813,75096.00,851508.69
1493158814,75357.00,848384.06
1493158815,74556.00,857718.01
1493158816,75641.00,845201.59
1493158817,77626.00,823637.45
1493158818,79930.00,799946.64
1493158819,78896.00,810443.75
1493158820,75297.00,849233.23
1493158821,78259.00,817020.50
1493158822,75962.00,841687.90
1493158823,74583.00,857325.46
1493158824,75318.00,849062.13
1493158825,78907.00,810150.86
1493158826,76503.00,835874.92
1493158827,77466.00,825304.52
1493158828,74615.00,856833.51
1493158829,74393.00,859533.53
1493158830,73371.00,871568.47
1493158831,75581.00,845961.56
1493158832,77815.00,821693.26
1493158833,78391.00,815642.98
1493158834,79622.00,803068.76
1493158835,75480.00,847155.40
1493158836,79204.00,807142.54
1493158837,75291.00,849231.10
1493158838,76022.00,841107.12
1493158839,74453.00,858748.37
1493158840,77814.00,821699.54
1493158841,78904.00,810273.13
1493158842,75006.00,852427.08
1493158843,69250.00,923487.62
1493158844,74202.00,861744.04
1493158845,66213.00,965821.14
1493158846,63203.00,1005861.62
1493158847,69225.00,929155.95
1493158848,79692.00,802361.23
1493158849,78455.00,815048.64
1493158850,71955.00,888529.18
1493158851,75567.00,846186.58
1493158852,76040.00,840873.66
1493158853,75202.00,850233.97
1493158854,72835.00,877895.90
1493158855,73501.00,870006.96
1493158856,79165.00,807544.42
1493158857,78516.00,814345.61
1493158858,69932.00,914402.36
1493158859,76274.00,838168.45
1493158860,66165.00,966585.16
1493158861,70977.00,901014.17
1493158862,70584.00,905756.69
1493158863,69581.00,919194.66
1493158864,76681.00,833764.67
1493158865,77113.00,829122.28
1493158866,72771.00,878657.55
1493158867,71837.00,890191.18
1493158868,72415.00,882942.68
1493158869,66744.00,957384.42
1493158870,54986.00,1164109.24
1493158871,66047.00,968237.23
1493158872,78769.00,811103.58
1493158873,78556.00,814459.93
1493158874,73058.00,875249.55
1493158875,72240.00,885150.63
1493158876,74430.00,858849.15
1493158877,74521.00,858108.63
1493158878,78739.00,811933.39
1493158879,70043.00,913258.68
1493158880,75764.00,843780.15
1493158881,74798.00,854009.07
1493158882,77917.00,821384.66
1493158883,74957.00,853016.64
1493158884,75903.00,825700.16
1493158885,74322.00,877392.32
1493158886,78137.00,818267.71
1493158887,74267.00,860905.29
1493158888,79029.00,809109.86
1493158889,74594.00,857128.86
1493158890,75180.00,850551.70
1493158891,74122.00,862634.65
1493158892,74258.00,861014.81
1493158893,76165.00,839533.51
1493158894,75258.00,849611.75
1493158895,76987.00,830456.09
1493158896,75528.00,846558.38
1493158897,76604.00,834693.07
1493158898,76486.00,835662.01
1493158899,74475.00,858963.66
1493158900,75604.00,845629.51
1493158901,74900.00,853607.85
1493158902,75266.00,849513.05
1493158903,79405.00,805219.62
1493158904,74709.00,855848.93
1493158905,78513.00,814311.59
1493158906,74564.00,857594.87
1493158907,69525.00,919701.21
1493158908,77715.00,822804.21
1493158909,78646.00,812942.88
1493158910,73289.00,872299.58
1493158911,74459.00,858823.17
1493158912,79361.00,805672.54
1493158913,61796.00,1034930.18
1493158914,69831.00,915644.42
1493158915,75011.00,849351.13
1493158916,77647.00,833792.04
1493158917,76425.00,806902.82
1493158918,77053.00,859319.34
1493158919,74766.00,855206.39
1493158920,70105.00,912048.87
1493158921,67278.00,950529.71
1493158922,75291.00,849339.74
1493158923,73520.00,869695.04
1493158924,77076.00,829511.48
1493158925,73457.00,870536.46
1493158926,77545.00,824525.48
1493158927,68188.00,937711.26
1493158928,75075.00,851634.13
1493158929,74147.00,862414.47
1493158930,76988.00,830563.96
1493158931,58162.00,1099514.44
1493158932,70122.00,911981.19
1493158933,74524.00,857966.85
1493158934,76891.00,831588.07
1493158935,74751.00,855379.41
1493158936,77432.00,825706.59
1493158937,73042.00,875539.08
1493158938,74354.00,859896.17
1493158939,77485.00,825072.16
1493158940,75949.00,841871.36
1493158941,74121.00,862558.85
1493158942,74859.00,854236.36
1493158943,76454.00,836318.32
1493158944,78674.00,812690.45
1493158945,74274.00,860998.57
1493158946,75364.00,848445.94
1493158947,77284.00,827488.12
1493158948,77335.00,826809.04
1493158949,71664.00,892470.48
1493158950,76931.00,831193.55
1493158951,76771.00,832913.47
1493158952,74198.00,861701.86
1493158953,78367.00,815918.04
1493158954,73459.00,870431.51
1493158955,70559.00,905623.44
1493158956,68762.00,930526.61
1493158957,66737.00,958309.27
1493158958,76482.00,835952.08
1493158959,76277.00,838178.84
1493158960,70076.00,912589.75
1493158961,73608.00,868659.62
1493158962,72317.00,884249.39
1493158963,71420.00,895274.71
1493158964,69401.00,921343.99
1493158965,72390.00,883440.15
1493158966,77823.00,821480.87
1493158967,72722.00,879351.25
1493158968,75683.00,844785.38
1493158969,74349.00,859944.54
1493158970,76122.00,840027.59
1493158971,77570.00,824201.03
1493158972,75019.00,852222.18
1493158973,72145.00,886382.77
1493158974,76179.00,839288.92
1493158975,74994.00,852585.10
1493158976,76092.00,840240.70
1493158977,73822.00,866190.70
1493158978,78659.00,812844.59
1493158979,79778.00,801485.12
1493158980,63981.00,999442.56
1493158981,74208.00,861698.74
1493158982,76349.00,837513.14
1493158983,74913.00,853481.16
1493158984,74513.00,858050.36
1493158985,73436.00,870715.55
1493158986,76639.00,834187.12
1493158987,73819.00,850789.32
1493158988,70898.00,917956.72
1493158989,76104.00,840234.96
1493158990,77557.00,824400.69
1493158991,75114.00,851153.19
1493158992,66083.00,967740.29
1493158993,62981.00,1015264.00
1493158994,76918.00,831329.38
1493158995,74650.00,856454.76
1493158996,72907.00,877111.82
1493158997,78357.00,815892.89
1493158998,75548.00,846354.54
1493158999,77244.00,827792.72
1493159000,70917.00,901666.77
1493159001,78082.00,818894.29
1493159002,75426.00,847521.96
1493159003,71865.00,889900.74
1493159004,74530.00,857863.33
1493159005,77434.00,825747.89
1493159006,73618.00,868513.02
1493159007,76826.00,832235.86
1493159008,74396.00,859491.34
1493159009,79137.00,807823.09
1493159010,74326.00,860233.77
1493159011,76047.00,811098.29
1493159012,77282.00,856711.71
1493159013,75707.00,844410.38
1493159014,77616.00,823868.29
1493159015,76252.00,838492.97
1493159016,77409.00,825955.72
1493159017,78192.00,817708.37
1493159018,75446.00,847423.75
1493159019,68906.00,928026.09
1493159020,77047.00,829785.14
1493159021,74218.00,861620.55
1493159022,79285.00,806333.80
1493159023,74992.00,852622.14
1493159024,77247.00,827736.01
1493159025,75043.00,851956.62
1493159026,72625.00,880433.63
1493159027,65806.00,971779.02
1493159028,75602.00,845717.91
1493159029,72757.00,878831.80
1493159030,72193.00,878824.78
1493159031,73423.00,881714.51
1493159032,77615.00,823949.43
1493159033,73465.00,870283.82
1493159034,74579.00,857145.40
1493159035,68060.00,939577.91
1493159036,68670.00,897226.39
1493159037,71103.00,932320.59
1493159038,70086.00,912285.60
1493159039,74605.00,857113.92
1493159040,70750.00,903819.87
1493159041,67829.00,942750.54
1493159042,74718.00,855782.02
1493159043,70101.00,912108.73
1493159044,73082.00,847328.18
1493159045,75043.00,878916.51
1493159046,76804.00,832380.17
1493159047,69815.00,915883.82
1493159048,75699.00,844772.42
1493159049,73864.00,865775.09
1493159050,73591.00,868839.20
1493159051,73205.00,873432.26
1493159052,73794.00,866502.55
1493159053,76727.00,833283.08
1493159054,55645.00,1149377.39
1493159055,73087.00,874875.68
