--Probe dump file for probe: org.yardstickframework.probes.DStatProbe@1a245833 (class org.yardstickframework.probes.DStatProbe)
--Created Tue Apr 25 22:37:12 UTC 2017
--Benchmark config: BenchmarkConfiguration [memberId='0', driverNames='[HazelcastSetTxBenchmark]', serverName='HazelcastNode', threads=64, duration=300, warmup=60, dfltProbeClsNames=[ThroughputLatencyProbe, PercentileProbe, DStatProbe], propsFileName='yardstick/config/run.properties', packages=[org.yardstickframework], cmdArgs=[--outputFolder, /home/ubuntu/date-2504-221749-s-4-c-1-ver-3.8.1-f1e9264/yardstick/bin/../output/results-20170425-221800, -id, 0, -hzcfg, /home/ubuntu/date-2504-221749-s-4-c-1-ver-3.8.1-f1e9264/yardstick/bin/../config/hz-config.xml, --hzClientConfig, /home/ubuntu/date-2504-221749-s-4-c-1-ver-3.8.1-f1e9264/yardstick/bin/../config/hz-client-config.xml, --clientMode, -nn, 4, -b, 1, -w, 60, -d, 300, -t, 64, --syncBackups, --readBackups, -dn, HazelcastSetTxBenchmark, -sn, HazelcastNode, -ds, 3.8.1-f1e9264-tx-set-pessimistic-1-backup, --config, yardstick/config/run.properties, --logsFolder, /home/ubuntu/date-2504-221749-s-4-c-1-ver-3.8.1-f1e9264/yardstick/bin/../output/logs-20170425-221800/logs_drivers, --currentFolder, /home/ubuntu/date-2504-221749-s-4-c-1-ver-3.8.1-f1e9264, --scriptsFolder, /home/ubuntu/date-2504-221749-s-4-c-1-ver-3.8.1-f1e9264/yardstick/bin], probeWriter='null', customProps={ver=3.8.1-f1e9264-, b=1, d=300, SERVER_HOSTS=172.31.45.250,172.31.38.80,172.31.41.141,172.31.42.161, now0=`date +'%H%M%S'`, nodesNum=$((`echo ${SERVER_HOSTS} | tr ',' '' | wc -l`)), JVM_OPTS=${JVM_OPTS}" -Xms6g -Xmx6g -Xloggc:./gc${now0}.log -XX:+PrintGCDetails -verbose:gc -XX:+UseParNewGC -XX:+UseConcMarkSweepGC ", CONFIGS="-hzcfg ${SCRIPT_DIR}/../config/hz-config.xml --hzClientConfig ${SCRIPT_DIR}/../config/hz-client-config.xml --clientMode -nn ${nodesNum} -b ${b} -w ${w} -d ${d} -t ${t}  ${sm} --readBackups -dn HazelcastSetBenchmark -sn HazelcastNode -ds ${ver}atomic-set-1-backup,-hzcfg ${SCRIPT_DIR}/../config/hz-config.xml --hzClientConfig ${SCRIPT_DIR}/../config/hz-client-config.xml --clientMode -nn ${nodesNum} -b ${b} -w ${w} -d ${d} -t ${t}  ${sm} --readBackups -dn HazelcastSetGetBenchmark -sn HazelcastNode -ds ${ver}atomic-set-get-1-backup,-hzcfg ${SCRIPT_DIR}/../config/hz-config.xml --hzClientConfig ${SCRIPT_DIR}/../config/hz-client-config.xml --clientMode -nn ${nodesNum} -b ${b} -w ${w} -d ${d} -t ${t}  ${sm} --readBackups -bs 6 -dn HazelcastPutGetBatchBenchmark -sn HazelcastNode -ds ${ver}atomic-set-get-bs-6-1-backup,-hzcfg ${SCRIPT_DIR}/../config/hz-config.xml --hzClientConfig ${SCRIPT_DIR}/../config/hz-client-config.xml --clientMode -nn ${nodesNum} -b ${b} -w ${w} -d ${d} -t ${t}  ${sm} --readBackups -dn HazelcastSetTxBenchmark -sn HazelcastNode -ds ${ver}tx-set-pessimistic-1-backup,-hzcfg ${SCRIPT_DIR}/../config/hz-config.xml --hzClientConfig ${SCRIPT_DIR}/../config/hz-client-config.xml --clientMode -nn ${nodesNum} -b ${b} -w ${w} -d ${d} -t ${t}  ${sm} --readBackups -dn HazelcastSetGetTxOptimisticBenchmark -sn HazelcastNode -ds ${ver}tx-set-get-opt-1-backup,-hzcfg ${SCRIPT_DIR}/../config/hz-config.xml --hzClientConfig ${SCRIPT_DIR}/../config/hz-client-config.xml --clientMode -nn ${nodesNum} -b ${b} -w ${w} -d ${d} -t ${t}  ${sm} --readBackups -dn HazelcastSetGetTxPessimisticBenchmark -sn HazelcastNode -ds ${ver}tx-set-get-pes-1-backup,-hzcfg ${SCRIPT_DIR}/../config/hz-config.xml --hzClientConfig ${SCRIPT_DIR}/../config/hz-client-config.xml --clientMode -nn ${nodesNum} -b ${b} -w ${w} -d ${d} -t ${t}  ${sm} --readBackups -dn HazelcastSqlQueryBenchmark -sn HazelcastNode -ds ${ver}sql-query-1-backup,-hzcfg ${SCRIPT_DIR}/../config/hz-config.xml --hzClientConfig ${SCRIPT_DIR}/../config/hz-client-config.xml --clientMode -nn ${nodesNum} -b ${b} -w ${w} -d ${d} -t ${t}  ${sm} --readBackups -dn HazelcastSqlQuerySetBenchmark -sn HazelcastNode -ds ${ver}sql-query-set-1-backup,-hzcfg ${SCRIPT_DIR}/../config/hz-config.xml --hzClientConfig ${SCRIPT_DIR}/../config/hz-client-config.xml --clientMode -nn ${nodesNum} -b ${b} -w ${w} -d ${d} -t ${t}  ${sm} --readBackups -bs 6 -dn HazelcastPutAllBenchmark -sn HazelcastNode -ds ${ver}atomic-setAll-bs-6-1-backup,-hzcfg ${SCRIPT_DIR}/../config/hz-config.xml --hzClientConfig ${SCRIPT_DIR}/../config/hz-client-config.xml --clientMode -nn ${nodesNum} -b ${b} -w ${w} -d ${d} -t ${t}  ${sm} --readBackups -bs 6 -dn HazelcastSetAllTxBenchmark -sn HazelcastNode -ds ${ver}tx-setAll-bs-6-1-backup,-hzcfg ${SCRIPT_DIR}/../config/hz-config.xml --hzClientConfig ${SCRIPT_DIR}/../config/hz-client-config.xml --clientMode -nn ${nodesNum} -b ${b} -w ${w} -d ${d} -t ${t}  ${sm} --readBackups -bs 6 -dn HazelcastGetAllSetAllTxOptimisticBenchmark -sn HazelcastNode -ds ${ver}tx-optimistic-getAllSetAll-bs-6-1-backup,-hzcfg ${SCRIPT_DIR}/../config/hz-config.xml --hzClientConfig ${SCRIPT_DIR}/../config/hz-client-config.xml --clientMode -nn ${nodesNum} -b ${b} -w ${w} -d ${d} -t ${t}  ${sm} --readBackups -bs 6 -dn HazelcastGetAllSetAllTxPessimisticBenchmark -sn HazelcastNode -ds ${ver}tx-pessimistic-getAllSetAll-bs-6-1-backup,", DRIVER_HOSTS=172.31.46.6, t=64, BENCHMARK_PACKAGES=org.yardstickframework, w=60, BENCHMARK_LABEL=hazelcast, sm="--syncBackups", AUTO_COPY=false, RESTART_SERVERS=true}, shutdownHook=true, currentFolder=/home/ubuntu/date-2504-221749-s-4-c-1-ver-3.8.1-f1e9264, scriptsFolder=/home/ubuntu/date-2504-221749-s-4-c-1-ver-3.8.1-f1e9264/yardstick/bin, logsFolder=/home/ubuntu/date-2504-221749-s-4-c-1-ver-3.8.1-f1e9264/yardstick/bin/../output/logs-20170425-221800/logs_drivers, outputFolder=/home/ubuntu/date-2504-221749-s-4-c-1-ver-3.8.1-f1e9264/yardstick/bin/../output/results-20170425-221800, outputWriter=java.io.PrintStream@4351e8f2, errorWriter=java.io.PrintStream@476e7440, descriptions=[3.8.1-f1e9264-tx-set-pessimistic-1-backup], hostName=]
--Description: 3.8.1-f1e9264-tx-set-pessimistic-1-backup
@@HazelcastSetTxBenchmark
**"Time, sec","Memory Used, KB","Memory Buffered, KB","Memory Cached, KB","Memory Free, KB","CPU User, %","CPU System, %","CPU Idle, %","CPU Wait, %","CPU Hardware Interrupts","CPU Software Interrupts","Disk Read, B","Disk Write, B","Network Receive, B","Network Send, B","Page In, B","Page Out, B","System Interrupts, per sec","System Context Switches, per sec"
1493159893,1188864.00,161792.00,5301248.00,56203673.60,1.00,3.00,95.00,0.00,0.00,1.00,0.00,516096.00,5619712.00,11534336.00,0.00,0.00,246784.00,245760.00
1493159894,1188864.00,161792.00,5301248.00,56203673.60,1.00,3.00,94.00,0.00,0.00,2.00,0.00,237568.00,5609472.00,11534336.00,0.00,0.00,246784.00,245760.00
1493159895,1190912.00,161792.00,5301248.00,56203673.60,2.00,2.00,94.00,0.00,0.00,1.00,0.00,0.00,5771264.00,11534336.00,0.00,0.00,263168.00,257024.00
1493159896,1189888.00,161792.00,5301248.00,56203673.60,2.00,3.00,94.00,0.00,0.00,1.00,0.00,0.00,6224896.00,12582912.00,0.00,0.00,276480.00,273408.00
1493159897,1188864.00,161792.00,5301248.00,56203673.60,1.00,2.00,95.00,0.00,0.00,1.00,0.00,0.00,6326272.00,12582912.00,0.00,0.00,280576.00,276480.00
1493159898,1189888.00,161792.00,5301248.00,56203673.60,2.00,3.00,94.00,0.00,0.00,1.00,0.00,16384.00,6215680.00,12582912.00,0.00,0.00,270336.00,269312.00
1493159899,1188864.00,161792.00,5301248.00,56203673.60,1.00,3.00,95.00,0.00,0.00,1.00,0.00,155648.00,6112256.00,11534336.00,0.00,0.00,266240.00,265216.00
1493159900,1189888.00,161792.00,5301248.00,56203673.60,0.00,2.00,97.00,0.00,0.00,1.00,0.00,0.00,5834752.00,11534336.00,0.00,0.00,249856.00,249856.00
1493159901,1189888.00,161792.00,5301248.00,56203673.60,3.00,2.00,94.00,0.00,0.00,1.00,0.00,0.00,6043648.00,11534336.00,0.00,0.00,259072.00,258048.00
1493159902,1189888.00,161792.00,5301248.00,56203673.60,2.00,3.00,94.00,0.00,0.00,2.00,0.00,0.00,6429696.00,12582912.00,0.00,0.00,279552.00,278528.00
1493159903,1189888.00,161792.00,5301248.00,56203673.60,2.00,4.00,92.00,0.00,0.00,2.00,0.00,0.00,6375424.00,12582912.00,0.00,0.00,274432.00,275456.00
1493159904,1189888.00,161792.00,5301248.00,56203673.60,1.00,2.00,96.00,0.00,0.00,1.00,0.00,122880.00,6486016.00,12582912.00,0.00,0.00,277504.00,278528.00
1493159905,1188864.00,161792.00,5301248.00,56203673.60,2.00,3.00,93.00,0.00,0.00,2.00,0.00,0.00,6406144.00,12582912.00,0.00,0.00,276480.00,274432.00
1493159906,1189888.00,161792.00,5301248.00,56203673.60,1.00,2.00,97.00,0.00,0.00,1.00,0.00,0.00,6066176.00,11534336.00,0.00,0.00,267264.00,264192.00
1493159907,1189888.00,161792.00,5301248.00,56203673.60,1.00,2.00,96.00,0.00,0.00,1.00,0.00,0.00,5742592.00,11534336.00,0.00,0.00,246784.00,247808.00
1493159908,1189888.00,161792.00,5301248.00,56203673.60,2.00,2.00,96.00,0.00,0.00,1.00,0.00,0.00,5818368.00,11534336.00,0.00,0.00,253952.00,253952.00
1493159909,1189888.00,161792.00,5301248.00,56203673.60,1.00,3.00,94.00,0.00,0.00,1.00,0.00,122880.00,6446080.00,12582912.00,0.00,0.00,278528.00,278528.00
1493159910,1189888.00,161792.00,5301248.00,56203673.60,1.00,2.00,95.00,0.00,0.00,2.00,0.00,0.00,6433792.00,12582912.00,0.00,0.00,281600.00,278528.00
1493159911,1189888.00,161792.00,5301248.00,56203673.60,3.00,2.00,94.00,0.00,0.00,1.00,0.00,0.00,6353920.00,12582912.00,0.00,0.00,278528.00,276480.00
1493159912,1189888.00,161792.00,5301248.00,56203673.60,1.00,2.00,96.00,0.00,0.00,1.00,0.00,0.00,6236160.00,12582912.00,0.00,0.00,267264.00,267264.00
1493159913,1189888.00,161792.00,5301248.00,56203673.60,1.00,3.00,95.00,0.00,0.00,1.00,0.00,40960.00,5848064.00,11534336.00,0.00,0.00,253952.00,253952.00
1493159914,1188864.00,161792.00,5301248.00,56203673.60,2.00,2.00,95.00,0.00,0.00,1.00,0.00,0.00,6132736.00,12582912.00,0.00,0.00,266240.00,265216.00
1493159915,1189888.00,161792.00,5301248.00,56203673.60,1.00,3.00,93.00,0.00,0.00,2.00,0.00,122880.00,6374400.00,12582912.00,0.00,0.00,277504.00,277504.00
1493159916,1189888.00,161792.00,5301248.00,56203673.60,1.00,2.00,96.00,0.00,0.00,1.00,0.00,0.00,6349824.00,12582912.00,0.00,0.00,278528.00,276480.00
1493159917,1189888.00,161792.00,5301248.00,56203673.60,0.00,2.00,97.00,0.00,0.00,1.00,0.00,0.00,4851712.00,9536512.00,0.00,0.00,218112.00,215040.00
1493159918,1189888.00,161792.00,5301248.00,56203673.60,2.00,3.00,93.00,0.00,0.00,2.00,0.00,32768.00,6090752.00,11534336.00,0.00,0.00,264192.00,263168.00
1493159919,1189888.00,161792.00,5301248.00,56203673.60,1.00,2.00,96.00,0.00,0.00,1.00,0.00,0.00,5997568.00,11534336.00,0.00,0.00,265216.00,262144.00
1493159920,1189888.00,161792.00,5301248.00,56203673.60,1.00,2.00,96.00,0.00,0.00,1.00,0.00,163840.00,5878784.00,11534336.00,0.00,0.00,253952.00,252928.00
1493159921,1189888.00,161792.00,5301248.00,56203673.60,3.00,3.00,94.00,0.00,0.00,1.00,0.00,0.00,6127616.00,11534336.00,0.00,0.00,263168.00,262144.00
1493159922,1189888.00,161792.00,5301248.00,56203673.60,1.00,2.00,96.00,0.00,0.00,1.00,0.00,0.00,6535168.00,12582912.00,0.00,0.00,282624.00,281600.00
1493159923,1190912.00,161792.00,5301248.00,56203673.60,0.00,4.00,95.00,0.00,0.00,1.00,0.00,16384.00,6459392.00,12582912.00,0.00,0.00,278528.00,278528.00
1493159924,1190912.00,161792.00,5301248.00,56203673.60,1.00,3.00,94.00,0.00,0.00,2.00,0.00,0.00,6376448.00,12582912.00,0.00,0.00,280576.00,278528.00
1493159925,1189888.00,161792.00,5301248.00,56203673.60,3.00,3.00,93.00,0.00,0.00,1.00,0.00,147456.00,5719040.00,11534336.00,0.00,0.00,250880.00,248832.00
1493159926,1189888.00,161792.00,5301248.00,56203673.60,1.00,3.00,95.00,0.00,0.00,2.00,0.00,0.00,6074368.00,11534336.00,0.00,0.00,268288.00,265216.00
1493159927,1189888.00,161792.00,5301248.00,56203673.60,2.00,2.00,95.00,0.00,0.00,1.00,0.00,0.00,5780480.00,11534336.00,0.00,0.00,242688.00,245760.00
1493159928,1189888.00,161792.00,5301248.00,56203673.60,4.00,3.00,93.00,0.00,0.00,1.00,0.00,598016.00,6302720.00,12582912.00,0.00,0.00,272384.00,272384.00
1493159929,1189888.00,161792.00,5301248.00,56203673.60,0.00,4.00,94.00,0.00,0.00,2.00,0.00,0.00,6390784.00,12582912.00,0.00,0.00,279552.00,278528.00
1493159930,1189888.00,161792.00,5301248.00,56203673.60,1.00,2.00,96.00,0.00,0.00,1.00,0.00,212992.00,6445056.00,12582912.00,0.00,0.00,282624.00,278528.00
1493159931,1189888.00,161792.00,5301248.00,56203673.60,2.00,3.00,94.00,0.00,0.00,1.00,0.00,0.00,6351872.00,12582912.00,0.00,0.00,275456.00,274432.00
1493159932,1190912.00,161792.00,5301248.00,56203673.60,1.00,2.00,96.00,0.00,0.00,1.00,0.00,0.00,6006784.00,11534336.00,0.00,0.00,262144.00,260096.00
1493159933,1190912.00,161792.00,5301248.00,56203673.60,1.00,2.00,96.00,0.00,0.00,1.00,0.00,8192.00,5356544.00,10485760.00,0.00,0.00,236544.00,233472.00
1493159934,1189888.00,161792.00,5301248.00,56203673.60,1.00,2.00,96.00,0.00,0.00,1.00,0.00,0.00,6113280.00,11534336.00,0.00,0.00,266240.00,263168.00
1493159935,1190912.00,161792.00,5301248.00,56203673.60,2.00,2.00,94.00,0.00,0.00,1.00,0.00,122880.00,6384640.00,12582912.00,0.00,0.00,278528.00,276480.00
1493159936,1190912.00,161792.00,5301248.00,56203673.60,1.00,3.00,95.00,0.00,0.00,1.00,0.00,0.00,6483968.00,12582912.00,0.00,0.00,280576.00,278528.00
1493159937,1189888.00,161792.00,5301248.00,56203673.60,1.00,3.00,94.00,0.00,0.00,1.00,0.00,0.00,6457344.00,12582912.00,0.00,0.00,281600.00,279552.00
1493159938,1190912.00,161792.00,5301248.00,56203673.60,2.00,2.00,95.00,0.00,0.00,1.00,0.00,0.00,6103040.00,11534336.00,0.00,0.00,262144.00,262144.00
1493159939,1190912.00,161792.00,5301248.00,56203673.60,1.00,3.00,95.00,0.00,0.00,1.00,0.00,0.00,6319104.00,12582912.00,0.00,0.00,280576.00,276480.00
1493159940,1191936.00,161792.00,5301248.00,56203673.60,0.00,1.00,98.00,0.00,0.00,1.00,0.00,122880.00,5736448.00,11534336.00,0.00,0.00,256000.00,249856.00
1493159941,1190912.00,161792.00,5301248.00,56203673.60,2.00,2.00,95.00,0.00,0.00,1.00,0.00,0.00,5260288.00,10485760.00,0.00,0.00,249856.00,239616.00
1493159942,1190912.00,161792.00,5301248.00,56203673.60,2.00,3.00,95.00,0.00,0.00,1.00,0.00,0.00,5907456.00,11534336.00,0.00,0.00,269312.00,263168.00
1493159943,1190912.00,161792.00,5301248.00,56203673.60,1.00,1.00,97.00,0.00,0.00,1.00,0.00,40960.00,6151168.00,12582912.00,0.00,0.00,266240.00,267264.00
1493159944,1191936.00,161792.00,5301248.00,56203673.60,1.00,4.00,93.00,0.00,0.00,2.00,0.00,0.00,6088704.00,11534336.00,0.00,0.00,275456.00,269312.00
1493159945,1190912.00,161792.00,5301248.00,56203673.60,2.00,4.00,91.00,1.00,0.00,2.00,0.00,122880.00,5873664.00,11534336.00,0.00,0.00,263168.00,258048.00
1493159946,1190912.00,161792.00,5301248.00,56203673.60,1.00,3.00,95.00,0.00,0.00,1.00,0.00,0.00,6026240.00,11534336.00,0.00,0.00,273408.00,266240.00
1493159947,1190912.00,161792.00,5301248.00,56203673.60,1.00,3.00,95.00,0.00,0.00,1.00,0.00,0.00,5488640.00,10485760.00,0.00,0.00,245760.00,243712.00
1493159948,1190912.00,161792.00,5301248.00,56203673.60,2.00,2.00,94.00,0.00,0.00,1.00,0.00,0.00,6167552.00,12582912.00,0.00,0.00,271360.00,269312.00
1493159949,1190912.00,161792.00,5301248.00,56203673.60,1.00,2.00,97.00,0.00,0.00,1.00,0.00,0.00,6356992.00,12582912.00,0.00,0.00,277504.00,274432.00
1493159950,1190912.00,161792.00,5301248.00,56203673.60,1.00,2.00,96.00,0.00,0.00,1.00,0.00,122880.00,6232064.00,12582912.00,0.00,0.00,277504.00,273408.00
1493159951,1190912.00,161792.00,5301248.00,56203673.60,2.00,2.00,95.00,0.00,0.00,1.00,0.00,0.00,6160384.00,12582912.00,0.00,0.00,271360.00,268288.00
1493159952,1190912.00,161792.00,5301248.00,56203673.60,0.00,3.00,96.00,0.00,0.00,1.00,0.00,0.00,5757952.00,11534336.00,0.00,0.00,262144.00,256000.00
1493159953,1191936.00,161792.00,5301248.00,56203673.60,1.00,1.00,96.00,0.00,0.00,1.00,0.00,24576.00,5372928.00,10485760.00,0.00,0.00,239616.00,237568.00
1493159954,1190912.00,161792.00,5301248.00,56203673.60,1.00,2.00,95.00,0.00,0.00,2.00,0.00,0.00,5567488.00,10485760.00,0.00,0.00,259072.00,251904.00
1493159955,1190912.00,161792.00,5302272.00,56203673.60,3.00,2.00,94.00,0.00,0.00,1.00,0.00,147456.00,5928960.00,11534336.00,0.00,0.00,266240.00,261120.00
1493159956,1190912.00,161792.00,5302272.00,56203673.60,1.00,1.00,97.00,0.00,0.00,1.00,0.00,0.00,6155264.00,12582912.00,0.00,0.00,271360.00,268288.00
1493159957,1191936.00,161792.00,5302272.00,56203673.60,1.00,2.00,96.00,0.00,0.00,1.00,0.00,0.00,5790720.00,11534336.00,0.00,0.00,250880.00,252928.00
1493159958,1191936.00,161792.00,5302272.00,56203673.60,0.00,1.00,99.00,0.00,0.00,0.00,0.00,8192.00,5373952.00,10485760.00,0.00,0.00,229376.00,230400.00
1493159959,1190912.00,161792.00,5302272.00,56203673.60,2.00,2.00,95.00,0.00,0.00,1.00,0.00,0.00,5731328.00,11534336.00,0.00,0.00,241664.00,244736.00
1493159960,1191936.00,161792.00,5302272.00,56203673.60,1.00,1.00,97.00,0.00,0.00,1.00,0.00,122880.00,6036480.00,11534336.00,0.00,0.00,252928.00,259072.00
1493159961,1190912.00,161792.00,5302272.00,56203673.60,0.00,1.00,98.00,0.00,0.00,1.00,0.00,0.00,5542912.00,10485760.00,0.00,0.00,234496.00,238592.00
1493159962,1190912.00,161792.00,5302272.00,56203673.60,2.00,1.00,97.00,0.00,0.00,0.00,0.00,0.00,5167104.00,10043392.00,0.00,0.00,219136.00,222208.00
1493159963,1190912.00,161792.00,5302272.00,56203673.60,0.00,2.00,98.00,0.00,0.00,1.00,0.00,524288.00,5652480.00,10485760.00,0.00,0.00,237568.00,240640.00
1493159964,1191936.00,161792.00,5302272.00,56203673.60,1.00,1.00,98.00,0.00,0.00,0.00,0.00,0.00,6077440.00,11534336.00,0.00,0.00,254976.00,260096.00
1493159965,1191936.00,161792.00,5302272.00,56203673.60,1.00,2.00,97.00,0.00,0.00,0.00,0.00,245760.00,6023168.00,11534336.00,0.00,0.00,254976.00,258048.00
1493159966,1191936.00,161792.00,5302272.00,56203673.60,2.00,1.00,96.00,0.00,0.00,1.00,0.00,0.00,5517312.00,10485760.00,0.00,0.00,236544.00,238592.00
1493159967,1192960.00,161792.00,5302272.00,56203673.60,1.00,1.00,98.00,0.00,0.00,1.00,0.00,0.00,5241856.00,10165248.00,0.00,0.00,219136.00,224256.00
1493159968,1193984.00,161792.00,5302272.00,56203673.60,1.00,2.00,97.00,0.00,0.00,1.00,0.00,8192.00,6133760.00,11534336.00,0.00,0.00,254976.00,260096.00
1493159969,1192960.00,161792.00,5302272.00,56203673.60,2.00,3.00,95.00,0.00,0.00,1.00,0.00,0.00,6074368.00,11534336.00,0.00,0.00,256000.00,259072.00
1493159970,1191936.00,161792.00,5302272.00,56203673.60,1.00,1.00,98.00,0.00,0.00,0.00,0.00,131072.00,5826560.00,11534336.00,0.00,0.00,246784.00,248832.00
1493159971,1191936.00,161792.00,5302272.00,56203673.60,0.00,1.00,98.00,0.00,0.00,1.00,0.00,0.00,5493760.00,10485760.00,0.00,0.00,234496.00,236544.00
1493159972,1191936.00,161792.00,5302272.00,56203673.60,0.00,1.00,98.00,0.00,0.00,0.00,0.00,0.00,5680128.00,11534336.00,0.00,0.00,240640.00,244736.00
1493159973,1191936.00,161792.00,5302272.00,56203673.60,2.00,1.00,97.00,0.00,0.00,0.00,0.00,40960.00,5955584.00,11534336.00,0.00,0.00,249856.00,252928.00
1493159974,1191936.00,161792.00,5302272.00,56203673.60,1.00,1.00,98.00,0.00,0.00,0.00,0.00,0.00,5768192.00,11534336.00,0.00,0.00,243712.00,246784.00
1493159975,1191936.00,161792.00,5302272.00,56203673.60,1.00,2.00,97.00,0.00,0.00,1.00,0.00,122880.00,5359616.00,10485760.00,0.00,0.00,228352.00,230400.00
1493159976,1190912.00,161792.00,5302272.00,56203673.60,0.00,1.00,99.00,0.00,0.00,0.00,0.00,0.00,5116928.00,9907200.00,0.00,0.00,217088.00,219136.00
1493159977,1192960.00,161792.00,5302272.00,56203673.60,3.00,1.00,96.00,0.00,0.00,0.00,0.00,0.00,5840896.00,11534336.00,0.00,0.00,248832.00,249856.00
1493159978,1192960.00,161792.00,5302272.00,56203673.60,1.00,1.00,98.00,0.00,0.00,0.00,0.00,0.00,5149696.00,9980928.00,0.00,0.00,220160.00,223232.00
1493159979,1191936.00,161792.00,5302272.00,56203673.60,0.00,1.00,98.00,0.00,0.00,1.00,0.00,0.00,5057536.00,9810944.00,0.00,0.00,216064.00,219136.00
1493159980,1191936.00,161792.00,5302272.00,56203673.60,2.00,0.00,98.00,0.00,0.00,0.00,0.00,122880.00,5523456.00,10485760.00,0.00,0.00,228352.00,233472.00
1493159981,1191936.00,161792.00,5302272.00,56203673.60,1.00,1.00,98.00,0.00,0.00,0.00,0.00,0.00,5808128.00,11534336.00,0.00,0.00,244736.00,246784.00
1493159982,1191936.00,161792.00,5302272.00,56203673.60,0.00,1.00,98.00,0.00,0.00,1.00,0.00,0.00,6017024.00,11534336.00,0.00,0.00,250880.00,254976.00
1493159983,1190912.00,161792.00,5302272.00,56203673.60,0.00,1.00,98.00,0.00,0.00,0.00,0.00,0.00,5614592.00,10485760.00,0.00,0.00,228352.00,235520.00
1493159984,1191936.00,161792.00,5302272.00,56203673.60,2.00,2.00,96.00,0.00,0.00,0.00,0.00,0.00,5427200.00,10485760.00,0.00,0.00,228352.00,232448.00
1493159985,1192960.00,161792.00,5302272.00,56203673.60,1.00,2.00,98.00,0.00,0.00,0.00,0.00,122880.00,5545984.00,10485760.00,0.00,0.00,233472.00,237568.00
1493159986,1191936.00,161792.00,5302272.00,56203673.60,1.00,2.00,97.00,0.00,0.00,1.00,0.00,0.00,6126592.00,11534336.00,0.00,0.00,258048.00,262144.00
1493159987,1191936.00,161792.00,5302272.00,56203673.60,2.00,1.00,97.00,0.00,0.00,0.00,0.00,0.00,6056960.00,11534336.00,0.00,0.00,256000.00,258048.00
1493159988,1191936.00,161792.00,5302272.00,56203673.60,1.00,1.00,98.00,0.00,0.00,0.00,0.00,32768.00,5699584.00,11534336.00,0.00,0.00,241664.00,245760.00
1493159989,1192960.00,161792.00,5302272.00,56203673.60,0.00,1.00,98.00,0.00,0.00,1.00,0.00,0.00,5520384.00,10485760.00,0.00,0.00,231424.00,236544.00
1493159990,1191936.00,161792.00,5302272.00,56203673.60,0.00,2.00,97.00,0.00,0.00,1.00,0.00,163840.00,5695488.00,11534336.00,0.00,0.00,244736.00,246784.00
1493159991,1195008.00,161792.00,5302272.00,56203673.60,3.00,1.00,96.00,0.00,0.00,0.00,0.00,0.00,5892096.00,11534336.00,0.00,0.00,245760.00,248832.00
1493159992,1195008.00,161792.00,5302272.00,56203673.60,1.00,1.00,97.00,0.00,0.00,0.00,0.00,0.00,5876736.00,11534336.00,0.00,0.00,242688.00,247808.00
1493159993,1195008.00,161792.00,5302272.00,56203673.60,0.00,1.00,99.00,0.00,0.00,0.00,0.00,16384.00,5232640.00,10137600.00,0.00,0.00,217088.00,222208.00
1493159994,1195008.00,161792.00,5302272.00,56203673.60,0.00,1.00,98.00,0.00,0.00,1.00,0.00,0.00,5761024.00,11534336.00,0.00,0.00,240640.00,244736.00
1493159995,1195008.00,161792.00,5302272.00,56203673.60,2.00,2.00,96.00,0.00,0.00,0.00,0.00,147456.00,6044672.00,11534336.00,0.00,0.00,254976.00,258048.00
1493159996,1195008.00,161792.00,5302272.00,56203673.60,0.00,1.00,98.00,0.00,0.00,1.00,0.00,0.00,5792768.00,11534336.00,0.00,0.00,241664.00,245760.00
1493159997,1195008.00,161792.00,5302272.00,56203673.60,1.00,1.00,98.00,0.00,0.00,1.00,0.00,0.00,5586944.00,10485760.00,0.00,0.00,231424.00,237568.00
1493159998,1195008.00,161792.00,5302272.00,56203673.60,2.00,1.00,97.00,0.00,0.00,0.00,0.00,557056.00,5544960.00,10485760.00,0.00,0.00,230400.00,234496.00
1493159999,1195008.00,161792.00,5302272.00,56203673.60,0.00,2.00,97.00,0.00,0.00,1.00,0.00,0.00,6191104.00,11534336.00,0.00,0.00,253952.00,261120.00
1493160000,1195008.00,161792.00,5302272.00,56203673.60,0.00,2.00,97.00,0.00,0.00,0.00,0.00,253952.00,6184960.00,11534336.00,0.00,0.00,254976.00,261120.00
1493160001,1195008.00,161792.00,5302272.00,56203673.60,0.00,1.00,99.00,0.00,0.00,0.00,0.00,0.00,5196800.00,10085376.00,0.00,0.00,227328.00,227328.00
1493160002,1195008.00,161792.00,5302272.00,56203673.60,2.00,1.00,97.00,0.00,0.00,1.00,0.00,0.00,4392960.00,8425472.00,0.00,0.00,191488.00,191488.00
1493160003,1195008.00,161792.00,5302272.00,56203673.60,0.00,1.00,98.00,0.00,0.00,0.00,0.00,73728.00,5514240.00,10485760.00,0.00,0.00,235520.00,236544.00
1493160004,1193984.00,161792.00,5302272.00,56203673.60,0.00,1.00,98.00,0.00,0.00,1.00,0.00,0.00,6127616.00,11534336.00,0.00,0.00,254976.00,261120.00
1493160005,1195008.00,161792.00,5302272.00,56203673.60,2.00,2.00,95.00,0.00,0.00,1.00,0.00,163840.00,5768192.00,11534336.00,0.00,0.00,240640.00,245760.00
1493160006,1195008.00,161792.00,5302272.00,56203673.60,1.00,1.00,98.00,0.00,0.00,0.00,0.00,0.00,5701632.00,11534336.00,0.00,0.00,239616.00,241664.00
1493160007,1195008.00,161792.00,5302272.00,56203673.60,0.00,1.00,98.00,0.00,0.00,0.00,0.00,0.00,5584896.00,10485760.00,0.00,0.00,234496.00,238592.00
1493160008,1195008.00,161792.00,5302272.00,56203673.60,1.00,1.00,98.00,0.00,0.00,0.00,0.00,0.00,5756928.00,11534336.00,0.00,0.00,243712.00,246784.00
1493160009,1193984.00,161792.00,5302272.00,56203673.60,2.00,2.00,96.00,0.00,0.00,1.00,0.00,0.00,5984256.00,11534336.00,0.00,0.00,248832.00,252928.00
1493160010,1195008.00,161792.00,5302272.00,56203673.60,1.00,1.00,98.00,0.00,0.00,0.00,0.00,122880.00,5839872.00,11534336.00,0.00,0.00,243712.00,248832.00
1493160011,1193984.00,161792.00,5302272.00,56203673.60,1.00,1.00,98.00,0.00,0.00,0.00,0.00,0.00,5391360.00,10485760.00,0.00,0.00,225280.00,230400.00
1493160012,1193984.00,161792.00,5302272.00,56203673.60,2.00,1.00,96.00,0.00,0.00,1.00,0.00,0.00,5602304.00,10485760.00,0.00,0.00,237568.00,240640.00
1493160013,1195008.00,161792.00,5302272.00,56203673.60,1.00,2.00,97.00,0.00,0.00,1.00,0.00,0.00,5903360.00,11534336.00,0.00,0.00,251904.00,253952.00
1493160014,1193984.00,161792.00,5302272.00,56203673.60,1.00,2.00,98.00,0.00,0.00,0.00,0.00,0.00,5871616.00,11534336.00,0.00,0.00,246784.00,250880.00
1493160015,1195008.00,161792.00,5302272.00,56203673.60,1.00,1.00,97.00,0.00,0.00,1.00,0.00,122880.00,5795840.00,11534336.00,0.00,0.00,241664.00,247808.00
1493160016,1195008.00,161792.00,5302272.00,56203673.60,2.00,1.00,96.00,0.00,0.00,1.00,0.00,0.00,5350400.00,10485760.00,0.00,0.00,220160.00,227328.00
1493160017,1195008.00,161792.00,5302272.00,56203673.60,1.00,1.00,98.00,0.00,0.00,0.00,0.00,0.00,6030336.00,11534336.00,0.00,0.00,251904.00,256000.00
1493160018,1195008.00,161792.00,5302272.00,56203673.60,0.00,2.00,98.00,0.00,0.00,0.00,0.00,0.00,5844992.00,11534336.00,0.00,0.00,244736.00,248832.00
1493160019,1193984.00,161792.00,5302272.00,56203673.60,0.00,1.00,98.00,0.00,0.00,0.00,0.00,0.00,5789696.00,11534336.00,0.00,0.00,240640.00,245760.00
1493160020,1193984.00,161792.00,5302272.00,56203673.60,2.00,2.00,96.00,0.00,0.00,0.00,0.00,122880.00,5856256.00,11534336.00,0.00,0.00,246784.00,248832.00
1493160021,1195008.00,161792.00,5302272.00,56203673.60,0.00,2.00,97.00,0.00,0.00,0.00,0.00,0.00,5681152.00,10485760.00,0.00,0.00,237568.00,240640.00
1493160022,1193984.00,161792.00,5302272.00,56203673.60,0.00,1.00,99.00,0.00,0.00,0.00,0.00,0.00,6035456.00,11534336.00,0.00,0.00,249856.00,254976.00
1493160023,1195008.00,161792.00,5302272.00,56203673.60,2.00,2.00,95.00,0.00,0.00,1.00,0.00,24576.00,5754880.00,11534336.00,0.00,0.00,235520.00,243712.00
1493160024,1193984.00,161792.00,5302272.00,56203673.60,1.00,1.00,98.00,0.00,0.00,0.00,0.00,0.00,5567488.00,10485760.00,0.00,0.00,228352.00,237568.00
1493160025,1195008.00,161792.00,5302272.00,56203673.60,0.00,1.00,98.00,0.00,0.00,0.00,0.00,147456.00,5856256.00,11534336.00,0.00,0.00,242688.00,247808.00
1493160026,1193984.00,161792.00,5302272.00,56203673.60,0.00,1.00,99.00,0.00,0.00,0.00,0.00,0.00,5908480.00,11534336.00,0.00,0.00,241664.00,246784.00
1493160027,1193984.00,161792.00,5302272.00,56203673.60,2.00,1.00,97.00,0.00,0.00,0.00,0.00,0.00,5279744.00,9992192.00,0.00,0.00,205824.00,217088.00
1493160028,1195008.00,161792.00,5302272.00,56203673.60,0.00,1.00,98.00,0.00,0.00,0.00,0.00,73728.00,5462016.00,10485760.00,0.00,0.00,217088.00,226304.00
1493160029,1195008.00,161792.00,5302272.00,56203673.60,0.00,1.00,98.00,0.00,0.00,0.00,0.00,0.00,5212160.00,10028032.00,0.00,0.00,220160.00,223232.00
1493160030,1195008.00,161792.00,5302272.00,56203673.60,2.00,2.00,96.00,0.00,0.00,0.00,0.00,188416.00,5782528.00,11534336.00,0.00,0.00,247808.00,249856.00
1493160031,1195008.00,161792.00,5302272.00,56203673.60,1.00,1.00,98.00,0.00,0.00,0.00,0.00,0.00,5387264.00,10485760.00,0.00,0.00,228352.00,230400.00
1493160032,1195008.00,161792.00,5302272.00,56203673.60,0.00,1.00,98.00,0.00,0.00,0.00,0.00,0.00,5634048.00,10485760.00,0.00,0.00,236544.00,239616.00
1493160033,1195008.00,161792.00,5302272.00,56203673.60,1.00,1.00,98.00,0.00,0.00,0.00,0.00,589824.00,5793792.00,11534336.00,0.00,0.00,246784.00,249856.00
1493160034,1195008.00,161792.00,5302272.00,56203673.60,2.00,1.00,96.00,0.00,0.00,0.00,0.00,0.00,5715968.00,11534336.00,0.00,0.00,237568.00,242688.00
1493160035,1195008.00,161792.00,5302272.00,56203673.60,0.00,1.00,98.00,0.00,0.00,0.00,0.00,180224.00,5900288.00,11534336.00,0.00,0.00,239616.00,246784.00
1493160036,1195008.00,161792.00,5302272.00,56203673.60,0.00,2.00,98.00,0.00,0.00,0.00,0.00,0.00,5538816.00,10485760.00,0.00,0.00,220160.00,228352.00
1493160037,1193984.00,161792.00,5302272.00,56203673.60,1.00,1.00,97.00,0.00,0.00,1.00,0.00,0.00,5452800.00,10485760.00,0.00,0.00,222208.00,228352.00
1493160038,1195008.00,161792.00,5302272.00,56203673.60,2.00,2.00,96.00,0.00,0.00,1.00,0.00,8192.00,5736448.00,11534336.00,0.00,0.00,237568.00,241664.00
1493160039,1195008.00,161792.00,5302272.00,56203673.60,0.00,1.00,98.00,0.00,0.00,0.00,0.00,0.00,5420032.00,10485760.00,0.00,0.00,218112.00,226304.00
1493160040,1195008.00,161792.00,5302272.00,56203673.60,0.00,1.00,99.00,0.00,0.00,0.00,0.00,122880.00,4461568.00,8657920.00,0.00,0.00,209920.00,204800.00
1493160041,1195008.00,161792.00,5302272.00,56203673.60,2.00,1.00,97.00,0.00,0.00,0.00,0.00,0.00,5269504.00,10218496.00,0.00,0.00,231424.00,230400.00
1493160042,1195008.00,161792.00,5302272.00,56203673.60,1.00,1.00,98.00,0.00,0.00,1.00,0.00,0.00,5212160.00,10049536.00,0.00,0.00,220160.00,223232.00
1493160043,1193984.00,161792.00,5302272.00,56203673.60,0.00,2.00,98.00,0.00,0.00,0.00,0.00,0.00,5696512.00,11534336.00,0.00,0.00,237568.00,242688.00
1493160044,1193984.00,161792.00,5302272.00,56203673.60,1.00,3.00,96.00,0.00,0.00,1.00,0.00,0.00,5984256.00,11534336.00,0.00,0.00,254976.00,257024.00
1493160045,1195008.00,161792.00,5302272.00,56203673.60,2.00,1.00,96.00,0.00,0.00,0.00,0.00,122880.00,5473280.00,10485760.00,0.00,0.00,232448.00,234496.00
1493160046,1195008.00,161792.00,5302272.00,56203673.60,0.00,1.00,99.00,0.00,0.00,0.00,0.00,0.00,5407744.00,10485760.00,0.00,0.00,223232.00,228352.00
1493160047,1195008.00,161792.00,5302272.00,56203673.60,0.00,2.00,98.00,0.00,0.00,0.00,0.00,0.00,5727232.00,11534336.00,0.00,0.00,239616.00,244736.00
1493160048,1195008.00,161792.00,5302272.00,56203673.60,1.00,1.00,98.00,0.00,0.00,0.00,0.00,0.00,6107136.00,11534336.00,0.00,0.00,254976.00,261120.00
1493160049,1195008.00,161792.00,5302272.00,56203673.60,2.00,1.00,96.00,0.00,0.00,0.00,0.00,0.00,5807104.00,11534336.00,0.00,0.00,245760.00,247808.00
1493160050,1195008.00,161792.00,5302272.00,56203673.60,1.00,1.00,98.00,0.00,0.00,0.00,0.00,122880.00,5755904.00,11534336.00,0.00,0.00,247808.00,245760.00
1493160051,1196032.00,161792.00,5302272.00,56203673.60,1.00,2.00,97.00,0.00,0.00,1.00,0.00,0.00,5761024.00,11534336.00,0.00,0.00,242688.00,243712.00
1493160052,1195008.00,161792.00,5302272.00,56203673.60,2.00,1.00,96.00,0.00,0.00,0.00,0.00,0.00,5267456.00,10485760.00,0.00,0.00,232448.00,232448.00
1493160053,1195008.00,161792.00,5302272.00,56203673.60,0.00,2.00,98.00,0.00,0.00,0.00,0.00,0.00,5789696.00,11534336.00,0.00,0.00,239616.00,245760.00
1493160054,1195008.00,161792.00,5302272.00,56203673.60,1.00,1.00,98.00,0.00,0.00,1.00,0.00,0.00,5750784.00,11534336.00,0.00,0.00,241664.00,244736.00
1493160055,1195008.00,161792.00,5302272.00,56203673.60,1.00,2.00,97.00,0.00,0.00,1.00,0.00,122880.00,5540864.00,10485760.00,0.00,0.00,230400.00,235520.00
1493160056,1195008.00,161792.00,5302272.00,56203673.60,2.00,2.00,96.00,0.00,0.00,0.00,0.00,0.00,5749760.00,11534336.00,0.00,0.00,238592.00,243712.00
1493160057,1195008.00,161792.00,5302272.00,56203673.60,0.00,2.00,98.00,0.00,0.00,0.00,0.00,0.00,6184960.00,11534336.00,0.00,0.00,257024.00,262144.00
1493160058,1195008.00,161792.00,5302272.00,56203673.60,1.00,1.00,98.00,0.00,0.00,1.00,0.00,32768.00,5890048.00,11534336.00,0.00,0.00,244736.00,249856.00
1493160059,1196032.00,161792.00,5302272.00,56203673.60,1.00,1.00,97.00,0.00,0.00,1.00,0.00,0.00,5499904.00,10485760.00,0.00,0.00,230400.00,232448.00
1493160060,1195008.00,161792.00,5302272.00,56203673.60,1.00,2.00,97.00,0.00,0.00,0.00,0.00,163840.00,5782528.00,11534336.00,0.00,0.00,237568.00,244736.00
1493160061,1195008.00,161792.00,5302272.00,56203673.60,0.00,1.00,98.00,0.00,0.00,1.00,0.00,0.00,5479424.00,10485760.00,0.00,0.00,236544.00,238592.00
1493160062,1195008.00,161792.00,5302272.00,56203673.60,0.00,1.00,98.00,0.00,0.00,0.00,0.00,0.00,5433344.00,10485760.00,0.00,0.00,227328.00,230400.00
1493160063,1195008.00,161792.00,5302272.00,56203673.60,2.00,1.00,97.00,0.00,0.00,0.00,0.00,147456.00,5646336.00,10485760.00,0.00,0.00,235520.00,239616.00
1493160064,1195008.00,161792.00,5302272.00,56203673.60,0.00,1.00,98.00,0.00,0.00,0.00,0.00,0.00,5856256.00,11534336.00,0.00,0.00,245760.00,249856.00
1493160065,1195008.00,161792.00,5302272.00,56203673.60,1.00,1.00,98.00,0.00,0.00,0.00,0.00,212992.00,5756928.00,11534336.00,0.00,0.00,240640.00,244736.00
1493160066,1195008.00,161792.00,5302272.00,56203673.60,2.00,2.00,96.00,0.00,0.00,0.00,0.00,0.00,5841920.00,11534336.00,0.00,0.00,245760.00,249856.00
1493160067,1195008.00,161792.00,5302272.00,56203673.60,0.00,2.00,97.00,0.00,0.00,1.00,0.00,0.00,5922816.00,11534336.00,0.00,0.00,252928.00,256000.00
1493160068,1195008.00,161792.00,5302272.00,56203673.60,0.00,1.00,99.00,0.00,0.00,0.00,0.00,499712.00,5492736.00,10485760.00,0.00,0.00,227328.00,232448.00
1493160069,1196032.00,161792.00,5302272.00,56203673.60,0.00,1.00,98.00,0.00,0.00,1.00,0.00,0.00,5862400.00,11534336.00,0.00,0.00,241664.00,247808.00
1493160070,1195008.00,161792.00,5302272.00,56203673.60,2.00,1.00,96.00,1.00,0.00,0.00,0.00,188416.00,5952512.00,11534336.00,0.00,0.00,249856.00,253952.00
1493160071,1195008.00,161792.00,5302272.00,56203673.60,1.00,1.00,98.00,0.00,0.00,1.00,0.00,0.00,5731328.00,11534336.00,0.00,0.00,244736.00,245760.00
1493160072,1195008.00,161792.00,5302272.00,56203673.60,1.00,1.00,98.00,0.00,0.00,0.00,0.00,0.00,5778432.00,11534336.00,0.00,0.00,242688.00,246784.00
1493160073,1195008.00,161792.00,5302272.00,56203673.60,1.00,1.00,98.00,0.00,0.00,1.00,0.00,16384.00,5772288.00,11534336.00,0.00,0.00,242688.00,245760.00
1493160074,1195008.00,161792.00,5302272.00,56203673.60,2.00,1.00,97.00,0.00,0.00,1.00,0.00,0.00,5613568.00,10485760.00,0.00,0.00,238592.00,241664.00
1493160075,1195008.00,161792.00,5302272.00,56203673.60,0.00,2.00,97.00,0.00,0.00,1.00,0.00,139264.00,5718016.00,11534336.00,0.00,0.00,240640.00,244736.00
1493160076,1195008.00,161792.00,5302272.00,56203673.60,0.00,2.00,98.00,0.00,0.00,0.00,0.00,0.00,5697536.00,11534336.00,0.00,0.00,236544.00,241664.00
1493160077,1196032.00,161792.00,5302272.00,56203673.60,1.00,2.00,96.00,0.00,0.00,1.00,0.00,0.00,5722112.00,11534336.00,0.00,0.00,237568.00,242688.00
1493160078,1195008.00,161792.00,5302272.00,56203673.60,1.00,2.00,98.00,0.00,0.00,0.00,0.00,0.00,5784576.00,11534336.00,0.00,0.00,240640.00,245760.00
1493160079,1196032.00,161792.00,5302272.00,56203673.60,0.00,2.00,97.00,0.00,0.00,1.00,0.00,0.00,6029312.00,11534336.00,0.00,0.00,256000.00,259072.00
1493160080,1196032.00,161792.00,5302272.00,56203673.60,1.00,1.00,98.00,0.00,0.00,1.00,0.00,122880.00,5671936.00,11534336.00,0.00,0.00,241664.00,242688.00
1493160081,1196032.00,161792.00,5302272.00,56203673.60,2.00,1.00,97.00,0.00,0.00,0.00,0.00,0.00,5500928.00,10485760.00,0.00,0.00,228352.00,233472.00
1493160082,1195008.00,161792.00,5302272.00,56203673.60,0.00,1.00,98.00,0.00,0.00,0.00,0.00,0.00,5571584.00,10485760.00,0.00,0.00,236544.00,237568.00
1493160083,1195008.00,161792.00,5302272.00,56203673.60,1.00,1.00,97.00,0.00,0.00,1.00,0.00,0.00,5651456.00,10485760.00,0.00,0.00,237568.00,241664.00
1493160084,1195008.00,161792.00,5302272.00,56203673.60,2.00,1.00,97.00,0.00,0.00,0.00,0.00,0.00,5762048.00,11534336.00,0.00,0.00,243712.00,245760.00
1493160085,1196032.00,161792.00,5302272.00,56203673.60,1.00,1.00,97.00,0.00,0.00,1.00,0.00,122880.00,5808128.00,11534336.00,0.00,0.00,241664.00,246784.00
1493160086,1195008.00,161792.00,5302272.00,56203673.60,1.00,2.00,97.00,0.00,0.00,1.00,0.00,0.00,5800960.00,11534336.00,0.00,0.00,243712.00,246784.00
1493160087,1195008.00,161792.00,5302272.00,56203673.60,1.00,1.00,98.00,0.00,0.00,0.00,0.00,0.00,5856256.00,11534336.00,0.00,0.00,240640.00,246784.00
1493160088,1195008.00,161792.00,5302272.00,56203673.60,2.00,1.00,97.00,0.00,0.00,0.00,0.00,0.00,5779456.00,11534336.00,0.00,0.00,240640.00,244736.00
1493160089,1195008.00,161792.00,5302272.00,56203673.60,1.00,2.00,97.00,0.00,0.00,1.00,0.00,0.00,6108160.00,11534336.00,0.00,0.00,252928.00,257024.00
1493160090,1195008.00,161792.00,5302272.00,56203673.60,0.00,1.00,98.00,0.00,0.00,1.00,0.00,122880.00,5703680.00,11534336.00,0.00,0.00,237568.00,242688.00
1493160091,1196032.00,161792.00,5302272.00,56203673.60,2.00,1.00,97.00,0.00,0.00,0.00,0.00,0.00,5882880.00,11534336.00,0.00,0.00,244736.00,248832.00
1493160092,1195008.00,161792.00,5302272.00,56203673.60,1.00,1.00,97.00,0.00,0.00,1.00,0.00,0.00,5867520.00,11534336.00,0.00,0.00,241664.00,247808.00
1493160093,1196032.00,161792.00,5302272.00,56203673.60,0.00,1.00,98.00,0.00,0.00,1.00,0.00,73728.00,5868544.00,11534336.00,0.00,0.00,245760.00,250880.00
1493160094,1196032.00,161792.00,5302272.00,56203673.60,0.00,1.00,98.00,0.00,0.00,1.00,0.00,0.00,5882880.00,11534336.00,0.00,0.00,243712.00,248832.00
1493160095,1195008.00,161792.00,5302272.00,56203673.60,2.00,1.00,96.00,0.00,0.00,0.00,0.00,163840.00,5806080.00,11534336.00,0.00,0.00,241664.00,246784.00
1493160096,1195008.00,161792.00,5302272.00,56203673.60,1.00,1.00,98.00,0.00,0.00,0.00,0.00,0.00,5846016.00,11534336.00,0.00,0.00,242688.00,247808.00
1493160097,1195008.00,161792.00,5302272.00,56203673.60,1.00,1.00,98.00,0.00,0.00,1.00,0.00,0.00,5753856.00,11534336.00,0.00,0.00,241664.00,244736.00
1493160098,1196032.00,161792.00,5302272.00,56203673.60,2.00,1.00,96.00,0.00,0.00,1.00,0.00,90112.00,6062080.00,11534336.00,0.00,0.00,252928.00,257024.00
1493160099,1195008.00,161792.00,5302272.00,56203673.60,0.00,2.00,98.00,0.00,0.00,0.00,0.00,0.00,5571584.00,10485760.00,0.00,0.00,234496.00,237568.00
1493160100,1196032.00,161792.00,5302272.00,56203673.60,0.00,1.00,98.00,0.00,0.00,1.00,0.00,188416.00,6129664.00,11534336.00,0.00,0.00,252928.00,260096.00
1493160101,1196032.00,161792.00,5302272.00,56203673.60,0.00,1.00,98.00,0.00,0.00,0.00,0.00,0.00,5060608.00,9802752.00,0.00,0.00,214016.00,218112.00
1493160102,1195008.00,161792.00,5302272.00,56203673.60,2.00,1.00,97.00,0.00,0.00,0.00,0.00,0.00,4793344.00,9297920.00,0.00,0.00,205824.00,207872.00
1493160103,1196032.00,161792.00,5302272.00,56203673.60,1.00,1.00,98.00,0.00,0.00,0.00,0.00,532480.00,5861376.00,11534336.00,0.00,0.00,237568.00,245760.00
1493160104,1196032.00,161792.00,5302272.00,56203673.60,1.00,1.00,97.00,0.00,0.00,1.00,0.00,0.00,5806080.00,11534336.00,0.00,0.00,237568.00,244736.00
1493160105,1196032.00,161792.00,5302272.00,56203673.60,2.00,2.00,95.00,1.00,0.00,1.00,0.00,180224.00,5819392.00,11534336.00,0.00,0.00,239616.00,246784.00
1493160106,1195008.00,161792.00,5302272.00,56203673.60,0.00,1.00,98.00,0.00,0.00,0.00,0.00,0.00,5861376.00,11534336.00,0.00,0.00,246784.00,249856.00
1493160107,1196032.00,161792.00,5302272.00,56203673.60,1.00,2.00,96.00,0.00,0.00,1.00,0.00,0.00,6134784.00,11534336.00,0.00,0.00,260096.00,263168.00
1493160108,1195008.00,161792.00,5302272.00,56203673.60,1.00,1.00,98.00,0.00,0.00,0.00,0.00,8192.00,5441536.00,10485760.00,0.00,0.00,235520.00,236544.00
1493160109,1195008.00,161792.00,5302272.00,56203673.60,2.00,1.00,96.00,0.00,0.00,0.00,0.00,0.00,5877760.00,11534336.00,0.00,0.00,256000.00,254976.00
1493160110,1196032.00,161792.00,5302272.00,56203673.60,0.00,1.00,98.00,0.00,0.00,0.00,0.00,122880.00,5493760.00,10485760.00,0.00,0.00,244736.00,241664.00
1493160111,1195008.00,161792.00,5302272.00,56203673.60,1.00,1.00,98.00,0.00,0.00,1.00,0.00,0.00,5465088.00,10485760.00,0.00,0.00,237568.00,239616.00
1493160112,1195008.00,161792.00,5302272.00,56203673.60,1.00,1.00,98.00,0.00,0.00,0.00,0.00,0.00,5561344.00,10485760.00,0.00,0.00,242688.00,242688.00
1493160113,1195008.00,161792.00,5302272.00,56203673.60,2.00,1.00,96.00,0.00,0.00,1.00,0.00,0.00,5711872.00,11534336.00,0.00,0.00,241664.00,243712.00
1493160114,1195008.00,161792.00,5302272.00,56203673.60,1.00,1.00,98.00,0.00,0.00,1.00,0.00,0.00,5457920.00,10485760.00,0.00,0.00,232448.00,234496.00
1493160115,1196032.00,161792.00,5302272.00,56203673.60,1.00,1.00,98.00,0.00,0.00,0.00,0.00,122880.00,4537344.00,8808448.00,0.00,0.00,193536.00,198656.00
1493160116,1195008.00,161792.00,5302272.00,56203673.60,0.00,1.00,98.00,0.00,0.00,0.00,0.00,0.00,5245952.00,10160128.00,0.00,0.00,222208.00,225280.00
1493160117,1195008.00,161792.00,5302272.00,56203673.60,2.00,1.00,96.00,0.00,0.00,1.00,0.00,0.00,5830656.00,11534336.00,0.00,0.00,242688.00,247808.00
1493160118,1195008.00,161792.00,5302272.00,56203673.60,0.00,2.00,97.00,0.00,0.00,0.00,0.00,0.00,5922816.00,11534336.00,0.00,0.00,250880.00,252928.00
1493160119,1195008.00,161792.00,5302272.00,56203673.60,0.00,0.00,99.00,0.00,0.00,0.00,0.00,0.00,4527104.00,8774656.00,0.00,0.00,203776.00,201728.00
1493160120,1195008.00,161792.00,5302272.00,56203673.60,2.00,1.00,97.00,0.00,0.00,1.00,0.00,122880.00,5002240.00,9735168.00,0.00,0.00,232448.00,226304.00
1493160121,1195008.00,161792.00,5302272.00,56203673.60,0.00,1.00,99.00,0.00,0.00,0.00,0.00,0.00,5207040.00,10129408.00,0.00,0.00,232448.00,230400.00
1493160122,1196032.00,161792.00,5302272.00,56203673.60,1.00,1.00,98.00,0.00,0.00,1.00,0.00,0.00,5191680.00,10044416.00,0.00,0.00,222208.00,225280.00
1493160123,1196032.00,161792.00,5302272.00,56203673.60,1.00,1.00,97.00,0.00,0.00,0.00,0.00,40960.00,5727232.00,11534336.00,0.00,0.00,248832.00,249856.00
1493160124,1196032.00,161792.00,5302272.00,56203673.60,2.00,1.00,97.00,0.00,0.00,1.00,0.00,0.00,5420032.00,10485760.00,0.00,0.00,240640.00,237568.00
1493160125,1196032.00,161792.00,5302272.00,56203673.60,1.00,2.00,97.00,0.00,0.00,1.00,0.00,122880.00,5804032.00,11534336.00,0.00,0.00,244736.00,247808.00
1493160126,1195008.00,161792.00,5303296.00,56203673.60,0.00,1.00,98.00,0.00,0.00,1.00,0.00,0.00,5660672.00,10485760.00,0.00,0.00,241664.00,243712.00
1493160127,1196032.00,161792.00,5303296.00,56203673.60,0.00,1.00,99.00,0.00,0.00,0.00,0.00,0.00,5140480.00,9806848.00,0.00,0.00,214016.00,218112.00
1493160128,1196032.00,161792.00,5303296.00,56203673.60,2.00,1.00,96.00,0.00,0.00,1.00,0.00,32768.00,5268480.00,10485760.00,0.00,0.00,235520.00,233472.00
1493160129,1195008.00,161792.00,5303296.00,56203673.60,0.00,1.00,98.00,0.00,0.00,0.00,0.00,0.00,5512192.00,10485760.00,0.00,0.00,243712.00,242688.00
1493160130,1195008.00,161792.00,5303296.00,56203673.60,0.00,1.00,98.00,0.00,0.00,0.00,0.00,163840.00,5924864.00,11534336.00,0.00,0.00,252928.00,256000.00
1493160131,1196032.00,161792.00,5303296.00,56203673.60,1.00,1.00,98.00,0.00,0.00,0.00,0.00,0.00,5236736.00,10102784.00,0.00,0.00,234496.00,231424.00
1493160132,1196032.00,161792.00,5303296.00,56203673.60,2.00,1.00,96.00,0.00,0.00,1.00,0.00,0.00,5522432.00,10485760.00,0.00,0.00,240640.00,240640.00
1493160133,1195008.00,161792.00,5303296.00,56203673.60,1.00,1.00,98.00,0.00,0.00,0.00,0.00,106496.00,5623808.00,10485760.00,0.00,0.00,240640.00,243712.00
1493160134,1196032.00,161792.00,5303296.00,56203673.60,0.00,2.00,98.00,0.00,0.00,0.00,0.00,0.00,5785600.00,11534336.00,0.00,0.00,244736.00,246784.00
1493160135,1195008.00,161792.00,5303296.00,56203673.60,2.00,1.00,97.00,0.00,0.00,0.00,0.00,204800.00,5567488.00,10485760.00,0.00,0.00,238592.00,240640.00
1493160136,1195008.00,161792.00,5303296.00,56203673.60,0.00,1.00,98.00,0.00,0.00,0.00,0.00,0.00,5235712.00,10180608.00,0.00,0.00,238592.00,234496.00
1493160137,1195008.00,161792.00,5303296.00,56203673.60,1.00,1.00,98.00,0.00,0.00,1.00,0.00,0.00,5767168.00,11534336.00,0.00,0.00,244736.00,246784.00
1493160138,1196032.00,161792.00,5303296.00,56203673.60,1.00,2.00,97.00,0.00,0.00,1.00,0.00,499712.00,5719040.00,11534336.00,0.00,0.00,239616.00,243712.00
1493160139,1195008.00,161792.00,5303296.00,56203673.60,2.00,1.00,97.00,0.00,0.00,0.00,0.00,0.00,5899264.00,11534336.00,0.00,0.00,251904.00,252928.00
1493160140,1195008.00,161792.00,5303296.00,56203673.60,1.00,1.00,97.00,0.00,0.00,1.00,0.00,180224.00,5441536.00,10485760.00,0.00,0.00,240640.00,238592.00
1493160141,1196032.00,161792.00,5303296.00,56203673.60,0.00,2.00,98.00,0.00,0.00,0.00,0.00,0.00,5819392.00,11534336.00,0.00,0.00,238592.00,245760.00
1493160142,1195008.00,161792.00,5303296.00,56203673.60,2.00,1.00,96.00,0.00,0.00,1.00,0.00,0.00,5788672.00,11534336.00,0.00,0.00,238592.00,244736.00
1493160143,1195008.00,161792.00,5303296.00,56203673.60,1.00,1.00,98.00,0.00,0.00,0.00,0.00,16384.00,5606400.00,10485760.00,0.00,0.00,239616.00,242688.00
1493160144,1196032.00,161792.00,5303296.00,56203673.60,0.00,1.00,98.00,0.00,0.00,1.00,0.00,0.00,5168128.00,10053632.00,0.00,0.00,236544.00,232448.00
1493160145,1196032.00,161792.00,5303296.00,56203673.60,0.00,1.00,98.00,0.00,0.00,1.00,0.00,155648.00,5687296.00,11534336.00,0.00,0.00,243712.00,245760.00
1493160146,1196032.00,161792.00,5303296.00,56203673.60,2.00,2.00,96.00,0.00,0.00,1.00,0.00,0.00,5899264.00,11534336.00,0.00,0.00,248832.00,252928.00
1493160147,1195008.00,161792.00,5303296.00,56203673.60,1.00,1.00,98.00,0.00,0.00,0.00,0.00,0.00,5774336.00,11534336.00,0.00,0.00,238592.00,245760.00
1493160148,1195008.00,161792.00,5303296.00,56203673.60,1.00,2.00,97.00,0.00,0.00,0.00,0.00,0.00,6212608.00,12582912.00,0.00,0.00,254976.00,262144.00
1493160149,1195008.00,161792.00,5303296.00,56203673.60,1.00,1.00,97.00,0.00,0.00,0.00,0.00,0.00,5902336.00,11534336.00,0.00,0.00,246784.00,251904.00
1493160150,1196032.00,161792.00,5303296.00,56203673.60,2.00,1.00,96.00,0.00,0.00,1.00,0.00,122880.00,5782528.00,11534336.00,0.00,0.00,243712.00,245760.00
1493160151,1196032.00,161792.00,5303296.00,56203673.60,0.00,1.00,98.00,0.00,0.00,0.00,0.00,0.00,5479424.00,10485760.00,0.00,0.00,233472.00,235520.00
1493160152,1195008.00,161792.00,5303296.00,56203673.60,1.00,1.00,98.00,0.00,0.00,0.00,0.00,0.00,5971968.00,11534336.00,0.00,0.00,253952.00,256000.00
1493160153,1196032.00,161792.00,5303296.00,56203673.60,2.00,1.00,96.00,0.00,0.00,1.00,0.00,40960.00,5533696.00,10485760.00,0.00,0.00,238592.00,239616.00
1493160154,1195008.00,161792.00,5303296.00,56203673.60,1.00,1.00,98.00,0.00,0.00,1.00,0.00,0.00,5646336.00,10485760.00,0.00,0.00,241664.00,244736.00
1493160155,1196032.00,161792.00,5303296.00,56203673.60,0.00,1.00,98.00,0.00,0.00,0.00,0.00,122880.00,5761024.00,11534336.00,0.00,0.00,245760.00,247808.00
1493160156,1195008.00,161792.00,5303296.00,56203673.60,1.00,1.00,97.00,0.00,0.00,1.00,0.00,0.00,5790720.00,11534336.00,0.00,0.00,240640.00,245760.00
1493160157,1195008.00,161792.00,5303296.00,56203673.60,2.00,1.00,97.00,0.00,0.00,0.00,0.00,0.00,5726208.00,11534336.00,0.00,0.00,235520.00,241664.00
1493160158,1195008.00,161792.00,5303296.00,56203673.60,3.00,2.00,95.00,0.00,0.00,1.00,0.00,0.00,6020096.00,11534336.00,0.00,0.00,246784.00,253952.00
1493160159,1196032.00,161792.00,5303296.00,56203673.60,1.00,2.00,96.00,0.00,0.00,1.00,0.00,0.00,6020096.00,11534336.00,0.00,0.00,252928.00,257024.00
1493160160,1195008.00,161792.00,5303296.00,56203673.60,2.00,1.00,96.00,0.00,0.00,1.00,0.00,122880.00,5480448.00,10485760.00,0.00,0.00,228352.00,233472.00
1493160161,1195008.00,161792.00,5303296.00,56203673.60,1.00,1.00,98.00,0.00,0.00,0.00,0.00,0.00,5946368.00,11534336.00,0.00,0.00,245760.00,251904.00
1493160162,1196032.00,161792.00,5303296.00,56203673.60,1.00,1.00,98.00,0.00,0.00,0.00,0.00,0.00,5755904.00,11534336.00,0.00,0.00,239616.00,244736.00
1493160163,1196032.00,161792.00,5303296.00,56203673.60,0.00,1.00,98.00,0.00,0.00,0.00,0.00,24576.00,4506624.00,8747008.00,0.00,0.00,190464.00,194560.00
1493160164,1196032.00,161792.00,5303296.00,56203673.60,2.00,1.00,96.00,0.00,0.00,1.00,0.00,0.00,5868544.00,11534336.00,0.00,0.00,243712.00,248832.00
1493160165,1195008.00,161792.00,5303296.00,56203673.60,1.00,1.00,97.00,0.00,0.00,1.00,0.00,147456.00,5540864.00,10485760.00,0.00,0.00,235520.00,237568.00
1493160166,1195008.00,161792.00,5303296.00,56203673.60,0.00,2.00,98.00,0.00,0.00,0.00,0.00,0.00,6241280.00,12582912.00,0.00,0.00,258048.00,264192.00
1493160167,1195008.00,161792.00,5303296.00,56203673.60,2.00,1.00,97.00,0.00,0.00,0.00,0.00,0.00,5828608.00,11534336.00,0.00,0.00,242688.00,246784.00
1493160168,1195008.00,161792.00,5303296.00,56203673.60,3.00,1.00,96.00,0.00,0.00,1.00,0.00,131072.00,5909504.00,11534336.00,0.00,0.00,243712.00,249856.00
1493160169,1196032.00,161792.00,5303296.00,56203673.60,1.00,1.00,98.00,0.00,0.00,0.00,0.00,0.00,5592064.00,10485760.00,0.00,0.00,230400.00,236544.00
1493160170,1195008.00,161792.00,5303296.00,56203673.60,2.00,1.00,97.00,0.00,0.00,0.00,0.00,229376.00,6131712.00,11534336.00,0.00,0.00,251904.00,258048.00
1493160171,1196032.00,161792.00,5303296.00,56203673.60,2.00,1.00,96.00,0.00,0.00,1.00,0.00,0.00,5684224.00,10485760.00,0.00,0.00,234496.00,240640.00
1493160172,1196032.00,161792.00,5303296.00,56203673.60,1.00,1.00,98.00,0.00,0.00,0.00,0.00,0.00,5936128.00,11534336.00,0.00,0.00,241664.00,249856.00
1493160173,1195008.00,161792.00,5303296.00,56203673.60,0.00,1.00,98.00,0.00,0.00,1.00,0.00,491520.00,6045696.00,11534336.00,0.00,0.00,249856.00,254976.00
1493160174,1195008.00,161792.00,5303296.00,56203673.60,2.00,1.00,97.00,0.00,0.00,0.00,0.00,0.00,5356544.00,10485760.00,0.00,0.00,226304.00,230400.00
1493160175,1196032.00,161792.00,5303296.00,56203673.60,0.00,1.00,98.00,0.00,0.00,0.00,0.00,155648.00,5786624.00,11534336.00,0.00,0.00,240640.00,245760.00
1493160176,1195008.00,161792.00,5303296.00,56203673.60,0.00,1.00,98.00,0.00,0.00,0.00,0.00,0.00,5914624.00,11534336.00,0.00,0.00,244736.00,249856.00
1493160177,1196032.00,161792.00,5303296.00,56203673.60,1.00,2.00,97.00,0.00,0.00,0.00,0.00,0.00,6189056.00,11534336.00,0.00,0.00,253952.00,261120.00
1493160178,1195008.00,161792.00,5303296.00,56203673.60,2.00,1.00,96.00,0.00,0.00,1.00,0.00,8192.00,5533696.00,10485760.00,0.00,0.00,228352.00,235520.00
1493160179,1196032.00,161792.00,5303296.00,56203673.60,0.00,1.00,98.00,0.00,0.00,0.00,0.00,0.00,6167552.00,11534336.00,0.00,0.00,257024.00,261120.00
1493160180,1195008.00,161792.00,5303296.00,56203673.60,0.00,1.00,98.00,0.00,0.00,1.00,0.00,122880.00,5699584.00,11534336.00,0.00,0.00,236544.00,241664.00
1493160181,1195008.00,161792.00,5303296.00,56203673.60,2.00,1.00,96.00,0.00,0.00,0.00,0.00,0.00,5078016.00,9870336.00,0.00,0.00,225280.00,224256.00
1493160182,1195008.00,161792.00,5303296.00,56203673.60,0.00,1.00,98.00,0.00,0.00,0.00,0.00,0.00,5396480.00,10485760.00,0.00,0.00,229376.00,231424.00
1493160183,1195008.00,161792.00,5303296.00,56203673.60,1.00,2.00,97.00,0.00,0.00,1.00,0.00,40960.00,5722112.00,11534336.00,0.00,0.00,239616.00,244736.00
1493160184,1195008.00,161792.00,5303296.00,56203673.60,1.00,2.00,98.00,0.00,0.00,0.00,0.00,0.00,5804032.00,11534336.00,0.00,0.00,240640.00,245760.00
1493160185,1195008.00,161792.00,5303296.00,56203673.60,1.00,1.00,97.00,0.00,0.00,0.00,0.00,122880.00,5770240.00,11534336.00,0.00,0.00,236544.00,242688.00
1493160186,1196032.00,161792.00,5303296.00,56203673.60,0.00,2.00,97.00,0.00,0.00,1.00,0.00,0.00,6148096.00,11534336.00,0.00,0.00,258048.00,261120.00
1493160187,1195008.00,161792.00,5303296.00,56203673.60,1.00,1.00,98.00,0.00,0.00,0.00,0.00,0.00,5490688.00,10485760.00,0.00,0.00,224256.00,231424.00
1493160188,1195008.00,161792.00,5303296.00,56203673.60,1.00,1.00,98.00,0.00,0.00,1.00,0.00,0.00,5690368.00,10485760.00,0.00,0.00,234496.00,240640.00
1493160189,1196032.00,161792.00,5303296.00,56203673.60,2.00,1.00,96.00,0.00,0.00,0.00,0.00,0.00,5646336.00,10485760.00,0.00,0.00,236544.00,241664.00
1493160190,1195008.00,161792.00,5303296.00,56203673.60,1.00,2.00,97.00,0.00,0.00,1.00,0.00,122880.00,5809152.00,11534336.00,0.00,0.00,242688.00,246784.00
1493160191,1195008.00,161792.00,5303296.00,56203673.60,1.00,1.00,97.00,0.00,0.00,1.00,0.00,0.00,5650432.00,10485760.00,0.00,0.00,240640.00,242688.00
1493160192,1195008.00,161792.00,5303296.00,56203673.60,2.00,2.00,96.00,0.00,0.00,0.00,0.00,0.00,5782528.00,11534336.00,0.00,0.00,242688.00,246784.00
