--Probe dump file for probe: org.yardstickframework.probes.ThroughputLatencyProbe@6f01b95f (class org.yardstickframework.probes.ThroughputLatencyProbe)
--Created Tue Apr 25 22:37:12 UTC 2017
--Benchmark config: BenchmarkConfiguration [memberId='0', driverNames='[HazelcastSetTxBenchmark]', serverName='HazelcastNode', threads=64, duration=300, warmup=60, dfltProbeClsNames=[ThroughputLatencyProbe, PercentileProbe, DStatProbe], propsFileName='yardstick/config/run.properties', packages=[org.yardstickframework], cmdArgs=[--outputFolder, /home/ubuntu/date-2504-221749-s-4-c-1-ver-3.8.1-f1e9264/yardstick/bin/../output/results-20170425-221800, -id, 0, -hzcfg, /home/ubuntu/date-2504-221749-s-4-c-1-ver-3.8.1-f1e9264/yardstick/bin/../config/hz-config.xml, --hzClientConfig, /home/ubuntu/date-2504-221749-s-4-c-1-ver-3.8.1-f1e9264/yardstick/bin/../config/hz-client-config.xml, --clientMode, -nn, 4, -b, 1, -w, 60, -d, 300, -t, 64, --syncBackups, --readBackups, -dn, HazelcastSetTxBenchmark, -sn, HazelcastNode, -ds, 3.8.1-f1e9264-tx-set-pessimistic-1-backup, --config, yardstick/config/run.properties, --logsFolder, /home/ubuntu/date-2504-221749-s-4-c-1-ver-3.8.1-f1e9264/yardstick/bin/../output/logs-20170425-221800/logs_drivers, --currentFolder, /home/ubuntu/date-2504-221749-s-4-c-1-ver-3.8.1-f1e9264, --scriptsFolder, /home/ubuntu/date-2504-221749-s-4-c-1-ver-3.8.1-f1e9264/yardstick/bin], probeWriter='null', customProps={ver=3.8.1-f1e9264-, b=1, d=300, SERVER_HOSTS=172.31.45.250,172.31.38.80,172.31.41.141,172.31.42.161, now0=`date +'%H%M%S'`, nodesNum=$((`echo ${SERVER_HOSTS} | tr ',' '' | wc -l`)), JVM_OPTS=${JVM_OPTS}" -Xms6g -Xmx6g -Xloggc:./gc${now0}.log -XX:+PrintGCDetails -verbose:gc -XX:+UseParNewGC -XX:+UseConcMarkSweepGC ", CONFIGS="-hzcfg ${SCRIPT_DIR}/../config/hz-config.xml --hzClientConfig ${SCRIPT_DIR}/../config/hz-client-config.xml --clientMode -nn ${nodesNum} -b ${b} -w ${w} -d ${d} -t ${t}  ${sm} --readBackups -dn HazelcastSetBenchmark -sn HazelcastNode -ds ${ver}atomic-set-1-backup,-hzcfg ${SCRIPT_DIR}/../config/hz-config.xml --hzClientConfig ${SCRIPT_DIR}/../config/hz-client-config.xml --clientMode -nn ${nodesNum} -b ${b} -w ${w} -d ${d} -t ${t}  ${sm} --readBackups -dn HazelcastSetGetBenchmark -sn HazelcastNode -ds ${ver}atomic-set-get-1-backup,-hzcfg ${SCRIPT_DIR}/../config/hz-config.xml --hzClientConfig ${SCRIPT_DIR}/../config/hz-client-config.xml --clientMode -nn ${nodesNum} -b ${b} -w ${w} -d ${d} -t ${t}  ${sm} --readBackups -bs 6 -dn HazelcastPutGetBatchBenchmark -sn HazelcastNode -ds ${ver}atomic-set-get-bs-6-1-backup,-hzcfg ${SCRIPT_DIR}/../config/hz-config.xml --hzClientConfig ${SCRIPT_DIR}/../config/hz-client-config.xml --clientMode -nn ${nodesNum} -b ${b} -w ${w} -d ${d} -t ${t}  ${sm} --readBackups -dn HazelcastSetTxBenchmark -sn HazelcastNode -ds ${ver}tx-set-pessimistic-1-backup,-hzcfg ${SCRIPT_DIR}/../config/hz-config.xml --hzClientConfig ${SCRIPT_DIR}/../config/hz-client-config.xml --clientMode -nn ${nodesNum} -b ${b} -w ${w} -d ${d} -t ${t}  ${sm} --readBackups -dn HazelcastSetGetTxOptimisticBenchmark -sn HazelcastNode -ds ${ver}tx-set-get-opt-1-backup,-hzcfg ${SCRIPT_DIR}/../config/hz-config.xml --hzClientConfig ${SCRIPT_DIR}/../config/hz-client-config.xml --clientMode -nn ${nodesNum} -b ${b} -w ${w} -d ${d} -t ${t}  ${sm} --readBackups -dn HazelcastSetGetTxPessimisticBenchmark -sn HazelcastNode -ds ${ver}tx-set-get-pes-1-backup,-hzcfg ${SCRIPT_DIR}/../config/hz-config.xml --hzClientConfig ${SCRIPT_DIR}/../config/hz-client-config.xml --clientMode -nn ${nodesNum} -b ${b} -w ${w} -d ${d} -t ${t}  ${sm} --readBackups -dn HazelcastSqlQueryBenchmark -sn HazelcastNode -ds ${ver}sql-query-1-backup,-hzcfg ${SCRIPT_DIR}/../config/hz-config.xml --hzClientConfig ${SCRIPT_DIR}/../config/hz-client-config.xml --clientMode -nn ${nodesNum} -b ${b} -w ${w} -d ${d} -t ${t}  ${sm} --readBackups -dn HazelcastSqlQuerySetBenchmark -sn HazelcastNode -ds ${ver}sql-query-set-1-backup,-hzcfg ${SCRIPT_DIR}/../config/hz-config.xml --hzClientConfig ${SCRIPT_DIR}/../config/hz-client-config.xml --clientMode -nn ${nodesNum} -b ${b} -w ${w} -d ${d} -t ${t}  ${sm} --readBackups -bs 6 -dn HazelcastPutAllBenchmark -sn HazelcastNode -ds ${ver}atomic-setAll-bs-6-1-backup,-hzcfg ${SCRIPT_DIR}/../config/hz-config.xml --hzClientConfig ${SCRIPT_DIR}/../config/hz-client-config.xml --clientMode -nn ${nodesNum} -b ${b} -w ${w} -d ${d} -t ${t}  ${sm} --readBackups -bs 6 -dn HazelcastSetAllTxBenchmark -sn HazelcastNode -ds ${ver}tx-setAll-bs-6-1-backup,-hzcfg ${SCRIPT_DIR}/../config/hz-config.xml --hzClientConfig ${SCRIPT_DIR}/../config/hz-client-config.xml --clientMode -nn ${nodesNum} -b ${b} -w ${w} -d ${d} -t ${t}  ${sm} --readBackups -bs 6 -dn HazelcastGetAllSetAllTxOptimisticBenchmark -sn HazelcastNode -ds ${ver}tx-optimistic-getAllSetAll-bs-6-1-backup,-hzcfg ${SCRIPT_DIR}/../config/hz-config.xml --hzClientConfig ${SCRIPT_DIR}/../config/hz-client-config.xml --clientMode -nn ${nodesNum} -b ${b} -w ${w} -d ${d} -t ${t}  ${sm} --readBackups -bs 6 -dn HazelcastGetAllSetAllTxPessimisticBenchmark -sn HazelcastNode -ds ${ver}tx-pessimistic-getAllSetAll-bs-6-1-backup,", DRIVER_HOSTS=172.31.46.6, t=64, BENCHMARK_PACKAGES=org.yardstickframework, w=60, BENCHMARK_LABEL=hazelcast, sm="--syncBackups", AUTO_COPY=false, RESTART_SERVERS=true}, shutdownHook=true, currentFolder=/home/ubuntu/date-2504-221749-s-4-c-1-ver-3.8.1-f1e9264, scriptsFolder=/home/ubuntu/date-2504-221749-s-4-c-1-ver-3.8.1-f1e9264/yardstick/bin, logsFolder=/home/ubuntu/date-2504-221749-s-4-c-1-ver-3.8.1-f1e9264/yardstick/bin/../output/logs-20170425-221800/logs_drivers, outputFolder=/home/ubuntu/date-2504-221749-s-4-c-1-ver-3.8.1-f1e9264/yardstick/bin/../output/results-20170425-221800, outputWriter=java.io.PrintStream@4351e8f2, errorWriter=java.io.PrintStream@476e7440, descriptions=[3.8.1-f1e9264-tx-set-pessimistic-1-backup], hostName=]
--Description: 3.8.1-f1e9264-tx-set-pessimistic-1-backup
@@HazelcastSetTxBenchmark
**"Time, sec","Operations/sec (more is better)","Latency, nsec (less is better)"
1493159893,26647.00,2396461.52
1493159894,26752.00,2286604.92
1493159895,26965.00,2476396.49
1493159896,29458.00,2169526.48
1493159897,29922.00,2139692.47
1493159898,29603.00,2160228.73
1493159899,28967.00,2208304.35
1493159900,27922.00,2291070.84
1493159901,28964.00,2208541.68
1493159902,30564.00,2093335.44
1493159903,30129.00,2122956.01
1493159904,30907.00,2069416.76
1493159905,30597.00,2090971.41
1493159906,28912.00,2212957.33
1493159907,27359.00,2338196.92
1493159908,27744.00,2305883.29
1493159909,30659.00,2086531.08
1493159910,30685.00,2084965.87
1493159911,30340.00,2108596.28
1493159912,29759.00,2149432.00
1493159913,27824.00,2299483.25
1493159914,29412.00,2160483.87
1493159915,29956.00,2157439.22
1493159916,30364.00,2106583.27
1493159917,22786.00,2808945.64
1493159918,28906.00,2212953.70
1493159919,28674.00,2231536.06
1493159920,28110.00,2275978.30
1493159921,29204.00,2190454.91
1493159922,31245.00,2047700.38
1493159923,30789.00,2078102.97
1493159924,30109.00,2124687.05
1493159925,27044.00,2365899.42
1493159926,28938.00,2210754.75
1493159927,27655.00,2314038.48
1493159928,30146.00,2122051.06
1493159929,30267.00,2113783.23
1493159930,30630.00,2088504.97
1493159931,30326.00,2110023.80
1493159932,28623.00,2235397.64
1493159933,25523.00,2506842.49
1493159934,29187.00,2192314.04
1493159935,30347.00,2108356.00
1493159936,30917.00,2069223.40
1493159937,30692.00,2084610.59
1493159938,29199.00,2190838.04
1493159939,29922.00,2138507.06
1493159940,27351.00,2339552.10
1493159941,25042.00,2555001.44
1493159942,28070.00,2279369.65
1493159943,29377.00,2178431.44
1493159944,28657.00,2232375.54
1493159945,27412.00,2333844.94
1493159946,28682.00,2173598.56
1493159947,25775.00,2495037.42
1493159948,29283.00,2229736.63
1493159949,30333.00,2109118.17
1493159950,29594.00,2162077.69
1493159951,29350.00,2179744.43
1493159952,27397.00,2335507.80
1493159953,25551.00,2503630.11
1493159954,26219.00,2441277.90
1493159955,28211.00,2267536.54
1493159956,29342.00,2180648.05
1493159957,27479.00,2328376.21
1493159958,25623.00,2491673.36
1493159959,27152.00,2361698.26
1493159960,28785.00,2222622.34
1493159961,26450.00,2418834.16
1493159962,24659.00,2594850.77
1493159963,26950.00,2374428.32
1493159964,29017.00,2204638.38
1493159965,28701.00,2229548.10
1493159966,26346.00,2428418.76
1493159967,24918.00,2567236.85
1493159968,29228.00,2189476.01
1493159969,28987.00,2207463.21
1493159970,27784.00,2303026.88
1493159971,26202.00,2441159.92
1493159972,27150.00,2357425.51
1493159973,28454.00,2248121.48
1493159974,27540.00,2323761.81
1493159975,25468.00,2511978.66
1493159976,24295.00,2633583.58
1493159977,27745.00,2305857.64
1493159978,24501.00,2612240.87
1493159979,24000.00,2665695.23
1493159980,26345.00,2427500.68
1493159981,27738.00,2306528.55
1493159982,28754.00,2226521.09
1493159983,26784.00,2388353.13
1493159984,25850.00,2475422.03
1493159985,26443.00,2419826.61
1493159986,29275.00,2185439.42
1493159987,28892.00,2214687.98
1493159988,27223.00,2350223.59
1493159989,26378.00,2425114.27
1493159990,27126.00,2359361.13
1493159991,28186.00,2275957.83
1493159992,28015.00,2283907.44
1493159993,24914.00,2567734.73
1493159994,27408.00,2334637.52
1493159995,28867.00,2216735.25
1493159996,27438.00,2250030.64
1493159997,26868.00,2464890.01
1493159998,26424.00,2421493.34
1493159999,29557.00,2164147.34
1493160000,29499.00,2169273.19
1493160001,24765.00,2583294.50
1493160002,20889.00,3063087.77
1493160003,26294.00,2433862.17
1493160004,29219.00,2189953.12
1493160005,27470.00,2329189.74
1493160006,27143.00,2357369.41
1493160007,26424.00,2363291.16
1493160008,27691.00,2366157.79
1493160009,28582.00,2238938.30
1493160010,27890.00,2293550.92
1493160011,25681.00,2491736.73
1493160012,26708.00,2395596.95
1493160013,28232.00,2266198.65
1493160014,28083.00,2278784.04
1493160015,27694.00,2310332.87
1493160016,25410.00,2517389.07
1493160017,28776.00,2223942.21
1493160018,27960.00,2288825.81
1493160019,27419.00,2311159.01
1493160020,28152.00,2296434.80
1493160021,27099.00,2361505.17
1493160022,28884.00,2214989.66
1493160023,27479.00,2328522.63
1493160024,26558.00,2408681.64
1493160025,27927.00,2291211.95
1493160026,28170.00,2272812.23
1493160027,25524.00,2542171.40
1493160028,25900.00,2470020.38
1493160029,24963.00,2572962.62
1493160030,27474.00,2328230.02
1493160031,25643.00,2495704.50
1493160032,26842.00,2383714.05
1493160033,27571.00,2320147.34
1493160034,27297.00,2344650.41
1493160035,28111.00,2275791.85
1493160036,26419.00,2422272.68
1493160037,25657.00,2477733.88
1493160038,27658.00,2327960.61
1493160039,25873.00,2471898.05
1493160040,20745.00,3076669.94
1493160041,24090.00,2554919.11
1493160042,25787.00,2583363.29
1493160043,27201.00,2351905.97
1493160044,28482.00,2246446.99
1493160045,25993.00,2461316.38
1493160046,25671.00,2493139.67
1493160047,27452.00,2330791.52
1493160048,29120.00,2196552.81
1493160049,27607.00,2318374.22
1493160050,27322.00,2341573.09
1493160051,27538.00,2323862.82
1493160052,24941.00,2564221.83
1493160053,27840.00,2298878.73
1493160054,27447.00,2331438.32
1493160055,26395.00,2424000.18
1493160056,27369.00,2337655.69
1493160057,29513.00,2168167.89
1493160058,28157.00,2271937.83
1493160059,26270.00,2435722.61
1493160060,27636.00,2315519.95
1493160061,26054.00,2455812.57
1493160062,25765.00,2483168.91
1493160063,27117.00,2359529.07
1493160064,27865.00,2296376.59
1493160065,27380.00,2336534.75
1493160066,27642.00,2314526.33
1493160067,28451.00,2248639.86
1493160068,26279.00,2435016.00
1493160069,27953.00,2289055.82
1493160070,28308.00,2260416.81
1493160071,27313.00,2342316.96
1493160072,27531.00,2324491.55
1493160073,27538.00,2323248.00
1493160074,26670.00,2399129.95
1493160075,27077.00,2362827.22
1493160076,27302.00,2343993.42
1493160077,27139.00,2357235.52
1493160078,27556.00,2322068.27
1493160079,28170.00,2226427.23
1493160080,27635.00,2360925.82
1493160081,25970.00,2462978.23
1493160082,26717.00,2395811.18
1493160083,26969.00,2372275.35
1493160084,27481.00,2328828.19
1493160085,27704.00,2309345.04
1493160086,27594.00,2318929.23
1493160087,27899.00,2293571.24
1493160088,27625.00,2316404.54
1493160089,29083.00,2199457.12
1493160090,26593.00,2406496.19
1493160091,28638.00,2233945.62
1493160092,27985.00,2286449.40
1493160093,27941.00,2289864.16
1493160094,28045.00,2281955.29
1493160095,27676.00,2311407.03
1493160096,27959.00,2288676.55
1493160097,27393.00,2335525.89
1493160098,28403.00,2210603.45
1493160099,27092.00,2405319.69
1493160100,29153.00,2195114.87
1493160101,23779.00,2663784.14
1493160102,23104.00,2796689.98
1493160103,27972.00,2287787.19
1493160104,27711.00,2308962.19
1493160105,27679.00,2311961.60
1493160106,28043.00,2281519.91
1493160107,27950.00,2191687.21
1493160108,27078.00,2462784.66
1493160109,27935.00,2290572.73
1493160110,26196.00,2442468.62
1493160111,26019.00,2458526.72
1493160112,26720.00,2394732.59
1493160113,27255.00,2347521.69
1493160114,25969.00,2464324.34
1493160115,21130.00,3027728.44
1493160116,25368.00,2522337.23
1493160117,27790.00,2302506.90
1493160118,28243.00,2260758.07
1493160119,21191.00,3025643.87
1493160120,23504.00,2720498.07
1493160121,24926.00,2568602.49
1493160122,24673.00,2593093.95
1493160123,27263.00,2346967.65
1493160124,24626.00,2587608.37
1493160125,28966.00,2217837.25
1493160126,26845.00,2383656.17
1493160127,24282.00,2634567.60
1493160128,25030.00,2556534.32
1493160129,26415.00,2422527.07
1493160130,27777.00,2279005.10
1493160131,24677.00,2620353.63
1493160132,26235.00,2438551.76
1493160133,26887.00,2380069.04
1493160134,27597.00,2318243.20
1493160135,26318.00,2430069.90
1493160136,24694.00,2592491.43
1493160137,27094.00,2361243.49
1493160138,27674.00,2312103.94
1493160139,27915.00,2292517.32
1493160140,25877.00,2472386.38
1493160141,27763.00,2304819.91
1493160142,26557.00,2334402.22
1493160143,27586.00,2389435.25
1493160144,24480.00,2615930.28
1493160145,26952.00,2373133.00
1493160146,27756.00,2305805.01
1493160147,28055.00,2280488.37
1493160148,28296.00,2261464.76
1493160149,29604.00,2160645.57
1493160150,27645.00,2314635.34
1493160151,25788.00,2481391.93
1493160152,28839.00,2218644.66
1493160153,26410.00,2422258.89
1493160154,27068.00,2363773.12
1493160155,27534.00,2324012.07
1493160156,27588.00,2319390.14
1493160157,27340.00,2339924.47
1493160158,27846.00,2297967.21
1493160159,29673.00,2156090.72
1493160160,26010.00,2460478.03
1493160161,28594.00,2237717.09
1493160162,27016.00,2346956.25
1493160163,21369.00,3021021.06
1493160164,28475.00,2246796.85
1493160165,26470.00,2417619.96
1493160166,28999.00,2151791.68
1493160167,28561.00,2295408.24
1493160168,28239.00,2266086.09
1493160169,26668.00,2398741.74
1493160170,29378.00,2178184.99
1493160171,27073.00,2363344.90
1493160172,28347.00,2256556.69
1493160173,28100.00,2277193.82
1493160174,26204.00,2441477.90
1493160175,27619.00,2316603.36
1493160176,28261.00,2264127.53
1493160177,29547.00,2165258.23
1493160178,26356.00,2427944.27
1493160179,29392.00,2176603.28
1493160180,26979.00,2371493.76
1493160181,24245.00,2638707.76
1493160182,25336.00,2525595.28
1493160183,27747.00,2306396.60
1493160184,27632.00,2315494.51
1493160185,27601.00,2318023.99
1493160186,29355.00,2179623.60
1493160187,25678.00,2491561.41
1493160188,27564.00,2321153.43
1493160189,27145.00,2357373.78
1493160190,27813.00,2300509.37
1493160191,26052.00,2383881.12
1493160192,28514.00,2309152.50
