--Probe dump file for probe: org.yardstickframework.probes.DStatProbe@673fdbce (class org.yardstickframework.probes.DStatProbe)
--Created Tue Apr 25 23:03:13 UTC 2017
--Benchmark config: BenchmarkConfiguration [memberId='0', driverNames='[HazelcastSqlQuerySetBenchmark]', serverName='HazelcastNode', threads=64, duration=300, warmup=60, dfltProbeClsNames=[ThroughputLatencyProbe, PercentileProbe, DStatProbe], propsFileName='yardstick/config/run.properties', packages=[org.yardstickframework], cmdArgs=[--outputFolder, /home/ubuntu/date-2504-221749-s-4-c-1-ver-3.8.1-f1e9264/yardstick/bin/../output/results-20170425-221800, -id, 0, -hzcfg, /home/ubuntu/date-2504-221749-s-4-c-1-ver-3.8.1-f1e9264/yardstick/bin/../config/hz-config.xml, --hzClientConfig, /home/ubuntu/date-2504-221749-s-4-c-1-ver-3.8.1-f1e9264/yardstick/bin/../config/hz-client-config.xml, --clientMode, -nn, 4, -b, 1, -w, 60, -d, 300, -t, 64, --syncBackups, --readBackups, -dn, HazelcastSqlQuerySetBenchmark, -sn, HazelcastNode, -ds, 3.8.1-f1e9264-sql-query-set-1-backup, --config, yardstick/config/run.properties, --logsFolder, /home/ubuntu/date-2504-221749-s-4-c-1-ver-3.8.1-f1e9264/yardstick/bin/../output/logs-20170425-221800/logs_drivers, --currentFolder, /home/ubuntu/date-2504-221749-s-4-c-1-ver-3.8.1-f1e9264, --scriptsFolder, /home/ubuntu/date-2504-221749-s-4-c-1-ver-3.8.1-f1e9264/yardstick/bin], probeWriter='null', customProps={ver=3.8.1-f1e9264-, b=1, d=300, SERVER_HOSTS=172.31.45.250,172.31.38.80,172.31.41.141,172.31.42.161, now0=`date +'%H%M%S'`, nodesNum=$((`echo ${SERVER_HOSTS} | tr ',' '' | wc -l`)), JVM_OPTS=${JVM_OPTS}" -Xms6g -Xmx6g -Xloggc:./gc${now0}.log -XX:+PrintGCDetails -verbose:gc -XX:+UseParNewGC -XX:+UseConcMarkSweepGC ", CONFIGS="-hzcfg ${SCRIPT_DIR}/../config/hz-config.xml --hzClientConfig ${SCRIPT_DIR}/../config/hz-client-config.xml --clientMode -nn ${nodesNum} -b ${b} -w ${w} -d ${d} -t ${t}  ${sm} --readBackups -dn HazelcastSetBenchmark -sn HazelcastNode -ds ${ver}atomic-set-1-backup,-hzcfg ${SCRIPT_DIR}/../config/hz-config.xml --hzClientConfig ${SCRIPT_DIR}/../config/hz-client-config.xml --clientMode -nn ${nodesNum} -b ${b} -w ${w} -d ${d} -t ${t}  ${sm} --readBackups -dn HazelcastSetGetBenchmark -sn HazelcastNode -ds ${ver}atomic-set-get-1-backup,-hzcfg ${SCRIPT_DIR}/../config/hz-config.xml --hzClientConfig ${SCRIPT_DIR}/../config/hz-client-config.xml --clientMode -nn ${nodesNum} -b ${b} -w ${w} -d ${d} -t ${t}  ${sm} --readBackups -bs 6 -dn HazelcastPutGetBatchBenchmark -sn HazelcastNode -ds ${ver}atomic-set-get-bs-6-1-backup,-hzcfg ${SCRIPT_DIR}/../config/hz-config.xml --hzClientConfig ${SCRIPT_DIR}/../config/hz-client-config.xml --clientMode -nn ${nodesNum} -b ${b} -w ${w} -d ${d} -t ${t}  ${sm} --readBackups -dn HazelcastSetTxBenchmark -sn HazelcastNode -ds ${ver}tx-set-pessimistic-1-backup,-hzcfg ${SCRIPT_DIR}/../config/hz-config.xml --hzClientConfig ${SCRIPT_DIR}/../config/hz-client-config.xml --clientMode -nn ${nodesNum} -b ${b} -w ${w} -d ${d} -t ${t}  ${sm} --readBackups -dn HazelcastSetGetTxOptimisticBenchmark -sn HazelcastNode -ds ${ver}tx-set-get-opt-1-backup,-hzcfg ${SCRIPT_DIR}/../config/hz-config.xml --hzClientConfig ${SCRIPT_DIR}/../config/hz-client-config.xml --clientMode -nn ${nodesNum} -b ${b} -w ${w} -d ${d} -t ${t}  ${sm} --readBackups -dn HazelcastSetGetTxPessimisticBenchmark -sn HazelcastNode -ds ${ver}tx-set-get-pes-1-backup,-hzcfg ${SCRIPT_DIR}/../config/hz-config.xml --hzClientConfig ${SCRIPT_DIR}/../config/hz-client-config.xml --clientMode -nn ${nodesNum} -b ${b} -w ${w} -d ${d} -t ${t}  ${sm} --readBackups -dn HazelcastSqlQueryBenchmark -sn HazelcastNode -ds ${ver}sql-query-1-backup,-hzcfg ${SCRIPT_DIR}/../config/hz-config.xml --hzClientConfig ${SCRIPT_DIR}/../config/hz-client-config.xml --clientMode -nn ${nodesNum} -b ${b} -w ${w} -d ${d} -t ${t}  ${sm} --readBackups -dn HazelcastSqlQuerySetBenchmark -sn HazelcastNode -ds ${ver}sql-query-set-1-backup,-hzcfg ${SCRIPT_DIR}/../config/hz-config.xml --hzClientConfig ${SCRIPT_DIR}/../config/hz-client-config.xml --clientMode -nn ${nodesNum} -b ${b} -w ${w} -d ${d} -t ${t}  ${sm} --readBackups -bs 6 -dn HazelcastPutAllBenchmark -sn HazelcastNode -ds ${ver}atomic-setAll-bs-6-1-backup,-hzcfg ${SCRIPT_DIR}/../config/hz-config.xml --hzClientConfig ${SCRIPT_DIR}/../config/hz-client-config.xml --clientMode -nn ${nodesNum} -b ${b} -w ${w} -d ${d} -t ${t}  ${sm} --readBackups -bs 6 -dn HazelcastSetAllTxBenchmark -sn HazelcastNode -ds ${ver}tx-setAll-bs-6-1-backup,-hzcfg ${SCRIPT_DIR}/../config/hz-config.xml --hzClientConfig ${SCRIPT_DIR}/../config/hz-client-config.xml --clientMode -nn ${nodesNum} -b ${b} -w ${w} -d ${d} -t ${t}  ${sm} --readBackups -bs 6 -dn HazelcastGetAllSetAllTxOptimisticBenchmark -sn HazelcastNode -ds ${ver}tx-optimistic-getAllSetAll-bs-6-1-backup,-hzcfg ${SCRIPT_DIR}/../config/hz-config.xml --hzClientConfig ${SCRIPT_DIR}/../config/hz-client-config.xml --clientMode -nn ${nodesNum} -b ${b} -w ${w} -d ${d} -t ${t}  ${sm} --readBackups -bs 6 -dn HazelcastGetAllSetAllTxPessimisticBenchmark -sn HazelcastNode -ds ${ver}tx-pessimistic-getAllSetAll-bs-6-1-backup,", DRIVER_HOSTS=172.31.46.6, t=64, BENCHMARK_PACKAGES=org.yardstickframework, w=60, BENCHMARK_LABEL=hazelcast, sm="--syncBackups", AUTO_COPY=false, RESTART_SERVERS=true}, shutdownHook=true, currentFolder=/home/ubuntu/date-2504-221749-s-4-c-1-ver-3.8.1-f1e9264, scriptsFolder=/home/ubuntu/date-2504-221749-s-4-c-1-ver-3.8.1-f1e9264/yardstick/bin, logsFolder=/home/ubuntu/date-2504-221749-s-4-c-1-ver-3.8.1-f1e9264/yardstick/bin/../output/logs-20170425-221800/logs_drivers, outputFolder=/home/ubuntu/date-2504-221749-s-4-c-1-ver-3.8.1-f1e9264/yardstick/bin/../output/results-20170425-221800, outputWriter=java.io.PrintStream@269d6b90, errorWriter=java.io.PrintStream@22a2eb9b, descriptions=[3.8.1-f1e9264-sql-query-set-1-backup], hostName=]
--Description: 3.8.1-f1e9264-sql-query-set-1-backup
@@HazelcastSqlQuerySetBenchmark
**"Time, sec","Memory Used, KB","Memory Buffered, KB","Memory Cached, KB","Memory Free, KB","CPU User, %","CPU System, %","CPU Idle, %","CPU Wait, %","CPU Hardware Interrupts","CPU Software Interrupts","Disk Read, B","Disk Write, B","Network Receive, B","Network Send, B","Page In, B","Page Out, B","System Interrupts, per sec","System Context Switches, per sec"
1493161454,1201152.00,162816.00,5310464.00,56203673.60,1.00,0.00,99.00,0.00,0.00,0.00,0.00,0.00,5152768.00,9426944.00,0.00,0.00,192512.00,173056.00
1493161455,1201152.00,162816.00,5310464.00,56203673.60,2.00,1.00,97.00,0.00,0.00,0.00,0.00,0.00,5159936.00,9415680.00,0.00,0.00,188416.00,169984.00
1493161456,1201152.00,162816.00,5310464.00,56203673.60,7.00,1.00,91.00,0.00,0.00,1.00,0.00,155648.00,4726784.00,8609792.00,0.00,0.00,166912.00,153600.00
1493161457,1203200.00,162816.00,5310464.00,56203673.60,1.00,1.00,98.00,0.00,0.00,0.00,0.00,0.00,5683200.00,10485760.00,0.00,0.00,207872.00,187392.00
1493161458,1202176.00,162816.00,5310464.00,56203673.60,2.00,0.00,97.00,0.00,0.00,0.00,0.00,0.00,4355072.00,7922688.00,0.00,0.00,159744.00,144384.00
1493161459,1202176.00,162816.00,5310464.00,56203673.60,0.00,1.00,99.00,0.00,0.00,0.00,0.00,0.00,5339136.00,9563136.00,0.00,0.00,195584.00,177152.00
1493161460,1202176.00,162816.00,5310464.00,56203673.60,2.00,0.00,97.00,0.00,0.00,0.00,0.00,49152.00,3621888.00,6545408.00,0.00,0.00,134144.00,120832.00
1493161461,1202176.00,162816.00,5310464.00,56203673.60,1.00,1.00,98.00,0.00,0.00,0.00,0.00,180224.00,5550080.00,9945088.00,0.00,0.00,200704.00,181248.00
1493161462,1201152.00,162816.00,5310464.00,56203673.60,2.00,0.00,97.00,0.00,0.00,0.00,0.00,0.00,4510720.00,8014848.00,0.00,0.00,164864.00,146432.00
1493161463,1201152.00,162816.00,5310464.00,56203673.60,1.00,0.00,99.00,0.00,0.00,0.00,0.00,0.00,5871616.00,10485760.00,0.00,0.00,209920.00,188416.00
1493161464,1201152.00,162816.00,5310464.00,56203673.60,2.00,0.00,98.00,0.00,0.00,0.00,0.00,0.00,4273152.00,7583744.00,0.00,0.00,151552.00,137216.00
1493161465,1202176.00,162816.00,5310464.00,56203673.60,1.00,1.00,98.00,0.00,0.00,1.00,0.00,548864.00,6075392.00,10485760.00,0.00,0.00,222208.00,198656.00
1493161466,1201152.00,162816.00,5310464.00,56203673.60,2.00,0.00,98.00,0.00,0.00,0.00,0.00,245760.00,4285440.00,7541760.00,0.00,0.00,154624.00,138240.00
1493161467,1201152.00,162816.00,5310464.00,56203673.60,1.00,1.00,98.00,0.00,0.00,0.00,0.00,0.00,6161408.00,10485760.00,0.00,0.00,216064.00,195584.00
1493161468,1201152.00,162816.00,5310464.00,56203673.60,2.00,1.00,97.00,0.00,0.00,0.00,0.00,0.00,4752384.00,8343552.00,0.00,0.00,168960.00,151552.00
1493161469,1202176.00,162816.00,5310464.00,56203673.60,1.00,1.00,98.00,0.00,0.00,0.00,0.00,0.00,5841920.00,10485760.00,0.00,0.00,206848.00,186368.00
1493161470,1202176.00,162816.00,5310464.00,56203673.60,1.00,0.00,99.00,0.00,0.00,0.00,0.00,368640.00,4977664.00,8776704.00,0.00,0.00,178176.00,158720.00
1493161471,1202176.00,162816.00,5310464.00,56203673.60,3.00,0.00,96.00,0.00,0.00,0.00,0.00,163840.00,5354496.00,9300992.00,0.00,0.00,187392.00,168960.00
1493161472,1202176.00,162816.00,5310464.00,56203673.60,1.00,1.00,98.00,0.00,0.00,0.00,0.00,0.00,5550080.00,9716736.00,0.00,0.00,195584.00,176128.00
1493161473,1201152.00,162816.00,5310464.00,56203673.60,2.00,1.00,97.00,0.00,0.00,0.00,0.00,0.00,5013504.00,8731648.00,0.00,0.00,176128.00,158720.00
1493161474,1201152.00,162816.00,5310464.00,56203673.60,1.00,1.00,98.00,0.00,0.00,0.00,0.00,0.00,6046720.00,10485760.00,0.00,0.00,211968.00,190464.00
1493161475,1201152.00,162816.00,5310464.00,56203673.60,2.00,0.00,98.00,0.00,0.00,0.00,0.00,245760.00,4538368.00,7884800.00,0.00,0.00,157696.00,143360.00
1493161476,1201152.00,162816.00,5310464.00,56203673.60,0.00,0.00,99.00,0.00,0.00,0.00,0.00,204800.00,6091776.00,10485760.00,0.00,0.00,211968.00,190464.00
1493161477,1201152.00,162816.00,5310464.00,56203673.60,2.00,0.00,98.00,0.00,0.00,0.00,0.00,0.00,4058112.00,6973440.00,0.00,0.00,142336.00,128000.00
1493161478,1202176.00,162816.00,5310464.00,56203673.60,1.00,1.00,98.00,0.00,0.00,0.00,0.00,0.00,5847040.00,10078208.00,0.00,0.00,202752.00,184320.00
1493161479,1201152.00,162816.00,5310464.00,56203673.60,2.00,0.00,97.00,0.00,0.00,1.00,0.00,0.00,4453376.00,7638016.00,0.00,0.00,153600.00,139264.00
1493161480,1202176.00,162816.00,5310464.00,56203673.60,1.00,1.00,98.00,0.00,0.00,0.00,0.00,0.00,6035456.00,10485760.00,0.00,0.00,210944.00,189440.00
1493161481,1202176.00,162816.00,5310464.00,56203673.60,2.00,1.00,97.00,0.00,0.00,0.00,0.00,131072.00,4602880.00,7843840.00,0.00,0.00,157696.00,143360.00
1493161482,1202176.00,162816.00,5310464.00,56203673.60,0.00,1.00,99.00,0.00,0.00,0.00,0.00,0.00,6003712.00,10485760.00,0.00,0.00,205824.00,185344.00
1493161483,1202176.00,162816.00,5310464.00,56203673.60,2.00,1.00,97.00,0.00,0.00,0.00,0.00,0.00,5110784.00,8675328.00,0.00,0.00,172032.00,156672.00
1493161484,1202176.00,162816.00,5310464.00,56203673.60,1.00,0.00,99.00,0.00,0.00,0.00,0.00,0.00,5796864.00,9765888.00,0.00,0.00,196608.00,177152.00
1493161485,1202176.00,162816.00,5310464.00,56203673.60,2.00,1.00,97.00,0.00,0.00,1.00,0.00,0.00,5685248.00,9605120.00,0.00,0.00,192512.00,174080.00
1493161486,1201152.00,162816.00,5310464.00,56203673.60,1.00,0.00,99.00,0.00,0.00,0.00,0.00,131072.00,5100544.00,8613888.00,0.00,0.00,175104.00,157696.00
1493161487,1202176.00,162816.00,5310464.00,56203673.60,2.00,1.00,96.00,0.00,0.00,0.00,0.00,0.00,6252544.00,10485760.00,0.00,0.00,212992.00,191488.00
1493161488,1202176.00,162816.00,5310464.00,56203673.60,1.00,1.00,99.00,0.00,0.00,0.00,0.00,0.00,4799488.00,8130560.00,0.00,0.00,163840.00,148480.00
1493161489,1202176.00,162816.00,5310464.00,56203673.60,2.00,1.00,98.00,0.00,0.00,0.00,0.00,0.00,6402048.00,10485760.00,0.00,0.00,214016.00,194560.00
1493161490,1201152.00,162816.00,5310464.00,56203673.60,1.00,1.00,98.00,0.00,0.00,0.00,0.00,385024.00,4902912.00,8303616.00,0.00,0.00,164864.00,149504.00
1493161491,1202176.00,162816.00,5310464.00,56203673.60,2.00,1.00,97.00,0.00,0.00,0.00,0.00,204800.00,6061056.00,10485760.00,0.00,0.00,206848.00,186368.00
1493161492,1202176.00,162816.00,5310464.00,56203673.60,0.00,0.00,99.00,0.00,0.00,0.00,0.00,0.00,5148672.00,8635392.00,0.00,0.00,172032.00,155648.00
1493161493,1201152.00,162816.00,5310464.00,56203673.60,2.00,0.00,98.00,0.00,0.00,0.00,0.00,0.00,5581824.00,9409536.00,0.00,0.00,187392.00,169984.00
1493161494,1202176.00,162816.00,5311488.00,56203673.60,1.00,1.00,98.00,0.00,0.00,0.00,0.00,0.00,5780480.00,9694208.00,0.00,0.00,193536.00,175104.00
1493161495,1201152.00,162816.00,5311488.00,56203673.60,2.00,1.00,98.00,0.00,0.00,0.00,0.00,0.00,4996096.00,8373248.00,0.00,0.00,166912.00,150528.00
1493161496,1202176.00,162816.00,5311488.00,56203673.60,1.00,1.00,98.00,0.00,0.00,0.00,0.00,131072.00,6206464.00,10485760.00,0.00,0.00,206848.00,187392.00
1493161497,1202176.00,162816.00,5311488.00,56203673.60,2.00,0.00,98.00,0.00,0.00,0.00,0.00,0.00,4477952.00,7501824.00,0.00,0.00,153600.00,137216.00
1493161498,1202176.00,162816.00,5311488.00,56203673.60,1.00,1.00,99.00,0.00,0.00,0.00,0.00,0.00,6679552.00,11534336.00,0.00,0.00,219136.00,200704.00
1493161499,1202176.00,162816.00,5311488.00,56203673.60,2.00,0.00,97.00,0.00,0.00,0.00,0.00,0.00,4641792.00,7632896.00,0.00,0.00,151552.00,138240.00
1493161500,1202176.00,162816.00,5311488.00,56203673.60,0.00,1.00,99.00,0.00,0.00,0.00,0.00,0.00,5673984.00,9449472.00,0.00,0.00,196608.00,175104.00
1493161501,1202176.00,162816.00,5311488.00,56203673.60,0.00,0.00,99.00,1.00,0.00,0.00,0.00,131072.00,4105216.00,6844416.00,0.00,0.00,141312.00,126976.00
1493161502,1201152.00,162816.00,5311488.00,56203673.60,2.00,1.00,97.00,0.00,0.00,0.00,0.00,0.00,5676032.00,9470976.00,0.00,0.00,199680.00,176128.00
1493161503,1202176.00,162816.00,5311488.00,56203673.60,0.00,0.00,99.00,0.00,0.00,0.00,0.00,0.00,4547584.00,7520256.00,0.00,0.00,151552.00,137216.00
1493161504,1202176.00,162816.00,5311488.00,56203673.60,2.00,1.00,97.00,0.00,0.00,0.00,0.00,0.00,5938176.00,9812992.00,0.00,0.00,196608.00,177152.00
1493161505,1202176.00,162816.00,5311488.00,56203673.60,1.00,0.00,99.00,0.00,0.00,0.00,0.00,0.00,5123072.00,8485888.00,0.00,0.00,169984.00,153600.00
1493161506,1202176.00,162816.00,5311488.00,56203673.60,2.00,1.00,96.00,0.00,0.00,0.00,0.00,131072.00,6131712.00,10156032.00,0.00,0.00,207872.00,186368.00
1493161507,1202176.00,162816.00,5311488.00,56203673.60,0.00,1.00,99.00,0.00,0.00,0.00,0.00,0.00,5045248.00,8282112.00,0.00,0.00,168960.00,152576.00
1493161508,1202176.00,162816.00,5311488.00,56203673.60,2.00,1.00,97.00,0.00,0.00,0.00,0.00,0.00,5603328.00,9239552.00,0.00,0.00,185344.00,167936.00
1493161509,1202176.00,162816.00,5311488.00,56203673.60,1.00,0.00,99.00,0.00,0.00,0.00,0.00,0.00,5727232.00,9416704.00,0.00,0.00,187392.00,171008.00
1493161510,1203200.00,162816.00,5311488.00,56203673.60,2.00,1.00,97.00,0.00,0.00,0.00,0.00,0.00,5063680.00,8374272.00,0.00,0.00,168960.00,152576.00
1493161511,1202176.00,162816.00,5311488.00,56203673.60,1.00,1.00,98.00,0.00,0.00,0.00,0.00,131072.00,6175744.00,10103808.00,0.00,0.00,204800.00,184320.00
1493161512,1202176.00,162816.00,5311488.00,56203673.60,2.00,1.00,97.00,0.00,0.00,0.00,0.00,0.00,4577280.00,7537664.00,0.00,0.00,153600.00,138240.00
1493161513,1202176.00,162816.00,5311488.00,56203673.60,1.00,1.00,98.00,0.00,0.00,0.00,0.00,0.00,6733824.00,11534336.00,0.00,0.00,222208.00,200704.00
1493161514,1203200.00,162816.00,5311488.00,56203673.60,1.00,0.00,98.00,0.00,0.00,0.00,0.00,0.00,4669440.00,7689216.00,0.00,0.00,154624.00,139264.00
1493161515,1202176.00,162816.00,5311488.00,56203673.60,0.00,1.00,99.00,0.00,0.00,0.00,0.00,0.00,6208512.00,10178560.00,0.00,0.00,203776.00,184320.00
1493161516,1203200.00,162816.00,5311488.00,56203673.60,2.00,1.00,97.00,0.00,0.00,0.00,0.00,131072.00,5206016.00,8474624.00,0.00,0.00,168960.00,153600.00
1493161517,1202176.00,162816.00,5311488.00,56203673.60,1.00,1.00,98.00,0.00,0.00,0.00,0.00,0.00,5839872.00,9602048.00,0.00,0.00,198656.00,177152.00
1493161518,1202176.00,162816.00,5311488.00,56203673.60,2.00,1.00,97.00,0.00,0.00,0.00,0.00,0.00,5095424.00,8310784.00,0.00,0.00,165888.00,151552.00
1493161519,1202176.00,162816.00,5311488.00,56203673.60,0.00,1.00,99.00,0.00,0.00,0.00,0.00,0.00,5813248.00,9531392.00,0.00,0.00,191488.00,172032.00
1493161520,1203200.00,162816.00,5311488.00,56203673.60,2.00,0.00,97.00,0.00,0.00,0.00,0.00,73728.00,5396480.00,8811520.00,0.00,0.00,176128.00,158720.00
1493161521,1203200.00,162816.00,5311488.00,56203673.60,1.00,0.00,99.00,0.00,0.00,0.00,0.00,163840.00,4639744.00,7543808.00,0.00,0.00,155648.00,139264.00
1493161522,1203200.00,162816.00,5311488.00,56203673.60,0.00,0.00,99.00,0.00,0.00,0.00,0.00,0.00,4961280.00,8061952.00,0.00,0.00,162816.00,147456.00
1493161523,1202176.00,162816.00,5311488.00,56203673.60,2.00,1.00,98.00,0.00,0.00,0.00,0.00,0.00,5528576.00,9076736.00,0.00,0.00,182272.00,164864.00
1493161524,1203200.00,162816.00,5311488.00,56203673.60,1.00,1.00,98.00,0.00,0.00,1.00,0.00,0.00,5861376.00,9546752.00,0.00,0.00,192512.00,173056.00
1493161525,1202176.00,162816.00,5311488.00,56203673.60,2.00,1.00,97.00,0.00,0.00,0.00,0.00,573440.00,5259264.00,8531968.00,0.00,0.00,172032.00,154624.00
1493161526,1203200.00,162816.00,5311488.00,56203673.60,1.00,1.00,98.00,0.00,0.00,1.00,0.00,286720.00,6325248.00,10485760.00,0.00,0.00,207872.00,187392.00
1493161527,1202176.00,162816.00,5311488.00,56203673.60,2.00,1.00,98.00,0.00,0.00,0.00,0.00,0.00,4581376.00,7498752.00,0.00,0.00,151552.00,137216.00
1493161528,1202176.00,162816.00,5311488.00,56203673.60,1.00,1.00,99.00,0.00,0.00,0.00,0.00,0.00,6564864.00,10485760.00,0.00,0.00,221184.00,196608.00
1493161529,1202176.00,162816.00,5311488.00,56203673.60,2.00,0.00,97.00,0.00,0.00,0.00,0.00,0.00,4397056.00,7132160.00,0.00,0.00,149504.00,133120.00
1493161530,1202176.00,162816.00,5311488.00,56203673.60,0.00,1.00,98.00,0.00,0.00,0.00,0.00,0.00,6218752.00,10117120.00,0.00,0.00,207872.00,185344.00
1493161531,1202176.00,162816.00,5311488.00,56203673.60,1.00,1.00,98.00,0.00,0.00,0.00,0.00,131072.00,5148672.00,8375296.00,0.00,0.00,168960.00,151552.00
1493161532,1202176.00,162816.00,5311488.00,56203673.60,1.00,1.00,99.00,0.00,0.00,0.00,0.00,0.00,6423552.00,10485760.00,0.00,0.00,209920.00,188416.00
1493161533,1203200.00,162816.00,5311488.00,56203673.60,1.00,0.00,98.00,0.00,0.00,0.00,0.00,0.00,5282816.00,8520704.00,0.00,0.00,169984.00,153600.00
1493161534,1202176.00,162816.00,5311488.00,56203673.60,1.00,0.00,99.00,0.00,0.00,0.00,0.00,0.00,5513216.00,8965120.00,0.00,0.00,182272.00,162816.00
1493161535,1203200.00,162816.00,5311488.00,56203673.60,1.00,1.00,98.00,0.00,0.00,0.00,0.00,0.00,6257664.00,10184704.00,0.00,0.00,203776.00,183296.00
1493161536,1202176.00,162816.00,5311488.00,56203673.60,1.00,1.00,98.00,0.00,0.00,0.00,0.00,131072.00,4898816.00,7948288.00,0.00,0.00,161792.00,144384.00
1493161537,1202176.00,162816.00,5311488.00,56203673.60,3.00,1.00,96.00,0.00,0.00,0.00,0.00,0.00,6684672.00,10485760.00,0.00,0.00,216064.00,195584.00
1493161538,1202176.00,162816.00,5311488.00,56203673.60,1.00,0.00,99.00,0.00,0.00,0.00,0.00,0.00,4750336.00,7641088.00,0.00,0.00,155648.00,140288.00
1493161539,1202176.00,162816.00,5311488.00,56203673.60,3.00,1.00,96.00,0.00,0.00,1.00,0.00,0.00,6436864.00,10485760.00,0.00,0.00,207872.00,187392.00
1493161540,1202176.00,162816.00,5311488.00,56203673.60,0.00,0.00,99.00,0.00,0.00,0.00,0.00,0.00,5279744.00,8563712.00,0.00,0.00,171008.00,154624.00
1493161541,1202176.00,162816.00,5311488.00,56203673.60,2.00,1.00,97.00,0.00,0.00,0.00,0.00,131072.00,5525504.00,8968192.00,0.00,0.00,189440.00,167936.00
1493161542,1202176.00,162816.00,5311488.00,56203673.60,1.00,1.00,98.00,0.00,0.00,0.00,0.00,0.00,5156864.00,8364032.00,0.00,0.00,168960.00,152576.00
1493161543,1202176.00,162816.00,5311488.00,56203673.60,2.00,1.00,97.00,0.00,0.00,0.00,0.00,0.00,6200320.00,9944064.00,0.00,0.00,198656.00,180224.00
1493161544,1202176.00,162816.00,5311488.00,56203673.60,1.00,0.00,99.00,0.00,0.00,0.00,0.00,0.00,5568512.00,8960000.00,0.00,0.00,179200.00,161792.00
1493161545,1203200.00,162816.00,5311488.00,56203673.60,2.00,1.00,97.00,0.00,0.00,0.00,0.00,0.00,5207040.00,8432640.00,0.00,0.00,169984.00,152576.00
1493161546,1203200.00,162816.00,5311488.00,56203673.60,1.00,1.00,98.00,0.00,0.00,0.00,0.00,131072.00,6436864.00,10485760.00,0.00,0.00,209920.00,188416.00
1493161547,1202176.00,162816.00,5311488.00,56203673.60,2.00,0.00,98.00,0.00,0.00,0.00,0.00,0.00,4832256.00,7794688.00,0.00,0.00,157696.00,141312.00
1493161548,1202176.00,162816.00,5311488.00,56203673.60,1.00,1.00,98.00,0.00,0.00,0.00,0.00,0.00,6952960.00,11534336.00,0.00,0.00,226304.00,203776.00
1493161549,1203200.00,162816.00,5311488.00,56203673.60,2.00,1.00,97.00,0.00,0.00,0.00,0.00,0.00,4738048.00,7669760.00,0.00,0.00,157696.00,141312.00
1493161550,1203200.00,162816.00,5311488.00,56203673.60,1.00,1.00,99.00,0.00,0.00,0.00,0.00,40960.00,6132736.00,9918464.00,0.00,0.00,204800.00,182272.00
1493161551,1203200.00,162816.00,5311488.00,56203673.60,1.00,1.00,98.00,0.00,0.00,0.00,0.00,131072.00,5017600.00,8090624.00,0.00,0.00,165888.00,148480.00
1493161552,1206272.00,162816.00,5311488.00,56203673.60,1.00,1.00,98.00,0.00,0.00,0.00,0.00,0.00,6444032.00,10485760.00,0.00,0.00,210944.00,189440.00
1493161553,1205248.00,162816.00,5311488.00,56203673.60,1.00,0.00,99.00,0.00,0.00,0.00,0.00,0.00,4722688.00,7586816.00,0.00,0.00,158720.00,141312.00
1493161554,1205248.00,162816.00,5311488.00,56203673.60,1.00,1.00,98.00,0.00,0.00,0.00,0.00,0.00,5828608.00,9377792.00,0.00,0.00,189440.00,171008.00
1493161555,1205248.00,162816.00,5311488.00,56203673.60,2.00,1.00,97.00,0.00,0.00,0.00,0.00,24576.00,5605376.00,9040896.00,0.00,0.00,182272.00,163840.00
1493161556,1205248.00,162816.00,5311488.00,56203673.60,0.00,1.00,98.00,0.00,0.00,0.00,0.00,147456.00,5343232.00,8589312.00,0.00,0.00,172032.00,154624.00
1493161557,1205248.00,162816.00,5311488.00,56203673.60,2.00,1.00,97.00,0.00,0.00,0.00,0.00,0.00,6177792.00,9921536.00,0.00,0.00,198656.00,179200.00
1493161558,1206272.00,162816.00,5311488.00,56203673.60,0.00,0.00,99.00,0.00,0.00,0.00,0.00,0.00,4744192.00,7680000.00,0.00,0.00,154624.00,139264.00
1493161559,1205248.00,162816.00,5311488.00,56203673.60,1.00,1.00,98.00,0.00,0.00,0.00,0.00,0.00,6614016.00,10485760.00,0.00,0.00,212992.00,192512.00
1493161560,1205248.00,162816.00,5311488.00,56203673.60,1.00,1.00,98.00,0.00,0.00,0.00,0.00,573440.00,4025344.00,6450176.00,0.00,0.00,133120.00,119808.00
1493161561,1205248.00,162816.00,5311488.00,56203673.60,1.00,1.00,98.00,0.00,0.00,0.00,0.00,270336.00,5960704.00,9594880.00,0.00,0.00,199680.00,178176.00
1493161562,1205248.00,162816.00,5311488.00,56203673.60,2.00,1.00,98.00,0.00,0.00,0.00,0.00,0.00,4562944.00,7321600.00,0.00,0.00,149504.00,134144.00
1493161563,1205248.00,162816.00,5311488.00,56203673.60,1.00,1.00,98.00,0.00,0.00,0.00,0.00,0.00,6871040.00,11534336.00,0.00,0.00,221184.00,199680.00
1493161564,1205248.00,162816.00,5311488.00,56203673.60,2.00,0.00,98.00,0.00,0.00,0.00,0.00,0.00,4794368.00,7665664.00,0.00,0.00,154624.00,139264.00
1493161565,1205248.00,162816.00,5311488.00,56203673.60,1.00,0.00,98.00,0.00,0.00,0.00,0.00,0.00,6518784.00,10485760.00,0.00,0.00,208896.00,189440.00
1493161566,1205248.00,162816.00,5311488.00,56203673.60,2.00,1.00,97.00,0.00,0.00,0.00,0.00,0.00,5423104.00,8717312.00,0.00,0.00,174080.00,156672.00
1493161567,1205248.00,162816.00,5311488.00,56203673.60,1.00,1.00,98.00,0.00,0.00,0.00,0.00,131072.00,5979136.00,9624576.00,0.00,0.00,192512.00,174080.00
1493161568,1206272.00,162816.00,5311488.00,56203673.60,2.00,1.00,97.00,0.00,0.00,0.00,0.00,0.00,5600256.00,9072640.00,0.00,0.00,185344.00,166912.00
1493161569,1205248.00,162816.00,5311488.00,56203673.60,0.00,0.00,99.00,0.00,0.00,0.00,0.00,0.00,5383168.00,8629248.00,0.00,0.00,172032.00,156672.00
1493161570,1205248.00,162816.00,5311488.00,56203673.60,2.00,1.00,97.00,0.00,0.00,0.00,0.00,401408.00,6172672.00,9902080.00,0.00,0.00,201728.00,181248.00
1493161571,1204224.00,162816.00,5311488.00,56203673.60,0.00,1.00,98.00,0.00,0.00,0.00,0.00,0.00,4809728.00,7714816.00,0.00,0.00,154624.00,140288.00
1493161572,1206272.00,162816.00,5311488.00,56203673.60,2.00,1.00,96.00,0.00,0.00,0.00,0.00,221184.00,6802432.00,10485760.00,0.00,0.00,220160.00,196608.00
1493161573,1206272.00,162816.00,5311488.00,56203673.60,0.00,0.00,99.00,0.00,0.00,0.00,0.00,0.00,4707328.00,7511040.00,0.00,0.00,153600.00,137216.00
1493161574,1205248.00,162816.00,5311488.00,56203673.60,2.00,1.00,97.00,0.00,0.00,0.00,0.00,0.00,6503424.00,10485760.00,0.00,0.00,208896.00,187392.00
1493161575,1206272.00,162816.00,5311488.00,56203673.60,1.00,1.00,98.00,0.00,0.00,1.00,0.00,0.00,5331968.00,8489984.00,0.00,0.00,171008.00,153600.00
1493161576,1205248.00,162816.00,5311488.00,56203673.60,2.00,1.00,97.00,0.00,0.00,0.00,0.00,0.00,6276096.00,10080256.00,0.00,0.00,200704.00,182272.00
1493161577,1205248.00,162816.00,5311488.00,56203673.60,1.00,1.00,98.00,0.00,0.00,0.00,0.00,131072.00,5436416.00,8719360.00,0.00,0.00,173056.00,157696.00
1493161578,1205248.00,162816.00,5311488.00,56203673.60,1.00,1.00,98.00,0.00,0.00,0.00,0.00,0.00,5585920.00,8991744.00,0.00,0.00,181248.00,162816.00
1493161579,1205248.00,162816.00,5311488.00,56203673.60,1.00,1.00,99.00,0.00,0.00,0.00,0.00,0.00,6388736.00,10167296.00,0.00,0.00,201728.00,184320.00
1493161580,1205248.00,162816.00,5311488.00,56203673.60,2.00,1.00,97.00,0.00,0.00,0.00,0.00,360448.00,4817920.00,7741440.00,0.00,0.00,155648.00,140288.00
1493161581,1205248.00,162816.00,5311488.00,56203673.60,1.00,1.00,98.00,0.00,0.00,0.00,0.00,0.00,6893568.00,10485760.00,0.00,0.00,220160.00,198656.00
1493161582,1205248.00,162816.00,5311488.00,56203673.60,2.00,1.00,95.00,2.00,0.00,0.00,0.00,196608.00,4176896.00,6669312.00,0.00,0.00,135168.00,122880.00
1493161583,1205248.00,162816.00,5311488.00,56203673.60,1.00,1.00,99.00,0.00,0.00,0.00,0.00,0.00,5765120.00,9241600.00,0.00,0.00,188416.00,169984.00
1493161584,1205248.00,162816.00,5311488.00,56203673.60,1.00,1.00,98.00,0.00,0.00,0.00,0.00,0.00,4656128.00,7482368.00,0.00,0.00,151552.00,136192.00
1493161585,1204224.00,162816.00,5311488.00,56203673.60,1.00,1.00,98.00,0.00,0.00,0.00,0.00,0.00,6493184.00,10485760.00,0.00,0.00,207872.00,188416.00
1493161586,1205248.00,162816.00,5311488.00,56203673.60,2.00,1.00,97.00,0.00,0.00,0.00,0.00,0.00,5142528.00,8241152.00,0.00,0.00,167936.00,150528.00
1493161587,1205248.00,162816.00,5311488.00,56203673.60,1.00,1.00,98.00,0.00,0.00,0.00,0.00,131072.00,6506496.00,10485760.00,0.00,0.00,207872.00,188416.00
1493161588,1205248.00,162816.00,5311488.00,56203673.60,2.00,1.00,97.00,0.00,0.00,1.00,0.00,0.00,5445632.00,8650752.00,0.00,0.00,172032.00,156672.00
1493161589,1205248.00,162816.00,5311488.00,56203673.60,1.00,1.00,99.00,0.00,0.00,0.00,0.00,0.00,5900288.00,9419776.00,0.00,0.00,188416.00,169984.00
1493161590,1206272.00,162816.00,5311488.00,56203673.60,2.00,1.00,98.00,0.00,0.00,0.00,0.00,0.00,5865472.00,9400320.00,0.00,0.00,188416.00,171008.00
1493161591,1205248.00,162816.00,5311488.00,56203673.60,0.00,1.00,99.00,0.00,0.00,0.00,0.00,0.00,5154816.00,8252416.00,0.00,0.00,165888.00,149504.00
1493161592,1205248.00,162816.00,5311488.00,56203673.60,2.00,1.00,97.00,0.00,0.00,0.00,0.00,131072.00,6585344.00,10485760.00,0.00,0.00,209920.00,190464.00
1493161593,1205248.00,162816.00,5311488.00,56203673.60,0.00,0.00,99.00,0.00,0.00,0.00,0.00,0.00,4800512.00,7686144.00,0.00,0.00,153600.00,139264.00
1493161594,1205248.00,162816.00,5311488.00,56203673.60,2.00,1.00,97.00,0.00,0.00,0.00,0.00,0.00,6465536.00,10485760.00,0.00,0.00,209920.00,188416.00
1493161595,1205248.00,162816.00,5311488.00,56203673.60,0.00,1.00,99.00,0.00,0.00,0.00,0.00,0.00,5347328.00,8530944.00,0.00,0.00,172032.00,154624.00
1493161596,1206272.00,162816.00,5311488.00,56203673.60,2.00,1.00,97.00,0.00,0.00,0.00,0.00,0.00,6420480.00,10209280.00,0.00,0.00,203776.00,185344.00
1493161597,1205248.00,162816.00,5311488.00,56203673.60,0.00,1.00,99.00,0.00,0.00,0.00,0.00,131072.00,5435392.00,8630272.00,0.00,0.00,173056.00,156672.00
1493161598,1205248.00,162816.00,5311488.00,56203673.60,2.00,1.00,97.00,0.00,0.00,0.00,0.00,0.00,5995520.00,9602048.00,0.00,0.00,193536.00,174080.00
1493161599,1206272.00,162816.00,5311488.00,56203673.60,1.00,1.00,99.00,0.00,0.00,0.00,0.00,0.00,6043648.00,9570304.00,0.00,0.00,189440.00,173056.00
1493161600,1205248.00,162816.00,5311488.00,56203673.60,2.00,0.00,98.00,0.00,0.00,0.00,0.00,0.00,4938752.00,7795712.00,0.00,0.00,157696.00,142336.00
1493161601,1205248.00,162816.00,5311488.00,56203673.60,0.00,1.00,98.00,0.00,0.00,0.00,0.00,0.00,6807552.00,10485760.00,0.00,0.00,217088.00,196608.00
1493161602,1206272.00,162816.00,5311488.00,56203673.60,1.00,0.00,98.00,0.00,0.00,0.00,0.00,131072.00,4910080.00,7832576.00,0.00,0.00,157696.00,143360.00
1493161603,1206272.00,162816.00,5311488.00,56203673.60,0.00,1.00,98.00,0.00,0.00,0.00,0.00,0.00,6463488.00,10485760.00,0.00,0.00,206848.00,186368.00
1493161604,1205248.00,162816.00,5311488.00,56203673.60,2.00,0.00,97.00,0.00,0.00,0.00,0.00,0.00,5090304.00,8138752.00,0.00,0.00,163840.00,147456.00
1493161605,1205248.00,162816.00,5311488.00,56203673.60,0.00,1.00,99.00,0.00,0.00,0.00,0.00,0.00,6468608.00,10485760.00,0.00,0.00,208896.00,188416.00
1493161606,1205248.00,162816.00,5311488.00,56203673.60,2.00,1.00,97.00,0.00,0.00,0.00,0.00,0.00,5451776.00,8696832.00,0.00,0.00,174080.00,157696.00
1493161607,1205248.00,162816.00,5311488.00,56203673.60,0.00,1.00,98.00,0.00,0.00,0.00,0.00,131072.00,6019072.00,9608192.00,0.00,0.00,191488.00,174080.00
1493161608,1205248.00,162816.00,5311488.00,56203673.60,2.00,1.00,97.00,0.00,0.00,0.00,0.00,0.00,5913600.00,9403392.00,0.00,0.00,189440.00,171008.00
1493161609,1205248.00,162816.00,5311488.00,56203673.60,0.00,1.00,99.00,0.00,0.00,0.00,0.00,0.00,4908032.00,7812096.00,0.00,0.00,156672.00,142336.00
1493161610,1205248.00,162816.00,5311488.00,56203673.60,2.00,0.00,98.00,0.00,0.00,0.00,0.00,49152.00,6572032.00,10485760.00,0.00,0.00,211968.00,191488.00
1493161611,1205248.00,162816.00,5311488.00,56203673.60,0.00,0.00,99.00,0.00,0.00,0.00,0.00,0.00,4890624.00,7800832.00,0.00,0.00,155648.00,141312.00
1493161612,1205248.00,162816.00,5311488.00,56203673.60,2.00,1.00,96.00,0.00,0.00,0.00,0.00,131072.00,6569984.00,10485760.00,0.00,0.00,210944.00,189440.00
1493161613,1205248.00,162816.00,5311488.00,56203673.60,0.00,1.00,99.00,0.00,0.00,0.00,0.00,0.00,5522432.00,8800256.00,0.00,0.00,178176.00,159744.00
1493161614,1205248.00,162816.00,5311488.00,56203673.60,2.00,1.00,97.00,0.00,0.00,0.00,0.00,0.00,6189056.00,9827328.00,0.00,0.00,198656.00,178176.00
1493161615,1205248.00,162816.00,5311488.00,56203673.60,1.00,1.00,98.00,0.00,0.00,0.00,0.00,573440.00,5750784.00,9128960.00,0.00,0.00,186368.00,166912.00
1493161616,1205248.00,162816.00,5311488.00,56203673.60,0.00,1.00,99.00,0.00,0.00,0.00,0.00,0.00,4685824.00,7451648.00,0.00,0.00,152576.00,137216.00
1493161617,1205248.00,162816.00,5311488.00,56203673.60,2.00,1.00,97.00,0.00,0.00,0.00,0.00,303104.00,4890624.00,7775232.00,0.00,0.00,155648.00,141312.00
1493161618,1205248.00,162816.00,5311488.00,56203673.60,1.00,1.00,98.00,0.00,0.00,0.00,0.00,0.00,6124544.00,9722880.00,0.00,0.00,192512.00,175104.00
1493161619,1205248.00,162816.00,5311488.00,56203673.60,2.00,0.00,98.00,0.00,0.00,0.00,0.00,0.00,5983232.00,9505792.00,0.00,0.00,191488.00,172032.00
1493161620,1206272.00,162816.00,5311488.00,56203673.60,0.00,0.00,99.00,0.00,0.00,0.00,0.00,0.00,4918272.00,7816192.00,0.00,0.00,161792.00,146432.00
1493161621,1205248.00,162816.00,5311488.00,56203673.60,2.00,1.00,97.00,0.00,0.00,0.00,0.00,0.00,4890624.00,7822336.00,0.00,0.00,164864.00,147456.00
1493161622,1205248.00,162816.00,5311488.00,56203673.60,0.00,1.00,99.00,0.00,0.00,0.00,0.00,131072.00,5834752.00,9243648.00,0.00,0.00,185344.00,168960.00
1493161623,1205248.00,162816.00,5311488.00,56203673.60,1.00,1.00,98.00,0.00,0.00,0.00,0.00,0.00,5882880.00,9399296.00,0.00,0.00,191488.00,172032.00
1493161624,1205248.00,162816.00,5311488.00,56203673.60,0.00,0.00,99.00,0.00,0.00,0.00,0.00,0.00,4615168.00,7399424.00,0.00,0.00,155648.00,139264.00
1493161625,1205248.00,162816.00,5311488.00,56203673.60,2.00,1.00,98.00,0.00,0.00,0.00,0.00,0.00,5079040.00,8065024.00,0.00,0.00,166912.00,149504.00
1493161626,1206272.00,162816.00,5311488.00,56203673.60,0.00,0.00,99.00,0.00,0.00,0.00,0.00,0.00,4725760.00,7566336.00,0.00,0.00,155648.00,140288.00
1493161627,1206272.00,162816.00,5311488.00,56203673.60,2.00,1.00,98.00,0.00,0.00,0.00,0.00,131072.00,5790720.00,9209856.00,0.00,0.00,185344.00,166912.00
1493161628,1205248.00,162816.00,5311488.00,56203673.60,1.00,1.00,98.00,0.00,0.00,0.00,0.00,0.00,5229568.00,8355840.00,0.00,0.00,174080.00,155648.00
1493161629,1205248.00,162816.00,5311488.00,56203673.60,2.00,1.00,97.00,0.00,0.00,0.00,0.00,0.00,6049792.00,9610240.00,0.00,0.00,193536.00,174080.00
1493161630,1205248.00,162816.00,5311488.00,56203673.60,0.00,0.00,99.00,0.00,0.00,0.00,0.00,0.00,5386240.00,8569856.00,0.00,0.00,174080.00,156672.00
1493161631,1205248.00,162816.00,5311488.00,56203673.60,1.00,0.00,98.00,0.00,0.00,0.00,0.00,0.00,6232064.00,9921536.00,0.00,0.00,196608.00,179200.00
1493161632,1205248.00,162816.00,5311488.00,56203673.60,0.00,1.00,99.00,0.00,0.00,0.00,0.00,131072.00,4669440.00,7455744.00,0.00,0.00,156672.00,140288.00
1493161633,1205248.00,162816.00,5311488.00,56203673.60,0.00,0.00,99.00,0.00,0.00,0.00,0.00,0.00,6413312.00,10166272.00,0.00,0.00,205824.00,185344.00
1493161634,1205248.00,162816.00,5311488.00,56203673.60,2.00,1.00,97.00,0.00,0.00,0.00,0.00,0.00,5370880.00,8535040.00,0.00,0.00,172032.00,155648.00
1493161635,1206272.00,162816.00,5311488.00,56203673.60,1.00,1.00,99.00,0.00,0.00,0.00,0.00,0.00,6163456.00,9786368.00,0.00,0.00,197632.00,178176.00
1493161636,1205248.00,162816.00,5311488.00,56203673.60,2.00,0.00,98.00,0.00,0.00,0.00,0.00,0.00,4875264.00,7732224.00,0.00,0.00,161792.00,145408.00
1493161637,1205248.00,162816.00,5311488.00,56203673.60,0.00,0.00,100.00,0.00,0.00,0.00,0.00,131072.00,6126592.00,9705472.00,0.00,0.00,192512.00,174080.00
1493161638,1206272.00,162816.00,5311488.00,56203673.60,2.00,1.00,97.00,0.00,0.00,0.00,0.00,0.00,5862400.00,9284608.00,0.00,0.00,189440.00,169984.00
1493161639,1205248.00,162816.00,5311488.00,56203673.60,1.00,1.00,98.00,0.00,0.00,0.00,0.00,0.00,5435392.00,8604672.00,0.00,0.00,174080.00,157696.00
1493161640,1205248.00,162816.00,5311488.00,56203673.60,2.00,0.00,98.00,0.00,0.00,0.00,0.00,40960.00,5473280.00,8721408.00,0.00,0.00,183296.00,163840.00
1493161641,1204224.00,162816.00,5311488.00,56203673.60,1.00,0.00,99.00,0.00,0.00,0.00,0.00,0.00,5098496.00,8087552.00,0.00,0.00,161792.00,146432.00
1493161642,1205248.00,162816.00,5311488.00,56203673.60,2.00,1.00,97.00,0.00,0.00,0.00,0.00,131072.00,6377472.00,10167296.00,0.00,0.00,201728.00,184320.00
1493161643,1205248.00,162816.00,5311488.00,56203673.60,1.00,0.00,99.00,0.00,0.00,0.00,0.00,0.00,4920320.00,7729152.00,0.00,0.00,157696.00,142336.00
1493161644,1205248.00,162816.00,5311488.00,56203673.60,2.00,1.00,97.00,0.00,0.00,0.00,0.00,0.00,5526528.00,8851456.00,0.00,0.00,183296.00,165888.00
1493161645,1205248.00,162816.00,5311488.00,56203673.60,1.00,0.00,99.00,0.00,0.00,0.00,0.00,49152.00,4620288.00,7414784.00,0.00,0.00,155648.00,139264.00
1493161646,1205248.00,162816.00,5311488.00,56203673.60,2.00,0.00,98.00,0.00,0.00,0.00,0.00,0.00,4364288.00,6884352.00,0.00,0.00,142336.00,130048.00
1493161647,1205248.00,162816.00,5311488.00,56203673.60,1.00,1.00,98.00,1.00,0.00,0.00,0.00,188416.00,5417984.00,8593408.00,0.00,0.00,173056.00,156672.00
1493161648,1205248.00,162816.00,5311488.00,56203673.60,1.00,1.00,98.00,0.00,0.00,0.00,0.00,0.00,5925888.00,9407488.00,0.00,0.00,188416.00,169984.00
1493161649,1204224.00,162816.00,5311488.00,56203673.60,1.00,0.00,99.00,0.00,0.00,0.00,0.00,0.00,4818944.00,7620608.00,0.00,0.00,151552.00,138240.00
1493161650,1205248.00,162816.00,5311488.00,56203673.60,1.00,1.00,99.00,0.00,0.00,0.00,0.00,589824.00,6129664.00,9733120.00,0.00,0.00,199680.00,179200.00
1493161651,1206272.00,162816.00,5311488.00,56203673.60,2.00,1.00,97.00,0.00,0.00,0.00,0.00,0.00,5306368.00,8459264.00,0.00,0.00,168960.00,153600.00
1493161652,1205248.00,162816.00,5311488.00,56203673.60,0.00,1.00,99.00,0.00,0.00,0.00,0.00,294912.00,6507520.00,10485760.00,0.00,0.00,208896.00,188416.00
1493161653,1205248.00,162816.00,5311488.00,56203673.60,2.00,1.00,97.00,0.00,0.00,0.00,0.00,0.00,5490688.00,8707072.00,0.00,0.00,175104.00,157696.00
1493161654,1205248.00,162816.00,5311488.00,56203673.60,1.00,1.00,99.00,0.00,0.00,0.00,0.00,0.00,5970944.00,9457664.00,0.00,0.00,191488.00,172032.00
1493161655,1205248.00,162816.00,5311488.00,56203673.60,2.00,1.00,98.00,0.00,0.00,0.00,0.00,0.00,5780480.00,9187328.00,0.00,0.00,186368.00,167936.00
1493161656,1205248.00,162816.00,5311488.00,56203673.60,1.00,1.00,98.00,0.00,0.00,0.00,0.00,0.00,6079488.00,9654272.00,0.00,0.00,192512.00,174080.00
1493161657,1204224.00,162816.00,5311488.00,56203673.60,2.00,1.00,96.00,0.00,0.00,1.00,0.00,131072.00,5976064.00,9483264.00,0.00,0.00,190464.00,172032.00
1493161658,1205248.00,162816.00,5311488.00,56203673.60,0.00,1.00,99.00,0.00,0.00,0.00,0.00,0.00,4974592.00,7886848.00,0.00,0.00,158720.00,143360.00
1493161659,1205248.00,162816.00,5311488.00,56203673.60,2.00,1.00,96.00,0.00,0.00,1.00,0.00,0.00,6390784.00,10142720.00,0.00,0.00,205824.00,185344.00
1493161660,1205248.00,162816.00,5311488.00,56203673.60,0.00,1.00,99.00,0.00,0.00,0.00,0.00,0.00,5045248.00,8048640.00,0.00,0.00,166912.00,148480.00
1493161661,1206272.00,162816.00,5311488.00,56203673.60,2.00,1.00,98.00,0.00,0.00,0.00,0.00,0.00,6216704.00,9861120.00,0.00,0.00,196608.00,178176.00
1493161662,1205248.00,162816.00,5312512.00,56203673.60,1.00,1.00,99.00,0.00,0.00,0.00,0.00,131072.00,5472256.00,8629248.00,0.00,0.00,172032.00,155648.00
1493161663,1205248.00,162816.00,5312512.00,56203673.60,2.00,1.00,97.00,0.00,0.00,0.00,0.00,0.00,6065152.00,9616384.00,0.00,0.00,193536.00,175104.00
1493161664,1205248.00,162816.00,5312512.00,56203673.60,0.00,1.00,99.00,0.00,0.00,0.00,0.00,0.00,5812224.00,9160704.00,0.00,0.00,183296.00,166912.00
1493161665,1205248.00,162816.00,5312512.00,56203673.60,3.00,1.00,96.00,0.00,0.00,0.00,0.00,0.00,5827584.00,9208832.00,0.00,0.00,187392.00,168960.00
1493161666,1205248.00,162816.00,5312512.00,56203673.60,0.00,1.00,99.00,0.00,0.00,0.00,0.00,0.00,5507072.00,8763392.00,0.00,0.00,180224.00,162816.00
1493161667,1205248.00,162816.00,5312512.00,56203673.60,2.00,1.00,98.00,0.00,0.00,0.00,0.00,131072.00,5398528.00,8601600.00,0.00,0.00,178176.00,159744.00
1493161668,1205248.00,162816.00,5312512.00,56203673.60,1.00,1.00,99.00,0.00,0.00,0.00,0.00,0.00,5643264.00,8992768.00,0.00,0.00,183296.00,165888.00
1493161669,1205248.00,162816.00,5312512.00,56203673.60,1.00,0.00,99.00,0.00,0.00,0.00,0.00,0.00,5198848.00,8262656.00,0.00,0.00,168960.00,151552.00
1493161670,1205248.00,162816.00,5312512.00,56203673.60,1.00,1.00,99.00,0.00,0.00,0.00,0.00,40960.00,5913600.00,9399296.00,0.00,0.00,189440.00,171008.00
1493161671,1205248.00,162816.00,5312512.00,56203673.60,2.00,1.00,97.00,0.00,0.00,0.00,0.00,0.00,5366784.00,8577024.00,0.00,0.00,172032.00,154624.00
1493161672,1205248.00,162816.00,5312512.00,56203673.60,1.00,1.00,98.00,0.00,0.00,0.00,0.00,131072.00,6529024.00,10485760.00,0.00,0.00,207872.00,188416.00
1493161673,1205248.00,162816.00,5312512.00,56203673.60,2.00,1.00,97.00,0.00,0.00,0.00,0.00,0.00,5349376.00,8483840.00,0.00,0.00,171008.00,153600.00
1493161674,1205248.00,162816.00,5312512.00,56203673.60,1.00,1.00,98.00,0.00,0.00,1.00,0.00,0.00,6083584.00,9679872.00,0.00,0.00,193536.00,175104.00
1493161675,1206272.00,162816.00,5312512.00,56203673.60,2.00,1.00,97.00,0.00,0.00,0.00,0.00,548864.00,5909504.00,9404416.00,0.00,0.00,186368.00,168960.00
1493161676,1205248.00,162816.00,5312512.00,56203673.60,1.00,1.00,98.00,0.00,0.00,0.00,0.00,0.00,6068224.00,9620480.00,0.00,0.00,191488.00,174080.00
1493161677,1205248.00,162816.00,5312512.00,56203673.60,1.00,1.00,97.00,0.00,0.00,1.00,0.00,278528.00,6011904.00,9517056.00,0.00,0.00,189440.00,172032.00
1493161678,1205248.00,162816.00,5312512.00,56203673.60,1.00,1.00,99.00,0.00,0.00,0.00,0.00,0.00,4933632.00,7847936.00,0.00,0.00,159744.00,142336.00
1493161679,1206272.00,162816.00,5312512.00,56203673.60,2.00,1.00,97.00,0.00,0.00,0.00,0.00,0.00,6554624.00,10485760.00,0.00,0.00,208896.00,188416.00
1493161680,1205248.00,162816.00,5312512.00,56203673.60,1.00,0.00,99.00,0.00,0.00,0.00,0.00,0.00,4819968.00,7633920.00,0.00,0.00,155648.00,140288.00
1493161681,1205248.00,162816.00,5312512.00,56203673.60,1.00,1.00,98.00,0.00,0.00,0.00,0.00,0.00,5740544.00,9140224.00,0.00,0.00,188416.00,169984.00
1493161682,1205248.00,162816.00,5312512.00,56203673.60,0.00,1.00,98.00,0.00,0.00,0.00,0.00,131072.00,5303296.00,8401920.00,0.00,0.00,168960.00,153600.00
1493161683,1205248.00,162816.00,5312512.00,56203673.60,2.00,1.00,97.00,0.00,0.00,0.00,0.00,0.00,6350848.00,10070016.00,0.00,0.00,203776.00,183296.00
1493161684,1205248.00,162816.00,5312512.00,56203673.60,1.00,1.00,98.00,0.00,0.00,0.00,0.00,0.00,5444608.00,8658944.00,0.00,0.00,175104.00,156672.00
1493161685,1205248.00,162816.00,5312512.00,56203673.60,2.00,1.00,98.00,0.00,0.00,0.00,0.00,0.00,5911552.00,9333760.00,0.00,0.00,187392.00,169984.00
1493161686,1205248.00,162816.00,5312512.00,56203673.60,0.00,1.00,99.00,0.00,0.00,0.00,0.00,0.00,5901312.00,9398272.00,0.00,0.00,187392.00,169984.00
1493161687,1205248.00,162816.00,5312512.00,56203673.60,1.00,0.00,98.00,0.00,0.00,0.00,0.00,131072.00,5576704.00,8846336.00,0.00,0.00,176128.00,159744.00
1493161688,1205248.00,162816.00,5312512.00,56203673.60,1.00,1.00,99.00,0.00,0.00,0.00,0.00,0.00,5986304.00,9490432.00,0.00,0.00,191488.00,173056.00
1493161689,1205248.00,162816.00,5312512.00,56203673.60,2.00,1.00,97.00,0.00,0.00,0.00,0.00,0.00,5268480.00,8364032.00,0.00,0.00,166912.00,150528.00
1493161690,1206272.00,162816.00,5312512.00,56203673.60,1.00,1.00,98.00,0.00,0.00,0.00,0.00,0.00,6488064.00,10485760.00,0.00,0.00,207872.00,187392.00
1493161691,1206272.00,162816.00,5312512.00,56203673.60,1.00,0.00,98.00,0.00,0.00,0.00,0.00,0.00,5045248.00,7995392.00,0.00,0.00,161792.00,146432.00
1493161692,1206272.00,162816.00,5312512.00,56203673.60,2.00,1.00,98.00,0.00,0.00,0.00,0.00,131072.00,6332416.00,10004480.00,0.00,0.00,201728.00,182272.00
1493161693,1205248.00,162816.00,5312512.00,56203673.60,2.00,1.00,98.00,0.00,0.00,0.00,0.00,0.00,5211136.00,8309760.00,0.00,0.00,167936.00,151552.00
1493161694,1205248.00,162816.00,5312512.00,56203673.60,0.00,1.00,99.00,0.00,0.00,0.00,0.00,0.00,5914624.00,9394176.00,0.00,0.00,193536.00,172032.00
1493161695,1206272.00,162816.00,5312512.00,56203673.60,1.00,1.00,98.00,0.00,0.00,0.00,0.00,0.00,5652480.00,8955904.00,0.00,0.00,184320.00,164864.00
1493161696,1205248.00,162816.00,5312512.00,56203673.60,0.00,0.00,99.00,0.00,0.00,0.00,0.00,0.00,5658624.00,8963072.00,0.00,0.00,184320.00,165888.00
1493161697,1206272.00,162816.00,5312512.00,56203673.60,1.00,0.00,98.00,0.00,0.00,0.00,0.00,131072.00,5667840.00,9024512.00,0.00,0.00,183296.00,164864.00
1493161698,1205248.00,162816.00,5312512.00,56203673.60,1.00,0.00,99.00,0.00,0.00,0.00,0.00,0.00,5357568.00,8536064.00,0.00,0.00,177152.00,157696.00
1493161699,1205248.00,162816.00,5312512.00,56203673.60,2.00,1.00,98.00,0.00,0.00,0.00,0.00,0.00,5879808.00,9295872.00,0.00,0.00,187392.00,168960.00
1493161700,1205248.00,162816.00,5312512.00,56203673.60,0.00,1.00,99.00,0.00,0.00,0.00,0.00,40960.00,5099520.00,8072192.00,0.00,0.00,161792.00,147456.00
1493161701,1205248.00,162816.00,5312512.00,56203673.60,2.00,1.00,97.00,0.00,0.00,0.00,0.00,0.00,5862400.00,9318400.00,0.00,0.00,189440.00,169984.00
1493161702,1205248.00,162816.00,5312512.00,56203673.60,1.00,0.00,99.00,0.00,0.00,0.00,0.00,131072.00,5441536.00,8675328.00,0.00,0.00,176128.00,158720.00
1493161703,1205248.00,162816.00,5312512.00,56203673.60,1.00,1.00,97.00,0.00,0.00,0.00,0.00,0.00,6455296.00,10205184.00,0.00,0.00,202752.00,184320.00
1493161704,1205248.00,162816.00,5312512.00,56203673.60,0.00,1.00,98.00,0.00,0.00,0.00,0.00,0.00,5190656.00,8275968.00,0.00,0.00,167936.00,151552.00
1493161705,1205248.00,162816.00,5312512.00,56203673.60,2.00,0.00,98.00,0.00,0.00,0.00,0.00,606208.00,6166528.00,9768960.00,0.00,0.00,198656.00,179200.00
1493161706,1205248.00,162816.00,5312512.00,56203673.60,1.00,0.00,99.00,0.00,0.00,0.00,0.00,0.00,5565440.00,8822784.00,0.00,0.00,179200.00,161792.00
1493161707,1206272.00,162816.00,5312512.00,56203673.60,1.00,0.00,99.00,0.00,0.00,0.00,0.00,253952.00,4874240.00,7715840.00,0.00,0.00,159744.00,144384.00
1493161708,1205248.00,162816.00,5312512.00,56203673.60,2.00,0.00,97.00,0.00,0.00,0.00,0.00,0.00,4560896.00,7239680.00,0.00,0.00,147456.00,133120.00
1493161709,1205248.00,162816.00,5312512.00,56203673.60,0.00,1.00,99.00,0.00,0.00,0.00,0.00,0.00,5884928.00,9336832.00,0.00,0.00,191488.00,171008.00
1493161710,1206272.00,162816.00,5312512.00,56203673.60,2.00,1.00,98.00,0.00,0.00,0.00,0.00,0.00,5783552.00,9131008.00,0.00,0.00,186368.00,167936.00
1493161711,1205248.00,162816.00,5312512.00,56203673.60,0.00,1.00,99.00,0.00,0.00,0.00,0.00,0.00,5843968.00,9309184.00,0.00,0.00,188416.00,169984.00
1493161712,1205248.00,162816.00,5312512.00,56203673.60,2.00,1.00,97.00,0.00,0.00,1.00,0.00,131072.00,5766144.00,9124864.00,0.00,0.00,185344.00,166912.00
1493161713,1205248.00,162816.00,5312512.00,56203673.60,1.00,1.00,98.00,0.00,0.00,0.00,0.00,0.00,5221376.00,8316928.00,0.00,0.00,165888.00,150528.00
1493161714,1205248.00,162816.00,5312512.00,56203673.60,2.00,1.00,98.00,0.00,0.00,0.00,0.00,0.00,5916672.00,9377792.00,0.00,0.00,189440.00,169984.00
1493161715,1205248.00,162816.00,5312512.00,56203673.60,0.00,1.00,99.00,0.00,0.00,0.00,0.00,0.00,5470208.00,8754176.00,0.00,0.00,174080.00,157696.00
1493161716,1205248.00,162816.00,5312512.00,56203673.60,2.00,1.00,97.00,0.00,0.00,0.00,0.00,0.00,6511616.00,10485760.00,0.00,0.00,206848.00,187392.00
1493161717,1206272.00,162816.00,5312512.00,56203673.60,1.00,1.00,98.00,0.00,0.00,0.00,0.00,131072.00,5439488.00,8646656.00,0.00,0.00,172032.00,155648.00
1493161718,1205248.00,162816.00,5312512.00,56203673.60,2.00,1.00,96.00,0.00,0.00,1.00,0.00,0.00,6095872.00,9738240.00,0.00,0.00,197632.00,178176.00
1493161719,1206272.00,162816.00,5312512.00,56203673.60,0.00,1.00,99.00,0.00,0.00,0.00,0.00,0.00,4956160.00,7900160.00,0.00,0.00,165888.00,148480.00
1493161720,1205248.00,162816.00,5312512.00,56203673.60,4.00,1.00,95.00,0.00,0.00,0.00,0.00,0.00,5823488.00,9204736.00,0.00,0.00,184320.00,166912.00
1493161721,1205248.00,162816.00,5312512.00,56203673.60,0.00,0.00,99.00,0.00,0.00,0.00,0.00,0.00,5537792.00,8757248.00,0.00,0.00,178176.00,160768.00
1493161722,1205248.00,162816.00,5312512.00,56203673.60,2.00,1.00,97.00,0.00,0.00,0.00,0.00,131072.00,5494784.00,8690688.00,0.00,0.00,176128.00,158720.00
1493161723,1205248.00,162816.00,5312512.00,56203673.60,1.00,1.00,99.00,0.00,0.00,0.00,0.00,0.00,5248000.00,8344576.00,0.00,0.00,171008.00,153600.00
1493161724,1206272.00,162816.00,5312512.00,56203673.60,1.00,0.00,98.00,0.00,0.00,0.00,0.00,0.00,5019648.00,7929856.00,0.00,0.00,161792.00,146432.00
1493161725,1205248.00,162816.00,5312512.00,56203673.60,1.00,0.00,99.00,0.00,0.00,0.00,0.00,0.00,5662720.00,9001984.00,0.00,0.00,182272.00,164864.00
1493161726,1206272.00,162816.00,5312512.00,56203673.60,3.00,1.00,97.00,0.00,0.00,0.00,0.00,0.00,5675008.00,8988672.00,0.00,0.00,182272.00,162816.00
1493161727,1205248.00,162816.00,5312512.00,56203673.60,1.00,1.00,98.00,0.00,0.00,0.00,0.00,131072.00,5766144.00,9164800.00,0.00,0.00,183296.00,165888.00
1493161728,1206272.00,162816.00,5312512.00,56203673.60,1.00,0.00,98.00,0.00,0.00,0.00,0.00,0.00,5602304.00,8949760.00,0.00,0.00,177152.00,161792.00
1493161729,1205248.00,162816.00,5312512.00,56203673.60,1.00,1.00,98.00,0.00,0.00,0.00,0.00,0.00,6267904.00,9913344.00,0.00,0.00,197632.00,179200.00
1493161730,1206272.00,162816.00,5312512.00,56203673.60,2.00,1.00,97.00,0.00,0.00,0.00,0.00,0.00,5195776.00,8193024.00,0.00,0.00,162816.00,147456.00
1493161731,1206272.00,162816.00,5312512.00,56203673.60,0.00,0.00,99.00,0.00,0.00,0.00,0.00,0.00,6540288.00,10485760.00,0.00,0.00,207872.00,187392.00
1493161732,1206272.00,162816.00,5312512.00,56203673.60,2.00,1.00,98.00,0.00,0.00,0.00,0.00,131072.00,5414912.00,8589312.00,0.00,0.00,169984.00,155648.00
1493161733,1205248.00,162816.00,5312512.00,56203673.60,1.00,1.00,98.00,0.00,0.00,0.00,0.00,0.00,6117376.00,9683968.00,0.00,0.00,192512.00,175104.00
1493161734,1206272.00,162816.00,5312512.00,56203673.60,2.00,1.00,97.00,0.00,0.00,0.00,0.00,0.00,5984256.00,9424896.00,0.00,0.00,187392.00,169984.00
1493161735,1205248.00,162816.00,5312512.00,56203673.60,1.00,0.00,99.00,0.00,0.00,0.00,0.00,40960.00,5495808.00,8700928.00,0.00,0.00,173056.00,156672.00
1493161736,1205248.00,162816.00,5312512.00,56203673.60,2.00,1.00,96.00,0.00,0.00,0.00,0.00,0.00,5960704.00,9443328.00,0.00,0.00,186368.00,168960.00
1493161737,1205248.00,162816.00,5312512.00,56203673.60,1.00,1.00,98.00,0.00,0.00,0.00,0.00,131072.00,5587968.00,8849408.00,0.00,0.00,176128.00,158720.00
1493161738,1206272.00,162816.00,5312512.00,56203673.60,2.00,0.00,98.00,0.00,0.00,0.00,0.00,0.00,6532096.00,10485760.00,0.00,0.00,206848.00,187392.00
1493161739,1205248.00,162816.00,5312512.00,56203673.60,1.00,1.00,99.00,0.00,0.00,0.00,0.00,0.00,5425152.00,8626176.00,0.00,0.00,174080.00,156672.00
1493161740,1205248.00,162816.00,5312512.00,56203673.60,2.00,1.00,97.00,0.00,0.00,0.00,0.00,589824.00,5784576.00,9112576.00,0.00,0.00,184320.00,166912.00
1493161741,1206272.00,162816.00,5312512.00,56203673.60,0.00,0.00,99.00,0.00,0.00,0.00,0.00,0.00,4734976.00,7493632.00,0.00,0.00,150528.00,137216.00
1493161742,1205248.00,162816.00,5312512.00,56203673.60,1.00,1.00,98.00,0.00,0.00,0.00,0.00,319488.00,5878784.00,9295872.00,0.00,0.00,188416.00,169984.00
1493161743,1205248.00,162816.00,5312512.00,56203673.60,1.00,1.00,98.00,0.00,0.00,0.00,0.00,0.00,5662720.00,8956928.00,0.00,0.00,180224.00,163840.00
1493161744,1205248.00,162816.00,5312512.00,56203673.60,0.00,1.00,99.00,0.00,0.00,0.00,0.00,0.00,6011904.00,9513984.00,0.00,0.00,192512.00,173056.00
1493161745,1205248.00,162816.00,5312512.00,56203673.60,2.00,1.00,97.00,0.00,0.00,0.00,0.00,0.00,5781504.00,9147392.00,0.00,0.00,185344.00,165888.00
1493161746,1205248.00,162816.00,5312512.00,56203673.60,0.00,1.00,99.00,0.00,0.00,0.00,0.00,0.00,5459968.00,8727552.00,0.00,0.00,173056.00,156672.00
1493161747,1205248.00,162816.00,5312512.00,56203673.60,2.00,1.00,97.00,0.00,0.00,0.00,0.00,131072.00,5960704.00,9461760.00,0.00,0.00,190464.00,172032.00
1493161748,1205248.00,162816.00,5312512.00,56203673.60,1.00,1.00,98.00,0.00,0.00,0.00,0.00,0.00,5460992.00,8638464.00,0.00,0.00,174080.00,156672.00
1493161749,1206272.00,162816.00,5312512.00,56203673.60,2.00,1.00,97.00,0.00,0.00,0.00,0.00,0.00,6260736.00,9963520.00,0.00,0.00,201728.00,181248.00
1493161750,1206272.00,162816.00,5312512.00,56203673.60,0.00,1.00,99.00,0.00,0.00,0.00,0.00,0.00,4851712.00,7642112.00,0.00,0.00,155648.00,140288.00
1493161751,1206272.00,162816.00,5312512.00,56203673.60,2.00,1.00,97.00,0.00,0.00,0.00,0.00,0.00,6351872.00,10035200.00,0.00,0.00,198656.00,181248.00
1493161752,1206272.00,162816.00,5312512.00,56203673.60,1.00,1.00,98.00,0.00,0.00,0.00,0.00,131072.00,5497856.00,8673280.00,0.00,0.00,171008.00,155648.00
1493161753,1206272.00,162816.00,5312512.00,56203673.60,2.00,1.00,97.00,0.00,0.00,0.00,0.00,0.00,5919744.00,9305088.00,0.00,0.00,183296.00,167936.00
1493161754,1200128.00,162816.00,5312512.00,56203673.60,1.00,1.00,99.00,0.00,0.00,0.00,0.00,0.00,5599232.00,8828928.00,0.00,0.00,180224.00,161792.00
