--Probe dump file for probe: org.yardstickframework.probes.ThroughputLatencyProbe@4007f65e (class org.yardstickframework.probes.ThroughputLatencyProbe)
--Created Tue Apr 25 23:03:13 UTC 2017
--Benchmark config: BenchmarkConfiguration [memberId='0', driverNames='[HazelcastSqlQuerySetBenchmark]', serverName='HazelcastNode', threads=64, duration=300, warmup=60, dfltProbeClsNames=[ThroughputLatencyProbe, PercentileProbe, DStatProbe], propsFileName='yardstick/config/run.properties', packages=[org.yardstickframework], cmdArgs=[--outputFolder, /home/ubuntu/date-2504-221749-s-4-c-1-ver-3.8.1-f1e9264/yardstick/bin/../output/results-20170425-221800, -id, 0, -hzcfg, /home/ubuntu/date-2504-221749-s-4-c-1-ver-3.8.1-f1e9264/yardstick/bin/../config/hz-config.xml, --hzClientConfig, /home/ubuntu/date-2504-221749-s-4-c-1-ver-3.8.1-f1e9264/yardstick/bin/../config/hz-client-config.xml, --clientMode, -nn, 4, -b, 1, -w, 60, -d, 300, -t, 64, --syncBackups, --readBackups, -dn, HazelcastSqlQuerySetBenchmark, -sn, HazelcastNode, -ds, 3.8.1-f1e9264-sql-query-set-1-backup, --config, yardstick/config/run.properties, --logsFolder, /home/ubuntu/date-2504-221749-s-4-c-1-ver-3.8.1-f1e9264/yardstick/bin/../output/logs-20170425-221800/logs_drivers, --currentFolder, /home/ubuntu/date-2504-221749-s-4-c-1-ver-3.8.1-f1e9264, --scriptsFolder, /home/ubuntu/date-2504-221749-s-4-c-1-ver-3.8.1-f1e9264/yardstick/bin], probeWriter='null', customProps={ver=3.8.1-f1e9264-, b=1, d=300, SERVER_HOSTS=172.31.45.250,172.31.38.80,172.31.41.141,172.31.42.161, now0=`date +'%H%M%S'`, nodesNum=$((`echo ${SERVER_HOSTS} | tr ',' '' | wc -l`)), JVM_OPTS=${JVM_OPTS}" -Xms6g -Xmx6g -Xloggc:./gc${now0}.log -XX:+PrintGCDetails -verbose:gc -XX:+UseParNewGC -XX:+UseConcMarkSweepGC ", CONFIGS="-hzcfg ${SCRIPT_DIR}/../config/hz-config.xml --hzClientConfig ${SCRIPT_DIR}/../config/hz-client-config.xml --clientMode -nn ${nodesNum} -b ${b} -w ${w} -d ${d} -t ${t}  ${sm} --readBackups -dn HazelcastSetBenchmark -sn HazelcastNode -ds ${ver}atomic-set-1-backup,-hzcfg ${SCRIPT_DIR}/../config/hz-config.xml --hzClientConfig ${SCRIPT_DIR}/../config/hz-client-config.xml --clientMode -nn ${nodesNum} -b ${b} -w ${w} -d ${d} -t ${t}  ${sm} --readBackups -dn HazelcastSetGetBenchmark -sn HazelcastNode -ds ${ver}atomic-set-get-1-backup,-hzcfg ${SCRIPT_DIR}/../config/hz-config.xml --hzClientConfig ${SCRIPT_DIR}/../config/hz-client-config.xml --clientMode -nn ${nodesNum} -b ${b} -w ${w} -d ${d} -t ${t}  ${sm} --readBackups -bs 6 -dn HazelcastPutGetBatchBenchmark -sn HazelcastNode -ds ${ver}atomic-set-get-bs-6-1-backup,-hzcfg ${SCRIPT_DIR}/../config/hz-config.xml --hzClientConfig ${SCRIPT_DIR}/../config/hz-client-config.xml --clientMode -nn ${nodesNum} -b ${b} -w ${w} -d ${d} -t ${t}  ${sm} --readBackups -dn HazelcastSetTxBenchmark -sn HazelcastNode -ds ${ver}tx-set-pessimistic-1-backup,-hzcfg ${SCRIPT_DIR}/../config/hz-config.xml --hzClientConfig ${SCRIPT_DIR}/../config/hz-client-config.xml --clientMode -nn ${nodesNum} -b ${b} -w ${w} -d ${d} -t ${t}  ${sm} --readBackups -dn HazelcastSetGetTxOptimisticBenchmark -sn HazelcastNode -ds ${ver}tx-set-get-opt-1-backup,-hzcfg ${SCRIPT_DIR}/../config/hz-config.xml --hzClientConfig ${SCRIPT_DIR}/../config/hz-client-config.xml --clientMode -nn ${nodesNum} -b ${b} -w ${w} -d ${d} -t ${t}  ${sm} --readBackups -dn HazelcastSetGetTxPessimisticBenchmark -sn HazelcastNode -ds ${ver}tx-set-get-pes-1-backup,-hzcfg ${SCRIPT_DIR}/../config/hz-config.xml --hzClientConfig ${SCRIPT_DIR}/../config/hz-client-config.xml --clientMode -nn ${nodesNum} -b ${b} -w ${w} -d ${d} -t ${t}  ${sm} --readBackups -dn HazelcastSqlQueryBenchmark -sn HazelcastNode -ds ${ver}sql-query-1-backup,-hzcfg ${SCRIPT_DIR}/../config/hz-config.xml --hzClientConfig ${SCRIPT_DIR}/../config/hz-client-config.xml --clientMode -nn ${nodesNum} -b ${b} -w ${w} -d ${d} -t ${t}  ${sm} --readBackups -dn HazelcastSqlQuerySetBenchmark -sn HazelcastNode -ds ${ver}sql-query-set-1-backup,-hzcfg ${SCRIPT_DIR}/../config/hz-config.xml --hzClientConfig ${SCRIPT_DIR}/../config/hz-client-config.xml --clientMode -nn ${nodesNum} -b ${b} -w ${w} -d ${d} -t ${t}  ${sm} --readBackups -bs 6 -dn HazelcastPutAllBenchmark -sn HazelcastNode -ds ${ver}atomic-setAll-bs-6-1-backup,-hzcfg ${SCRIPT_DIR}/../config/hz-config.xml --hzClientConfig ${SCRIPT_DIR}/../config/hz-client-config.xml --clientMode -nn ${nodesNum} -b ${b} -w ${w} -d ${d} -t ${t}  ${sm} --readBackups -bs 6 -dn HazelcastSetAllTxBenchmark -sn HazelcastNode -ds ${ver}tx-setAll-bs-6-1-backup,-hzcfg ${SCRIPT_DIR}/../config/hz-config.xml --hzClientConfig ${SCRIPT_DIR}/../config/hz-client-config.xml --clientMode -nn ${nodesNum} -b ${b} -w ${w} -d ${d} -t ${t}  ${sm} --readBackups -bs 6 -dn HazelcastGetAllSetAllTxOptimisticBenchmark -sn HazelcastNode -ds ${ver}tx-optimistic-getAllSetAll-bs-6-1-backup,-hzcfg ${SCRIPT_DIR}/../config/hz-config.xml --hzClientConfig ${SCRIPT_DIR}/../config/hz-client-config.xml --clientMode -nn ${nodesNum} -b ${b} -w ${w} -d ${d} -t ${t}  ${sm} --readBackups -bs 6 -dn HazelcastGetAllSetAllTxPessimisticBenchmark -sn HazelcastNode -ds ${ver}tx-pessimistic-getAllSetAll-bs-6-1-backup,", DRIVER_HOSTS=172.31.46.6, t=64, BENCHMARK_PACKAGES=org.yardstickframework, w=60, BENCHMARK_LABEL=hazelcast, sm="--syncBackups", AUTO_COPY=false, RESTART_SERVERS=true}, shutdownHook=true, currentFolder=/home/ubuntu/date-2504-221749-s-4-c-1-ver-3.8.1-f1e9264, scriptsFolder=/home/ubuntu/date-2504-221749-s-4-c-1-ver-3.8.1-f1e9264/yardstick/bin, logsFolder=/home/ubuntu/date-2504-221749-s-4-c-1-ver-3.8.1-f1e9264/yardstick/bin/../output/logs-20170425-221800/logs_drivers, outputFolder=/home/ubuntu/date-2504-221749-s-4-c-1-ver-3.8.1-f1e9264/yardstick/bin/../output/results-20170425-221800, outputWriter=java.io.PrintStream@269d6b90, errorWriter=java.io.PrintStream@22a2eb9b, descriptions=[3.8.1-f1e9264-sql-query-set-1-backup], hostName=]
--Description: 3.8.1-f1e9264-sql-query-set-1-backup
@@HazelcastSqlQuerySetBenchmark
**"Time, sec","Operations/sec (more is better)","Latency, nsec (less is better)"
1493161454,45835.00,1391808.64
1493161455,46502.00,1382446.07
1493161456,41918.00,1535581.58
1493161457,50021.00,1277513.96
1493161458,38575.00,1658166.68
1493161459,46633.00,1368415.85
1493161460,31680.00,2023567.39
1493161461,48534.00,1312395.24
1493161462,38968.00,1631196.02
1493161463,50523.00,1277756.58
1493161464,37021.00,1727811.63
1493161465,52664.00,1214165.99
1493161466,36752.00,1740214.43
1493161467,52922.00,1159611.53
1493161468,40632.00,1613704.44
1493161469,50563.00,1297016.54
1493161470,42528.00,1503081.42
1493161471,45292.00,1413322.26
1493161472,47276.00,1352634.25
1493161473,42560.00,1502894.33
1493161474,50828.00,1258150.00
1493161475,38384.00,1666373.41
1493161476,51145.00,1250386.61
1493161477,33899.00,1887245.19
1493161478,49068.00,1303340.71
1493161479,37150.00,1721886.48
1493161480,49595.00,1234363.74
1493161481,38760.00,1721016.71
1493161482,49679.00,1287488.77
1493161483,42363.00,1509928.44
1493161484,47592.00,1343844.27
1493161485,46833.00,1365951.79
1493161486,41348.00,1500625.24
1493161487,52174.00,1262350.18
1493161488,39464.00,1620987.69
1493161489,51996.00,1175421.15
1493161490,41000.00,1629555.34
1493161491,49755.00,1285744.91
1493161492,41476.00,1532688.37
1493161493,46226.00,1391907.52
1493161494,47261.00,1353808.02
1493161495,40864.00,1565254.00
1493161496,50376.00,1269566.30
1493161497,36449.00,1755346.58
1493161498,54200.00,1180104.42
1493161499,37320.00,1713940.41
1493161500,45260.00,1389506.75
1493161501,33948.00,1916118.84
1493161502,46034.00,1389585.52
1493161503,36623.00,1747149.32
1493161504,47842.00,1336963.22
1493161505,41366.00,1546439.20
1493161506,49300.00,1297436.48
1493161507,40316.00,1586423.57
1493161508,44978.00,1422383.93
1493161509,45962.00,1391770.44
1493161510,40746.00,1569927.31
1493161511,49273.00,1298186.36
1493161512,36648.00,1745258.37
1493161513,53847.00,1187741.62
1493161514,37378.00,1712144.72
1493161515,49558.00,1290579.88
1493161516,41335.00,1546656.72
1493161517,46694.00,1370505.93
1493161518,40588.00,1576609.64
1493161519,46174.00,1377609.64
1493161520,43203.00,1488338.40
1493161521,35850.00,1729495.98
1493161522,40174.00,1642068.75
1493161523,43295.00,1416010.21
1493161524,47575.00,1400393.85
1493161525,41176.00,1541482.04
1493161526,50647.00,1272876.68
1493161527,36411.00,1756643.93
1493161528,51788.00,1230349.57
1493161529,34946.00,1837231.36
1493161530,49154.00,1301809.55
1493161531,40794.00,1568199.60
1493161532,50615.00,1263714.04
1493161533,41604.00,1537626.82
1493161534,42499.00,1389477.02
1493161535,50605.00,1360939.49
1493161536,38678.00,1654032.02
1493161537,52238.00,1224393.08
1493161538,37509.00,1705779.18
1493161539,50603.00,1263786.27
1493161540,41456.00,1542906.58
1493161541,43533.00,1469631.25
1493161542,40812.00,1567820.09
1493161543,47364.00,1278544.54
1493161544,44830.00,1502714.27
1493161545,41078.00,1557539.56
1493161546,50777.00,1259724.19
1493161547,37940.00,1685972.81
1493161548,53206.00,1167577.40
1493161549,38427.00,1712624.79
1493161550,48161.00,1328247.41
1493161551,39329.00,1626589.91
1493161552,50678.00,1265534.14
1493161553,36559.00,1749563.13
1493161554,44926.00,1424061.77
1493161555,44920.00,1424081.00
1493161556,41774.00,1531335.70
1493161557,48388.00,1321875.21
1493161558,35913.00,1654042.94
1493161559,52285.00,1310919.73
1493161560,31712.00,2011062.84
1493161561,46804.00,1370872.42
1493161562,35669.00,1793709.83
1493161563,52238.00,1188970.53
1493161564,38764.00,1698217.41
1493161565,50825.00,1258615.38
1493161566,42373.00,1509643.25
1493161567,46885.00,1364223.13
1493161568,43998.00,1453845.99
1493161569,41982.00,1523970.93
1493161570,48049.00,1331109.23
1493161571,37587.00,1702005.76
1493161572,52839.00,1208646.75
1493161573,36600.00,1750658.09
1493161574,50487.00,1267000.66
1493161575,41285.00,1549298.22
1493161576,47528.00,1295151.12
1493161577,44057.00,1506643.84
1493161578,42037.00,1403734.42
1493161579,51196.00,1346253.20
1493161580,37406.00,1710032.29
1493161581,52028.00,1167868.36
1493161582,33776.00,1987162.39
1493161583,44880.00,1426797.13
1493161584,36481.00,1753530.35
1493161585,50558.00,1265247.88
1493161586,39902.00,1602817.38
1493161587,50682.00,1262328.42
1493161588,42227.00,1514898.61
1493161589,45625.00,1395255.11
1493161590,45942.00,1399016.41
1493161591,38355.00,1590376.41
1493161592,53006.00,1262792.73
1493161593,37421.00,1709487.69
1493161594,50066.00,1277635.01
1493161595,41635.00,1536330.77
1493161596,49212.00,1288747.11
1493161597,42461.00,1519385.50
1493161598,46732.00,1368728.34
1493161599,46779.00,1367410.11
1493161600,36349.00,1760035.62
1493161601,53965.00,1175692.77
1493161602,38510.00,1674457.07
1493161603,50083.00,1277133.10
1493161604,39555.00,1617489.08
1493161605,48352.00,1269574.65
1493161606,44260.00,1503609.39
1493161607,46473.00,1372754.83
1493161608,45947.00,1395773.35
1493161609,36863.00,1735409.71
1493161610,52211.00,1225221.33
1493161611,37877.00,1688769.34
1493161612,50756.00,1260233.33
1493161613,42802.00,1494600.81
1493161614,46329.00,1380630.24
1493161615,45012.00,1420973.06
1493161616,35394.00,1751532.16
1493161617,39593.00,1666261.52
1493161618,47404.00,1349094.46
1493161619,46249.00,1383226.97
1493161620,37433.00,1708368.52
1493161621,38270.00,1672271.43
1493161622,43078.00,1399009.94
1493161623,47407.00,1427395.10
1493161624,34040.00,1795530.16
1493161625,40421.00,1653520.61
1493161626,37450.00,1708175.97
1493161627,44811.00,1427569.82
1493161628,38389.00,1568452.76
1493161629,48777.00,1388259.42
1493161630,41488.00,1541773.49
1493161631,48154.00,1328362.08
1493161632,36311.00,1762170.15
1493161633,49167.00,1300985.49
1493161634,41828.00,1529156.20
1493161635,45404.00,1332826.24
1493161636,39624.00,1701881.98
1493161637,47298.00,1352607.04
1493161638,44931.00,1423580.61
1493161639,40778.00,1568447.90
1493161640,43544.00,1469149.53
1493161641,37602.00,1701758.93
1493161642,49852.00,1282657.48
1493161643,38793.00,1646617.54
1493161644,41625.00,1539285.97
1493161645,36595.00,1742301.48
1493161646,33736.00,1903114.47
1493161647,40334.00,1516358.74
1493161648,47730.00,1392675.38
1493161649,37401.00,1718645.12
1493161650,47347.00,1350978.10
1493161651,41034.00,1559338.62
1493161652,50365.00,1269680.16
1493161653,42349.00,1510642.32
1493161654,45928.00,1392751.90
1493161655,44838.00,1426636.29
1493161656,46238.00,1364342.67
1493161657,46917.00,1382215.49
1493161658,38401.00,1665689.19
1493161659,49047.00,1304035.95
1493161660,39112.00,1635810.21
1493161661,48239.00,1325953.02
1493161662,42117.00,1518757.91
1493161663,45461.00,1407225.54
1493161664,46029.00,1389476.21
1493161665,44702.00,1431141.46
1493161666,42314.00,1511415.71
1493161667,39790.00,1547870.09
1493161668,45665.00,1452958.72
1493161669,37722.00,1620363.49
1493161670,48104.00,1389164.56
1493161671,41728.00,1533176.26
1493161672,50590.00,1263976.85
1493161673,41254.00,1550759.43
1493161674,46998.00,1361082.13
1493161675,45692.00,1399954.89
1493161676,45271.00,1365180.46
1493161677,46370.00,1378927.95
1493161678,39942.00,1656575.16
1493161679,50889.00,1256608.47
1493161680,36086.00,1751408.37
1493161681,45453.00,1424690.16
1493161682,40969.00,1561535.28
1493161683,48693.00,1306821.47
1493161684,42303.00,1519749.31
1493161685,45639.00,1401579.67
1493161686,45604.00,1402465.97
1493161687,41544.00,1540073.87
1493161688,45935.00,1392404.74
1493161689,42594.00,1501924.21
1493161690,49803.00,1284430.81
1493161691,38943.00,1642579.94
1493161692,48742.00,1311637.64
1493161693,40449.00,1582380.82
1493161694,45527.00,1404726.07
1493161695,43486.00,1471074.78
1493161696,43613.00,1466982.46
1493161697,43675.00,1464597.89
1493161698,40075.00,1596306.05
1493161699,44627.00,1377437.55
1493161700,38819.00,1580755.51
1493161701,48021.00,1438187.79
1493161702,42143.00,1518161.96
1493161703,49694.00,1287049.34
1493161704,40089.00,1594987.16
1493161705,45531.00,1405426.69
1493161706,44830.00,1426809.63
1493161707,35099.00,1822832.40
1493161708,37429.00,1709442.88
1493161709,45461.00,1407070.51
1493161710,44424.00,1439867.11
1493161711,45214.00,1414798.60
1493161712,44486.00,1437787.95
1493161713,40447.00,1581585.06
1493161714,45527.00,1405279.32
1493161715,42727.00,1497187.48
1493161716,50303.00,1271408.96
1493161717,42160.00,1517283.16
1493161718,44429.00,1351609.46
1493161719,41101.00,1651685.50
1493161720,44561.00,1434548.71
1493161721,42777.00,1496309.64
1493161722,41548.00,1539650.36
1493161723,40784.00,1554146.27
1493161724,39077.00,1651472.49
1493161725,43996.00,1454624.01
1493161726,42047.00,1521173.79
1493161727,45353.00,1410652.79
1493161728,42248.00,1514297.88
1493161729,50606.00,1263722.98
1493161730,39885.00,1603857.95
1493161731,48798.00,1269842.59
1493161732,43645.00,1511608.54
1493161733,47149.00,1356618.53
1493161734,45996.00,1390623.27
1493161735,42511.00,1504801.36
1493161736,45984.00,1391097.84
1493161737,43057.00,1485361.43
1493161738,50583.00,1264600.70
1493161739,41904.00,1526619.07
1493161740,42818.00,1493604.90
1493161741,38220.00,1673530.59
1493161742,44848.00,1426715.41
1493161743,43971.00,1454898.41
1493161744,45553.00,1404144.40
1493161745,43535.00,1422669.94
1493161746,44138.00,1495096.47
1493161747,46290.00,1381979.66
1493161748,41730.00,1532767.80
1493161749,48344.00,1323027.17
1493161750,37467.00,1707702.60
1493161751,47328.00,1309129.42
1493161752,43977.00,1500064.08
1493161753,45403.00,1408887.99
