--Probe dump file for probe: org.yardstickframework.probes.DStatProbe@79b663b3 (class org.yardstickframework.probes.DStatProbe)
--Created Tue Apr 25 21:15:12 UTC 2017
--Benchmark config: BenchmarkConfiguration [memberId='0', driverNames='[IgnitePutGetTxBenchmark]', serverName='IgniteNode', threads=64, duration=300, warmup=60, dfltProbeClsNames=[ThroughputLatencyProbe, PercentileProbe, DStatProbe], propsFileName='yardstick/config/run.properties', packages=[org.yardstickframework, org.apache.ignite.yardstick], cmdArgs=[--outputFolder, /home/ubuntu/date-2504-204359-s-4-c-1-ver-2.0.0-SNAPSHOT-0be92732/yardstick/bin/../output/results-20170425-204411, -id, 0, -cfg, /home/ubuntu/date-2504-204359-s-4-c-1-ver-2.0.0-SNAPSHOT-0be92732/yardstick/bin/../config/ignite-config.xml, -nn, 5, -b, 1, -w, 60, -d, 300, -t, 64, -sm, FULL_SYNC, -txc, PESSIMISTIC, --client, -dn, IgnitePutGetTxBenchmark, -sn, IgniteNode, -ds, 2.0.0-SNAPSHOT-0be92732-tx-pessim-repRead-put-get-1-backup, --config, yardstick/config/run.properties, --logsFolder, /home/ubuntu/date-2504-204359-s-4-c-1-ver-2.0.0-SNAPSHOT-0be92732/yardstick/bin/../output/logs-20170425-204411/logs_drivers, --currentFolder, /home/ubuntu/date-2504-204359-s-4-c-1-ver-2.0.0-SNAPSHOT-0be92732, --scriptsFolder, /home/ubuntu/date-2504-204359-s-4-c-1-ver-2.0.0-SNAPSHOT-0be92732/yardstick/bin], probeWriter='null', customProps={ver=2.0.0-SNAPSHOT-0be92732- , b=1, d=300, SERVER_HOSTS=172.31.45.250,172.31.38.80,172.31.41.141,172.31.42.161, now0=`date +'%H%M%S'`, j=10, nodesNum=$((`echo ${SERVER_HOSTS} | tr ',' '' | wc -l` + `echo ${DRIVER_HOSTS} | tr ',' '' | wc -l`)), JVM_OPTS=${JVM_OPTS}" -Xms6g -Xmx6g -Xloggc:./gc${now0}.log -XX:+PrintGCDetails -verbose:gc -XX:+UseParNewGC -XX:+UseConcMarkSweepGC ", CONFIGS="-cfg ${SCRIPT_DIR}/../config/ignite-config.xml -nn ${nodesNum} -b ${b} -w ${w} -d ${d} -t ${t} -sm ${sm}  --client -dn IgnitePutBenchmark -sn IgniteNode -wom PRIMARY -ds ${ver}atomic-put-${b}-backup,-cfg ${SCRIPT_DIR}/../config/ignite-config.xml -nn ${nodesNum} -b ${b} -w ${w} -d ${d} -t ${t} -sm ${sm}  --client -dn IgnitePutGetBenchmark -sn IgniteNode -wom PRIMARY -ds ${ver}atomic-put-get-${b}-backup,-cfg ${SCRIPT_DIR}/../config/ignite-config.xml -nn ${nodesNum} -b ${b} -w ${w} -d ${d} -t ${t} -sm ${sm} -bs 6  --client -dn IgnitePutGetBatchBenchmark -wom PRIMARY -sn IgniteNode -ds ${ver}atomic-put-get-bs-6-${b}-backup,-cfg ${SCRIPT_DIR}/../config/ignite-config.xml -nn ${nodesNum} -b ${b} -w ${w} -d ${d} -t ${t} -sm ${sm}  --client -dn IgnitePutTxImplicitBenchmark -sn IgniteNode -ds ${ver}tx-optimistic-put-${b}-backup,-cfg ${SCRIPT_DIR}/../config/ignite-config.xml -nn ${nodesNum} -b ${b} -w ${w} -d ${d} -t ${t} -sm ${sm} -txc OPTIMISTIC  --client -dn IgnitePutGetTxBenchmark -sn IgniteNode -ds ${ver}tx-optim-repRead-put-get-${b}-backup,-cfg ${SCRIPT_DIR}/../config/ignite-config.xml -nn ${nodesNum} -b ${b} -w ${w} -d ${d} -t ${t} -sm ${sm} -txc PESSIMISTIC  --client -dn IgnitePutGetTxBenchmark -sn IgniteNode -ds ${ver}tx-pessim-repRead-put-get-${b}-backup,-cfg ${SCRIPT_DIR}/../config/ignite-config.xml -nn ${nodesNum} -b ${b} -w ${w} -d ${d} -t ${t} -sm ${sm} -txc OPTIMISTIC -txi SERIALIZABLE  --client -dn IgnitePutGetTxBenchmark -sn IgniteNode -ds ${ver}tx-opt-serial-put-get-${b}-backup,-cfg ${SCRIPT_DIR}/../config/ignite-config.xml -nn ${nodesNum} -b ${b} -w ${w} -d ${d} -t ${t} -sm ${sm}  --client -dn IgniteSqlQueryBenchmark -sn IgniteNode -ds ${ver}sql-query-${b}-backup,-cfg ${SCRIPT_DIR}/../config/ignite-config.xml -nn ${nodesNum} -b ${b} -w ${w} -d ${d} -t ${t} -sm ${sm}  --client -dn IgniteSqlQueryPutBenchmark -sn IgniteNode -ds ${ver}sql-query-put-${b}-backup,-cfg ${SCRIPT_DIR}/../config/ignite-config.xml -nn ${nodesNum} -b ${b} -w ${w} -d ${d} -t ${t} -sm ${sm} -bs 6  --client -dn IgnitePutAllBenchmark -wom PRIMARY -sn IgniteNode -ds ${ver}atomic-putAll-bs-6-${b}-backup,-cfg ${SCRIPT_DIR}/../config/ignite-config.xml -nn ${nodesNum} -b ${b} -w ${w} -d ${d} -t ${t} -sm ${sm} -bs 6  --client -dn IgnitePutAllTxBenchmark -sn IgniteNode -ds ${ver}tx-putAll-bs-6-${b}-backup,-cfg ${SCRIPT_DIR}/../config/ignite-config.xml -nn ${nodesNum} -b ${b} -w ${w} -d ${d} -t ${t} -sm ${sm} -bs 6  --client -dn IgnitePutAllSerializableTxBenchmark -sn IgniteNode -ds ${ver}tx-putAllSerializable-bs-6-${b}-backup,-cfg ${SCRIPT_DIR}/../config/ignite-config.xml -nn ${nodesNum} -b ${b} -w ${w} -d ${d} -t ${t} -sm ${sm} -bs 6 -txc OPTIMISTIC   --client -dn IgniteGetAllPutAllTxBenchmark -sn IgniteNode -ds ${ver}tx-optimistic-getAllPutAll-bs-6-${b}-backup,-cfg ${SCRIPT_DIR}/../config/ignite-config.xml -nn ${nodesNum} -b ${b} -w ${w} -d ${d} -t ${t} -sm ${sm} -bs 6 -txc PESSIMISTIC  --client -dn IgniteGetAllPutAllTxBenchmark -sn IgniteNode -ds ${ver}tx-pessimistic-getAllPutAll-bs-6-${b}-backup,-cfg ${SCRIPT_DIR}/../config/ignite-config.xml -nn ${nodesNum} -b ${b} -w ${w} -d ${d} -t ${t} -sm ${sm} -bs 6 -txc OPTIMISTIC -txi SERIALIZABLE  --client -dn IgniteGetAllPutAllTxBenchmark -sn IgniteNode -ds ${ver}tx-opt-serializable-getAllPutAll-bs-6-${b}-backup,", DRIVER_HOSTS=172.31.46.6, t=64, BENCHMARK_PACKAGES=org.yardstickframework,org.apache.ignite.yardstick, w=60, sm=FULL_SYNC, AUTO_COPY=false, RESTART_SERVERS=true}, shutdownHook=true, currentFolder=/home/ubuntu/date-2504-204359-s-4-c-1-ver-2.0.0-SNAPSHOT-0be92732, scriptsFolder=/home/ubuntu/date-2504-204359-s-4-c-1-ver-2.0.0-SNAPSHOT-0be92732/yardstick/bin, logsFolder=/home/ubuntu/date-2504-204359-s-4-c-1-ver-2.0.0-SNAPSHOT-0be92732/yardstick/bin/../output/logs-20170425-204411/logs_drivers, outputFolder=/home/ubuntu/date-2504-204359-s-4-c-1-ver-2.0.0-SNAPSHOT-0be92732/yardstick/bin/../output/results-20170425-204411, outputWriter=java.io.PrintStream@552d5a3d, errorWriter=java.io.PrintStream@5beabee8, descriptions=[2.0.0-SNAPSHOT-0be92732-tx-pessim-repRead-put-get-1-backup], hostName=]
--Description: 2.0.0-SNAPSHOT-0be92732-tx-pessim-repRead-put-get-1-backup
@@IgnitePutGetTxBenchmark
**"Time, sec","Memory Used, KB","Memory Buffered, KB","Memory Cached, KB","Memory Free, KB","CPU User, %","CPU System, %","CPU Idle, %","CPU Wait, %","CPU Hardware Interrupts","CPU Software Interrupts","Disk Read, B","Disk Write, B","Network Receive, B","Network Send, B","Page In, B","Page Out, B","System Interrupts, per sec","System Context Switches, per sec"
1493154973,1571840.00,156672.00,5135360.00,55993958.40,24.00,13.00,57.00,0.00,0.00,5.00,0.00,155648.00,14680064.00,20971520.00,0.00,0.00,210944.00,238592.00
1493154974,1570816.00,156672.00,5135360.00,55993958.40,20.00,14.00,59.00,0.00,0.00,6.00,0.00,0.00,14680064.00,22020096.00,0.00,0.00,212992.00,244736.00
1493154975,1575936.00,156672.00,5135360.00,55993958.40,26.00,15.00,54.00,0.00,0.00,5.00,0.00,0.00,15728640.00,23068672.00,0.00,0.00,217088.00,250880.00
1493154976,1574912.00,156672.00,5135360.00,55993958.40,16.00,11.00,69.00,0.00,0.00,4.00,0.00,0.00,12582912.00,18874368.00,0.00,0.00,188416.00,216064.00
1493154977,1581056.00,156672.00,5135360.00,55993958.40,28.00,15.00,52.00,0.00,0.00,6.00,0.00,0.00,15728640.00,23068672.00,0.00,0.00,218112.00,251904.00
1493154978,1582080.00,156672.00,5135360.00,55993958.40,21.00,14.00,60.00,0.00,0.00,5.00,0.00,212992.00,15728640.00,22020096.00,0.00,0.00,215040.00,243712.00
1493154979,1586176.00,156672.00,5135360.00,55993958.40,24.00,11.00,60.00,0.00,0.00,5.00,0.00,0.00,14680064.00,20971520.00,0.00,0.00,199680.00,231424.00
1493154980,1585152.00,156672.00,5135360.00,55993958.40,18.00,10.00,69.00,0.00,0.00,3.00,0.00,0.00,13631488.00,19922944.00,0.00,0.00,196608.00,223232.00
1493154981,1589248.00,156672.00,5135360.00,55993958.40,21.00,11.00,65.00,0.00,0.00,4.00,0.00,0.00,13631488.00,18874368.00,0.00,0.00,194560.00,220160.00
1493154982,1590272.00,156672.00,5135360.00,55993958.40,12.00,10.00,73.00,0.00,0.00,5.00,0.00,0.00,12582912.00,18874368.00,0.00,0.00,187392.00,210944.00
1493154983,1593344.00,156672.00,5135360.00,55993958.40,23.00,11.00,62.00,0.00,0.00,4.00,0.00,253952.00,13631488.00,19922944.00,0.00,0.00,193536.00,221184.00
1493154984,1594368.00,156672.00,5135360.00,55993958.40,17.00,12.00,67.00,0.00,0.00,5.00,0.00,0.00,13631488.00,20971520.00,0.00,0.00,197632.00,228352.00
1493154985,1598464.00,156672.00,5135360.00,55993958.40,24.00,16.00,54.00,0.00,0.00,6.00,0.00,0.00,15728640.00,23068672.00,0.00,0.00,218112.00,253952.00
1493154986,1598464.00,156672.00,5135360.00,55993958.40,24.00,17.00,54.00,0.00,0.00,5.00,0.00,0.00,16777216.00,24117248.00,0.00,0.00,227328.00,262144.00
1493154987,1602560.00,156672.00,5135360.00,55993958.40,20.00,11.00,63.00,0.00,0.00,6.00,0.00,0.00,13631488.00,19922944.00,0.00,0.00,194560.00,222208.00
1493154988,1602560.00,156672.00,5135360.00,55993958.40,15.00,11.00,69.00,0.00,0.00,5.00,0.00,761856.00,12582912.00,18874368.00,0.00,0.00,190464.00,215040.00
1493154989,1606656.00,156672.00,5135360.00,55993958.40,28.00,12.00,54.00,0.00,0.00,6.00,0.00,0.00,15728640.00,23068672.00,0.00,0.00,219136.00,251904.00
1493154990,1607680.00,156672.00,5135360.00,55993958.40,23.00,16.00,55.00,0.00,0.00,6.00,0.00,0.00,16777216.00,24117248.00,0.00,0.00,227328.00,261120.00
1493154991,1611776.00,156672.00,5135360.00,55993958.40,20.00,10.00,65.00,0.00,0.00,5.00,0.00,0.00,12582912.00,18874368.00,0.00,0.00,182272.00,208896.00
1493154992,1610752.00,156672.00,5135360.00,55993958.40,22.00,13.00,61.00,0.00,0.00,5.00,0.00,0.00,14680064.00,22020096.00,0.00,0.00,212992.00,239616.00
1493154993,1616896.00,156672.00,5135360.00,55993958.40,27.00,15.00,52.00,0.00,0.00,6.00,0.00,163840.00,15728640.00,23068672.00,0.00,0.00,217088.00,251904.00
1493154994,1616896.00,156672.00,5135360.00,55993958.40,20.00,16.00,58.00,0.00,0.00,6.00,0.00,0.00,15728640.00,23068672.00,0.00,0.00,215040.00,248832.00
1493154995,1622016.00,156672.00,5135360.00,55993958.40,21.00,10.00,64.00,0.00,0.00,4.00,0.00,0.00,13631488.00,18874368.00,0.00,0.00,184320.00,211968.00
1493154996,1620992.00,156672.00,5135360.00,55993958.40,16.00,10.00,69.00,0.00,0.00,5.00,0.00,0.00,12582912.00,18874368.00,0.00,0.00,184320.00,207872.00
1493154997,1626112.00,156672.00,5135360.00,55993958.40,23.00,13.00,61.00,0.00,0.00,4.00,0.00,0.00,14680064.00,20971520.00,0.00,0.00,201728.00,233472.00
1493154998,1626112.00,156672.00,5135360.00,55993958.40,22.00,14.00,58.00,0.00,0.00,5.00,0.00,114688.00,15728640.00,22020096.00,0.00,0.00,214016.00,244736.00
1493154999,1630208.00,156672.00,5135360.00,55993958.40,21.00,11.00,64.00,0.00,0.00,4.00,0.00,0.00,13631488.00,18874368.00,0.00,0.00,183296.00,210944.00
1493155000,1629184.00,156672.00,5135360.00,55993958.40,23.00,14.00,57.00,0.00,0.00,7.00,0.00,0.00,16777216.00,24117248.00,0.00,0.00,225280.00,259072.00
1493155001,1633280.00,156672.00,5135360.00,55993958.40,27.00,16.00,51.00,0.00,0.00,6.00,0.00,0.00,15728640.00,23068672.00,0.00,0.00,215040.00,249856.00
1493155002,1633280.00,156672.00,5135360.00,55993958.40,20.00,13.00,63.00,0.00,0.00,4.00,0.00,0.00,14680064.00,20971520.00,0.00,0.00,202752.00,230400.00
1493155003,1637376.00,156672.00,5135360.00,55993958.40,22.00,11.00,61.00,0.00,0.00,5.00,0.00,155648.00,13631488.00,20971520.00,0.00,0.00,195584.00,226304.00
1493155004,1638400.00,156672.00,5135360.00,55993958.40,22.00,14.00,58.00,0.00,0.00,5.00,0.00,0.00,15728640.00,23068672.00,0.00,0.00,227328.00,258048.00
1493155005,1642496.00,156672.00,5135360.00,55993958.40,28.00,12.00,54.00,0.00,0.00,6.00,0.00,0.00,15728640.00,23068672.00,0.00,0.00,220160.00,256000.00
1493155006,1642496.00,156672.00,5135360.00,55993958.40,20.00,12.00,63.00,0.00,0.00,5.00,0.00,0.00,14680064.00,20971520.00,0.00,0.00,202752.00,233472.00
1493155007,1645568.00,156672.00,5135360.00,55889100.80,24.00,12.00,59.00,0.00,0.00,5.00,0.00,0.00,14680064.00,20971520.00,0.00,0.00,196608.00,226304.00
1493155008,1646592.00,156672.00,5135360.00,55889100.80,22.00,16.00,55.00,0.00,0.00,7.00,0.00,188416.00,16777216.00,24117248.00,0.00,0.00,226304.00,260096.00
1493155009,1650688.00,156672.00,5135360.00,55889100.80,23.00,14.00,58.00,0.00,0.00,5.00,0.00,0.00,15728640.00,22020096.00,0.00,0.00,209920.00,242688.00
1493155010,1650688.00,156672.00,5135360.00,55889100.80,19.00,12.00,64.00,0.00,0.00,5.00,0.00,0.00,14680064.00,20971520.00,0.00,0.00,201728.00,231424.00
1493155011,1655808.00,156672.00,5135360.00,55889100.80,24.00,15.00,56.00,0.00,0.00,5.00,0.00,0.00,14680064.00,22020096.00,0.00,0.00,209920.00,242688.00
1493155012,1659904.00,156672.00,5135360.00,55889100.80,27.00,15.00,53.00,0.00,0.00,5.00,0.00,0.00,15728640.00,23068672.00,0.00,0.00,218112.00,251904.00
1493155013,1657856.00,156672.00,5135360.00,55889100.80,19.00,12.00,63.00,0.00,0.00,5.00,0.00,180224.00,14680064.00,22020096.00,0.00,0.00,204800.00,234496.00
1493155014,1665024.00,156672.00,5135360.00,55889100.80,25.00,14.00,56.00,0.00,0.00,5.00,0.00,0.00,14680064.00,22020096.00,0.00,0.00,205824.00,236544.00
1493155015,1665024.00,156672.00,5135360.00,55889100.80,21.00,14.00,60.00,0.00,0.00,5.00,0.00,0.00,15728640.00,23068672.00,0.00,0.00,215040.00,247808.00
1493155016,1668096.00,156672.00,5135360.00,55889100.80,24.00,13.00,56.00,0.00,0.00,7.00,0.00,0.00,14680064.00,22020096.00,0.00,0.00,210944.00,240640.00
1493155017,1668096.00,156672.00,5135360.00,55889100.80,21.00,15.00,60.00,0.00,0.00,5.00,0.00,0.00,15728640.00,22020096.00,0.00,0.00,214016.00,245760.00
1493155018,1672192.00,156672.00,5135360.00,55889100.80,23.00,12.00,60.00,0.00,0.00,5.00,0.00,327680.00,14680064.00,20971520.00,0.00,0.00,208896.00,238592.00
1493155019,1675264.00,156672.00,5135360.00,55889100.80,20.00,15.00,60.00,0.00,0.00,5.00,0.00,0.00,15728640.00,23068672.00,0.00,0.00,216064.00,246784.00
1493155020,1679360.00,156672.00,5135360.00,55889100.80,22.00,12.00,61.00,0.00,0.00,5.00,0.00,0.00,13631488.00,20971520.00,0.00,0.00,205824.00,232448.00
1493155021,1678336.00,156672.00,5135360.00,55889100.80,20.00,12.00,63.00,0.00,0.00,5.00,0.00,0.00,14680064.00,20971520.00,0.00,0.00,211968.00,237568.00
1493155022,1685504.00,156672.00,5135360.00,55889100.80,23.00,14.00,59.00,0.00,0.00,4.00,0.00,0.00,14680064.00,20971520.00,0.00,0.00,207872.00,238592.00
1493155023,1684480.00,156672.00,5135360.00,55889100.80,21.00,14.00,60.00,0.00,0.00,5.00,0.00,606208.00,15728640.00,22020096.00,0.00,0.00,215040.00,244736.00
1493155024,1688576.00,156672.00,5135360.00,55889100.80,24.00,14.00,58.00,0.00,0.00,4.00,0.00,0.00,14680064.00,20971520.00,0.00,0.00,203776.00,236544.00
1493155025,1688576.00,156672.00,5135360.00,55889100.80,21.00,12.00,63.00,0.00,0.00,5.00,0.00,0.00,14680064.00,22020096.00,0.00,0.00,201728.00,233472.00
1493155026,1692672.00,156672.00,5135360.00,55889100.80,28.00,13.00,52.00,0.00,0.00,6.00,0.00,0.00,15728640.00,23068672.00,0.00,0.00,223232.00,256000.00
1493155027,1692672.00,156672.00,5135360.00,55889100.80,17.00,15.00,63.00,0.00,0.00,5.00,0.00,0.00,14680064.00,22020096.00,0.00,0.00,204800.00,237568.00
1493155028,1696768.00,156672.00,5135360.00,55889100.80,26.00,15.00,56.00,0.00,0.00,4.00,0.00,327680.00,14680064.00,22020096.00,0.00,0.00,208896.00,238592.00
1493155029,1697792.00,156672.00,5135360.00,55889100.80,22.00,13.00,60.00,0.00,0.00,5.00,0.00,0.00,15728640.00,23068672.00,0.00,0.00,216064.00,247808.00
1493155030,1699840.00,156672.00,5135360.00,55889100.80,23.00,15.00,55.00,0.00,0.00,7.00,0.00,0.00,15728640.00,23068672.00,0.00,0.00,217088.00,248832.00
1493155031,1699840.00,156672.00,5135360.00,55889100.80,19.00,13.00,63.00,0.00,0.00,5.00,0.00,0.00,14680064.00,20971520.00,0.00,0.00,203776.00,232448.00
1493155032,1704960.00,156672.00,5135360.00,55889100.80,27.00,11.00,58.00,0.00,0.00,5.00,0.00,0.00,14680064.00,20971520.00,0.00,0.00,201728.00,232448.00
1493155033,1704960.00,156672.00,5135360.00,55889100.80,21.00,14.00,60.00,0.00,0.00,5.00,0.00,155648.00,15728640.00,23068672.00,0.00,0.00,214016.00,245760.00
1493155034,1709056.00,156672.00,5135360.00,55889100.80,25.00,13.00,56.00,0.00,0.00,5.00,0.00,0.00,15728640.00,22020096.00,0.00,0.00,210944.00,241664.00
1493155035,1709056.00,156672.00,5135360.00,55889100.80,19.00,12.00,64.00,0.00,0.00,5.00,0.00,0.00,14680064.00,20971520.00,0.00,0.00,202752.00,232448.00
1493155036,1713152.00,156672.00,5135360.00,55889100.80,23.00,11.00,60.00,0.00,0.00,5.00,0.00,0.00,14680064.00,22020096.00,0.00,0.00,206848.00,238592.00
1493155037,1717248.00,156672.00,5135360.00,55889100.80,26.00,15.00,52.00,0.00,0.00,6.00,0.00,0.00,15728640.00,23068672.00,0.00,0.00,219136.00,252928.00
1493155038,1717248.00,156672.00,5135360.00,55889100.80,20.00,13.00,60.00,0.00,0.00,6.00,0.00,114688.00,15728640.00,23068672.00,0.00,0.00,217088.00,247808.00
1493155039,1721344.00,156672.00,5136384.00,55889100.80,25.00,10.00,59.00,0.00,0.00,5.00,0.00,0.00,14680064.00,20971520.00,0.00,0.00,198656.00,229376.00
1493155040,1722368.00,156672.00,5136384.00,55889100.80,20.00,11.00,63.00,0.00,0.00,6.00,0.00,0.00,14680064.00,22020096.00,0.00,0.00,212992.00,242688.00
1493155041,1727488.00,156672.00,5136384.00,55889100.80,26.00,14.00,55.00,0.00,0.00,5.00,0.00,0.00,15728640.00,23068672.00,0.00,0.00,218112.00,251904.00
1493155042,1728512.00,156672.00,5136384.00,55889100.80,20.00,13.00,61.00,0.00,0.00,5.00,0.00,0.00,14680064.00,22020096.00,0.00,0.00,209920.00,241664.00
1493155043,1731584.00,156672.00,5136384.00,55889100.80,17.00,9.00,71.00,0.00,0.00,3.00,0.00,188416.00,11534336.00,15728640.00,0.00,0.00,162816.00,183296.00
1493155044,1731584.00,156672.00,5136384.00,55889100.80,19.00,13.00,64.00,0.00,0.00,5.00,0.00,0.00,14680064.00,20971520.00,0.00,0.00,202752.00,232448.00
1493155045,1735680.00,156672.00,5136384.00,55889100.80,26.00,16.00,53.00,0.00,0.00,5.00,0.00,0.00,15728640.00,23068672.00,0.00,0.00,220160.00,253952.00
1493155046,1735680.00,156672.00,5136384.00,55889100.80,19.00,15.00,60.00,0.00,0.00,6.00,0.00,0.00,15728640.00,23068672.00,0.00,0.00,218112.00,248832.00
1493155047,1739776.00,156672.00,5136384.00,55889100.80,24.00,13.00,57.00,0.00,0.00,6.00,0.00,0.00,14680064.00,22020096.00,0.00,0.00,209920.00,240640.00
1493155048,1740800.00,156672.00,5136384.00,55889100.80,17.00,12.00,67.00,0.00,0.00,4.00,0.00,172032.00,13631488.00,19922944.00,0.00,0.00,195584.00,222208.00
1493155049,1744896.00,156672.00,5136384.00,55889100.80,24.00,14.00,57.00,0.00,0.00,5.00,0.00,0.00,14680064.00,22020096.00,0.00,0.00,209920.00,240640.00
1493155050,1744896.00,156672.00,5136384.00,55889100.80,19.00,13.00,62.00,0.00,0.00,6.00,0.00,0.00,15728640.00,22020096.00,0.00,0.00,215040.00,246784.00
1493155051,1748992.00,156672.00,5136384.00,55889100.80,26.00,14.00,56.00,0.00,0.00,4.00,0.00,0.00,14680064.00,22020096.00,0.00,0.00,208896.00,240640.00
1493155052,1747968.00,156672.00,5136384.00,55889100.80,21.00,14.00,59.00,0.00,0.00,5.00,0.00,0.00,15728640.00,23068672.00,0.00,0.00,217088.00,247808.00
1493155053,1753088.00,156672.00,5136384.00,55784243.20,25.00,12.00,58.00,0.00,0.00,5.00,0.00,344064.00,14680064.00,22020096.00,0.00,0.00,210944.00,242688.00
1493155054,1753088.00,156672.00,5136384.00,55784243.20,21.00,14.00,60.00,0.00,0.00,5.00,0.00,0.00,15728640.00,22020096.00,0.00,0.00,218112.00,246784.00
1493155055,1756160.00,156672.00,5136384.00,55784243.20,25.00,14.00,57.00,0.00,0.00,4.00,0.00,0.00,14680064.00,20971520.00,0.00,0.00,208896.00,238592.00
1493155056,1757184.00,156672.00,5136384.00,55784243.20,22.00,13.00,59.00,0.00,0.00,5.00,0.00,0.00,15728640.00,23068672.00,0.00,0.00,216064.00,248832.00
1493155057,1760256.00,156672.00,5136384.00,55784243.20,25.00,12.00,57.00,0.00,0.00,5.00,0.00,0.00,15728640.00,22020096.00,0.00,0.00,208896.00,242688.00
1493155058,1760256.00,156672.00,5136384.00,55784243.20,21.00,14.00,59.00,0.00,0.00,5.00,0.00,516096.00,15728640.00,23068672.00,0.00,0.00,217088.00,247808.00
1493155059,1765376.00,156672.00,5136384.00,55784243.20,23.00,14.00,57.00,0.00,0.00,5.00,0.00,0.00,14680064.00,22020096.00,0.00,0.00,206848.00,238592.00
1493155060,1764352.00,156672.00,5136384.00,55784243.20,19.00,13.00,63.00,0.00,0.00,6.00,0.00,0.00,14680064.00,20971520.00,0.00,0.00,203776.00,233472.00
1493155061,1768448.00,156672.00,5136384.00,55784243.20,23.00,14.00,58.00,0.00,0.00,5.00,0.00,0.00,14680064.00,22020096.00,0.00,0.00,206848.00,239616.00
1493155062,1770496.00,156672.00,5136384.00,55784243.20,22.00,13.00,60.00,0.00,0.00,5.00,0.00,0.00,15728640.00,23068672.00,0.00,0.00,215040.00,247808.00
1493155063,1773568.00,156672.00,5136384.00,55784243.20,26.00,14.00,54.00,0.00,0.00,6.00,0.00,294912.00,15728640.00,23068672.00,0.00,0.00,219136.00,252928.00
1493155064,1776640.00,156672.00,5136384.00,55784243.20,22.00,12.00,61.00,0.00,0.00,4.00,0.00,0.00,14680064.00,20971520.00,0.00,0.00,198656.00,231424.00
1493155065,1777664.00,156672.00,5136384.00,55784243.20,21.00,15.00,58.00,0.00,0.00,5.00,0.00,0.00,15728640.00,23068672.00,0.00,0.00,215040.00,247808.00
1493155066,1781760.00,156672.00,5136384.00,55784243.20,25.00,13.00,58.00,0.00,0.00,4.00,0.00,0.00,14680064.00,22020096.00,0.00,0.00,207872.00,237568.00
1493155067,1781760.00,156672.00,5136384.00,55784243.20,20.00,15.00,60.00,0.00,0.00,5.00,0.00,0.00,15728640.00,23068672.00,0.00,0.00,215040.00,246784.00
1493155068,1785856.00,156672.00,5136384.00,55784243.20,22.00,12.00,61.00,0.00,0.00,5.00,0.00,0.00,13631488.00,20971520.00,0.00,0.00,195584.00,226304.00
1493155069,1785856.00,156672.00,5136384.00,55784243.20,23.00,14.00,56.00,0.00,0.00,6.00,0.00,114688.00,16777216.00,24117248.00,0.00,0.00,223232.00,257024.00
1493155070,1790976.00,156672.00,5136384.00,55784243.20,22.00,12.00,62.00,0.00,0.00,4.00,0.00,0.00,14680064.00,20971520.00,0.00,0.00,200704.00,229376.00
1493155071,1789952.00,156672.00,5136384.00,55784243.20,18.00,11.00,66.00,0.00,0.00,4.00,0.00,0.00,13631488.00,19922944.00,0.00,0.00,195584.00,223232.00
1493155072,1796096.00,156672.00,5136384.00,55784243.20,19.00,13.00,64.00,0.00,0.00,5.00,0.00,0.00,13631488.00,19922944.00,0.00,0.00,194560.00,223232.00
1493155073,1796096.00,156672.00,5136384.00,55784243.20,21.00,13.00,59.00,0.00,0.00,6.00,0.00,0.00,15728640.00,23068672.00,0.00,0.00,216064.00,247808.00
1493155074,1800192.00,156672.00,5136384.00,55784243.20,27.00,15.00,52.00,0.00,0.00,6.00,0.00,131072.00,15728640.00,23068672.00,0.00,0.00,220160.00,253952.00
1493155075,1801216.00,156672.00,5136384.00,55784243.20,21.00,13.00,61.00,0.00,0.00,5.00,0.00,0.00,15728640.00,23068672.00,0.00,0.00,216064.00,248832.00
1493155076,1805312.00,156672.00,5136384.00,55784243.20,22.00,11.00,62.00,0.00,0.00,5.00,0.00,0.00,13631488.00,19922944.00,0.00,0.00,199680.00,227328.00
1493155077,1805312.00,156672.00,5136384.00,55784243.20,18.00,13.00,64.00,0.00,0.00,5.00,0.00,0.00,14680064.00,22020096.00,0.00,0.00,215040.00,244736.00
1493155078,1809408.00,156672.00,5136384.00,55784243.20,20.00,13.00,61.00,0.00,0.00,6.00,0.00,40960.00,14680064.00,20971520.00,0.00,0.00,212992.00,241664.00
1493155079,1809408.00,156672.00,5136384.00,55784243.20,21.00,14.00,59.00,0.00,0.00,5.00,0.00,139264.00,15728640.00,23068672.00,0.00,0.00,226304.00,256000.00
1493155080,1813504.00,156672.00,5136384.00,55784243.20,18.00,11.00,66.00,0.00,0.00,4.00,0.00,0.00,12582912.00,18874368.00,0.00,0.00,194560.00,220160.00
1493155081,1812480.00,156672.00,5136384.00,55784243.20,17.00,13.00,65.00,0.00,0.00,5.00,0.00,0.00,14680064.00,20971520.00,0.00,0.00,209920.00,236544.00
1493155082,1817600.00,156672.00,5136384.00,55784243.20,22.00,10.00,62.00,0.00,0.00,6.00,0.00,0.00,14680064.00,20971520.00,0.00,0.00,207872.00,238592.00
1493155083,1817600.00,156672.00,5136384.00,55784243.20,18.00,14.00,63.00,0.00,0.00,5.00,0.00,40960.00,15728640.00,22020096.00,0.00,0.00,214016.00,243712.00
1493155084,1821696.00,156672.00,5136384.00,55784243.20,25.00,14.00,56.00,0.00,0.00,5.00,0.00,163840.00,14680064.00,22020096.00,0.00,0.00,206848.00,238592.00
1493155085,1821696.00,156672.00,5136384.00,55784243.20,19.00,13.00,61.00,0.00,0.00,6.00,0.00,0.00,15728640.00,23068672.00,0.00,0.00,216064.00,249856.00
1493155086,1825792.00,156672.00,5136384.00,55784243.20,25.00,12.00,58.00,0.00,0.00,6.00,0.00,0.00,14680064.00,22020096.00,0.00,0.00,212992.00,242688.00
1493155087,1825792.00,156672.00,5136384.00,55784243.20,20.00,15.00,60.00,0.00,0.00,6.00,0.00,0.00,15728640.00,23068672.00,0.00,0.00,215040.00,246784.00
1493155088,1828864.00,156672.00,5136384.00,55784243.20,21.00,12.00,61.00,0.00,0.00,6.00,0.00,122880.00,14680064.00,20971520.00,0.00,0.00,197632.00,227328.00
1493155089,1828864.00,156672.00,5136384.00,55784243.20,22.00,13.00,61.00,0.00,0.00,4.00,0.00,212992.00,15728640.00,23068672.00,0.00,0.00,217088.00,247808.00
1493155090,1832960.00,156672.00,5136384.00,55784243.20,24.00,14.00,57.00,0.00,0.00,6.00,0.00,0.00,15728640.00,23068672.00,0.00,0.00,221184.00,252928.00
1493155091,1833984.00,156672.00,5136384.00,55784243.20,19.00,15.00,60.00,0.00,0.00,6.00,0.00,0.00,15728640.00,22020096.00,0.00,0.00,216064.00,246784.00
1493155092,1838080.00,156672.00,5136384.00,55784243.20,21.00,12.00,62.00,0.00,0.00,5.00,0.00,0.00,13631488.00,19922944.00,0.00,0.00,199680.00,226304.00
1493155093,1838080.00,156672.00,5136384.00,55784243.20,21.00,13.00,60.00,0.00,0.00,6.00,0.00,393216.00,15728640.00,23068672.00,0.00,0.00,218112.00,249856.00
1493155094,1842176.00,156672.00,5136384.00,55784243.20,24.00,12.00,59.00,0.00,0.00,5.00,0.00,163840.00,14680064.00,22020096.00,0.00,0.00,207872.00,237568.00
1493155095,1846272.00,156672.00,5136384.00,55784243.20,25.00,15.00,54.00,0.00,0.00,6.00,0.00,0.00,15728640.00,23068672.00,0.00,0.00,222208.00,256000.00
1493155096,1846272.00,156672.00,5136384.00,55784243.20,18.00,14.00,64.00,0.00,0.00,4.00,0.00,0.00,14680064.00,20971520.00,0.00,0.00,204800.00,233472.00
1493155097,1850368.00,156672.00,5136384.00,55784243.20,26.00,14.00,55.00,0.00,0.00,5.00,0.00,0.00,15728640.00,23068672.00,0.00,0.00,214016.00,246784.00
1493155098,1850368.00,156672.00,5136384.00,55784243.20,21.00,13.00,61.00,0.00,0.00,6.00,0.00,172032.00,15728640.00,23068672.00,0.00,0.00,218112.00,247808.00
1493155099,1854464.00,156672.00,5136384.00,55784243.20,24.00,12.00,58.00,0.00,0.00,5.00,0.00,114688.00,15728640.00,22020096.00,0.00,0.00,210944.00,242688.00
1493155100,1853440.00,156672.00,5136384.00,55784243.20,19.00,12.00,65.00,0.00,0.00,4.00,0.00,0.00,14680064.00,20971520.00,0.00,0.00,204800.00,233472.00
1493155101,1858560.00,156672.00,5136384.00,55679385.60,23.00,13.00,58.00,0.00,0.00,5.00,0.00,0.00,15728640.00,22020096.00,0.00,0.00,212992.00,243712.00
1493155102,1858560.00,156672.00,5136384.00,55679385.60,20.00,12.00,61.00,0.00,0.00,7.00,0.00,0.00,15728640.00,22020096.00,0.00,0.00,215040.00,243712.00
1493155103,1864704.00,156672.00,5136384.00,55679385.60,23.00,12.00,61.00,0.00,0.00,4.00,0.00,0.00,14680064.00,20971520.00,0.00,0.00,204800.00,232448.00
1493155104,1864704.00,156672.00,5136384.00,55679385.60,12.00,9.00,75.00,0.00,0.00,4.00,0.00,114688.00,11534336.00,16777216.00,0.00,0.00,173056.00,193536.00
1493155105,1868800.00,156672.00,5136384.00,55679385.60,20.00,9.00,66.00,0.00,0.00,5.00,0.00,0.00,13631488.00,19922944.00,0.00,0.00,192512.00,222208.00
1493155106,1869824.00,156672.00,5136384.00,55679385.60,20.00,13.00,62.00,0.00,0.00,5.00,0.00,0.00,14680064.00,22020096.00,0.00,0.00,211968.00,240640.00
1493155107,1872896.00,156672.00,5136384.00,55679385.60,24.00,12.00,60.00,0.00,0.00,5.00,0.00,0.00,14680064.00,20971520.00,0.00,0.00,203776.00,234496.00
1493155108,1872896.00,156672.00,5136384.00,55679385.60,21.00,14.00,62.00,0.00,0.00,4.00,0.00,0.00,14680064.00,22020096.00,0.00,0.00,209920.00,239616.00
1493155109,1876992.00,156672.00,5136384.00,55679385.60,25.00,13.00,58.00,0.00,0.00,4.00,0.00,114688.00,14680064.00,22020096.00,0.00,0.00,204800.00,236544.00
1493155110,1878016.00,156672.00,5136384.00,55679385.60,19.00,15.00,60.00,0.00,0.00,6.00,0.00,0.00,15728640.00,23068672.00,0.00,0.00,221184.00,250880.00
1493155111,1881088.00,156672.00,5136384.00,55679385.60,21.00,12.00,63.00,0.00,0.00,5.00,0.00,0.00,14680064.00,20971520.00,0.00,0.00,198656.00,229376.00
1493155112,1881088.00,156672.00,5136384.00,55679385.60,23.00,15.00,56.00,0.00,0.00,6.00,0.00,0.00,16777216.00,24117248.00,0.00,0.00,227328.00,259072.00
1493155113,1884160.00,156672.00,5136384.00,55679385.60,23.00,10.00,62.00,0.00,0.00,5.00,0.00,40960.00,14680064.00,20971520.00,0.00,0.00,199680.00,228352.00
1493155114,1884160.00,156672.00,5136384.00,55679385.60,22.00,16.00,56.00,0.00,0.00,6.00,0.00,147456.00,16777216.00,24117248.00,0.00,0.00,229376.00,262144.00
1493155115,1889280.00,156672.00,5136384.00,55679385.60,21.00,12.00,61.00,0.00,0.00,5.00,0.00,0.00,14680064.00,20971520.00,0.00,0.00,197632.00,227328.00
1493155116,1889280.00,156672.00,5136384.00,55679385.60,22.00,16.00,57.00,0.00,0.00,6.00,0.00,0.00,16777216.00,24117248.00,0.00,0.00,228352.00,261120.00
1493155117,1893376.00,156672.00,5136384.00,55679385.60,20.00,13.00,62.00,0.00,0.00,4.00,0.00,0.00,14680064.00,20971520.00,0.00,0.00,196608.00,229376.00
1493155118,1893376.00,156672.00,5136384.00,55679385.60,22.00,13.00,60.00,0.00,0.00,5.00,0.00,32768.00,15728640.00,22020096.00,0.00,0.00,215040.00,242688.00
1493155119,1897472.00,156672.00,5136384.00,55679385.60,25.00,13.00,55.00,0.00,0.00,7.00,0.00,155648.00,15728640.00,22020096.00,0.00,0.00,215040.00,245760.00
1493155120,1897472.00,156672.00,5136384.00,55679385.60,20.00,13.00,61.00,0.00,0.00,6.00,0.00,0.00,15728640.00,23068672.00,0.00,0.00,216064.00,246784.00
1493155121,1901568.00,156672.00,5136384.00,55679385.60,25.00,13.00,56.00,0.00,0.00,6.00,0.00,0.00,15728640.00,22020096.00,0.00,0.00,210944.00,243712.00
1493155122,1901568.00,156672.00,5136384.00,55679385.60,19.00,13.00,63.00,0.00,0.00,5.00,0.00,0.00,14680064.00,22020096.00,0.00,0.00,205824.00,235520.00
1493155123,1906688.00,156672.00,5136384.00,55679385.60,25.00,14.00,54.00,0.00,0.00,7.00,0.00,147456.00,15728640.00,23068672.00,0.00,0.00,217088.00,248832.00
1493155124,1909760.00,156672.00,5136384.00,55679385.60,27.00,12.00,56.00,0.00,0.00,5.00,0.00,204800.00,14680064.00,22020096.00,0.00,0.00,207872.00,239616.00
1493155125,1910784.00,156672.00,5136384.00,55679385.60,22.00,13.00,60.00,0.00,0.00,6.00,0.00,0.00,15728640.00,22020096.00,0.00,0.00,208896.00,239616.00
1493155126,1914880.00,156672.00,5136384.00,55679385.60,24.00,12.00,59.00,0.00,0.00,5.00,0.00,0.00,14680064.00,20971520.00,0.00,0.00,203776.00,234496.00
1493155127,1914880.00,156672.00,5136384.00,55679385.60,21.00,14.00,58.00,0.00,0.00,8.00,0.00,0.00,16777216.00,24117248.00,0.00,0.00,226304.00,259072.00
1493155128,1918976.00,156672.00,5136384.00,55679385.60,26.00,13.00,57.00,0.00,0.00,4.00,0.00,385024.00,14680064.00,22020096.00,0.00,0.00,208896.00,239616.00
1493155129,1918976.00,156672.00,5136384.00,55679385.60,17.00,11.00,64.00,2.00,0.00,4.00,0.00,163840.00,13631488.00,19922944.00,0.00,0.00,192512.00,221184.00
1493155130,1923072.00,156672.00,5136384.00,55679385.60,26.00,15.00,53.00,0.00,0.00,5.00,0.00,0.00,15728640.00,23068672.00,0.00,0.00,220160.00,250880.00
1493155131,1923072.00,156672.00,5136384.00,55679385.60,20.00,13.00,62.00,0.00,0.00,5.00,0.00,0.00,15728640.00,22020096.00,0.00,0.00,212992.00,241664.00
1493155132,1927168.00,156672.00,5136384.00,55679385.60,26.00,14.00,55.00,0.00,0.00,6.00,0.00,0.00,15728640.00,23068672.00,0.00,0.00,216064.00,247808.00
1493155133,1926144.00,156672.00,5136384.00,55679385.60,18.00,12.00,66.00,0.00,0.00,4.00,0.00,155648.00,13631488.00,20971520.00,0.00,0.00,192512.00,221184.00
1493155134,1931264.00,156672.00,5136384.00,55679385.60,28.00,14.00,53.00,0.00,0.00,5.00,0.00,114688.00,15728640.00,23068672.00,0.00,0.00,221184.00,253952.00
1493155135,1931264.00,156672.00,5136384.00,55679385.60,20.00,15.00,60.00,0.00,0.00,5.00,0.00,0.00,15728640.00,23068672.00,0.00,0.00,212992.00,246784.00
1493155136,1937408.00,156672.00,5136384.00,55679385.60,25.00,12.00,56.00,0.00,0.00,7.00,0.00,0.00,15728640.00,22020096.00,0.00,0.00,212992.00,242688.00
1493155137,1937408.00,156672.00,5136384.00,55679385.60,20.00,13.00,61.00,0.00,0.00,6.00,0.00,0.00,14680064.00,22020096.00,0.00,0.00,208896.00,239616.00
1493155138,1941504.00,156672.00,5136384.00,55679385.60,25.00,15.00,55.00,0.00,0.00,5.00,0.00,0.00,15728640.00,22020096.00,0.00,0.00,222208.00,251904.00
1493155139,1941504.00,156672.00,5136384.00,55679385.60,21.00,13.00,62.00,0.00,0.00,5.00,0.00,131072.00,15728640.00,22020096.00,0.00,0.00,212992.00,243712.00
1493155140,1945600.00,156672.00,5136384.00,55679385.60,20.00,11.00,65.00,0.00,0.00,4.00,0.00,0.00,13631488.00,18874368.00,0.00,0.00,194560.00,219136.00
1493155141,1945600.00,156672.00,5136384.00,55679385.60,18.00,13.00,64.00,0.00,0.00,5.00,0.00,0.00,14680064.00,20971520.00,0.00,0.00,207872.00,236544.00
1493155142,1948672.00,156672.00,5136384.00,55679385.60,23.00,11.00,62.00,0.00,0.00,4.00,0.00,0.00,14680064.00,20971520.00,0.00,0.00,200704.00,232448.00
1493155143,1949696.00,156672.00,5136384.00,55679385.60,21.00,15.00,58.00,0.00,0.00,7.00,0.00,24576.00,16777216.00,24117248.00,0.00,0.00,223232.00,259072.00
1493155144,1953792.00,156672.00,5136384.00,55679385.60,22.00,12.00,61.00,0.00,0.00,5.00,0.00,147456.00,13631488.00,20971520.00,0.00,0.00,194560.00,223232.00
1493155145,1953792.00,156672.00,5136384.00,55679385.60,20.00,15.00,59.00,0.00,0.00,5.00,0.00,0.00,15728640.00,23068672.00,0.00,0.00,217088.00,247808.00
1493155146,1957888.00,156672.00,5136384.00,55679385.60,24.00,13.00,58.00,0.00,0.00,6.00,0.00,0.00,14680064.00,22020096.00,0.00,0.00,211968.00,241664.00
1493155147,1963008.00,156672.00,5136384.00,55574528.00,27.00,12.00,55.00,0.00,0.00,6.00,0.00,0.00,15728640.00,23068672.00,0.00,0.00,220160.00,254976.00
1493155148,1961984.00,156672.00,5136384.00,55574528.00,20.00,13.00,62.00,0.00,0.00,5.00,0.00,40960.00,14680064.00,22020096.00,0.00,0.00,206848.00,236544.00
1493155149,1967104.00,156672.00,5136384.00,55574528.00,24.00,12.00,59.00,0.00,0.00,5.00,0.00,131072.00,14680064.00,22020096.00,0.00,0.00,209920.00,242688.00
1493155150,1966080.00,156672.00,5136384.00,55574528.00,19.00,15.00,60.00,0.00,0.00,6.00,0.00,0.00,15728640.00,23068672.00,0.00,0.00,217088.00,247808.00
1493155151,1970176.00,156672.00,5136384.00,55574528.00,23.00,11.00,62.00,0.00,0.00,5.00,0.00,0.00,14680064.00,20971520.00,0.00,0.00,198656.00,228352.00
1493155152,1971200.00,156672.00,5136384.00,55574528.00,21.00,14.00,58.00,0.00,0.00,6.00,0.00,0.00,15728640.00,24117248.00,0.00,0.00,228352.00,259072.00
1493155153,1974272.00,156672.00,5136384.00,55574528.00,22.00,11.00,62.00,0.00,0.00,5.00,0.00,73728.00,14680064.00,20971520.00,0.00,0.00,198656.00,228352.00
1493155154,1974272.00,156672.00,5136384.00,55574528.00,25.00,16.00,55.00,0.00,0.00,5.00,0.00,155648.00,16777216.00,24117248.00,0.00,0.00,230400.00,262144.00
1493155155,1979392.00,156672.00,5136384.00,55574528.00,23.00,13.00,60.00,0.00,0.00,4.00,0.00,0.00,14680064.00,20971520.00,0.00,0.00,198656.00,230400.00
1493155156,1978368.00,156672.00,5136384.00,55574528.00,22.00,15.00,57.00,0.00,0.00,6.00,0.00,0.00,16777216.00,24117248.00,0.00,0.00,229376.00,263168.00
1493155157,1982464.00,156672.00,5136384.00,55574528.00,22.00,13.00,60.00,0.00,0.00,5.00,0.00,0.00,14680064.00,20971520.00,0.00,0.00,199680.00,229376.00
1493155158,1983488.00,156672.00,5136384.00,55574528.00,22.00,14.00,58.00,0.00,0.00,6.00,0.00,90112.00,15728640.00,23068672.00,0.00,0.00,221184.00,252928.00
1493155159,1987584.00,156672.00,5136384.00,55574528.00,25.00,12.00,58.00,0.00,0.00,5.00,0.00,196608.00,15728640.00,22020096.00,0.00,0.00,210944.00,242688.00
1493155160,1987584.00,156672.00,5136384.00,55574528.00,20.00,13.00,60.00,0.00,0.00,7.00,0.00,0.00,15728640.00,23068672.00,0.00,0.00,218112.00,247808.00
1493155161,1991680.00,156672.00,5136384.00,55574528.00,24.00,11.00,60.00,0.00,0.00,4.00,0.00,0.00,14680064.00,20971520.00,0.00,0.00,204800.00,235520.00
1493155162,1991680.00,156672.00,5136384.00,55574528.00,18.00,12.00,64.00,0.00,0.00,6.00,0.00,0.00,14680064.00,20971520.00,0.00,0.00,204800.00,233472.00
1493155163,1995776.00,156672.00,5136384.00,55574528.00,26.00,16.00,52.00,0.00,0.00,6.00,0.00,352256.00,15728640.00,23068672.00,0.00,0.00,220160.00,252928.00
1493155164,1998848.00,156672.00,5136384.00,55574528.00,22.00,13.00,61.00,0.00,0.00,5.00,0.00,172032.00,15728640.00,22020096.00,0.00,0.00,212992.00,242688.00
1493155165,1999872.00,156672.00,5136384.00,55574528.00,19.00,13.00,63.00,0.00,0.00,5.00,0.00,0.00,13631488.00,20971520.00,0.00,0.00,198656.00,227328.00
1493155166,1998848.00,156672.00,5136384.00,55574528.00,15.00,7.00,74.00,0.00,0.00,4.00,0.00,0.00,11534336.00,16777216.00,0.00,0.00,167936.00,187392.00
1493155167,2003968.00,156672.00,5136384.00,55574528.00,26.00,14.00,55.00,0.00,0.00,5.00,0.00,0.00,15728640.00,23068672.00,0.00,0.00,220160.00,252928.00
1493155168,2003968.00,156672.00,5136384.00,55574528.00,20.00,15.00,60.00,0.00,0.00,5.00,0.00,155648.00,15728640.00,23068672.00,0.00,0.00,216064.00,245760.00
1493155169,2007040.00,157696.00,5136384.00,55574528.00,21.00,11.00,62.00,0.00,0.00,5.00,0.00,114688.00,13631488.00,19922944.00,0.00,0.00,192512.00,221184.00
1493155170,2008064.00,157696.00,5136384.00,55574528.00,19.00,14.00,62.00,0.00,0.00,4.00,0.00,0.00,14680064.00,22020096.00,0.00,0.00,210944.00,240640.00
1493155171,2014208.00,157696.00,5136384.00,55574528.00,27.00,14.00,54.00,0.00,0.00,5.00,0.00,0.00,15728640.00,23068672.00,0.00,0.00,217088.00,248832.00
1493155172,2018304.00,157696.00,5136384.00,55574528.00,23.00,13.00,58.00,0.00,0.00,6.00,0.00,0.00,14680064.00,22020096.00,0.00,0.00,208896.00,238592.00
1493155173,2018304.00,157696.00,5136384.00,55574528.00,20.00,11.00,64.00,0.00,0.00,5.00,0.00,0.00,14680064.00,22020096.00,0.00,0.00,205824.00,237568.00
1493155174,2022400.00,157696.00,5136384.00,55574528.00,24.00,13.00,58.00,0.00,0.00,6.00,0.00,114688.00,14680064.00,22020096.00,0.00,0.00,207872.00,237568.00
1493155175,2022400.00,157696.00,5136384.00,55574528.00,21.00,14.00,60.00,0.00,0.00,5.00,0.00,0.00,15728640.00,23068672.00,0.00,0.00,217088.00,248832.00
1493155176,2026496.00,157696.00,5136384.00,55574528.00,25.00,15.00,54.00,0.00,0.00,5.00,0.00,0.00,15728640.00,23068672.00,0.00,0.00,219136.00,250880.00
1493155177,2026496.00,157696.00,5136384.00,55574528.00,17.00,13.00,65.00,0.00,0.00,5.00,0.00,0.00,14680064.00,20971520.00,0.00,0.00,201728.00,229376.00
1493155178,2029568.00,157696.00,5136384.00,55574528.00,22.00,14.00,59.00,0.00,0.00,6.00,0.00,0.00,14680064.00,22020096.00,0.00,0.00,209920.00,240640.00
1493155179,2029568.00,157696.00,5136384.00,55574528.00,20.00,14.00,60.00,0.00,0.00,6.00,0.00,122880.00,15728640.00,22020096.00,0.00,0.00,211968.00,240640.00
1493155180,2033664.00,157696.00,5136384.00,55574528.00,24.00,14.00,57.00,0.00,0.00,6.00,0.00,0.00,14680064.00,22020096.00,0.00,0.00,207872.00,238592.00
1493155181,2034688.00,157696.00,5136384.00,55574528.00,23.00,13.00,61.00,0.00,0.00,4.00,0.00,0.00,15728640.00,23068672.00,0.00,0.00,216064.00,247808.00
1493155182,2037760.00,157696.00,5136384.00,55574528.00,24.00,15.00,57.00,0.00,0.00,5.00,0.00,0.00,15728640.00,22020096.00,0.00,0.00,210944.00,242688.00
1493155183,2038784.00,157696.00,5136384.00,55574528.00,21.00,12.00,61.00,0.00,0.00,6.00,0.00,90112.00,15728640.00,23068672.00,0.00,0.00,216064.00,247808.00
1493155184,2042880.00,157696.00,5136384.00,55574528.00,24.00,13.00,57.00,0.00,0.00,5.00,0.00,163840.00,14680064.00,22020096.00,0.00,0.00,204800.00,235520.00
1493155185,2042880.00,157696.00,5136384.00,55574528.00,18.00,15.00,60.00,0.00,0.00,7.00,0.00,0.00,15728640.00,23068672.00,0.00,0.00,217088.00,247808.00
1493155186,2046976.00,157696.00,5136384.00,55574528.00,22.00,13.00,61.00,0.00,0.00,4.00,0.00,0.00,14680064.00,20971520.00,0.00,0.00,199680.00,228352.00
1493155187,2046976.00,157696.00,5136384.00,55574528.00,22.00,15.00,57.00,0.00,0.00,6.00,0.00,0.00,16777216.00,24117248.00,0.00,0.00,227328.00,261120.00
1493155188,2051072.00,157696.00,5136384.00,55574528.00,22.00,12.00,61.00,0.00,0.00,4.00,0.00,57344.00,14680064.00,20971520.00,0.00,0.00,195584.00,225280.00
1493155189,2051072.00,157696.00,5136384.00,55574528.00,22.00,17.00,55.00,0.00,0.00,5.00,0.00,155648.00,16777216.00,24117248.00,0.00,0.00,228352.00,261120.00
1493155190,2055168.00,157696.00,5136384.00,55574528.00,22.00,13.00,60.00,0.00,0.00,5.00,0.00,0.00,14680064.00,20971520.00,0.00,0.00,199680.00,230400.00
1493155191,2055168.00,157696.00,5136384.00,55574528.00,20.00,13.00,61.00,0.00,0.00,6.00,0.00,0.00,15728640.00,23068672.00,0.00,0.00,219136.00,250880.00
1493155192,2058240.00,157696.00,5136384.00,55574528.00,24.00,13.00,58.00,0.00,0.00,5.00,0.00,0.00,14680064.00,22020096.00,0.00,0.00,208896.00,240640.00
1493155193,2062336.00,157696.00,5136384.00,55574528.00,24.00,15.00,56.00,0.00,0.00,5.00,0.00,139264.00,15728640.00,22020096.00,0.00,0.00,212992.00,244736.00
1493155194,2063360.00,157696.00,5136384.00,55574528.00,21.00,13.00,61.00,0.00,0.00,5.00,0.00,237568.00,15728640.00,22020096.00,0.00,0.00,212992.00,243712.00
1493155195,2067456.00,157696.00,5136384.00,55469670.40,28.00,12.00,56.00,0.00,0.00,4.00,0.00,0.00,15728640.00,22020096.00,0.00,0.00,209920.00,242688.00
1493155196,2067456.00,157696.00,5136384.00,55469670.40,22.00,13.00,59.00,0.00,0.00,6.00,0.00,0.00,15728640.00,23068672.00,0.00,0.00,215040.00,247808.00
1493155197,2071552.00,157696.00,5136384.00,55469670.40,22.00,14.00,60.00,0.00,0.00,5.00,0.00,0.00,14680064.00,20971520.00,0.00,0.00,204800.00,234496.00
1493155198,2070528.00,157696.00,5136384.00,55469670.40,21.00,12.00,61.00,0.00,0.00,6.00,0.00,352256.00,15728640.00,22020096.00,0.00,0.00,214016.00,244736.00
1493155199,2075648.00,157696.00,5136384.00,55469670.40,23.00,13.00,58.00,0.00,0.00,6.00,0.00,131072.00,15728640.00,22020096.00,0.00,0.00,209920.00,242688.00
1493155200,2076672.00,157696.00,5136384.00,55469670.40,22.00,14.00,60.00,0.00,0.00,4.00,0.00,0.00,15728640.00,22020096.00,0.00,0.00,225280.00,253952.00
1493155201,2081792.00,157696.00,5136384.00,55469670.40,20.00,12.00,63.00,0.00,0.00,5.00,0.00,0.00,13631488.00,19922944.00,0.00,0.00,208896.00,233472.00
1493155202,2081792.00,157696.00,5136384.00,55469670.40,17.00,11.00,67.00,0.00,0.00,5.00,0.00,0.00,14680064.00,20971520.00,0.00,0.00,200704.00,236544.00
1493155203,2085888.00,157696.00,5136384.00,55469670.40,21.00,14.00,60.00,0.00,0.00,5.00,0.00,180224.00,14680064.00,22020096.00,0.00,0.00,207872.00,238592.00
1493155204,2085888.00,157696.00,5136384.00,55469670.40,22.00,15.00,58.00,0.00,0.00,5.00,0.00,122880.00,15728640.00,23068672.00,0.00,0.00,226304.00,257024.00
1493155205,2089984.00,157696.00,5136384.00,55469670.40,23.00,14.00,58.00,0.00,0.00,5.00,0.00,0.00,14680064.00,22020096.00,0.00,0.00,209920.00,239616.00
1493155206,2089984.00,157696.00,5136384.00,55469670.40,19.00,13.00,63.00,0.00,0.00,5.00,0.00,0.00,14680064.00,22020096.00,0.00,0.00,210944.00,239616.00
1493155207,2094080.00,157696.00,5136384.00,55469670.40,23.00,13.00,58.00,0.00,0.00,6.00,0.00,0.00,14680064.00,22020096.00,0.00,0.00,207872.00,239616.00
1493155208,2094080.00,157696.00,5136384.00,55469670.40,19.00,15.00,59.00,0.00,0.00,6.00,0.00,0.00,15728640.00,23068672.00,0.00,0.00,218112.00,247808.00
1493155209,2098176.00,157696.00,5137408.00,55469670.40,24.00,14.00,57.00,0.00,0.00,5.00,0.00,114688.00,15728640.00,22020096.00,0.00,0.00,211968.00,243712.00
1493155210,2099200.00,157696.00,5137408.00,55469670.40,19.00,12.00,65.00,0.00,0.00,4.00,0.00,0.00,14680064.00,20971520.00,0.00,0.00,202752.00,238592.00
1493155211,2102272.00,157696.00,5137408.00,55469670.40,23.00,14.00,58.00,0.00,0.00,6.00,0.00,0.00,14680064.00,22020096.00,0.00,0.00,206848.00,242688.00
1493155212,2102272.00,157696.00,5137408.00,55469670.40,20.00,14.00,61.00,0.00,0.00,5.00,0.00,0.00,15728640.00,23068672.00,0.00,0.00,216064.00,247808.00
1493155213,2106368.00,157696.00,5137408.00,55469670.40,25.00,14.00,57.00,0.00,0.00,4.00,0.00,40960.00,15728640.00,22020096.00,0.00,0.00,209920.00,242688.00
1493155214,2105344.00,157696.00,5137408.00,55469670.40,18.00,14.00,64.00,0.00,0.00,4.00,0.00,114688.00,14680064.00,22020096.00,0.00,0.00,206848.00,235520.00
1493155215,2111488.00,157696.00,5137408.00,55469670.40,26.00,14.00,55.00,0.00,0.00,6.00,0.00,0.00,15728640.00,23068672.00,0.00,0.00,219136.00,252928.00
1493155216,2114560.00,157696.00,5137408.00,55469670.40,22.00,15.00,58.00,0.00,0.00,5.00,0.00,0.00,14680064.00,22020096.00,0.00,0.00,209920.00,241664.00
1493155217,2114560.00,157696.00,5137408.00,55469670.40,21.00,15.00,58.00,0.00,0.00,6.00,0.00,0.00,15728640.00,23068672.00,0.00,0.00,217088.00,249856.00
1493155218,2118656.00,157696.00,5137408.00,55469670.40,24.00,12.00,60.00,0.00,0.00,5.00,0.00,40960.00,14680064.00,20971520.00,0.00,0.00,199680.00,228352.00
1493155219,2119680.00,157696.00,5137408.00,55469670.40,18.00,13.00,64.00,0.00,0.00,5.00,0.00,147456.00,14680064.00,20971520.00,0.00,0.00,203776.00,234496.00
1493155220,2118656.00,157696.00,5137408.00,55469670.40,16.00,10.00,71.00,0.00,0.00,3.00,0.00,0.00,11534336.00,17825792.00,0.00,0.00,178176.00,198656.00
1493155221,2122752.00,157696.00,5137408.00,55469670.40,26.00,13.00,57.00,0.00,0.00,4.00,0.00,0.00,14680064.00,22020096.00,0.00,0.00,208896.00,240640.00
1493155222,2126848.00,157696.00,5137408.00,55469670.40,21.00,11.00,63.00,0.00,0.00,5.00,0.00,0.00,14680064.00,20971520.00,0.00,0.00,202752.00,230400.00
1493155223,2126848.00,157696.00,5137408.00,55469670.40,21.00,14.00,60.00,0.00,0.00,6.00,0.00,24576.00,15728640.00,22020096.00,0.00,0.00,215040.00,244736.00
1493155224,2130944.00,157696.00,5137408.00,55469670.40,23.00,14.00,58.00,0.00,0.00,5.00,0.00,139264.00,14680064.00,20971520.00,0.00,0.00,210944.00,239616.00
1493155225,2131968.00,157696.00,5137408.00,55469670.40,22.00,16.00,56.00,0.00,0.00,6.00,0.00,0.00,16777216.00,24117248.00,0.00,0.00,228352.00,261120.00
1493155226,2136064.00,157696.00,5137408.00,55469670.40,23.00,11.00,60.00,0.00,0.00,6.00,0.00,0.00,14680064.00,20971520.00,0.00,0.00,200704.00,228352.00
1493155227,2136064.00,157696.00,5137408.00,55469670.40,16.00,11.00,68.00,0.00,0.00,4.00,0.00,0.00,13631488.00,18874368.00,0.00,0.00,191488.00,217088.00
1493155228,2136064.00,157696.00,5137408.00,55469670.40,11.00,7.00,78.00,0.00,0.00,3.00,0.00,122880.00,11534336.00,15728640.00,0.00,0.00,192512.00,203776.00
1493155229,2140160.00,157696.00,5137408.00,55469670.40,22.00,12.00,61.00,0.00,0.00,6.00,0.00,221184.00,14680064.00,20971520.00,0.00,0.00,200704.00,232448.00
1493155230,2140160.00,157696.00,5137408.00,55469670.40,21.00,14.00,60.00,0.00,0.00,5.00,0.00,0.00,15728640.00,23068672.00,0.00,0.00,219136.00,248832.00
1493155231,2144256.00,157696.00,5137408.00,55469670.40,21.00,10.00,63.00,0.00,0.00,5.00,0.00,0.00,13631488.00,20971520.00,0.00,0.00,199680.00,228352.00
1493155232,2144256.00,157696.00,5137408.00,55469670.40,19.00,13.00,63.00,0.00,0.00,5.00,0.00,0.00,15728640.00,22020096.00,0.00,0.00,218112.00,248832.00
1493155233,2148352.00,157696.00,5137408.00,55469670.40,24.00,14.00,57.00,0.00,0.00,5.00,0.00,360448.00,15728640.00,22020096.00,0.00,0.00,211968.00,244736.00
1493155234,2154496.00,157696.00,5137408.00,55469670.40,27.00,14.00,53.00,0.00,0.00,5.00,0.00,155648.00,15728640.00,23068672.00,0.00,0.00,223232.00,253952.00
1493155235,2153472.00,157696.00,5137408.00,55469670.40,18.00,12.00,65.00,0.00,0.00,5.00,0.00,0.00,14680064.00,20971520.00,0.00,0.00,205824.00,234496.00
1493155236,2158592.00,157696.00,5137408.00,55469670.40,25.00,12.00,58.00,0.00,0.00,5.00,0.00,0.00,14680064.00,22020096.00,0.00,0.00,212992.00,241664.00
1493155237,2158592.00,157696.00,5137408.00,55469670.40,22.00,12.00,59.00,0.00,0.00,7.00,0.00,0.00,15728640.00,23068672.00,0.00,0.00,217088.00,249856.00
1493155238,2162688.00,157696.00,5137408.00,55469670.40,23.00,13.00,58.00,0.00,0.00,6.00,0.00,147456.00,14680064.00,22020096.00,0.00,0.00,210944.00,239616.00
1493155239,2161664.00,157696.00,5137408.00,55469670.40,20.00,13.00,63.00,0.00,0.00,4.00,0.00,122880.00,14680064.00,22020096.00,0.00,0.00,207872.00,238592.00
1493155240,2166784.00,157696.00,5137408.00,55469670.40,27.00,13.00,55.00,0.00,0.00,5.00,0.00,0.00,15728640.00,23068672.00,0.00,0.00,222208.00,253952.00
1493155241,2166784.00,157696.00,5137408.00,55469670.40,20.00,17.00,59.00,0.00,0.00,5.00,0.00,0.00,15728640.00,23068672.00,0.00,0.00,216064.00,247808.00
1493155242,2169856.00,157696.00,5137408.00,55364812.80,23.00,13.00,59.00,0.00,0.00,5.00,0.00,0.00,14680064.00,22020096.00,0.00,0.00,210944.00,241664.00
1493155243,2170880.00,157696.00,5137408.00,55364812.80,21.00,13.00,61.00,0.00,0.00,5.00,0.00,40960.00,14680064.00,22020096.00,0.00,0.00,207872.00,236544.00
1493155244,2174976.00,157696.00,5137408.00,55364812.80,25.00,16.00,55.00,0.00,0.00,4.00,0.00,114688.00,15728640.00,23068672.00,0.00,0.00,220160.00,251904.00
1493155245,2174976.00,157696.00,5137408.00,55364812.80,21.00,15.00,59.00,0.00,0.00,6.00,0.00,0.00,15728640.00,23068672.00,0.00,0.00,220160.00,251904.00
1493155246,2179072.00,157696.00,5137408.00,55364812.80,22.00,12.00,61.00,0.00,0.00,5.00,0.00,0.00,14680064.00,20971520.00,0.00,0.00,200704.00,231424.00
1493155247,2179072.00,157696.00,5137408.00,55364812.80,19.00,14.00,61.00,0.00,0.00,6.00,0.00,0.00,15728640.00,23068672.00,0.00,0.00,220160.00,249856.00
1493155248,2183168.00,157696.00,5137408.00,55364812.80,24.00,13.00,58.00,0.00,0.00,5.00,0.00,0.00,14680064.00,22020096.00,0.00,0.00,210944.00,241664.00
1493155249,2183168.00,157696.00,5137408.00,55364812.80,22.00,12.00,61.00,0.00,0.00,5.00,0.00,131072.00,15728640.00,22020096.00,0.00,0.00,216064.00,243712.00
1493155250,2187264.00,157696.00,5137408.00,55364812.80,25.00,12.00,57.00,0.00,0.00,5.00,0.00,0.00,15728640.00,22020096.00,0.00,0.00,212992.00,243712.00
1493155251,2187264.00,157696.00,5137408.00,55364812.80,20.00,13.00,60.00,0.00,0.00,6.00,0.00,0.00,15728640.00,23068672.00,0.00,0.00,219136.00,249856.00
1493155252,2191360.00,157696.00,5137408.00,55364812.80,23.00,13.00,59.00,0.00,0.00,5.00,0.00,0.00,14680064.00,22020096.00,0.00,0.00,210944.00,243712.00
1493155253,2192384.00,157696.00,5137408.00,55364812.80,21.00,13.00,59.00,0.00,0.00,6.00,0.00,49152.00,15728640.00,23068672.00,0.00,0.00,217088.00,247808.00
1493155254,2195456.00,157696.00,5137408.00,55364812.80,25.00,11.00,58.00,0.00,0.00,6.00,0.00,155648.00,15728640.00,22020096.00,0.00,0.00,214016.00,245760.00
1493155255,2199552.00,157696.00,5137408.00,55364812.80,25.00,11.00,59.00,0.00,0.00,5.00,0.00,0.00,14680064.00,22020096.00,0.00,0.00,204800.00,235520.00
1493155256,2199552.00,157696.00,5137408.00,55364812.80,20.00,12.00,62.00,0.00,0.00,6.00,0.00,0.00,15728640.00,22020096.00,0.00,0.00,210944.00,241664.00
1493155257,2203648.00,157696.00,5137408.00,55364812.80,22.00,13.00,58.00,0.00,0.00,7.00,0.00,0.00,15728640.00,22020096.00,0.00,0.00,210944.00,242688.00
1493155258,2204672.00,157696.00,5137408.00,55364812.80,23.00,13.00,59.00,0.00,0.00,5.00,0.00,40960.00,15728640.00,23068672.00,0.00,0.00,225280.00,256000.00
1493155259,2206720.00,157696.00,5137408.00,55364812.80,21.00,12.00,62.00,0.00,0.00,5.00,0.00,155648.00,13631488.00,19922944.00,0.00,0.00,197632.00,225280.00
1493155260,2207744.00,157696.00,5137408.00,55364812.80,18.00,13.00,64.00,0.00,0.00,5.00,0.00,0.00,14680064.00,20971520.00,0.00,0.00,215040.00,241664.00
1493155261,2211840.00,157696.00,5137408.00,55364812.80,19.00,12.00,64.00,0.00,0.00,4.00,0.00,0.00,13631488.00,19922944.00,0.00,0.00,203776.00,231424.00
1493155262,2211840.00,157696.00,5137408.00,55364812.80,18.00,13.00,65.00,0.00,0.00,5.00,0.00,0.00,14680064.00,22020096.00,0.00,0.00,216064.00,246784.00
1493155263,2215936.00,157696.00,5137408.00,55364812.80,20.00,13.00,64.00,0.00,0.00,3.00,0.00,147456.00,13631488.00,19922944.00,0.00,0.00,193536.00,219136.00
1493155264,2215936.00,157696.00,5137408.00,55364812.80,19.00,14.00,63.00,0.00,0.00,5.00,0.00,262144.00,14680064.00,22020096.00,0.00,0.00,214016.00,242688.00
1493155265,2220032.00,157696.00,5137408.00,55364812.80,23.00,12.00,59.00,0.00,0.00,6.00,0.00,0.00,14680064.00,22020096.00,0.00,0.00,209920.00,240640.00
1493155266,2221056.00,157696.00,5137408.00,55364812.80,21.00,16.00,56.00,0.00,0.00,7.00,0.00,0.00,16777216.00,24117248.00,0.00,0.00,230400.00,263168.00
1493155267,2226176.00,157696.00,5137408.00,55364812.80,21.00,11.00,62.00,0.00,0.00,5.00,0.00,0.00,14680064.00,20971520.00,0.00,0.00,198656.00,230400.00
1493155268,2226176.00,157696.00,5137408.00,55364812.80,18.00,13.00,63.00,0.00,0.00,6.00,0.00,319488.00,14680064.00,22020096.00,0.00,0.00,207872.00,235520.00
1493155269,2231296.00,157696.00,5137408.00,55364812.80,26.00,17.00,52.00,0.00,0.00,5.00,0.00,131072.00,15728640.00,23068672.00,0.00,0.00,222208.00,254976.00
1493155270,2230272.00,157696.00,5137408.00,55364812.80,18.00,14.00,63.00,0.00,0.00,5.00,0.00,0.00,15728640.00,22020096.00,0.00,0.00,216064.00,246784.00
1493155271,2235392.00,157696.00,5137408.00,55364812.80,25.00,11.00,59.00,0.00,0.00,5.00,0.00,0.00,14680064.00,22020096.00,0.00,0.00,206848.00,236544.00
1493155272,2235392.00,157696.00,5137408.00,55364812.80,20.00,13.00,61.00,0.00,0.00,6.00,0.00,0.00,15728640.00,23068672.00,0.00,0.00,218112.00,247808.00
