--Probe dump file for probe: org.yardstickframework.probes.ThroughputLatencyProbe@25cc7470 (class org.yardstickframework.probes.ThroughputLatencyProbe)
--Created Tue Apr 25 21:15:12 UTC 2017
--Benchmark config: BenchmarkConfiguration [memberId='0', driverNames='[IgnitePutGetTxBenchmark]', serverName='IgniteNode', threads=64, duration=300, warmup=60, dfltProbeClsNames=[ThroughputLatencyProbe, PercentileProbe, DStatProbe], propsFileName='yardstick/config/run.properties', packages=[org.yardstickframework, org.apache.ignite.yardstick], cmdArgs=[--outputFolder, /home/ubuntu/date-2504-204359-s-4-c-1-ver-2.0.0-SNAPSHOT-0be92732/yardstick/bin/../output/results-20170425-204411, -id, 0, -cfg, /home/ubuntu/date-2504-204359-s-4-c-1-ver-2.0.0-SNAPSHOT-0be92732/yardstick/bin/../config/ignite-config.xml, -nn, 5, -b, 1, -w, 60, -d, 300, -t, 64, -sm, FULL_SYNC, -txc, PESSIMISTIC, --client, -dn, IgnitePutGetTxBenchmark, -sn, IgniteNode, -ds, 2.0.0-SNAPSHOT-0be92732-tx-pessim-repRead-put-get-1-backup, --config, yardstick/config/run.properties, --logsFolder, /home/ubuntu/date-2504-204359-s-4-c-1-ver-2.0.0-SNAPSHOT-0be92732/yardstick/bin/../output/logs-20170425-204411/logs_drivers, --currentFolder, /home/ubuntu/date-2504-204359-s-4-c-1-ver-2.0.0-SNAPSHOT-0be92732, --scriptsFolder, /home/ubuntu/date-2504-204359-s-4-c-1-ver-2.0.0-SNAPSHOT-0be92732/yardstick/bin], probeWriter='null', customProps={ver=2.0.0-SNAPSHOT-0be92732- , b=1, d=300, SERVER_HOSTS=172.31.45.250,172.31.38.80,172.31.41.141,172.31.42.161, now0=`date +'%H%M%S'`, j=10, nodesNum=$((`echo ${SERVER_HOSTS} | tr ',' '' | wc -l` + `echo ${DRIVER_HOSTS} | tr ',' '' | wc -l`)), JVM_OPTS=${JVM_OPTS}" -Xms6g -Xmx6g -Xloggc:./gc${now0}.log -XX:+PrintGCDetails -verbose:gc -XX:+UseParNewGC -XX:+UseConcMarkSweepGC ", CONFIGS="-cfg ${SCRIPT_DIR}/../config/ignite-config.xml -nn ${nodesNum} -b ${b} -w ${w} -d ${d} -t ${t} -sm ${sm}  --client -dn IgnitePutBenchmark -sn IgniteNode -wom PRIMARY -ds ${ver}atomic-put-${b}-backup,-cfg ${SCRIPT_DIR}/../config/ignite-config.xml -nn ${nodesNum} -b ${b} -w ${w} -d ${d} -t ${t} -sm ${sm}  --client -dn IgnitePutGetBenchmark -sn IgniteNode -wom PRIMARY -ds ${ver}atomic-put-get-${b}-backup,-cfg ${SCRIPT_DIR}/../config/ignite-config.xml -nn ${nodesNum} -b ${b} -w ${w} -d ${d} -t ${t} -sm ${sm} -bs 6  --client -dn IgnitePutGetBatchBenchmark -wom PRIMARY -sn IgniteNode -ds ${ver}atomic-put-get-bs-6-${b}-backup,-cfg ${SCRIPT_DIR}/../config/ignite-config.xml -nn ${nodesNum} -b ${b} -w ${w} -d ${d} -t ${t} -sm ${sm}  --client -dn IgnitePutTxImplicitBenchmark -sn IgniteNode -ds ${ver}tx-optimistic-put-${b}-backup,-cfg ${SCRIPT_DIR}/../config/ignite-config.xml -nn ${nodesNum} -b ${b} -w ${w} -d ${d} -t ${t} -sm ${sm} -txc OPTIMISTIC  --client -dn IgnitePutGetTxBenchmark -sn IgniteNode -ds ${ver}tx-optim-repRead-put-get-${b}-backup,-cfg ${SCRIPT_DIR}/../config/ignite-config.xml -nn ${nodesNum} -b ${b} -w ${w} -d ${d} -t ${t} -sm ${sm} -txc PESSIMISTIC  --client -dn IgnitePutGetTxBenchmark -sn IgniteNode -ds ${ver}tx-pessim-repRead-put-get-${b}-backup,-cfg ${SCRIPT_DIR}/../config/ignite-config.xml -nn ${nodesNum} -b ${b} -w ${w} -d ${d} -t ${t} -sm ${sm} -txc OPTIMISTIC -txi SERIALIZABLE  --client -dn IgnitePutGetTxBenchmark -sn IgniteNode -ds ${ver}tx-opt-serial-put-get-${b}-backup,-cfg ${SCRIPT_DIR}/../config/ignite-config.xml -nn ${nodesNum} -b ${b} -w ${w} -d ${d} -t ${t} -sm ${sm}  --client -dn IgniteSqlQueryBenchmark -sn IgniteNode -ds ${ver}sql-query-${b}-backup,-cfg ${SCRIPT_DIR}/../config/ignite-config.xml -nn ${nodesNum} -b ${b} -w ${w} -d ${d} -t ${t} -sm ${sm}  --client -dn IgniteSqlQueryPutBenchmark -sn IgniteNode -ds ${ver}sql-query-put-${b}-backup,-cfg ${SCRIPT_DIR}/../config/ignite-config.xml -nn ${nodesNum} -b ${b} -w ${w} -d ${d} -t ${t} -sm ${sm} -bs 6  --client -dn IgnitePutAllBenchmark -wom PRIMARY -sn IgniteNode -ds ${ver}atomic-putAll-bs-6-${b}-backup,-cfg ${SCRIPT_DIR}/../config/ignite-config.xml -nn ${nodesNum} -b ${b} -w ${w} -d ${d} -t ${t} -sm ${sm} -bs 6  --client -dn IgnitePutAllTxBenchmark -sn IgniteNode -ds ${ver}tx-putAll-bs-6-${b}-backup,-cfg ${SCRIPT_DIR}/../config/ignite-config.xml -nn ${nodesNum} -b ${b} -w ${w} -d ${d} -t ${t} -sm ${sm} -bs 6  --client -dn IgnitePutAllSerializableTxBenchmark -sn IgniteNode -ds ${ver}tx-putAllSerializable-bs-6-${b}-backup,-cfg ${SCRIPT_DIR}/../config/ignite-config.xml -nn ${nodesNum} -b ${b} -w ${w} -d ${d} -t ${t} -sm ${sm} -bs 6 -txc OPTIMISTIC   --client -dn IgniteGetAllPutAllTxBenchmark -sn IgniteNode -ds ${ver}tx-optimistic-getAllPutAll-bs-6-${b}-backup,-cfg ${SCRIPT_DIR}/../config/ignite-config.xml -nn ${nodesNum} -b ${b} -w ${w} -d ${d} -t ${t} -sm ${sm} -bs 6 -txc PESSIMISTIC  --client -dn IgniteGetAllPutAllTxBenchmark -sn IgniteNode -ds ${ver}tx-pessimistic-getAllPutAll-bs-6-${b}-backup,-cfg ${SCRIPT_DIR}/../config/ignite-config.xml -nn ${nodesNum} -b ${b} -w ${w} -d ${d} -t ${t} -sm ${sm} -bs 6 -txc OPTIMISTIC -txi SERIALIZABLE  --client -dn IgniteGetAllPutAllTxBenchmark -sn IgniteNode -ds ${ver}tx-opt-serializable-getAllPutAll-bs-6-${b}-backup,", DRIVER_HOSTS=172.31.46.6, t=64, BENCHMARK_PACKAGES=org.yardstickframework,org.apache.ignite.yardstick, w=60, sm=FULL_SYNC, AUTO_COPY=false, RESTART_SERVERS=true}, shutdownHook=true, currentFolder=/home/ubuntu/date-2504-204359-s-4-c-1-ver-2.0.0-SNAPSHOT-0be92732, scriptsFolder=/home/ubuntu/date-2504-204359-s-4-c-1-ver-2.0.0-SNAPSHOT-0be92732/yardstick/bin, logsFolder=/home/ubuntu/date-2504-204359-s-4-c-1-ver-2.0.0-SNAPSHOT-0be92732/yardstick/bin/../output/logs-20170425-204411/logs_drivers, outputFolder=/home/ubuntu/date-2504-204359-s-4-c-1-ver-2.0.0-SNAPSHOT-0be92732/yardstick/bin/../output/results-20170425-204411, outputWriter=java.io.PrintStream@552d5a3d, errorWriter=java.io.PrintStream@5beabee8, descriptions=[2.0.0-SNAPSHOT-0be92732-tx-pessim-repRead-put-get-1-backup], hostName=]
--Description: 2.0.0-SNAPSHOT-0be92732-tx-pessim-repRead-put-get-1-backup
@@IgnitePutGetTxBenchmark
**"Time, sec","Operations/sec (more is better)","Latency, nsec (less is better)"
1493154973,17709.00,3604806.98
1493154974,18959.00,3370509.65
1493154975,19504.00,3279694.53
1493154976,16546.00,3725579.21
1493154977,19166.00,3460883.96
1493154978,18972.00,3372760.85
1493154979,17642.00,3622443.98
1493154980,16361.00,3913301.85
1493154981,16285.00,3929093.46
1493154982,15719.00,4070886.77
1493154983,16438.00,3892995.73
1493154984,17240.00,3710065.89
1493154985,19466.00,3286367.56
1493154986,20141.00,3176628.28
1493154987,16388.00,3903840.10
1493154988,15878.00,4031451.10
1493154989,19131.00,3341797.53
1493154990,20094.00,3183616.42
1493154991,15871.00,4029771.62
1493154992,17969.00,3562949.54
1493154993,19169.00,3337297.14
1493154994,19083.00,3353541.20
1493154995,16403.00,3790278.50
1493154996,15202.00,4287653.98
1493154997,17281.00,3738545.96
1493154998,18610.00,3437999.95
1493154999,16093.00,3973515.01
1493155000,19663.00,3256233.54
1493155001,19093.00,3349309.91
1493155002,17374.00,3684269.51
1493155003,17097.00,3742415.44
1493155004,19305.00,3314678.55
1493155005,19116.00,3347963.70
1493155006,17591.00,3633130.96
1493155007,17157.00,3732613.13
1493155008,19757.00,3239011.02
1493155009,18371.00,3482107.51
1493155010,17335.00,3691517.90
1493155011,18284.00,3499825.26
1493155012,19102.00,3349046.65
1493155013,17741.00,3606489.99
1493155014,17870.00,3581206.99
1493155015,18815.00,3401361.11
1493155016,17825.00,3589784.11
1493155017,18506.00,3457267.83
1493155018,17591.00,3637192.95
1493155019,18637.00,3433080.43
1493155020,16741.00,3822606.16
1493155021,16935.00,3779225.82
1493155022,17546.00,3647507.46
1493155023,18383.00,3479093.89
1493155024,17863.00,3583016.39
1493155025,17659.00,3624152.15
1493155026,19253.00,3320769.20
1493155027,18073.00,3542558.25
1493155028,17942.00,3567077.43
1493155029,18651.00,3430053.26
1493155030,18773.00,3409465.96
1493155031,17419.00,3673173.53
1493155032,17346.00,3688598.54
1493155033,18542.00,3449998.31
1493155034,18362.00,3368945.97
1493155035,17391.00,3803134.77
1493155036,17741.00,3606181.64
1493155037,19060.00,3356896.05
1493155038,18635.00,3434488.86
1493155039,17216.00,3715955.32
1493155040,18021.00,3551400.06
1493155041,18927.00,3381659.90
1493155042,18069.00,3542463.89
1493155043,12989.00,4927633.14
1493155044,17475.00,3661618.87
1493155045,18991.00,3368847.67
1493155046,18692.00,3424635.54
1493155047,18030.00,3548760.20
1493155048,16520.00,3873292.35
1493155049,17895.00,3575520.60
1493155050,18350.00,3487681.13
1493155051,17920.00,3570717.31
1493155052,18641.00,3432859.26
1493155053,17897.00,3574959.07
1493155054,18235.00,3509763.46
1493155055,17512.00,3653599.00
1493155056,18647.00,3431925.25
1493155057,18152.00,3525289.24
1493155058,18504.00,3458257.65
1493155059,17845.00,3585478.85
1493155060,17544.00,3647059.57
1493155061,17904.00,3573651.05
1493155062,18701.00,3422167.50
1493155063,19035.00,3361969.58
1493155064,17212.00,3717966.35
1493155065,18828.00,3398164.11
1493155066,17725.00,3608034.98
1493155067,18639.00,3434866.70
1493155068,16728.00,3824275.36
1493155069,19332.00,3311621.33
1493155070,16779.00,3813299.22
1493155071,16626.00,3848417.09
1493155072,16606.00,3853985.45
1493155073,18674.00,3426101.21
1493155074,19100.00,3351147.72
1493155075,18595.00,3439885.28
1493155076,16455.00,3889512.65
1493155077,17802.00,3594275.52
1493155078,17390.00,3680825.19
1493155079,18526.00,3451545.94
1493155080,15375.00,4165684.40
1493155081,16863.00,3792301.44
1493155082,17216.00,3718279.26
1493155083,18048.00,3360318.44
1493155084,17650.00,3815479.28
1493155085,18686.00,3424084.84
1493155086,17973.00,3558153.46
1493155087,18621.00,3437402.67
1493155088,17039.00,3757060.54
1493155089,18682.00,3425420.66
1493155090,18378.00,3481840.06
1493155091,18122.00,3530599.39
1493155092,16558.00,3864703.54
1493155093,18797.00,3404734.81
1493155094,17641.00,3627280.70
1493155095,19007.00,3366662.99
1493155096,17375.00,3651038.91
1493155097,18502.00,3488427.97
1493155098,18656.00,3428172.89
1493155099,18119.00,3532040.25
1493155100,17409.00,3675984.00
1493155101,18106.00,3535472.11
1493155102,18252.00,3504921.79
1493155103,17065.00,3749995.28
1493155104,13785.00,4535283.62
1493155105,16358.00,4002301.91
1493155106,17931.00,3568736.27
1493155107,17367.00,3684323.55
1493155108,17771.00,3598626.32
1493155109,17615.00,3579250.07
1493155110,18794.00,3456683.07
1493155111,17105.00,3739648.05
1493155112,19304.00,3316978.20
1493155113,16982.00,3768926.18
1493155114,19668.00,3221671.98
1493155115,17070.00,3784128.72
1493155116,19707.00,3247263.20
1493155117,17128.00,3735435.39
1493155118,18127.00,3447207.71
1493155119,18190.00,3600290.72
1493155120,18544.00,3452333.91
1493155121,18271.00,3501214.52
1493155122,17752.00,3588694.52
1493155123,19210.00,3436970.39
1493155124,17722.00,3610900.72
1493155125,17492.00,3628125.00
1493155126,18075.00,3569932.62
1493155127,19113.00,3287067.30
1493155128,18262.00,3566968.68
1493155129,16405.00,3900861.69
1493155130,18580.00,3441062.84
1493155131,18099.00,3538137.61
1493155132,18423.00,3474294.08
1493155133,16676.00,3836703.10
1493155134,18991.00,3369876.79
1493155135,18610.00,3437756.30
1493155136,17596.00,3636398.06
1493155137,18526.00,3454031.08
1493155138,17873.00,3500021.09
1493155139,18448.00,3548140.34
1493155140,15514.00,4122454.76
1493155141,16866.00,3794703.18
1493155142,16732.00,3825340.79
1493155143,19340.00,3309867.63
1493155144,16694.00,3830241.01
1493155145,18572.00,3446824.97
1493155146,17862.00,3583261.13
1493155147,18903.00,3360164.82
1493155148,17904.00,3598373.84
1493155149,18014.00,3554620.21
1493155150,18476.00,3463101.45
1493155151,16837.00,3799560.56
1493155152,19225.00,3328517.12
1493155153,16981.00,3769029.30
1493155154,19728.00,3243765.17
1493155155,17137.00,3734585.95
1493155156,19714.00,3245159.62
1493155157,17111.00,3738722.31
1493155158,18918.00,3382663.29
1493155159,18153.00,3526309.33
1493155160,18318.00,3493683.65
1493155161,17587.00,3637636.60
1493155162,17458.00,3666038.89
1493155163,18996.00,3367713.69
1493155164,17678.00,3620547.06
1493155165,16916.00,3754801.97
1493155166,13753.00,4688294.10
1493155167,19037.00,3359919.66
1493155168,18323.00,3494666.17
1493155169,15785.00,4052616.81
1493155170,18454.00,3467548.55
1493155171,18541.00,3451570.51
1493155172,17851.00,3584677.23
1493155173,17763.00,3602452.03
1493155174,17753.00,3604709.58
1493155175,18594.00,3441047.17
1493155176,18419.00,3473257.32
1493155177,16716.00,3771093.33
1493155178,18116.00,3584651.46
1493155179,18104.00,3536426.97
1493155180,17834.00,3585932.14
1493155181,18461.00,3468208.26
1493155182,17998.00,3555737.14
1493155183,18517.00,3453460.37
1493155184,17589.00,3639662.94
1493155185,18557.00,3447635.81
1493155186,17050.00,3752675.71
1493155187,19681.00,3253066.32
1493155188,16887.00,3788510.35
1493155189,19013.00,3232609.49
1493155190,17815.00,3733507.57
1493155191,18878.00,3364308.73
1493155192,18551.00,3561766.84
1493155193,18109.00,3535153.58
1493155194,18450.00,3467797.75
1493155195,18251.00,3506577.60
1493155196,18793.00,3404738.79
1493155197,17016.00,3760791.34
1493155198,18856.00,3393171.49
1493155199,18058.00,3543150.35
1493155200,18240.00,3507716.09
1493155201,16139.00,3964742.00
1493155202,16693.00,3832706.10
1493155203,17318.00,3697944.76
1493155204,19652.00,3256104.87
1493155205,17915.00,3572049.99
1493155206,17889.00,3576897.88
1493155207,17832.00,3588258.65
1493155208,18607.00,3438866.34
1493155209,17837.00,3549565.92
1493155210,17463.00,3699062.56
1493155211,17869.00,3585445.20
1493155212,18464.00,3465790.19
1493155213,18072.00,3540324.06
1493155214,17501.00,3654533.89
1493155215,18756.00,3379323.47
1493155216,18725.00,3563681.63
1493155217,18781.00,3405446.20
1493155218,16944.00,3778655.91
1493155219,16769.00,3815959.00
1493155220,14146.00,4524651.76
1493155221,18597.00,3439914.70
1493155222,16982.00,3767290.57
1493155223,18510.00,3457832.37
1493155224,17323.00,3693057.32
1493155225,18518.00,3456005.73
1493155226,17581.00,3607183.56
1493155227,15208.00,4235457.32
1493155228,13261.00,4836675.80
1493155229,16890.00,3789272.79
1493155230,17681.00,3618438.94
1493155231,17670.00,3621571.94
1493155232,18039.00,3520529.56
1493155233,18790.00,3506579.16
1493155234,18082.00,3540104.06
1493155235,17433.00,3507615.82
1493155236,18628.00,3587867.79
1493155237,18936.00,3378457.69
1493155238,17100.00,3620904.81
1493155239,18387.00,3593021.11
1493155240,18469.00,3464900.21
1493155241,18664.00,3427572.09
1493155242,17073.00,3595323.81
1493155243,18280.00,3643852.88
1493155244,17648.00,3626673.90
1493155245,18666.00,3428662.15
1493155246,17952.00,3506476.85
1493155247,18600.00,3495097.96
1493155248,17724.00,3610785.33
1493155249,18048.00,3546033.21
1493155250,17980.00,3557944.08
1493155251,18514.00,3431576.09
1493155252,18465.00,3567535.42
1493155253,17087.00,3704039.01
1493155254,19005.00,3288673.20
1493155255,17842.00,3708809.17
1493155256,18591.00,3441994.75
1493155257,18134.00,3528692.16
1493155258,17953.00,3416455.07
1493155259,17385.00,3834079.30
1493155260,17091.00,3745009.96
1493155261,16568.00,3861185.32
1493155262,17961.00,3564271.28
1493155263,15968.00,4005457.13
1493155264,18042.00,3547088.00
1493155265,17755.00,3604425.05
1493155266,19733.00,3243296.55
1493155267,17036.00,3755602.73
1493155268,17533.00,3648877.18
1493155269,19027.00,3364371.07
1493155270,18329.00,3488612.83
1493155271,17734.00,3610313.64
1493155272,18498.00,3460556.48
