--Probe dump file for probe: org.yardstickframework.probes.DStatProbe@32639b12 (class org.yardstickframework.probes.DStatProbe)
--Created Tue Apr 25 21:39:58 UTC 2017
--Benchmark config: BenchmarkConfiguration [memberId='0', driverNames='[IgnitePutAllBenchmark]', serverName='IgniteNode', threads=64, duration=300, warmup=60, dfltProbeClsNames=[ThroughputLatencyProbe, PercentileProbe, DStatProbe], propsFileName='yardstick/config/run.properties', packages=[org.yardstickframework, org.apache.ignite.yardstick], cmdArgs=[--outputFolder, /home/ubuntu/date-2504-204359-s-4-c-1-ver-2.0.0-SNAPSHOT-0be92732/yardstick/bin/../output/results-20170425-204411, -id, 0, -cfg, /home/ubuntu/date-2504-204359-s-4-c-1-ver-2.0.0-SNAPSHOT-0be92732/yardstick/bin/../config/ignite-config.xml, -nn, 5, -b, 1, -w, 60, -d, 300, -t, 64, -sm, FULL_SYNC, -bs, 6, --client, -dn, IgnitePutAllBenchmark, -wom, PRIMARY, -sn, IgniteNode, -ds, 2.0.0-SNAPSHOT-0be92732-atomic-putAll-bs-6-1-backup, --config, yardstick/config/run.properties, --logsFolder, /home/ubuntu/date-2504-204359-s-4-c-1-ver-2.0.0-SNAPSHOT-0be92732/yardstick/bin/../output/logs-20170425-204411/logs_drivers, --currentFolder, /home/ubuntu/date-2504-204359-s-4-c-1-ver-2.0.0-SNAPSHOT-0be92732, --scriptsFolder, /home/ubuntu/date-2504-204359-s-4-c-1-ver-2.0.0-SNAPSHOT-0be92732/yardstick/bin], probeWriter='null', customProps={ver=2.0.0-SNAPSHOT-0be92732- , b=1, d=300, SERVER_HOSTS=172.31.45.250,172.31.38.80,172.31.41.141,172.31.42.161, now0=`date +'%H%M%S'`, j=10, nodesNum=$((`echo ${SERVER_HOSTS} | tr ',' '' | wc -l` + `echo ${DRIVER_HOSTS} | tr ',' '' | wc -l`)), JVM_OPTS=${JVM_OPTS}" -Xms6g -Xmx6g -Xloggc:./gc${now0}.log -XX:+PrintGCDetails -verbose:gc -XX:+UseParNewGC -XX:+UseConcMarkSweepGC ", CONFIGS="-cfg ${SCRIPT_DIR}/../config/ignite-config.xml -nn ${nodesNum} -b ${b} -w ${w} -d ${d} -t ${t} -sm ${sm}  --client -dn IgnitePutBenchmark -sn IgniteNode -wom PRIMARY -ds ${ver}atomic-put-${b}-backup,-cfg ${SCRIPT_DIR}/../config/ignite-config.xml -nn ${nodesNum} -b ${b} -w ${w} -d ${d} -t ${t} -sm ${sm}  --client -dn IgnitePutGetBenchmark -sn IgniteNode -wom PRIMARY -ds ${ver}atomic-put-get-${b}-backup,-cfg ${SCRIPT_DIR}/../config/ignite-config.xml -nn ${nodesNum} -b ${b} -w ${w} -d ${d} -t ${t} -sm ${sm} -bs 6  --client -dn IgnitePutGetBatchBenchmark -wom PRIMARY -sn IgniteNode -ds ${ver}atomic-put-get-bs-6-${b}-backup,-cfg ${SCRIPT_DIR}/../config/ignite-config.xml -nn ${nodesNum} -b ${b} -w ${w} -d ${d} -t ${t} -sm ${sm}  --client -dn IgnitePutTxImplicitBenchmark -sn IgniteNode -ds ${ver}tx-optimistic-put-${b}-backup,-cfg ${SCRIPT_DIR}/../config/ignite-config.xml -nn ${nodesNum} -b ${b} -w ${w} -d ${d} -t ${t} -sm ${sm} -txc OPTIMISTIC  --client -dn IgnitePutGetTxBenchmark -sn IgniteNode -ds ${ver}tx-optim-repRead-put-get-${b}-backup,-cfg ${SCRIPT_DIR}/../config/ignite-config.xml -nn ${nodesNum} -b ${b} -w ${w} -d ${d} -t ${t} -sm ${sm} -txc PESSIMISTIC  --client -dn IgnitePutGetTxBenchmark -sn IgniteNode -ds ${ver}tx-pessim-repRead-put-get-${b}-backup,-cfg ${SCRIPT_DIR}/../config/ignite-config.xml -nn ${nodesNum} -b ${b} -w ${w} -d ${d} -t ${t} -sm ${sm} -txc OPTIMISTIC -txi SERIALIZABLE  --client -dn IgnitePutGetTxBenchmark -sn IgniteNode -ds ${ver}tx-opt-serial-put-get-${b}-backup,-cfg ${SCRIPT_DIR}/../config/ignite-config.xml -nn ${nodesNum} -b ${b} -w ${w} -d ${d} -t ${t} -sm ${sm}  --client -dn IgniteSqlQueryBenchmark -sn IgniteNode -ds ${ver}sql-query-${b}-backup,-cfg ${SCRIPT_DIR}/../config/ignite-config.xml -nn ${nodesNum} -b ${b} -w ${w} -d ${d} -t ${t} -sm ${sm}  --client -dn IgniteSqlQueryPutBenchmark -sn IgniteNode -ds ${ver}sql-query-put-${b}-backup,-cfg ${SCRIPT_DIR}/../config/ignite-config.xml -nn ${nodesNum} -b ${b} -w ${w} -d ${d} -t ${t} -sm ${sm} -bs 6  --client -dn IgnitePutAllBenchmark -wom PRIMARY -sn IgniteNode -ds ${ver}atomic-putAll-bs-6-${b}-backup,-cfg ${SCRIPT_DIR}/../config/ignite-config.xml -nn ${nodesNum} -b ${b} -w ${w} -d ${d} -t ${t} -sm ${sm} -bs 6  --client -dn IgnitePutAllTxBenchmark -sn IgniteNode -ds ${ver}tx-putAll-bs-6-${b}-backup,-cfg ${SCRIPT_DIR}/../config/ignite-config.xml -nn ${nodesNum} -b ${b} -w ${w} -d ${d} -t ${t} -sm ${sm} -bs 6  --client -dn IgnitePutAllSerializableTxBenchmark -sn IgniteNode -ds ${ver}tx-putAllSerializable-bs-6-${b}-backup,-cfg ${SCRIPT_DIR}/../config/ignite-config.xml -nn ${nodesNum} -b ${b} -w ${w} -d ${d} -t ${t} -sm ${sm} -bs 6 -txc OPTIMISTIC   --client -dn IgniteGetAllPutAllTxBenchmark -sn IgniteNode -ds ${ver}tx-optimistic-getAllPutAll-bs-6-${b}-backup,-cfg ${SCRIPT_DIR}/../config/ignite-config.xml -nn ${nodesNum} -b ${b} -w ${w} -d ${d} -t ${t} -sm ${sm} -bs 6 -txc PESSIMISTIC  --client -dn IgniteGetAllPutAllTxBenchmark -sn IgniteNode -ds ${ver}tx-pessimistic-getAllPutAll-bs-6-${b}-backup,-cfg ${SCRIPT_DIR}/../config/ignite-config.xml -nn ${nodesNum} -b ${b} -w ${w} -d ${d} -t ${t} -sm ${sm} -bs 6 -txc OPTIMISTIC -txi SERIALIZABLE  --client -dn IgniteGetAllPutAllTxBenchmark -sn IgniteNode -ds ${ver}tx-opt-serializable-getAllPutAll-bs-6-${b}-backup,", DRIVER_HOSTS=172.31.46.6, t=64, BENCHMARK_PACKAGES=org.yardstickframework,org.apache.ignite.yardstick, w=60, sm=FULL_SYNC, AUTO_COPY=false, RESTART_SERVERS=true}, shutdownHook=true, currentFolder=/home/ubuntu/date-2504-204359-s-4-c-1-ver-2.0.0-SNAPSHOT-0be92732, scriptsFolder=/home/ubuntu/date-2504-204359-s-4-c-1-ver-2.0.0-SNAPSHOT-0be92732/yardstick/bin, logsFolder=/home/ubuntu/date-2504-204359-s-4-c-1-ver-2.0.0-SNAPSHOT-0be92732/yardstick/bin/../output/logs-20170425-204411/logs_drivers, outputFolder=/home/ubuntu/date-2504-204359-s-4-c-1-ver-2.0.0-SNAPSHOT-0be92732/yardstick/bin/../output/results-20170425-204411, outputWriter=java.io.PrintStream@6eebd7a8, errorWriter=java.io.PrintStream@602c2405, descriptions=[2.0.0-SNAPSHOT-0be92732-atomic-putAll-bs-6-1-backup], hostName=]
--Description: 2.0.0-SNAPSHOT-0be92732-atomic-putAll-bs-6-1-backup
@@IgnitePutAllBenchmark
**"Time, sec","Memory Used, KB","Memory Buffered, KB","Memory Cached, KB","Memory Free, KB","CPU User, %","CPU System, %","CPU Idle, %","CPU Wait, %","CPU Hardware Interrupts","CPU Software Interrupts","Disk Read, B","Disk Write, B","Network Receive, B","Network Send, B","Page In, B","Page Out, B","System Interrupts, per sec","System Context Switches, per sec"
1493156459,1387520.00,158720.00,5144576.00,56203673.60,14.00,8.00,74.00,0.00,0.00,3.00,0.00,0.00,9458688.00,17825792.00,0.00,0.00,232448.00,272384.00
1493156460,1388544.00,158720.00,5144576.00,56203673.60,12.00,10.00,74.00,0.00,0.00,4.00,0.00,0.00,8862720.00,16777216.00,0.00,0.00,217088.00,251904.00
1493156461,1388544.00,158720.00,5144576.00,56203673.60,12.00,8.00,78.00,0.00,0.00,2.00,0.00,532480.00,8389632.00,15728640.00,0.00,0.00,208896.00,246784.00
1493156462,1388544.00,158720.00,5144576.00,56203673.60,8.00,6.00,83.00,0.00,0.00,3.00,0.00,0.00,7836672.00,14680064.00,0.00,0.00,195584.00,229376.00
1493156463,1388544.00,158720.00,5144576.00,56203673.60,11.00,10.00,76.00,0.00,0.00,4.00,0.00,0.00,9608192.00,17825792.00,0.00,0.00,236544.00,275456.00
1493156464,1388544.00,158720.00,5144576.00,56203673.60,12.00,8.00,76.00,0.00,0.00,3.00,0.00,0.00,8674304.00,16777216.00,0.00,0.00,215040.00,250880.00
1493156465,1388544.00,158720.00,5144576.00,56203673.60,12.00,9.00,75.00,0.00,0.00,3.00,0.00,0.00,9379840.00,17825792.00,0.00,0.00,236544.00,272384.00
1493156466,1388544.00,158720.00,5144576.00,56203673.60,10.00,8.00,78.00,0.00,0.00,4.00,0.00,294912.00,7831552.00,14680064.00,0.00,0.00,195584.00,224256.00
1493156467,1389568.00,158720.00,5144576.00,56203673.60,7.00,6.00,84.00,0.00,0.00,3.00,0.00,0.00,7303168.00,13631488.00,0.00,0.00,183296.00,210944.00
1493156468,1388544.00,158720.00,5144576.00,56203673.60,8.00,9.00,80.00,0.00,0.00,3.00,0.00,0.00,8162304.00,15728640.00,0.00,0.00,204800.00,237568.00
1493156469,1389568.00,158720.00,5144576.00,56203673.60,14.00,10.00,71.00,0.00,0.00,4.00,0.00,0.00,9660416.00,18874368.00,0.00,0.00,236544.00,273408.00
1493156470,1388544.00,158720.00,5144576.00,56203673.60,9.00,9.00,79.00,0.00,0.00,3.00,0.00,0.00,8029184.00,15728640.00,0.00,0.00,199680.00,230400.00
1493156471,1388544.00,158720.00,5144576.00,56203673.60,10.00,10.00,76.00,0.00,0.00,4.00,0.00,131072.00,9623552.00,18874368.00,0.00,0.00,237568.00,275456.00
1493156472,1388544.00,158720.00,5144576.00,56203673.60,11.00,10.00,76.00,0.00,0.00,3.00,0.00,0.00,8851456.00,16777216.00,0.00,0.00,219136.00,252928.00
1493156473,1388544.00,158720.00,5144576.00,56203673.60,12.00,9.00,76.00,0.00,0.00,3.00,0.00,0.00,8811520.00,16777216.00,0.00,0.00,216064.00,250880.00
1493156474,1389568.00,158720.00,5144576.00,56203673.60,10.00,9.00,77.00,0.00,0.00,4.00,0.00,0.00,8937472.00,16777216.00,0.00,0.00,222208.00,256000.00
1493156475,1389568.00,158720.00,5144576.00,56203673.60,12.00,9.00,75.00,0.00,0.00,4.00,0.00,0.00,9006080.00,16777216.00,0.00,0.00,220160.00,256000.00
1493156476,1388544.00,158720.00,5144576.00,56203673.60,13.00,10.00,74.00,0.00,0.00,4.00,0.00,163840.00,9585664.00,17825792.00,0.00,0.00,239616.00,276480.00
1493156477,1389568.00,158720.00,5144576.00,56203673.60,8.00,8.00,79.00,0.00,0.00,4.00,0.00,0.00,8468480.00,15728640.00,0.00,0.00,210944.00,242688.00
1493156478,1389568.00,158720.00,5144576.00,56203673.60,13.00,10.00,74.00,0.00,0.00,3.00,0.00,0.00,8958976.00,16777216.00,0.00,0.00,223232.00,257024.00
1493156479,1388544.00,158720.00,5144576.00,56203673.60,10.00,9.00,78.00,0.00,0.00,3.00,0.00,0.00,9060352.00,16777216.00,0.00,0.00,225280.00,260096.00
1493156480,1389568.00,158720.00,5144576.00,56203673.60,13.00,10.00,74.00,0.00,0.00,4.00,0.00,0.00,9272320.00,17825792.00,0.00,0.00,234496.00,269312.00
1493156481,1389568.00,158720.00,5144576.00,56203673.60,9.00,8.00,79.00,0.00,0.00,4.00,0.00,303104.00,8514560.00,15728640.00,0.00,0.00,210944.00,243712.00
1493156482,1388544.00,158720.00,5144576.00,56203673.60,11.00,8.00,77.00,0.00,0.00,4.00,0.00,0.00,8554496.00,16777216.00,0.00,0.00,211968.00,245760.00
1493156483,1388544.00,158720.00,5144576.00,56203673.60,14.00,11.00,72.00,0.00,0.00,4.00,0.00,0.00,9443328.00,17825792.00,0.00,0.00,235520.00,271360.00
1493156484,1388544.00,158720.00,5144576.00,56203673.60,10.00,10.00,78.00,0.00,0.00,3.00,0.00,0.00,8660992.00,16777216.00,0.00,0.00,215040.00,247808.00
1493156485,1389568.00,158720.00,5144576.00,56203673.60,12.00,11.00,74.00,0.00,0.00,4.00,0.00,0.00,9372672.00,17825792.00,0.00,0.00,234496.00,268288.00
1493156486,1389568.00,158720.00,5144576.00,56203673.60,11.00,8.00,78.00,0.00,0.00,4.00,0.00,188416.00,8509440.00,15728640.00,0.00,0.00,211968.00,243712.00
1493156487,1388544.00,158720.00,5144576.00,56203673.60,12.00,9.00,74.00,0.00,0.00,4.00,0.00,0.00,9676800.00,18874368.00,0.00,0.00,239616.00,275456.00
1493156488,1389568.00,158720.00,5144576.00,56203673.60,14.00,9.00,74.00,0.00,0.00,4.00,0.00,0.00,8382464.00,15728640.00,0.00,0.00,203776.00,236544.00
1493156489,1389568.00,158720.00,5144576.00,56203673.60,12.00,9.00,76.00,0.00,0.00,3.00,0.00,0.00,9055232.00,16777216.00,0.00,0.00,226304.00,260096.00
1493156490,1389568.00,158720.00,5144576.00,56203673.60,12.00,10.00,74.00,0.00,0.00,4.00,0.00,0.00,9114624.00,17825792.00,0.00,0.00,227328.00,262144.00
1493156491,1389568.00,158720.00,5144576.00,56203673.60,14.00,9.00,72.00,0.00,0.00,4.00,0.00,212992.00,9290752.00,17825792.00,0.00,0.00,231424.00,265216.00
1493156492,1389568.00,158720.00,5144576.00,56203673.60,10.00,9.00,77.00,0.00,0.00,3.00,0.00,0.00,8685568.00,16777216.00,0.00,0.00,216064.00,248832.00
1493156493,1389568.00,158720.00,5144576.00,56203673.60,11.00,10.00,75.00,0.00,0.00,4.00,0.00,0.00,8979456.00,16777216.00,0.00,0.00,223232.00,257024.00
1493156494,1389568.00,158720.00,5144576.00,56203673.60,13.00,9.00,75.00,0.00,0.00,4.00,0.00,0.00,8870912.00,16777216.00,0.00,0.00,224256.00,258048.00
1493156495,1389568.00,158720.00,5144576.00,56203673.60,10.00,8.00,78.00,0.00,0.00,3.00,0.00,0.00,8648704.00,16777216.00,0.00,0.00,215040.00,248832.00
1493156496,1389568.00,158720.00,5144576.00,56203673.60,10.00,7.00,80.00,0.00,0.00,3.00,0.00,573440.00,8028160.00,15728640.00,0.00,0.00,204800.00,235520.00
1493156497,1388544.00,158720.00,5144576.00,56203673.60,11.00,9.00,77.00,0.00,0.00,3.00,0.00,0.00,8658944.00,16777216.00,0.00,0.00,222208.00,252928.00
1493156498,1389568.00,158720.00,5144576.00,56203673.60,12.00,10.00,76.00,0.00,0.00,3.00,0.00,0.00,9017344.00,16777216.00,0.00,0.00,225280.00,259072.00
1493156499,1389568.00,158720.00,5144576.00,56203673.60,10.00,8.00,79.00,0.00,0.00,2.00,0.00,0.00,8327168.00,15728640.00,0.00,0.00,208896.00,240640.00
1493156500,1388544.00,158720.00,5144576.00,56203673.60,13.00,11.00,72.00,0.00,0.00,4.00,0.00,0.00,8986624.00,16777216.00,0.00,0.00,222208.00,257024.00
1493156501,1388544.00,158720.00,5144576.00,56203673.60,11.00,10.00,75.00,0.00,0.00,4.00,0.00,163840.00,9622528.00,17825792.00,0.00,0.00,237568.00,273408.00
1493156502,1388544.00,158720.00,5144576.00,56203673.60,11.00,7.00,79.00,0.00,0.00,3.00,0.00,0.00,7891968.00,14680064.00,0.00,0.00,196608.00,226304.00
1493156503,1388544.00,158720.00,5144576.00,56203673.60,6.00,5.00,86.00,0.00,0.00,2.00,0.00,0.00,6620160.00,12582912.00,0.00,0.00,168960.00,193536.00
1493156504,1389568.00,158720.00,5144576.00,56203673.60,12.00,10.00,75.00,0.00,0.00,3.00,0.00,0.00,9096192.00,16777216.00,0.00,0.00,224256.00,259072.00
1493156505,1389568.00,158720.00,5144576.00,56203673.60,15.00,10.00,72.00,0.00,0.00,3.00,0.00,0.00,9621504.00,18874368.00,0.00,0.00,237568.00,273408.00
1493156506,1389568.00,158720.00,5144576.00,56203673.60,13.00,10.00,74.00,0.00,0.00,3.00,0.00,122880.00,9048064.00,16777216.00,0.00,0.00,227328.00,260096.00
1493156507,1389568.00,158720.00,5144576.00,56203673.60,10.00,9.00,77.00,0.00,0.00,3.00,0.00,0.00,8568832.00,16777216.00,0.00,0.00,212992.00,245760.00
1493156508,1388544.00,158720.00,5144576.00,56203673.60,13.00,11.00,73.00,0.00,0.00,4.00,0.00,0.00,9095168.00,16777216.00,0.00,0.00,226304.00,259072.00
1493156509,1388544.00,158720.00,5144576.00,56203673.60,9.00,10.00,76.00,0.00,0.00,5.00,0.00,0.00,9700352.00,18874368.00,0.00,0.00,241664.00,278528.00
1493156510,1389568.00,158720.00,5144576.00,56203673.60,9.00,9.00,79.00,0.00,0.00,3.00,0.00,0.00,8401920.00,15728640.00,0.00,0.00,207872.00,240640.00
1493156511,1389568.00,158720.00,5144576.00,56203673.60,11.00,8.00,77.00,0.00,0.00,4.00,0.00,180224.00,8278016.00,15728640.00,0.00,0.00,205824.00,237568.00
1493156512,1389568.00,158720.00,5144576.00,56203673.60,14.00,8.00,74.00,0.00,0.00,4.00,0.00,0.00,9582592.00,17825792.00,0.00,0.00,238592.00,274432.00
1493156513,1389568.00,158720.00,5144576.00,56203673.60,13.00,12.00,72.00,0.00,0.00,4.00,0.00,0.00,9508864.00,17825792.00,0.00,0.00,236544.00,271360.00
1493156514,1388544.00,158720.00,5144576.00,56203673.60,10.00,9.00,79.00,0.00,0.00,2.00,0.00,0.00,8117248.00,15728640.00,0.00,0.00,200704.00,231424.00
1493156515,1388544.00,158720.00,5144576.00,56203673.60,10.00,8.00,77.00,0.00,0.00,4.00,0.00,0.00,9169920.00,17825792.00,0.00,0.00,227328.00,261120.00
1493156516,1389568.00,158720.00,5144576.00,56203673.60,13.00,11.00,72.00,0.00,0.00,3.00,0.00,237568.00,9499648.00,17825792.00,0.00,0.00,235520.00,271360.00
1493156517,1389568.00,158720.00,5144576.00,56203673.60,12.00,10.00,74.00,0.00,0.00,4.00,0.00,0.00,9216000.00,17825792.00,0.00,0.00,227328.00,263168.00
1493156518,1389568.00,158720.00,5144576.00,56203673.60,9.00,7.00,80.00,0.00,0.00,3.00,0.00,0.00,7802880.00,14680064.00,0.00,0.00,195584.00,225280.00
1493156519,1388544.00,158720.00,5144576.00,56203673.60,14.00,10.00,72.00,0.00,0.00,4.00,0.00,0.00,9504768.00,17825792.00,0.00,0.00,232448.00,270336.00
1493156520,1389568.00,158720.00,5144576.00,56203673.60,11.00,11.00,74.00,0.00,0.00,4.00,0.00,0.00,9583616.00,17825792.00,0.00,0.00,239616.00,276480.00
1493156521,1389568.00,158720.00,5144576.00,56203673.60,10.00,7.00,80.00,0.00,0.00,3.00,0.00,229376.00,7925760.00,14680064.00,0.00,0.00,203776.00,232448.00
1493156522,1389568.00,158720.00,5144576.00,56203673.60,11.00,8.00,79.00,0.00,0.00,3.00,0.00,0.00,8057856.00,15728640.00,0.00,0.00,202752.00,233472.00
1493156523,1389568.00,158720.00,5144576.00,56203673.60,11.00,13.00,73.00,0.00,0.00,3.00,0.00,0.00,9738240.00,18874368.00,0.00,0.00,242688.00,278528.00
1493156524,1389568.00,158720.00,5144576.00,56203673.60,13.00,10.00,73.00,0.00,0.00,4.00,0.00,0.00,9547776.00,17825792.00,0.00,0.00,235520.00,271360.00
1493156525,1389568.00,158720.00,5144576.00,56203673.60,9.00,7.00,81.00,0.00,0.00,3.00,0.00,0.00,7793664.00,14680064.00,0.00,0.00,196608.00,224256.00
1493156526,1389568.00,158720.00,5144576.00,56203673.60,8.00,10.00,78.00,0.00,0.00,3.00,0.00,163840.00,8941568.00,16777216.00,0.00,0.00,224256.00,259072.00
1493156527,1389568.00,158720.00,5144576.00,56203673.60,13.00,10.00,72.00,0.00,0.00,4.00,0.00,0.00,9416704.00,17825792.00,0.00,0.00,234496.00,270336.00
1493156528,1389568.00,158720.00,5144576.00,56203673.60,10.00,8.00,79.00,0.00,0.00,3.00,0.00,0.00,8294400.00,15728640.00,0.00,0.00,208896.00,239616.00
1493156529,1389568.00,158720.00,5144576.00,56203673.60,9.00,7.00,81.00,0.00,0.00,3.00,0.00,0.00,7302144.00,13631488.00,0.00,0.00,184320.00,210944.00
1493156530,1389568.00,158720.00,5144576.00,56203673.60,10.00,8.00,79.00,0.00,0.00,3.00,0.00,0.00,7986176.00,14680064.00,0.00,0.00,203776.00,233472.00
1493156531,1389568.00,158720.00,5144576.00,56203673.60,8.00,7.00,83.00,0.00,0.00,3.00,0.00,606208.00,7019520.00,13631488.00,0.00,0.00,183296.00,207872.00
1493156532,1389568.00,158720.00,5144576.00,56203673.60,11.00,11.00,75.00,0.00,0.00,3.00,0.00,0.00,9036800.00,16777216.00,0.00,0.00,227328.00,261120.00
1493156533,1388544.00,158720.00,5144576.00,56203673.60,9.00,8.00,80.00,0.00,0.00,3.00,0.00,0.00,7951360.00,14680064.00,0.00,0.00,198656.00,228352.00
1493156534,1389568.00,158720.00,5144576.00,56203673.60,10.00,9.00,78.00,0.00,0.00,3.00,0.00,0.00,8841216.00,16777216.00,0.00,0.00,223232.00,254976.00
1493156535,1389568.00,158720.00,5144576.00,56203673.60,11.00,10.00,74.00,0.00,0.00,5.00,0.00,0.00,9355264.00,17825792.00,0.00,0.00,237568.00,273408.00
1493156536,1389568.00,158720.00,5144576.00,56203673.60,13.00,9.00,74.00,0.00,0.00,4.00,0.00,32768.00,9237504.00,17825792.00,0.00,0.00,233472.00,267264.00
1493156537,1390592.00,158720.00,5144576.00,56203673.60,8.00,6.00,83.00,0.00,0.00,3.00,0.00,131072.00,7822336.00,14680064.00,0.00,0.00,195584.00,225280.00
1493156538,1389568.00,158720.00,5144576.00,56203673.60,11.00,10.00,76.00,0.00,0.00,3.00,0.00,0.00,9074688.00,16777216.00,0.00,0.00,226304.00,261120.00
1493156539,1389568.00,158720.00,5144576.00,56203673.60,15.00,9.00,72.00,0.00,0.00,4.00,0.00,0.00,9232384.00,17825792.00,0.00,0.00,236544.00,271360.00
1493156540,1389568.00,158720.00,5144576.00,56203673.60,11.00,10.00,76.00,0.00,0.00,4.00,0.00,0.00,8821760.00,16777216.00,0.00,0.00,222208.00,256000.00
1493156541,1388544.00,158720.00,5144576.00,56203673.60,9.00,9.00,79.00,0.00,0.00,3.00,0.00,0.00,8275968.00,15728640.00,0.00,0.00,206848.00,236544.00
1493156542,1388544.00,158720.00,5144576.00,56203673.60,13.00,8.00,75.00,0.00,0.00,4.00,0.00,114688.00,8878080.00,16777216.00,0.00,0.00,222208.00,256000.00
1493156543,1388544.00,158720.00,5144576.00,56203673.60,10.00,9.00,77.00,0.00,0.00,5.00,0.00,0.00,9511936.00,17825792.00,0.00,0.00,239616.00,275456.00
1493156544,1389568.00,158720.00,5144576.00,56203673.60,11.00,9.00,78.00,0.00,0.00,3.00,0.00,0.00,8042496.00,15728640.00,0.00,0.00,203776.00,233472.00
1493156545,1389568.00,158720.00,5145600.00,56203673.60,10.00,9.00,78.00,0.00,0.00,3.00,0.00,0.00,8794112.00,16777216.00,0.00,0.00,218112.00,251904.00
1493156546,1388544.00,158720.00,5145600.00,56203673.60,11.00,9.00,77.00,0.00,0.00,4.00,0.00,24576.00,8872960.00,16777216.00,0.00,0.00,224256.00,257024.00
1493156547,1389568.00,158720.00,5145600.00,56203673.60,14.00,11.00,71.00,0.00,0.00,3.00,0.00,139264.00,9436160.00,17825792.00,0.00,0.00,235520.00,271360.00
1493156548,1389568.00,158720.00,5145600.00,56203673.60,8.00,7.00,82.00,0.00,0.00,2.00,0.00,0.00,8138752.00,15728640.00,0.00,0.00,205824.00,235520.00
1493156549,1389568.00,158720.00,5145600.00,56203673.60,11.00,11.00,73.00,0.00,0.00,5.00,0.00,0.00,9361408.00,17825792.00,0.00,0.00,230400.00,266240.00
1493156550,1389568.00,158720.00,5145600.00,56203673.60,11.00,10.00,75.00,0.00,0.00,4.00,0.00,0.00,9020416.00,16777216.00,0.00,0.00,225280.00,259072.00
1493156551,1388544.00,158720.00,5145600.00,56203673.60,11.00,10.00,74.00,0.00,0.00,5.00,0.00,131072.00,9299968.00,17825792.00,0.00,0.00,240640.00,274432.00
1493156552,1389568.00,158720.00,5145600.00,56203673.60,9.00,7.00,82.00,0.00,0.00,2.00,0.00,196608.00,7440384.00,14680064.00,0.00,0.00,193536.00,221184.00
1493156553,1389568.00,158720.00,5145600.00,56203673.60,15.00,9.00,73.00,0.00,0.00,4.00,0.00,0.00,9658368.00,18874368.00,0.00,0.00,237568.00,275456.00
1493156554,1389568.00,158720.00,5145600.00,56203673.60,11.00,10.00,76.00,0.00,0.00,3.00,0.00,0.00,9095168.00,17825792.00,0.00,0.00,228352.00,262144.00
1493156555,1389568.00,158720.00,5145600.00,56203673.60,8.00,8.00,81.00,0.00,0.00,3.00,0.00,0.00,8535040.00,15728640.00,0.00,0.00,214016.00,245760.00
1493156556,1389568.00,158720.00,5145600.00,56203673.60,9.00,9.00,79.00,0.00,0.00,3.00,0.00,32768.00,8076288.00,15728640.00,0.00,0.00,210944.00,239616.00
1493156557,1390592.00,158720.00,5145600.00,56203673.60,12.00,9.00,74.00,0.00,0.00,5.00,0.00,155648.00,9734144.00,18874368.00,0.00,0.00,239616.00,277504.00
1493156558,1389568.00,158720.00,5145600.00,56203673.60,14.00,7.00,75.00,0.00,0.00,4.00,0.00,0.00,8924160.00,16777216.00,0.00,0.00,220160.00,257024.00
1493156559,1389568.00,158720.00,5145600.00,56203673.60,10.00,6.00,81.00,0.00,0.00,3.00,0.00,0.00,8354816.00,15728640.00,0.00,0.00,204800.00,241664.00
1493156560,1389568.00,158720.00,5145600.00,56203673.60,10.00,7.00,79.00,0.00,0.00,3.00,0.00,0.00,8810496.00,16777216.00,0.00,0.00,217088.00,258048.00
1493156561,1389568.00,158720.00,5145600.00,56203673.60,15.00,9.00,73.00,0.00,0.00,4.00,0.00,32768.00,9283584.00,17825792.00,0.00,0.00,229376.00,269312.00
1493156562,1389568.00,158720.00,5145600.00,56203673.60,11.00,8.00,77.00,0.00,0.00,3.00,0.00,131072.00,8387584.00,15728640.00,0.00,0.00,208896.00,240640.00
1493156563,1389568.00,158720.00,5145600.00,56203673.60,10.00,9.00,79.00,0.00,0.00,2.00,0.00,0.00,8538112.00,15728640.00,0.00,0.00,209920.00,244736.00
1493156564,1389568.00,158720.00,5145600.00,56203673.60,16.00,7.00,72.00,0.00,0.00,5.00,0.00,0.00,9442304.00,17825792.00,0.00,0.00,233472.00,271360.00
1493156565,1389568.00,158720.00,5145600.00,56203673.60,12.00,10.00,74.00,0.00,0.00,4.00,0.00,0.00,9592832.00,17825792.00,0.00,0.00,238592.00,275456.00
1493156566,1389568.00,158720.00,5145600.00,56203673.60,8.00,8.00,82.00,0.00,0.00,3.00,0.00,475136.00,7735296.00,14680064.00,0.00,0.00,195584.00,223232.00
1493156567,1389568.00,158720.00,5145600.00,56203673.60,11.00,10.00,75.00,0.00,0.00,4.00,0.00,131072.00,8940544.00,16777216.00,0.00,0.00,223232.00,257024.00
1493156568,1389568.00,158720.00,5145600.00,56203673.60,13.00,11.00,73.00,0.00,0.00,4.00,0.00,0.00,9672704.00,18874368.00,0.00,0.00,239616.00,275456.00
1493156569,1388544.00,158720.00,5145600.00,56203673.60,13.00,11.00,73.00,0.00,0.00,4.00,0.00,0.00,9571328.00,17825792.00,0.00,0.00,236544.00,273408.00
1493156570,1390592.00,158720.00,5145600.00,56203673.60,7.00,8.00,81.00,0.00,0.00,3.00,0.00,0.00,7977984.00,14680064.00,0.00,0.00,198656.00,228352.00
1493156571,1390592.00,158720.00,5145600.00,56203673.60,12.00,9.00,75.00,0.00,0.00,4.00,0.00,40960.00,9016320.00,16777216.00,0.00,0.00,225280.00,258048.00
1493156572,1389568.00,158720.00,5145600.00,56203673.60,14.00,9.00,73.00,0.00,0.00,4.00,0.00,147456.00,9552896.00,17825792.00,0.00,0.00,236544.00,274432.00
1493156573,1389568.00,158720.00,5145600.00,56203673.60,12.00,9.00,76.00,0.00,0.00,3.00,0.00,0.00,8904704.00,16777216.00,0.00,0.00,218112.00,253952.00
1493156574,1389568.00,158720.00,5145600.00,56203673.60,12.00,8.00,77.00,0.00,0.00,3.00,0.00,0.00,8454144.00,15728640.00,0.00,0.00,212992.00,244736.00
1493156575,1389568.00,158720.00,5145600.00,56203673.60,13.00,9.00,74.00,0.00,0.00,4.00,0.00,0.00,9276416.00,17825792.00,0.00,0.00,228352.00,263168.00
1493156576,1390592.00,158720.00,5145600.00,56203673.60,12.00,9.00,75.00,0.00,0.00,4.00,0.00,0.00,9561088.00,17825792.00,0.00,0.00,234496.00,272384.00
1493156577,1389568.00,158720.00,5145600.00,56203673.60,10.00,8.00,79.00,0.00,0.00,2.00,0.00,114688.00,8053760.00,15728640.00,0.00,0.00,199680.00,229376.00
1493156578,1388544.00,158720.00,5145600.00,56203673.60,12.00,9.00,75.00,0.00,0.00,4.00,0.00,0.00,9005056.00,16777216.00,0.00,0.00,224256.00,257024.00
1493156579,1389568.00,158720.00,5145600.00,56203673.60,12.00,10.00,74.00,0.00,0.00,4.00,0.00,0.00,9623552.00,17825792.00,0.00,0.00,237568.00,273408.00
1493156580,1389568.00,158720.00,5145600.00,56203673.60,12.00,11.00,74.00,0.00,0.00,3.00,0.00,0.00,8916992.00,16777216.00,0.00,0.00,223232.00,257024.00
1493156581,1389568.00,158720.00,5145600.00,56203673.60,8.00,7.00,83.00,0.00,0.00,3.00,0.00,90112.00,7840768.00,14680064.00,0.00,0.00,200704.00,230400.00
1493156582,1390592.00,158720.00,5145600.00,56203673.60,11.00,8.00,78.00,0.00,0.00,3.00,0.00,155648.00,8643584.00,16777216.00,0.00,0.00,215040.00,251904.00
1493156583,1389568.00,158720.00,5145600.00,56203673.60,15.00,10.00,71.00,0.00,0.00,3.00,0.00,0.00,9444352.00,17825792.00,0.00,0.00,236544.00,272384.00
1493156584,1389568.00,158720.00,5145600.00,56203673.60,10.00,10.00,76.00,0.00,0.00,4.00,0.00,0.00,9049088.00,16777216.00,0.00,0.00,225280.00,260096.00
1493156585,1389568.00,158720.00,5145600.00,56203673.60,9.00,9.00,78.00,0.00,0.00,4.00,0.00,0.00,8475648.00,15728640.00,0.00,0.00,212992.00,243712.00
1493156586,1390592.00,158720.00,5145600.00,56203673.60,11.00,10.00,75.00,0.00,0.00,4.00,0.00,106496.00,8699904.00,16777216.00,0.00,0.00,221184.00,251904.00
1493156587,1390592.00,158720.00,5145600.00,56203673.60,11.00,10.00,73.00,0.00,0.00,5.00,0.00,212992.00,9602048.00,17825792.00,0.00,0.00,239616.00,275456.00
1493156588,1389568.00,158720.00,5145600.00,56203673.60,10.00,6.00,80.00,0.00,0.00,3.00,0.00,0.00,8208384.00,15728640.00,0.00,0.00,206848.00,238592.00
1493156589,1389568.00,158720.00,5145600.00,56203673.60,12.00,7.00,78.00,0.00,0.00,3.00,0.00,0.00,8400896.00,15728640.00,0.00,0.00,207872.00,241664.00
1493156590,1390592.00,158720.00,5145600.00,56203673.60,10.00,7.00,80.00,0.00,0.00,3.00,0.00,0.00,8228864.00,15728640.00,0.00,0.00,206848.00,237568.00
1493156591,1389568.00,158720.00,5145600.00,56203673.60,10.00,6.00,82.00,0.00,0.00,2.00,0.00,0.00,7587840.00,14680064.00,0.00,0.00,191488.00,219136.00
1493156592,1389568.00,158720.00,5145600.00,56203673.60,11.00,10.00,75.00,0.00,0.00,3.00,0.00,114688.00,8895488.00,16777216.00,0.00,0.00,222208.00,256000.00
1493156593,1389568.00,158720.00,5145600.00,56203673.60,12.00,9.00,76.00,0.00,0.00,3.00,0.00,0.00,9022464.00,16777216.00,0.00,0.00,223232.00,258048.00
1493156594,1389568.00,158720.00,5145600.00,56203673.60,13.00,10.00,74.00,0.00,0.00,3.00,0.00,0.00,8962048.00,16777216.00,0.00,0.00,224256.00,258048.00
1493156595,1390592.00,158720.00,5145600.00,56203673.60,11.00,9.00,77.00,0.00,0.00,4.00,0.00,0.00,9071616.00,16777216.00,0.00,0.00,225280.00,260096.00
1493156596,1389568.00,158720.00,5145600.00,56203673.60,12.00,9.00,76.00,0.00,0.00,4.00,0.00,24576.00,9055232.00,16777216.00,0.00,0.00,224256.00,258048.00
1493156597,1389568.00,158720.00,5145600.00,56203673.60,12.00,8.00,77.00,0.00,0.00,3.00,0.00,131072.00,8540160.00,15728640.00,0.00,0.00,212992.00,244736.00
1493156598,1389568.00,158720.00,5145600.00,56203673.60,12.00,10.00,74.00,0.00,0.00,4.00,0.00,0.00,9524224.00,17825792.00,0.00,0.00,239616.00,274432.00
1493156599,1389568.00,158720.00,5145600.00,56203673.60,12.00,10.00,74.00,0.00,0.00,4.00,0.00,0.00,9132032.00,17825792.00,0.00,0.00,226304.00,261120.00
1493156600,1390592.00,158720.00,5145600.00,56203673.60,13.00,9.00,75.00,0.00,0.00,3.00,0.00,0.00,8923136.00,16777216.00,0.00,0.00,219136.00,254976.00
1493156601,1389568.00,158720.00,5145600.00,56203673.60,9.00,7.00,81.00,0.00,0.00,3.00,0.00,475136.00,8475648.00,15728640.00,0.00,0.00,210944.00,242688.00
1493156602,1389568.00,158720.00,5145600.00,56203673.60,11.00,10.00,74.00,0.00,0.00,4.00,0.00,131072.00,9181184.00,17825792.00,0.00,0.00,228352.00,262144.00
1493156603,1389568.00,158720.00,5145600.00,56203673.60,15.00,9.00,73.00,0.00,0.00,3.00,0.00,0.00,9064448.00,16777216.00,0.00,0.00,223232.00,258048.00
1493156604,1389568.00,158720.00,5145600.00,56203673.60,12.00,10.00,75.00,0.00,0.00,3.00,0.00,0.00,8971264.00,16777216.00,0.00,0.00,223232.00,257024.00
1493156605,1389568.00,158720.00,5145600.00,56203673.60,12.00,10.00,74.00,0.00,0.00,4.00,0.00,0.00,9174016.00,17825792.00,0.00,0.00,224256.00,260096.00
1493156606,1389568.00,158720.00,5145600.00,56203673.60,11.00,8.00,77.00,0.00,0.00,4.00,0.00,32768.00,8878080.00,16777216.00,0.00,0.00,221184.00,253952.00
1493156607,1389568.00,158720.00,5145600.00,56203673.60,11.00,10.00,75.00,0.00,0.00,3.00,0.00,139264.00,9060352.00,16777216.00,0.00,0.00,225280.00,258048.00
1493156608,1389568.00,158720.00,5145600.00,56203673.60,12.00,10.00,75.00,0.00,0.00,3.00,0.00,0.00,8976384.00,16777216.00,0.00,0.00,222208.00,257024.00
1493156609,1389568.00,158720.00,5145600.00,56203673.60,10.00,9.00,77.00,0.00,0.00,4.00,0.00,0.00,8670208.00,16777216.00,0.00,0.00,211968.00,244736.00
1493156610,1389568.00,158720.00,5145600.00,56203673.60,11.00,11.00,74.00,0.00,0.00,4.00,0.00,0.00,9412608.00,17825792.00,0.00,0.00,237568.00,273408.00
1493156611,1389568.00,158720.00,5145600.00,56203673.60,12.00,10.00,74.00,0.00,0.00,4.00,0.00,40960.00,9072640.00,16777216.00,0.00,0.00,225280.00,259072.00
1493156612,1389568.00,158720.00,5145600.00,56203673.60,11.00,10.00,75.00,0.00,0.00,4.00,0.00,114688.00,9083904.00,17825792.00,0.00,0.00,224256.00,258048.00
1493156613,1389568.00,158720.00,5145600.00,56203673.60,9.00,9.00,79.00,0.00,0.00,3.00,0.00,0.00,8560640.00,16777216.00,0.00,0.00,214016.00,245760.00
1493156614,1389568.00,158720.00,5145600.00,56203673.60,10.00,10.00,76.00,0.00,0.00,5.00,0.00,0.00,9038848.00,16777216.00,0.00,0.00,225280.00,258048.00
1493156615,1389568.00,158720.00,5145600.00,56203673.60,11.00,11.00,74.00,0.00,0.00,4.00,0.00,0.00,9164800.00,17825792.00,0.00,0.00,227328.00,261120.00
1493156616,1389568.00,158720.00,5145600.00,56203673.60,10.00,10.00,76.00,0.00,0.00,3.00,0.00,49152.00,8821760.00,16777216.00,0.00,0.00,220160.00,252928.00
1493156617,1389568.00,158720.00,5145600.00,56203673.60,11.00,9.00,78.00,0.00,0.00,3.00,0.00,147456.00,8530944.00,15728640.00,0.00,0.00,214016.00,244736.00
1493156618,1389568.00,158720.00,5145600.00,56203673.60,10.00,10.00,76.00,0.00,0.00,4.00,0.00,0.00,9082880.00,17825792.00,0.00,0.00,228352.00,262144.00
1493156619,1389568.00,158720.00,5145600.00,56203673.60,14.00,9.00,73.00,0.00,0.00,3.00,0.00,0.00,8855552.00,16777216.00,0.00,0.00,222208.00,254976.00
1493156620,1389568.00,158720.00,5145600.00,56203673.60,11.00,9.00,76.00,0.00,0.00,4.00,0.00,0.00,9112576.00,17825792.00,0.00,0.00,226304.00,260096.00
1493156621,1389568.00,158720.00,5145600.00,56203673.60,10.00,10.00,78.00,0.00,0.00,2.00,0.00,90112.00,8988672.00,16777216.00,0.00,0.00,224256.00,258048.00
1493156622,1389568.00,158720.00,5145600.00,56203673.60,13.00,10.00,73.00,0.00,0.00,4.00,0.00,196608.00,8960000.00,16777216.00,0.00,0.00,225280.00,257024.00
1493156623,1389568.00,158720.00,5145600.00,56203673.60,11.00,9.00,77.00,0.00,0.00,4.00,0.00,0.00,8994816.00,16777216.00,0.00,0.00,228352.00,260096.00
1493156624,1389568.00,158720.00,5145600.00,56203673.60,14.00,9.00,74.00,0.00,0.00,3.00,0.00,0.00,8938496.00,16777216.00,0.00,0.00,223232.00,257024.00
1493156625,1389568.00,158720.00,5145600.00,56203673.60,9.00,6.00,81.00,0.00,0.00,4.00,0.00,0.00,8600576.00,16777216.00,0.00,0.00,211968.00,246784.00
1493156626,1389568.00,158720.00,5145600.00,56203673.60,11.00,8.00,77.00,0.00,0.00,4.00,0.00,0.00,9126912.00,17825792.00,0.00,0.00,233472.00,266240.00
1493156627,1389568.00,158720.00,5145600.00,56203673.60,11.00,8.00,78.00,0.00,0.00,3.00,0.00,114688.00,8323072.00,15728640.00,0.00,0.00,206848.00,238592.00
1493156628,1390592.00,158720.00,5145600.00,56203673.60,12.00,9.00,76.00,0.00,0.00,4.00,0.00,0.00,9641984.00,18874368.00,0.00,0.00,241664.00,277504.00
1493156629,1389568.00,158720.00,5145600.00,56203673.60,10.00,8.00,78.00,0.00,0.00,4.00,0.00,0.00,8559616.00,16777216.00,0.00,0.00,216064.00,247808.00
1493156630,1389568.00,158720.00,5145600.00,56203673.60,11.00,10.00,75.00,0.00,0.00,4.00,0.00,0.00,8744960.00,16777216.00,0.00,0.00,222208.00,253952.00
1493156631,1389568.00,158720.00,5145600.00,56203673.60,10.00,8.00,78.00,0.00,0.00,4.00,0.00,24576.00,8964096.00,16777216.00,0.00,0.00,224256.00,258048.00
1493156632,1389568.00,158720.00,5145600.00,56203673.60,11.00,10.00,74.00,0.00,0.00,5.00,0.00,147456.00,9738240.00,18874368.00,0.00,0.00,241664.00,278528.00
1493156633,1390592.00,158720.00,5145600.00,56203673.60,10.00,9.00,78.00,0.00,0.00,3.00,0.00,0.00,8222720.00,15728640.00,0.00,0.00,204800.00,235520.00
1493156634,1390592.00,158720.00,5145600.00,56203673.60,9.00,10.00,77.00,0.00,0.00,5.00,0.00,0.00,8732672.00,16777216.00,0.00,0.00,220160.00,251904.00
1493156635,1389568.00,158720.00,5145600.00,56203673.60,13.00,10.00,74.00,0.00,0.00,3.00,0.00,0.00,9056256.00,16777216.00,0.00,0.00,225280.00,260096.00
1493156636,1389568.00,158720.00,5145600.00,56203673.60,11.00,9.00,76.00,0.00,0.00,4.00,0.00,499712.00,8879104.00,16777216.00,0.00,0.00,221184.00,256000.00
1493156637,1389568.00,158720.00,5145600.00,56203673.60,9.00,9.00,77.00,1.00,0.00,4.00,0.00,139264.00,8890368.00,16777216.00,0.00,0.00,224256.00,257024.00
1493156638,1390592.00,158720.00,5145600.00,56203673.60,11.00,8.00,78.00,0.00,0.00,3.00,0.00,0.00,8417280.00,15728640.00,0.00,0.00,207872.00,240640.00
1493156639,1389568.00,158720.00,5145600.00,56203673.60,12.00,10.00,74.00,0.00,0.00,3.00,0.00,0.00,9510912.00,17825792.00,0.00,0.00,235520.00,271360.00
1493156640,1389568.00,158720.00,5145600.00,56203673.60,10.00,10.00,77.00,0.00,0.00,4.00,0.00,0.00,8827904.00,16777216.00,0.00,0.00,219136.00,251904.00
1493156641,1389568.00,158720.00,5145600.00,56203673.60,8.00,7.00,83.00,0.00,0.00,2.00,0.00,57344.00,7420928.00,14680064.00,0.00,0.00,194560.00,221184.00
1493156642,1389568.00,158720.00,5145600.00,56203673.60,6.00,8.00,83.00,0.00,0.00,3.00,0.00,131072.00,7724032.00,14680064.00,0.00,0.00,199680.00,228352.00
1493156643,1389568.00,158720.00,5145600.00,56203673.60,13.00,10.00,73.00,0.00,0.00,4.00,0.00,0.00,9401344.00,17825792.00,0.00,0.00,233472.00,272384.00
1493156644,1389568.00,158720.00,5145600.00,56203673.60,13.00,8.00,76.00,0.00,0.00,4.00,0.00,0.00,8922112.00,16777216.00,0.00,0.00,224256.00,258048.00
1493156645,1390592.00,158720.00,5145600.00,56203673.60,9.00,8.00,79.00,0.00,0.00,3.00,0.00,0.00,8397824.00,15728640.00,0.00,0.00,208896.00,241664.00
1493156646,1389568.00,158720.00,5145600.00,56203673.60,12.00,10.00,75.00,0.00,0.00,3.00,0.00,0.00,9064448.00,16777216.00,0.00,0.00,227328.00,261120.00
1493156647,1389568.00,158720.00,5145600.00,56203673.60,13.00,12.00,70.00,0.00,0.00,4.00,0.00,114688.00,9548800.00,17825792.00,0.00,0.00,236544.00,272384.00
1493156648,1390592.00,158720.00,5145600.00,56203673.60,10.00,10.00,77.00,0.00,0.00,4.00,0.00,0.00,9049088.00,16777216.00,0.00,0.00,227328.00,261120.00
1493156649,1390592.00,158720.00,5145600.00,56203673.60,8.00,9.00,81.00,0.00,0.00,2.00,0.00,0.00,7926784.00,14680064.00,0.00,0.00,197632.00,226304.00
1493156650,1390592.00,158720.00,5145600.00,56203673.60,12.00,9.00,74.00,0.00,0.00,5.00,0.00,0.00,9467904.00,17825792.00,0.00,0.00,237568.00,273408.00
1493156651,1389568.00,158720.00,5145600.00,56203673.60,11.00,9.00,77.00,0.00,0.00,3.00,0.00,57344.00,8765440.00,16777216.00,0.00,0.00,219136.00,252928.00
1493156652,1389568.00,158720.00,5145600.00,56203673.60,10.00,8.00,80.00,0.00,0.00,2.00,0.00,163840.00,7748608.00,14680064.00,0.00,0.00,200704.00,231424.00
1493156653,1389568.00,158720.00,5145600.00,56203673.60,7.00,6.00,85.00,0.00,0.00,2.00,0.00,0.00,6905856.00,13631488.00,0.00,0.00,180224.00,204800.00
1493156654,1389568.00,158720.00,5145600.00,56203673.60,12.00,12.00,72.00,0.00,0.00,4.00,0.00,0.00,9691136.00,18874368.00,0.00,0.00,241664.00,276480.00
1493156655,1390592.00,158720.00,5145600.00,56203673.60,11.00,9.00,76.00,0.00,0.00,4.00,0.00,0.00,8958976.00,16777216.00,0.00,0.00,223232.00,257024.00
1493156656,1389568.00,158720.00,5145600.00,56203673.60,12.00,10.00,75.00,0.00,0.00,4.00,0.00,98304.00,9517056.00,17825792.00,0.00,0.00,234496.00,272384.00
1493156657,1390592.00,158720.00,5145600.00,56203673.60,9.00,6.00,76.00,5.00,0.00,3.00,0.00,212992.00,7911424.00,14680064.00,0.00,0.00,198656.00,229376.00
1493156658,1389568.00,158720.00,5145600.00,56203673.60,14.00,9.00,72.00,0.00,0.00,5.00,0.00,0.00,9586688.00,17825792.00,0.00,0.00,239616.00,275456.00
1493156659,1390592.00,158720.00,5145600.00,56203673.60,11.00,10.00,75.00,0.00,0.00,4.00,0.00,0.00,9178112.00,17825792.00,0.00,0.00,228352.00,263168.00
1493156660,1389568.00,158720.00,5145600.00,56203673.60,9.00,8.00,79.00,0.00,0.00,3.00,0.00,0.00,8470528.00,15728640.00,0.00,0.00,210944.00,242688.00
1493156661,1389568.00,158720.00,5145600.00,56203673.60,12.00,9.00,75.00,0.00,0.00,4.00,0.00,0.00,9032704.00,16777216.00,0.00,0.00,224256.00,259072.00
1493156662,1389568.00,158720.00,5145600.00,56203673.60,11.00,10.00,75.00,0.00,0.00,4.00,0.00,114688.00,9839616.00,18874368.00,0.00,0.00,242688.00,279552.00
1493156663,1389568.00,158720.00,5145600.00,56203673.60,11.00,10.00,75.00,0.00,0.00,3.00,0.00,0.00,8957952.00,16777216.00,0.00,0.00,225280.00,259072.00
1493156664,1389568.00,158720.00,5145600.00,56203673.60,8.00,8.00,81.00,0.00,0.00,3.00,0.00,0.00,8218624.00,15728640.00,0.00,0.00,206848.00,237568.00
1493156665,1389568.00,158720.00,5145600.00,56203673.60,10.00,10.00,77.00,0.00,0.00,4.00,0.00,0.00,9253888.00,17825792.00,0.00,0.00,228352.00,265216.00
1493156666,1389568.00,158720.00,5145600.00,56203673.60,10.00,10.00,77.00,0.00,0.00,3.00,0.00,40960.00,8902656.00,16777216.00,0.00,0.00,221184.00,254976.00
1493156667,1389568.00,158720.00,5145600.00,56203673.60,8.00,11.00,78.00,0.00,0.00,3.00,0.00,139264.00,9062400.00,16777216.00,0.00,0.00,226304.00,260096.00
1493156668,1389568.00,158720.00,5145600.00,56203673.60,9.00,9.00,77.00,0.00,0.00,5.00,0.00,0.00,9146368.00,17825792.00,0.00,0.00,226304.00,261120.00
1493156669,1389568.00,158720.00,5145600.00,56203673.60,11.00,9.00,75.00,0.00,0.00,5.00,0.00,0.00,9132032.00,17825792.00,0.00,0.00,225280.00,260096.00
1493156670,1389568.00,158720.00,5145600.00,56203673.60,11.00,10.00,75.00,0.00,0.00,3.00,0.00,0.00,8989696.00,16777216.00,0.00,0.00,223232.00,257024.00
1493156671,1389568.00,158720.00,5145600.00,56203673.60,10.00,8.00,80.00,0.00,0.00,3.00,0.00,557056.00,8336384.00,15728640.00,0.00,0.00,210944.00,240640.00
1493156672,1389568.00,158720.00,5145600.00,56203673.60,12.00,10.00,73.00,0.00,0.00,5.00,0.00,139264.00,9644032.00,18874368.00,0.00,0.00,237568.00,274432.00
1493156673,1389568.00,158720.00,5145600.00,56203673.60,10.00,9.00,78.00,0.00,0.00,3.00,0.00,0.00,9230336.00,17825792.00,0.00,0.00,228352.00,262144.00
1493156674,1390592.00,158720.00,5145600.00,56203673.60,10.00,8.00,78.00,0.00,0.00,4.00,0.00,0.00,8403968.00,15728640.00,0.00,0.00,210944.00,242688.00
1493156675,1389568.00,158720.00,5145600.00,56203673.60,11.00,9.00,76.00,0.00,0.00,4.00,0.00,0.00,9208832.00,17825792.00,0.00,0.00,227328.00,263168.00
1493156676,1389568.00,158720.00,5145600.00,56203673.60,12.00,11.00,74.00,0.00,0.00,3.00,0.00,8192.00,9190400.00,17825792.00,0.00,0.00,229376.00,264192.00
1493156677,1390592.00,158720.00,5145600.00,56203673.60,12.00,8.00,78.00,0.00,0.00,3.00,0.00,114688.00,8340480.00,15728640.00,0.00,0.00,207872.00,237568.00
1493156678,1389568.00,158720.00,5145600.00,56203673.60,12.00,10.00,75.00,0.00,0.00,4.00,0.00,0.00,9166848.00,17825792.00,0.00,0.00,229376.00,263168.00
1493156679,1390592.00,158720.00,5145600.00,56203673.60,11.00,9.00,76.00,0.00,0.00,3.00,0.00,0.00,9110528.00,16777216.00,0.00,0.00,229376.00,261120.00
1493156680,1389568.00,158720.00,5145600.00,56203673.60,13.00,9.00,73.00,0.00,0.00,4.00,0.00,0.00,8881152.00,16777216.00,0.00,0.00,222208.00,253952.00
1493156681,1389568.00,158720.00,5145600.00,56203673.60,11.00,10.00,75.00,0.00,0.00,3.00,0.00,0.00,9135104.00,17825792.00,0.00,0.00,226304.00,262144.00
1493156682,1389568.00,158720.00,5145600.00,56203673.60,12.00,9.00,70.00,5.00,0.00,3.00,0.00,114688.00,9019392.00,16777216.00,0.00,0.00,226304.00,259072.00
1493156683,1389568.00,158720.00,5145600.00,56203673.60,13.00,9.00,75.00,0.00,0.00,3.00,0.00,0.00,9039872.00,16777216.00,0.00,0.00,224256.00,258048.00
1493156684,1389568.00,158720.00,5145600.00,56203673.60,10.00,10.00,77.00,0.00,0.00,3.00,0.00,0.00,9089024.00,16777216.00,0.00,0.00,226304.00,260096.00
1493156685,1389568.00,158720.00,5145600.00,56203673.60,10.00,10.00,77.00,0.00,0.00,3.00,0.00,0.00,8579072.00,16777216.00,0.00,0.00,209920.00,243712.00
1493156686,1389568.00,158720.00,5145600.00,56203673.60,11.00,9.00,76.00,0.00,0.00,4.00,0.00,81920.00,8867840.00,16777216.00,0.00,0.00,223232.00,256000.00
1493156687,1389568.00,158720.00,5145600.00,56203673.60,11.00,10.00,75.00,0.00,0.00,4.00,0.00,180224.00,9492480.00,17825792.00,0.00,0.00,236544.00,274432.00
1493156688,1390592.00,158720.00,5145600.00,56203673.60,9.00,11.00,77.00,0.00,0.00,4.00,0.00,0.00,8406016.00,15728640.00,0.00,0.00,208896.00,240640.00
1493156689,1389568.00,158720.00,5145600.00,56203673.60,11.00,9.00,76.00,0.00,0.00,3.00,0.00,0.00,9164800.00,17825792.00,0.00,0.00,226304.00,263168.00
1493156690,1389568.00,158720.00,5145600.00,56203673.60,9.00,11.00,76.00,0.00,0.00,4.00,0.00,0.00,9127936.00,17825792.00,0.00,0.00,224256.00,262144.00
1493156691,1389568.00,158720.00,5145600.00,56203673.60,13.00,9.00,75.00,0.00,0.00,3.00,0.00,65536.00,9350144.00,17825792.00,0.00,0.00,228352.00,271360.00
1493156692,1390592.00,158720.00,5145600.00,56203673.60,9.00,9.00,79.00,0.00,0.00,3.00,0.00,172032.00,8094720.00,15728640.00,0.00,0.00,198656.00,231424.00
1493156693,1389568.00,158720.00,5145600.00,56203673.60,12.00,11.00,73.00,0.00,0.00,4.00,0.00,0.00,9710592.00,18874368.00,0.00,0.00,236544.00,279552.00
1493156694,1389568.00,158720.00,5145600.00,56203673.60,13.00,9.00,76.00,0.00,0.00,3.00,0.00,0.00,8825856.00,16777216.00,0.00,0.00,220160.00,251904.00
1493156695,1389568.00,158720.00,5145600.00,56203673.60,11.00,11.00,73.00,0.00,0.00,5.00,0.00,0.00,9776128.00,18874368.00,0.00,0.00,241664.00,278528.00
1493156696,1389568.00,158720.00,5145600.00,56203673.60,11.00,6.00,81.00,0.00,0.00,2.00,0.00,0.00,7880704.00,14680064.00,0.00,0.00,187392.00,227328.00
1493156697,1390592.00,158720.00,5145600.00,56203673.60,11.00,8.00,76.00,0.00,0.00,5.00,0.00,114688.00,9007104.00,16777216.00,0.00,0.00,220160.00,259072.00
1493156698,1390592.00,158720.00,5145600.00,56203673.60,12.00,9.00,75.00,0.00,0.00,4.00,0.00,0.00,9656320.00,17825792.00,0.00,0.00,236544.00,278528.00
1493156699,1389568.00,158720.00,5145600.00,56203673.60,11.00,8.00,78.00,0.00,0.00,3.00,0.00,0.00,8500224.00,15728640.00,0.00,0.00,206848.00,241664.00
1493156700,1389568.00,158720.00,5145600.00,56203673.60,9.00,10.00,77.00,0.00,0.00,4.00,0.00,0.00,9156608.00,17825792.00,0.00,0.00,224256.00,261120.00
1493156701,1389568.00,158720.00,5145600.00,56203673.60,9.00,8.00,81.00,0.00,0.00,3.00,0.00,65536.00,8289280.00,15728640.00,0.00,0.00,211968.00,244736.00
1493156702,1389568.00,158720.00,5145600.00,56203673.60,11.00,8.00,77.00,1.00,0.00,4.00,0.00,139264.00,8719360.00,16777216.00,0.00,0.00,223232.00,260096.00
1493156703,1389568.00,158720.00,5145600.00,56203673.60,9.00,7.00,81.00,0.00,0.00,3.00,0.00,0.00,8170496.00,15728640.00,0.00,0.00,208896.00,239616.00
1493156704,1389568.00,158720.00,5145600.00,56203673.60,10.00,11.00,77.00,0.00,0.00,3.00,0.00,0.00,9072640.00,16777216.00,0.00,0.00,222208.00,258048.00
1493156705,1389568.00,158720.00,5145600.00,56203673.60,11.00,9.00,76.00,0.00,0.00,4.00,0.00,0.00,8942592.00,16777216.00,0.00,0.00,221184.00,257024.00
1493156706,1389568.00,158720.00,5145600.00,56203673.60,15.00,9.00,72.00,0.00,0.00,4.00,0.00,483328.00,9629696.00,17825792.00,0.00,0.00,238592.00,276480.00
1493156707,1389568.00,158720.00,5145600.00,56203673.60,12.00,9.00,76.00,0.00,0.00,3.00,0.00,139264.00,8436736.00,15728640.00,0.00,0.00,210944.00,241664.00
1493156708,1389568.00,158720.00,5145600.00,56203673.60,9.00,8.00,80.00,0.00,0.00,3.00,0.00,0.00,8403968.00,15728640.00,0.00,0.00,207872.00,240640.00
1493156709,1389568.00,158720.00,5145600.00,56203673.60,13.00,9.00,74.00,0.00,0.00,4.00,0.00,0.00,9692160.00,18874368.00,0.00,0.00,241664.00,279552.00
1493156710,1389568.00,158720.00,5145600.00,56203673.60,14.00,9.00,73.00,0.00,0.00,4.00,0.00,0.00,9038848.00,16777216.00,0.00,0.00,226304.00,259072.00
1493156711,1390592.00,158720.00,5145600.00,56203673.60,11.00,8.00,78.00,0.00,0.00,3.00,0.00,16384.00,8660992.00,16777216.00,0.00,0.00,223232.00,254976.00
1493156712,1390592.00,158720.00,5145600.00,56203673.60,9.00,8.00,79.00,0.00,0.00,4.00,0.00,131072.00,8431616.00,15728640.00,0.00,0.00,209920.00,243712.00
1493156713,1390592.00,158720.00,5145600.00,56203673.60,10.00,9.00,78.00,0.00,0.00,3.00,0.00,0.00,8372224.00,15728640.00,0.00,0.00,217088.00,246784.00
1493156714,1389568.00,158720.00,5145600.00,56203673.60,6.00,6.00,85.00,0.00,0.00,3.00,0.00,0.00,6892544.00,12582912.00,0.00,0.00,188416.00,209920.00
1493156715,1389568.00,158720.00,5145600.00,56203673.60,10.00,10.00,77.00,0.00,0.00,3.00,0.00,0.00,9059328.00,16777216.00,0.00,0.00,226304.00,260096.00
1493156716,1389568.00,158720.00,5146624.00,56203673.60,12.00,10.00,75.00,0.00,0.00,3.00,0.00,8192.00,8427520.00,15728640.00,0.00,0.00,207872.00,240640.00
1493156717,1390592.00,158720.00,5146624.00,56203673.60,11.00,10.00,76.00,0.00,0.00,4.00,0.00,122880.00,9571328.00,17825792.00,0.00,0.00,236544.00,273408.00
1493156718,1389568.00,158720.00,5146624.00,56203673.60,12.00,10.00,75.00,0.00,0.00,3.00,0.00,0.00,8481792.00,15728640.00,0.00,0.00,211968.00,243712.00
1493156719,1389568.00,158720.00,5146624.00,56203673.60,15.00,9.00,73.00,0.00,0.00,3.00,0.00,0.00,9464832.00,17825792.00,0.00,0.00,233472.00,269312.00
1493156720,1388544.00,158720.00,5146624.00,56203673.60,9.00,8.00,79.00,0.00,0.00,3.00,0.00,0.00,8387584.00,15728640.00,0.00,0.00,209920.00,242688.00
1493156721,1388544.00,158720.00,5146624.00,56203673.60,13.00,10.00,72.00,0.00,0.00,5.00,0.00,81920.00,9212928.00,17825792.00,0.00,0.00,227328.00,263168.00
1493156722,1389568.00,158720.00,5146624.00,56203673.60,11.00,10.00,77.00,0.00,0.00,3.00,0.00,188416.00,8888320.00,16777216.00,0.00,0.00,218112.00,251904.00
1493156723,1389568.00,158720.00,5146624.00,56203673.60,13.00,10.00,74.00,0.00,0.00,3.00,0.00,0.00,9624576.00,17825792.00,0.00,0.00,236544.00,276480.00
1493156724,1389568.00,158720.00,5146624.00,56203673.60,11.00,8.00,77.00,0.00,0.00,3.00,0.00,0.00,8426496.00,15728640.00,0.00,0.00,206848.00,240640.00
1493156725,1389568.00,158720.00,5146624.00,56203673.60,10.00,10.00,76.00,0.00,0.00,3.00,0.00,0.00,9204736.00,17825792.00,0.00,0.00,227328.00,264192.00
1493156726,1389568.00,158720.00,5146624.00,56203673.60,13.00,9.00,75.00,0.00,0.00,3.00,0.00,57344.00,9068544.00,16777216.00,0.00,0.00,222208.00,258048.00
1493156727,1389568.00,158720.00,5146624.00,56203673.60,11.00,8.00,78.00,0.00,0.00,3.00,0.00,172032.00,8783872.00,16777216.00,0.00,0.00,219136.00,256000.00
1493156728,1389568.00,158720.00,5146624.00,56203673.60,11.00,9.00,76.00,0.00,0.00,4.00,0.00,0.00,9120768.00,17825792.00,0.00,0.00,225280.00,260096.00
1493156729,1390592.00,158720.00,5146624.00,56203673.60,12.00,9.00,77.00,0.00,0.00,3.00,0.00,0.00,8541184.00,15728640.00,0.00,0.00,207872.00,243712.00
1493156730,1389568.00,158720.00,5146624.00,56203673.60,13.00,11.00,72.00,0.00,0.00,4.00,0.00,0.00,9440256.00,17825792.00,0.00,0.00,235520.00,272384.00
1493156731,1389568.00,158720.00,5146624.00,56203673.60,11.00,10.00,76.00,0.00,0.00,3.00,0.00,40960.00,9042944.00,16777216.00,0.00,0.00,222208.00,259072.00
1493156732,1389568.00,158720.00,5146624.00,56203673.60,12.00,8.00,77.00,0.00,0.00,3.00,0.00,114688.00,8399872.00,15728640.00,0.00,0.00,205824.00,238592.00
1493156733,1388544.00,158720.00,5146624.00,56203673.60,8.00,11.00,77.00,0.00,0.00,3.00,0.00,0.00,9163776.00,17825792.00,0.00,0.00,226304.00,261120.00
1493156734,1389568.00,158720.00,5146624.00,56203673.60,13.00,10.00,73.00,0.00,0.00,3.00,0.00,0.00,9536512.00,17825792.00,0.00,0.00,241664.00,276480.00
1493156735,1389568.00,158720.00,5146624.00,56203673.60,12.00,9.00,75.00,0.00,0.00,3.00,0.00,0.00,8814592.00,16777216.00,0.00,0.00,220160.00,254976.00
1493156736,1389568.00,158720.00,5146624.00,56203673.60,9.00,8.00,79.00,0.00,0.00,4.00,0.00,49152.00,8535040.00,15728640.00,0.00,0.00,212992.00,244736.00
1493156737,1389568.00,158720.00,5146624.00,56203673.60,11.00,8.00,77.00,0.00,0.00,4.00,0.00,155648.00,8668160.00,16777216.00,0.00,0.00,212992.00,246784.00
1493156738,1389568.00,158720.00,5146624.00,56203673.60,14.00,9.00,74.00,0.00,0.00,3.00,0.00,0.00,9043968.00,16777216.00,0.00,0.00,224256.00,258048.00
1493156739,1389568.00,158720.00,5146624.00,56203673.60,11.00,10.00,76.00,0.00,0.00,3.00,0.00,0.00,9275392.00,17825792.00,0.00,0.00,226304.00,263168.00
1493156740,1389568.00,158720.00,5146624.00,56203673.60,11.00,8.00,78.00,0.00,0.00,3.00,0.00,0.00,8582144.00,16777216.00,0.00,0.00,212992.00,245760.00
1493156741,1389568.00,158720.00,5146624.00,56203673.60,14.00,9.00,74.00,0.00,0.00,3.00,0.00,483328.00,9332736.00,17825792.00,0.00,0.00,230400.00,267264.00
1493156742,1389568.00,158720.00,5146624.00,56203673.60,11.00,8.00,77.00,0.00,0.00,4.00,0.00,131072.00,9125888.00,17825792.00,0.00,0.00,225280.00,261120.00
1493156743,1389568.00,158720.00,5146624.00,56203673.60,12.00,9.00,75.00,0.00,0.00,4.00,0.00,0.00,8978432.00,16777216.00,0.00,0.00,221184.00,256000.00
1493156744,1389568.00,158720.00,5146624.00,56203673.60,10.00,8.00,79.00,0.00,0.00,3.00,0.00,0.00,8526848.00,15728640.00,0.00,0.00,210944.00,242688.00
1493156745,1389568.00,158720.00,5146624.00,56203673.60,13.00,11.00,71.00,0.00,0.00,4.00,0.00,0.00,9673728.00,18874368.00,0.00,0.00,240640.00,277504.00
1493156746,1389568.00,158720.00,5146624.00,56203673.60,12.00,8.00,76.00,0.00,0.00,4.00,0.00,16384.00,8913920.00,16777216.00,0.00,0.00,220160.00,254976.00
1493156747,1389568.00,158720.00,5146624.00,56203673.60,13.00,10.00,74.00,0.00,0.00,4.00,0.00,114688.00,9240576.00,17825792.00,0.00,0.00,228352.00,264192.00
1493156748,1389568.00,158720.00,5146624.00,56203673.60,11.00,8.00,77.00,0.00,0.00,3.00,0.00,0.00,8602624.00,16777216.00,0.00,0.00,215040.00,247808.00
1493156749,1389568.00,158720.00,5146624.00,56203673.60,12.00,8.00,76.00,0.00,0.00,4.00,0.00,0.00,8890368.00,16777216.00,0.00,0.00,220160.00,254976.00
1493156750,1389568.00,158720.00,5146624.00,56203673.60,12.00,9.00,75.00,0.00,0.00,4.00,0.00,0.00,9153536.00,17825792.00,0.00,0.00,226304.00,261120.00
1493156751,1389568.00,158720.00,5146624.00,56203673.60,11.00,8.00,77.00,0.00,0.00,4.00,0.00,16384.00,8888320.00,16777216.00,0.00,0.00,220160.00,257024.00
1493156752,1389568.00,158720.00,5146624.00,56203673.60,15.00,11.00,70.00,0.00,0.00,4.00,0.00,139264.00,9311232.00,17825792.00,0.00,0.00,228352.00,265216.00
1493156753,1389568.00,158720.00,5146624.00,56203673.60,11.00,9.00,76.00,0.00,0.00,4.00,0.00,0.00,9086976.00,16777216.00,0.00,0.00,223232.00,259072.00
1493156754,1389568.00,158720.00,5146624.00,56203673.60,13.00,11.00,72.00,0.00,0.00,4.00,0.00,0.00,8919040.00,16777216.00,0.00,0.00,224256.00,257024.00
1493156755,1389568.00,158720.00,5146624.00,56203673.60,12.00,9.00,76.00,0.00,0.00,3.00,0.00,0.00,8515584.00,15728640.00,0.00,0.00,211968.00,243712.00
1493156756,1389568.00,158720.00,5146624.00,56203673.60,12.00,10.00,73.00,0.00,0.00,5.00,0.00,65536.00,9643008.00,17825792.00,0.00,0.00,236544.00,274432.00
1493156757,1389568.00,158720.00,5146624.00,56203673.60,11.00,8.00,77.00,0.00,0.00,3.00,0.00,163840.00,8204288.00,15728640.00,0.00,0.00,203776.00,235520.00
1493156758,1389568.00,158720.00,5146624.00,56203673.60,14.00,12.00,70.00,0.00,0.00,4.00,0.00,0.00,9730048.00,18874368.00,0.00,0.00,241664.00,278528.00
