--Probe dump file for probe: org.yardstickframework.probes.ThroughputLatencyProbe@5d28bcd5 (class org.yardstickframework.probes.ThroughputLatencyProbe)
--Created Tue Apr 25 21:39:58 UTC 2017
--Benchmark config: BenchmarkConfiguration [memberId='0', driverNames='[IgnitePutAllBenchmark]', serverName='IgniteNode', threads=64, duration=300, warmup=60, dfltProbeClsNames=[ThroughputLatencyProbe, PercentileProbe, DStatProbe], propsFileName='yardstick/config/run.properties', packages=[org.yardstickframework, org.apache.ignite.yardstick], cmdArgs=[--outputFolder, /home/ubuntu/date-2504-204359-s-4-c-1-ver-2.0.0-SNAPSHOT-0be92732/yardstick/bin/../output/results-20170425-204411, -id, 0, -cfg, /home/ubuntu/date-2504-204359-s-4-c-1-ver-2.0.0-SNAPSHOT-0be92732/yardstick/bin/../config/ignite-config.xml, -nn, 5, -b, 1, -w, 60, -d, 300, -t, 64, -sm, FULL_SYNC, -bs, 6, --client, -dn, IgnitePutAllBenchmark, -wom, PRIMARY, -sn, IgniteNode, -ds, 2.0.0-SNAPSHOT-0be92732-atomic-putAll-bs-6-1-backup, --config, yardstick/config/run.properties, --logsFolder, /home/ubuntu/date-2504-204359-s-4-c-1-ver-2.0.0-SNAPSHOT-0be92732/yardstick/bin/../output/logs-20170425-204411/logs_drivers, --currentFolder, /home/ubuntu/date-2504-204359-s-4-c-1-ver-2.0.0-SNAPSHOT-0be92732, --scriptsFolder, /home/ubuntu/date-2504-204359-s-4-c-1-ver-2.0.0-SNAPSHOT-0be92732/yardstick/bin], probeWriter='null', customProps={ver=2.0.0-SNAPSHOT-0be92732- , b=1, d=300, SERVER_HOSTS=172.31.45.250,172.31.38.80,172.31.41.141,172.31.42.161, now0=`date +'%H%M%S'`, j=10, nodesNum=$((`echo ${SERVER_HOSTS} | tr ',' '' | wc -l` + `echo ${DRIVER_HOSTS} | tr ',' '' | wc -l`)), JVM_OPTS=${JVM_OPTS}" -Xms6g -Xmx6g -Xloggc:./gc${now0}.log -XX:+PrintGCDetails -verbose:gc -XX:+UseParNewGC -XX:+UseConcMarkSweepGC ", CONFIGS="-cfg ${SCRIPT_DIR}/../config/ignite-config.xml -nn ${nodesNum} -b ${b} -w ${w} -d ${d} -t ${t} -sm ${sm}  --client -dn IgnitePutBenchmark -sn IgniteNode -wom PRIMARY -ds ${ver}atomic-put-${b}-backup,-cfg ${SCRIPT_DIR}/../config/ignite-config.xml -nn ${nodesNum} -b ${b} -w ${w} -d ${d} -t ${t} -sm ${sm}  --client -dn IgnitePutGetBenchmark -sn IgniteNode -wom PRIMARY -ds ${ver}atomic-put-get-${b}-backup,-cfg ${SCRIPT_DIR}/../config/ignite-config.xml -nn ${nodesNum} -b ${b} -w ${w} -d ${d} -t ${t} -sm ${sm} -bs 6  --client -dn IgnitePutGetBatchBenchmark -wom PRIMARY -sn IgniteNode -ds ${ver}atomic-put-get-bs-6-${b}-backup,-cfg ${SCRIPT_DIR}/../config/ignite-config.xml -nn ${nodesNum} -b ${b} -w ${w} -d ${d} -t ${t} -sm ${sm}  --client -dn IgnitePutTxImplicitBenchmark -sn IgniteNode -ds ${ver}tx-optimistic-put-${b}-backup,-cfg ${SCRIPT_DIR}/../config/ignite-config.xml -nn ${nodesNum} -b ${b} -w ${w} -d ${d} -t ${t} -sm ${sm} -txc OPTIMISTIC  --client -dn IgnitePutGetTxBenchmark -sn IgniteNode -ds ${ver}tx-optim-repRead-put-get-${b}-backup,-cfg ${SCRIPT_DIR}/../config/ignite-config.xml -nn ${nodesNum} -b ${b} -w ${w} -d ${d} -t ${t} -sm ${sm} -txc PESSIMISTIC  --client -dn IgnitePutGetTxBenchmark -sn IgniteNode -ds ${ver}tx-pessim-repRead-put-get-${b}-backup,-cfg ${SCRIPT_DIR}/../config/ignite-config.xml -nn ${nodesNum} -b ${b} -w ${w} -d ${d} -t ${t} -sm ${sm} -txc OPTIMISTIC -txi SERIALIZABLE  --client -dn IgnitePutGetTxBenchmark -sn IgniteNode -ds ${ver}tx-opt-serial-put-get-${b}-backup,-cfg ${SCRIPT_DIR}/../config/ignite-config.xml -nn ${nodesNum} -b ${b} -w ${w} -d ${d} -t ${t} -sm ${sm}  --client -dn IgniteSqlQueryBenchmark -sn IgniteNode -ds ${ver}sql-query-${b}-backup,-cfg ${SCRIPT_DIR}/../config/ignite-config.xml -nn ${nodesNum} -b ${b} -w ${w} -d ${d} -t ${t} -sm ${sm}  --client -dn IgniteSqlQueryPutBenchmark -sn IgniteNode -ds ${ver}sql-query-put-${b}-backup,-cfg ${SCRIPT_DIR}/../config/ignite-config.xml -nn ${nodesNum} -b ${b} -w ${w} -d ${d} -t ${t} -sm ${sm} -bs 6  --client -dn IgnitePutAllBenchmark -wom PRIMARY -sn IgniteNode -ds ${ver}atomic-putAll-bs-6-${b}-backup,-cfg ${SCRIPT_DIR}/../config/ignite-config.xml -nn ${nodesNum} -b ${b} -w ${w} -d ${d} -t ${t} -sm ${sm} -bs 6  --client -dn IgnitePutAllTxBenchmark -sn IgniteNode -ds ${ver}tx-putAll-bs-6-${b}-backup,-cfg ${SCRIPT_DIR}/../config/ignite-config.xml -nn ${nodesNum} -b ${b} -w ${w} -d ${d} -t ${t} -sm ${sm} -bs 6  --client -dn IgnitePutAllSerializableTxBenchmark -sn IgniteNode -ds ${ver}tx-putAllSerializable-bs-6-${b}-backup,-cfg ${SCRIPT_DIR}/../config/ignite-config.xml -nn ${nodesNum} -b ${b} -w ${w} -d ${d} -t ${t} -sm ${sm} -bs 6 -txc OPTIMISTIC   --client -dn IgniteGetAllPutAllTxBenchmark -sn IgniteNode -ds ${ver}tx-optimistic-getAllPutAll-bs-6-${b}-backup,-cfg ${SCRIPT_DIR}/../config/ignite-config.xml -nn ${nodesNum} -b ${b} -w ${w} -d ${d} -t ${t} -sm ${sm} -bs 6 -txc PESSIMISTIC  --client -dn IgniteGetAllPutAllTxBenchmark -sn IgniteNode -ds ${ver}tx-pessimistic-getAllPutAll-bs-6-${b}-backup,-cfg ${SCRIPT_DIR}/../config/ignite-config.xml -nn ${nodesNum} -b ${b} -w ${w} -d ${d} -t ${t} -sm ${sm} -bs 6 -txc OPTIMISTIC -txi SERIALIZABLE  --client -dn IgniteGetAllPutAllTxBenchmark -sn IgniteNode -ds ${ver}tx-opt-serializable-getAllPutAll-bs-6-${b}-backup,", DRIVER_HOSTS=172.31.46.6, t=64, BENCHMARK_PACKAGES=org.yardstickframework,org.apache.ignite.yardstick, w=60, sm=FULL_SYNC, AUTO_COPY=false, RESTART_SERVERS=true}, shutdownHook=true, currentFolder=/home/ubuntu/date-2504-204359-s-4-c-1-ver-2.0.0-SNAPSHOT-0be92732, scriptsFolder=/home/ubuntu/date-2504-204359-s-4-c-1-ver-2.0.0-SNAPSHOT-0be92732/yardstick/bin, logsFolder=/home/ubuntu/date-2504-204359-s-4-c-1-ver-2.0.0-SNAPSHOT-0be92732/yardstick/bin/../output/logs-20170425-204411/logs_drivers, outputFolder=/home/ubuntu/date-2504-204359-s-4-c-1-ver-2.0.0-SNAPSHOT-0be92732/yardstick/bin/../output/results-20170425-204411, outputWriter=java.io.PrintStream@6eebd7a8, errorWriter=java.io.PrintStream@602c2405, descriptions=[2.0.0-SNAPSHOT-0be92732-atomic-putAll-bs-6-1-backup], hostName=]
--Description: 2.0.0-SNAPSHOT-0be92732-atomic-putAll-bs-6-1-backup
@@IgnitePutAllBenchmark
**"Time, sec","Operations/sec (more is better)","Latency, nsec (less is better)"
1493156459,41753.00,1528044.89
1493156460,38964.00,1640327.97
1493156461,36751.00,1740076.59
1493156462,34278.00,1864441.27
1493156463,42240.00,1514379.63
1493156464,37963.00,1684805.05
1493156465,41164.00,1553653.67
1493156466,34245.00,1868273.42
1493156467,31970.00,2000659.77
1493156468,35785.00,1787587.16
1493156469,42311.00,1511576.09
1493156470,35199.00,1816750.96
1493156471,42225.00,1514658.39
1493156472,38608.00,1656593.38
1493156473,39436.00,1573091.88
1493156474,38388.00,1717501.61
1493156475,39365.00,1624716.51
1493156476,41794.00,1530735.27
1493156477,36955.00,1730792.54
1493156478,39250.00,1629387.37
1493156479,39534.00,1618252.39
1493156480,40406.00,1582993.22
1493156481,37332.00,1713594.19
1493156482,37546.00,1703827.97
1493156483,41269.00,1549464.56
1493156484,38523.00,1640140.06
1493156485,40305.00,1607182.41
1493156486,37243.00,1717380.42
1493156487,42548.00,1497183.88
1493156488,36698.00,1750505.44
1493156489,39768.00,1608393.28
1493156490,39921.00,1601824.10
1493156491,41428.00,1528883.09
1493156492,37482.00,1723620.31
1493156493,39258.00,1629909.28
1493156494,38882.00,1645342.14
1493156495,38499.00,1637556.02
1493156496,34459.00,1883056.94
1493156497,37897.00,1688138.16
1493156498,39414.00,1623012.48
1493156499,36584.00,1748583.09
1493156500,39257.00,1629785.53
1493156501,42527.00,1504096.32
1493156502,34498.00,1854060.24
1493156503,28569.00,2240840.95
1493156504,39723.00,1610518.80
1493156505,42246.00,1512912.37
1493156506,39289.00,1629053.21
1493156507,37653.00,1698360.35
1493156508,39670.00,1613508.56
1493156509,42450.00,1506679.62
1493156510,36792.00,1738376.99
1493156511,36396.00,1758646.98
1493156512,41971.00,1523939.17
1493156513,42069.00,1521129.97
1493156514,35186.00,1817179.68
1493156515,40234.00,1590615.67
1493156516,41518.00,1540341.50
1493156517,40366.00,1585402.47
1493156518,33957.00,1883035.79
1493156519,41640.00,1536290.59
1493156520,41947.00,1525053.19
1493156521,34594.00,1850102.81
1493156522,35318.00,1811630.51
1493156523,42594.00,1501952.24
1493156524,41770.00,1530814.68
1493156525,34057.00,1879463.18
1493156526,39128.00,1634755.99
1493156527,41366.00,1545335.83
1493156528,35941.00,1780744.45
1493156529,32197.00,1970656.74
1493156530,34460.00,1871409.28
1493156531,30684.00,2081504.49
1493156532,39403.00,1626787.07
1493156533,35109.00,1766005.37
1493156534,38220.00,1725681.96
1493156535,40953.00,1554654.24
1493156536,40195.00,1599109.01
1493156537,34196.00,1870929.50
1493156538,39559.00,1616737.37
1493156539,40476.00,1580143.60
1493156540,38420.00,1664990.66
1493156541,36184.00,1768727.19
1493156542,38896.00,1644798.78
1493156543,41605.00,1536192.01
1493156544,35034.00,1828357.60
1493156545,38594.00,1656612.83
1493156546,38659.00,1655401.46
1493156547,41212.00,1551817.89
1493156548,35720.00,1746039.43
1493156549,40707.00,1611334.01
1493156550,39423.00,1622576.52
1493156551,40607.00,1575812.26
1493156552,32361.00,1976838.82
1493156553,42241.00,1513736.78
1493156554,39787.00,1608294.37
1493156555,37330.00,1713914.08
1493156556,35123.00,1821463.47
1493156557,42698.00,1498216.68
1493156558,39187.00,1632649.14
1493156559,36504.00,1751108.61
1493156560,38549.00,1660507.03
1493156561,40665.00,1573453.97
1493156562,36792.00,1738757.44
1493156563,37392.00,1710436.45
1493156564,41419.00,1544445.66
1493156565,42004.00,1523364.02
1493156566,33781.00,1893932.43
1493156567,39157.00,1633860.24
1493156568,42333.00,1510380.27
1493156569,41918.00,1527021.99
1493156570,34848.00,1835388.45
1493156571,39530.00,1618707.22
1493156572,41719.00,1533297.60
1493156573,39011.00,1594231.79
1493156574,36988.00,1734494.15
1493156575,40520.00,1618133.03
1493156576,41748.00,1532120.35
1493156577,35166.00,1819971.22
1493156578,39294.00,1627764.07
1493156579,42091.00,1519572.62
1493156580,38946.00,1641959.00
1493156581,34418.00,1859356.18
1493156582,37986.00,1684014.97
1493156583,41417.00,1544667.43
1493156584,39735.00,1609731.00
1493156585,37066.00,1726968.47
1493156586,38206.00,1673822.15
1493156587,42054.00,1521432.60
1493156588,35954.00,1779532.00
1493156589,36729.00,1741898.51
1493156590,36013.00,1765300.55
1493156591,33279.00,1933238.22
1493156592,38989.00,1641880.50
1493156593,39457.00,1621007.50
1493156594,39169.00,1632634.37
1493156595,39679.00,1612426.53
1493156596,39664.00,1613368.87
1493156597,37172.00,1640477.11
1493156598,41712.00,1605594.34
1493156599,40078.00,1596445.24
1493156600,39111.00,1635603.40
1493156601,37111.00,1724168.02
1493156602,40112.00,1594191.65
1493156603,39606.00,1615391.52
1493156604,39166.00,1633285.35
1493156605,40136.00,1593358.56
1493156606,38819.00,1647925.32
1493156607,39615.00,1615320.54
1493156608,39223.00,1631030.46
1493156609,37759.00,1694546.40
1493156610,41300.00,1548460.09
1493156611,39717.00,1610803.38
1493156612,39912.00,1603209.46
1493156613,37394.00,1710329.29
1493156614,39655.00,1613387.43
1493156615,40077.00,1596297.93
1493156616,38586.00,1657932.27
1493156617,37249.00,1717473.56
1493156618,39868.00,1604116.65
1493156619,38840.00,1647876.73
1493156620,39912.00,1602331.72
1493156621,39427.00,1623367.40
1493156622,39021.00,1638748.62
1493156623,39455.00,1621919.04
1493156624,38965.00,1641499.10
1493156625,37739.00,1695386.66
1493156626,39621.00,1601900.66
1493156627,36708.00,1755741.82
1493156628,42161.00,1517834.90
1493156629,37389.00,1710786.14
1493156630,38140.00,1676631.24
1493156631,39345.00,1626825.57
1493156632,42577.00,1502790.85
1493156633,36104.00,1771584.36
1493156634,37842.00,1637707.10
1493156635,40215.00,1639722.66
1493156636,38777.00,1650283.59
1493156637,38909.00,1644230.47
1493156638,36670.00,1744415.52
1493156639,41662.00,1535925.90
1493156640,38584.00,1657704.04
1493156641,32206.00,1924851.36
1493156642,34034.00,1937719.92
1493156643,41018.00,1559584.82
1493156644,38950.00,1642527.98
1493156645,36754.00,1740511.88
1493156646,39609.00,1614590.48
1493156647,41939.00,1525836.05
1493156648,39577.00,1616755.04
1493156649,34731.00,1841620.85
1493156650,41463.00,1543419.06
1493156651,38453.00,1663044.49
1493156652,33595.00,1904131.62
1493156653,30236.00,2117047.23
1493156654,42403.00,1508672.83
1493156655,39228.00,1630112.14
1493156656,41487.00,1541566.15
1493156657,34528.00,1853167.36
1493156658,42039.00,1522206.53
1493156659,40197.00,1590972.53
1493156660,37097.00,1725037.76
1493156661,39556.00,1616787.74
1493156662,43100.00,1484093.40
1493156663,39212.00,1632228.79
1493156664,35758.00,1788048.68
1493156665,40514.00,1579276.26
1493156666,38924.00,1643622.23
1493156667,39763.00,1608695.71
1493156668,39987.00,1600270.57
1493156669,39880.00,1604297.64
1493156670,39188.00,1632528.90
1493156671,36394.00,1757794.80
1493156672,42291.00,1511783.62
1493156673,40365.00,1584733.96
1493156674,36818.00,1738612.09
1493156675,40266.00,1588920.62
1493156676,39701.00,1611487.48
1493156677,36933.00,1731503.03
1493156678,39892.00,1603860.45
1493156679,39682.00,1611979.03
1493156680,38788.00,1649292.79
1493156681,39998.00,1598959.10
1493156682,38853.00,1603844.05
1493156683,40211.00,1632069.32
1493156684,39787.00,1608069.76
1493156685,37471.00,1707368.71
1493156686,38872.00,1645721.63
1493156687,41689.00,1534069.63
1493156688,36816.00,1738268.44
1493156689,40119.00,1593817.03
1493156690,39936.00,1602755.63
1493156691,40982.00,1560716.83
1493156692,35413.00,1806615.63
1493156693,42057.00,1521048.78
1493156694,38998.00,1640633.02
1493156695,42794.00,1494737.68
1493156696,34488.00,1855185.89
1493156697,39331.00,1626368.85
1493156698,42356.00,1510460.10
1493156699,37303.00,1714631.59
1493156700,39826.00,1606539.21
1493156701,36489.00,1753432.59
1493156702,37895.00,1687471.93
1493156703,35729.00,1790171.86
1493156704,39803.00,1607370.04
1493156705,39230.00,1631342.29
1493156706,42069.00,1520502.81
1493156707,36761.00,1740249.32
1493156708,36889.00,1734649.60
1493156709,42405.00,1508007.51
1493156710,39476.00,1620708.97
1493156711,38007.00,1683373.63
1493156712,36892.00,1733826.92
1493156713,35999.00,1775453.54
1493156714,30041.00,2132340.59
1493156715,39629.00,1613833.78
1493156716,36779.00,1739794.49
1493156717,41947.00,1524397.94
1493156718,36925.00,1732973.53
1493156719,41684.00,1534744.63
1493156720,36701.00,1743056.98
1493156721,39460.00,1547943.67
1493156722,39869.00,1676939.42
1493156723,41303.00,1518557.77
1493156724,37681.00,1730478.49
1493156725,40389.00,1584048.65
1493156726,39746.00,1610060.28
1493156727,38366.00,1667261.53
1493156728,39949.00,1601657.95
1493156729,37214.00,1718522.86
1493156730,41450.00,1543711.18
1493156731,39701.00,1610239.22
1493156732,36776.00,1740132.09
1493156733,40165.00,1592696.13
1493156734,41684.00,1534495.83
1493156735,38420.00,1666110.37
1493156736,37341.00,1712616.25
1493156737,38012.00,1683115.81
1493156738,39655.00,1613189.91
1493156739,40515.00,1578837.32
1493156740,37637.00,1700294.81
1493156741,40919.00,1562639.44
1493156742,39900.00,1603726.72
1493156743,39284.00,1628006.57
1493156744,37498.00,1705904.32
1493156745,42304.00,1511883.92
1493156746,37898.00,1628739.65
1493156747,41553.00,1593935.57
1493156748,37510.00,1705673.69
1493156749,38917.00,1643442.52
1493156750,40146.00,1594215.00
1493156751,37810.00,1610695.60
1493156752,41875.00,1601182.43
1493156753,39828.00,1605425.93
1493156754,38620.00,1657140.34
1493156755,37605.00,1700452.54
1493156756,42263.00,1513438.69
1493156757,35907.00,1782717.47
1493156758,41655.00,1501304.52
