--Probe dump file for probe: org.yardstickframework.probes.DStatProbe@7d900ecf (class org.yardstickframework.probes.DStatProbe)
--Created Tue Apr 25 22:49:49 UTC 2017
--Benchmark config: BenchmarkConfiguration [memberId='0', driverNames='[HazelcastSetGetTxPessimisticBenchmark]', serverName='HazelcastNode', threads=64, duration=300, warmup=60, dfltProbeClsNames=[ThroughputLatencyProbe, PercentileProbe, DStatProbe], propsFileName='yardstick/config/run.properties', packages=[org.yardstickframework], cmdArgs=[--outputFolder, /home/ubuntu/date-2504-221749-s-4-c-1-ver-3.8.1-f1e9264/yardstick/bin/../output/results-20170425-221800, -id, 0, -hzcfg, /home/ubuntu/date-2504-221749-s-4-c-1-ver-3.8.1-f1e9264/yardstick/bin/../config/hz-config.xml, --hzClientConfig, /home/ubuntu/date-2504-221749-s-4-c-1-ver-3.8.1-f1e9264/yardstick/bin/../config/hz-client-config.xml, --clientMode, -nn, 4, -b, 1, -w, 60, -d, 300, -t, 64, --syncBackups, --readBackups, -dn, HazelcastSetGetTxPessimisticBenchmark, -sn, HazelcastNode, -ds, 3.8.1-f1e9264-tx-set-get-pes-1-backup, --config, yardstick/config/run.properties, --logsFolder, /home/ubuntu/date-2504-221749-s-4-c-1-ver-3.8.1-f1e9264/yardstick/bin/../output/logs-20170425-221800/logs_drivers, --currentFolder, /home/ubuntu/date-2504-221749-s-4-c-1-ver-3.8.1-f1e9264, --scriptsFolder, /home/ubuntu/date-2504-221749-s-4-c-1-ver-3.8.1-f1e9264/yardstick/bin], probeWriter='null', customProps={ver=3.8.1-f1e9264-, b=1, d=300, SERVER_HOSTS=172.31.45.250,172.31.38.80,172.31.41.141,172.31.42.161, now0=`date +'%H%M%S'`, nodesNum=$((`echo ${SERVER_HOSTS} | tr ',' '' | wc -l`)), JVM_OPTS=${JVM_OPTS}" -Xms6g -Xmx6g -Xloggc:./gc${now0}.log -XX:+PrintGCDetails -verbose:gc -XX:+UseParNewGC -XX:+UseConcMarkSweepGC ", CONFIGS="-hzcfg ${SCRIPT_DIR}/../config/hz-config.xml --hzClientConfig ${SCRIPT_DIR}/../config/hz-client-config.xml --clientMode -nn ${nodesNum} -b ${b} -w ${w} -d ${d} -t ${t}  ${sm} --readBackups -dn HazelcastSetBenchmark -sn HazelcastNode -ds ${ver}atomic-set-1-backup,-hzcfg ${SCRIPT_DIR}/../config/hz-config.xml --hzClientConfig ${SCRIPT_DIR}/../config/hz-client-config.xml --clientMode -nn ${nodesNum} -b ${b} -w ${w} -d ${d} -t ${t}  ${sm} --readBackups -dn HazelcastSetGetBenchmark -sn HazelcastNode -ds ${ver}atomic-set-get-1-backup,-hzcfg ${SCRIPT_DIR}/../config/hz-config.xml --hzClientConfig ${SCRIPT_DIR}/../config/hz-client-config.xml --clientMode -nn ${nodesNum} -b ${b} -w ${w} -d ${d} -t ${t}  ${sm} --readBackups -bs 6 -dn HazelcastPutGetBatchBenchmark -sn HazelcastNode -ds ${ver}atomic-set-get-bs-6-1-backup,-hzcfg ${SCRIPT_DIR}/../config/hz-config.xml --hzClientConfig ${SCRIPT_DIR}/../config/hz-client-config.xml --clientMode -nn ${nodesNum} -b ${b} -w ${w} -d ${d} -t ${t}  ${sm} --readBackups -dn HazelcastSetTxBenchmark -sn HazelcastNode -ds ${ver}tx-set-pessimistic-1-backup,-hzcfg ${SCRIPT_DIR}/../config/hz-config.xml --hzClientConfig ${SCRIPT_DIR}/../config/hz-client-config.xml --clientMode -nn ${nodesNum} -b ${b} -w ${w} -d ${d} -t ${t}  ${sm} --readBackups -dn HazelcastSetGetTxOptimisticBenchmark -sn HazelcastNode -ds ${ver}tx-set-get-opt-1-backup,-hzcfg ${SCRIPT_DIR}/../config/hz-config.xml --hzClientConfig ${SCRIPT_DIR}/../config/hz-client-config.xml --clientMode -nn ${nodesNum} -b ${b} -w ${w} -d ${d} -t ${t}  ${sm} --readBackups -dn HazelcastSetGetTxPessimisticBenchmark -sn HazelcastNode -ds ${ver}tx-set-get-pes-1-backup,-hzcfg ${SCRIPT_DIR}/../config/hz-config.xml --hzClientConfig ${SCRIPT_DIR}/../config/hz-client-config.xml --clientMode -nn ${nodesNum} -b ${b} -w ${w} -d ${d} -t ${t}  ${sm} --readBackups -dn HazelcastSqlQueryBenchmark -sn HazelcastNode -ds ${ver}sql-query-1-backup,-hzcfg ${SCRIPT_DIR}/../config/hz-config.xml --hzClientConfig ${SCRIPT_DIR}/../config/hz-client-config.xml --clientMode -nn ${nodesNum} -b ${b} -w ${w} -d ${d} -t ${t}  ${sm} --readBackups -dn HazelcastSqlQuerySetBenchmark -sn HazelcastNode -ds ${ver}sql-query-set-1-backup,-hzcfg ${SCRIPT_DIR}/../config/hz-config.xml --hzClientConfig ${SCRIPT_DIR}/../config/hz-client-config.xml --clientMode -nn ${nodesNum} -b ${b} -w ${w} -d ${d} -t ${t}  ${sm} --readBackups -bs 6 -dn HazelcastPutAllBenchmark -sn HazelcastNode -ds ${ver}atomic-setAll-bs-6-1-backup,-hzcfg ${SCRIPT_DIR}/../config/hz-config.xml --hzClientConfig ${SCRIPT_DIR}/../config/hz-client-config.xml --clientMode -nn ${nodesNum} -b ${b} -w ${w} -d ${d} -t ${t}  ${sm} --readBackups -bs 6 -dn HazelcastSetAllTxBenchmark -sn HazelcastNode -ds ${ver}tx-setAll-bs-6-1-backup,-hzcfg ${SCRIPT_DIR}/../config/hz-config.xml --hzClientConfig ${SCRIPT_DIR}/../config/hz-client-config.xml --clientMode -nn ${nodesNum} -b ${b} -w ${w} -d ${d} -t ${t}  ${sm} --readBackups -bs 6 -dn HazelcastGetAllSetAllTxOptimisticBenchmark -sn HazelcastNode -ds ${ver}tx-optimistic-getAllSetAll-bs-6-1-backup,-hzcfg ${SCRIPT_DIR}/../config/hz-config.xml --hzClientConfig ${SCRIPT_DIR}/../config/hz-client-config.xml --clientMode -nn ${nodesNum} -b ${b} -w ${w} -d ${d} -t ${t}  ${sm} --readBackups -bs 6 -dn HazelcastGetAllSetAllTxPessimisticBenchmark -sn HazelcastNode -ds ${ver}tx-pessimistic-getAllSetAll-bs-6-1-backup,", DRIVER_HOSTS=172.31.46.6, t=64, BENCHMARK_PACKAGES=org.yardstickframework, w=60, BENCHMARK_LABEL=hazelcast, sm="--syncBackups", AUTO_COPY=false, RESTART_SERVERS=true}, shutdownHook=true, currentFolder=/home/ubuntu/date-2504-221749-s-4-c-1-ver-3.8.1-f1e9264, scriptsFolder=/home/ubuntu/date-2504-221749-s-4-c-1-ver-3.8.1-f1e9264/yardstick/bin, logsFolder=/home/ubuntu/date-2504-221749-s-4-c-1-ver-3.8.1-f1e9264/yardstick/bin/../output/logs-20170425-221800/logs_drivers, outputFolder=/home/ubuntu/date-2504-221749-s-4-c-1-ver-3.8.1-f1e9264/yardstick/bin/../output/results-20170425-221800, outputWriter=java.io.PrintStream@40623ff8, errorWriter=java.io.PrintStream@445da32c, descriptions=[3.8.1-f1e9264-tx-set-get-pes-1-backup], hostName=]
--Description: 3.8.1-f1e9264-tx-set-get-pes-1-backup
@@HazelcastSetGetTxPessimisticBenchmark
**"Time, sec","Memory Used, KB","Memory Buffered, KB","Memory Cached, KB","Memory Free, KB","CPU User, %","CPU System, %","CPU Idle, %","CPU Wait, %","CPU Hardware Interrupts","CPU Software Interrupts","Disk Read, B","Disk Write, B","Network Receive, B","Network Send, B","Page In, B","Page Out, B","System Interrupts, per sec","System Context Switches, per sec"
1493160650,1186816.00,162816.00,5306368.00,56203673.60,2.00,0.00,98.00,0.00,0.00,0.00,0.00,0.00,3628032.00,6016000.00,0.00,0.00,181248.00,163840.00
1493160651,1187840.00,162816.00,5306368.00,56203673.60,1.00,1.00,98.00,0.00,0.00,0.00,0.00,0.00,4716544.00,7812096.00,0.00,0.00,232448.00,209920.00
1493160652,1187840.00,162816.00,5306368.00,56203673.60,1.00,1.00,98.00,0.00,0.00,0.00,0.00,0.00,4684800.00,7749632.00,0.00,0.00,231424.00,207872.00
1493160653,1187840.00,162816.00,5306368.00,56203673.60,0.00,1.00,99.00,0.00,0.00,0.00,0.00,638976.00,4081664.00,6752256.00,0.00,0.00,203776.00,183296.00
1493160654,1186816.00,162816.00,5306368.00,56203673.60,1.00,0.00,98.00,0.00,0.00,0.00,0.00,0.00,3057664.00,5038080.00,0.00,0.00,154624.00,139264.00
1493160655,1186816.00,162816.00,5306368.00,56203673.60,2.00,0.00,97.00,0.00,0.00,0.00,0.00,0.00,4270080.00,7047168.00,0.00,0.00,212992.00,191488.00
1493160656,1187840.00,162816.00,5306368.00,56203673.60,0.00,1.00,99.00,0.00,0.00,0.00,0.00,0.00,4615168.00,7609344.00,0.00,0.00,229376.00,205824.00
1493160657,1186816.00,162816.00,5306368.00,56203673.60,1.00,1.00,98.00,0.00,0.00,1.00,0.00,0.00,4675584.00,7741440.00,0.00,0.00,232448.00,209920.00
1493160658,1187840.00,162816.00,5306368.00,56203673.60,0.00,1.00,99.00,0.00,0.00,0.00,0.00,172032.00,4079616.00,6744064.00,0.00,0.00,206848.00,184320.00
1493160659,1186816.00,162816.00,5306368.00,56203673.60,0.00,1.00,99.00,0.00,0.00,0.00,0.00,0.00,4258816.00,7033856.00,0.00,0.00,211968.00,191488.00
1493160660,1186816.00,162816.00,5306368.00,56203673.60,2.00,0.00,98.00,0.00,0.00,0.00,0.00,0.00,4149248.00,6810624.00,0.00,0.00,209920.00,188416.00
1493160661,1186816.00,162816.00,5306368.00,56203673.60,0.00,0.00,99.00,0.00,0.00,0.00,0.00,0.00,4316160.00,7074816.00,0.00,0.00,216064.00,193536.00
1493160662,1187840.00,162816.00,5306368.00,56203673.60,0.00,0.00,99.00,0.00,0.00,0.00,0.00,0.00,4006912.00,6574080.00,0.00,0.00,199680.00,178176.00
1493160663,1186816.00,162816.00,5306368.00,56203673.60,0.00,1.00,99.00,0.00,0.00,0.00,0.00,122880.00,4065280.00,6701056.00,0.00,0.00,202752.00,184320.00
1493160664,1186816.00,162816.00,5306368.00,56203673.60,0.00,1.00,99.00,0.00,0.00,0.00,0.00,0.00,4491264.00,7382016.00,0.00,0.00,226304.00,201728.00
1493160665,1187840.00,162816.00,5306368.00,56203673.60,2.00,0.00,97.00,0.00,0.00,0.00,0.00,0.00,4490240.00,7370752.00,0.00,0.00,226304.00,202752.00
1493160666,1186816.00,162816.00,5306368.00,56203673.60,0.00,1.00,98.00,0.00,0.00,0.00,0.00,0.00,4516864.00,7413760.00,0.00,0.00,228352.00,203776.00
1493160667,1186816.00,162816.00,5306368.00,56203673.60,0.00,0.00,99.00,0.00,0.00,0.00,0.00,0.00,3510272.00,5742592.00,0.00,0.00,177152.00,159744.00
1493160668,1186816.00,162816.00,5306368.00,56203673.60,0.00,1.00,99.00,0.00,0.00,0.00,0.00,122880.00,4572160.00,7491584.00,0.00,0.00,230400.00,205824.00
1493160669,1186816.00,162816.00,5306368.00,56203673.60,0.00,1.00,99.00,0.00,0.00,0.00,0.00,0.00,4518912.00,7415808.00,0.00,0.00,227328.00,204800.00
1493160670,1186816.00,162816.00,5306368.00,56203673.60,2.00,0.00,98.00,0.00,0.00,0.00,0.00,0.00,4360192.00,7139328.00,0.00,0.00,218112.00,196608.00
1493160671,1187840.00,162816.00,5306368.00,56203673.60,0.00,1.00,99.00,0.00,0.00,0.00,0.00,0.00,3585024.00,5876736.00,0.00,0.00,181248.00,162816.00
1493160672,1186816.00,162816.00,5306368.00,56203673.60,0.00,1.00,99.00,0.00,0.00,0.00,0.00,0.00,4530176.00,7409664.00,0.00,0.00,228352.00,203776.00
1493160673,1186816.00,162816.00,5306368.00,56203673.60,1.00,2.00,95.00,2.00,0.00,1.00,0.00,204800.00,4507648.00,7363584.00,0.00,0.00,228352.00,203776.00
1493160674,1186816.00,162816.00,5306368.00,56203673.60,1.00,0.00,98.00,0.00,0.00,0.00,0.00,0.00,4507648.00,7361536.00,0.00,0.00,225280.00,203776.00
1493160675,1186816.00,162816.00,5306368.00,56203673.60,0.00,1.00,99.00,0.00,0.00,0.00,0.00,0.00,3624960.00,5919744.00,0.00,0.00,182272.00,163840.00
1493160676,1187840.00,162816.00,5306368.00,56203673.60,1.00,1.00,99.00,0.00,0.00,0.00,0.00,0.00,4525056.00,7378944.00,0.00,0.00,229376.00,203776.00
1493160677,1188864.00,162816.00,5306368.00,56203673.60,0.00,1.00,99.00,0.00,0.00,0.00,0.00,0.00,4547584.00,7427072.00,0.00,0.00,228352.00,203776.00
1493160678,1187840.00,162816.00,5306368.00,56203673.60,1.00,1.00,98.00,0.00,0.00,0.00,0.00,131072.00,4523008.00,7358464.00,0.00,0.00,228352.00,202752.00
1493160679,1187840.00,162816.00,5306368.00,56203673.60,0.00,0.00,100.00,0.00,0.00,0.00,0.00,0.00,3648512.00,5925888.00,0.00,0.00,178176.00,161792.00
1493160680,1187840.00,162816.00,5306368.00,56203673.60,2.00,1.00,97.00,0.00,0.00,0.00,0.00,0.00,4319232.00,7021568.00,0.00,0.00,216064.00,194560.00
1493160681,1188864.00,162816.00,5306368.00,56203673.60,0.00,1.00,99.00,0.00,0.00,0.00,0.00,0.00,4316160.00,7026688.00,0.00,0.00,220160.00,196608.00
1493160682,1187840.00,162816.00,5306368.00,56203673.60,0.00,0.00,99.00,0.00,0.00,0.00,0.00,0.00,4481024.00,7291904.00,0.00,0.00,224256.00,201728.00
1493160683,1186816.00,162816.00,5306368.00,56203673.60,0.00,0.00,100.00,0.00,0.00,0.00,0.00,188416.00,3760128.00,6124544.00,0.00,0.00,188416.00,169984.00
1493160684,1187840.00,162816.00,5306368.00,56203673.60,1.00,0.00,99.00,0.00,0.00,0.00,0.00,0.00,4227072.00,6878208.00,0.00,0.00,212992.00,190464.00
1493160685,1187840.00,162816.00,5306368.00,56203673.60,2.00,1.00,97.00,0.00,0.00,0.00,0.00,0.00,4405248.00,7165952.00,0.00,0.00,221184.00,198656.00
1493160686,1187840.00,162816.00,5306368.00,56203673.60,0.00,0.00,99.00,0.00,0.00,0.00,0.00,0.00,4514816.00,7333888.00,0.00,0.00,225280.00,202752.00
1493160687,1187840.00,162816.00,5306368.00,56203673.60,0.00,0.00,99.00,0.00,0.00,0.00,0.00,0.00,3796992.00,6168576.00,0.00,0.00,189440.00,171008.00
1493160688,1188864.00,162816.00,5306368.00,56203673.60,0.00,1.00,99.00,0.00,0.00,0.00,0.00,729088.00,4296704.00,6957056.00,0.00,0.00,215040.00,192512.00
1493160689,1187840.00,162816.00,5306368.00,56203673.60,0.00,0.00,99.00,0.00,0.00,0.00,0.00,0.00,4486144.00,7267328.00,0.00,0.00,225280.00,201728.00
1493160690,1188864.00,162816.00,5306368.00,56203673.60,2.00,1.00,97.00,0.00,0.00,0.00,0.00,0.00,4404224.00,7147520.00,0.00,0.00,222208.00,198656.00
1493160691,1187840.00,162816.00,5306368.00,56203673.60,0.00,0.00,99.00,0.00,0.00,0.00,0.00,0.00,3670016.00,5949440.00,0.00,0.00,185344.00,166912.00
1493160692,1188864.00,162816.00,5306368.00,56203673.60,0.00,1.00,99.00,0.00,0.00,0.00,0.00,0.00,4302848.00,6969344.00,0.00,0.00,217088.00,192512.00
1493160693,1188864.00,162816.00,5306368.00,56203673.60,0.00,1.00,99.00,0.00,0.00,0.00,0.00,278528.00,4492288.00,7282688.00,0.00,0.00,227328.00,201728.00
1493160694,1188864.00,162816.00,5306368.00,56203673.60,0.00,1.00,99.00,0.00,0.00,0.00,0.00,0.00,4350976.00,7044096.00,0.00,0.00,219136.00,195584.00
1493160695,1188864.00,162816.00,5306368.00,56203673.60,1.00,1.00,98.00,0.00,0.00,0.00,0.00,0.00,3785728.00,6129664.00,0.00,0.00,187392.00,168960.00
1493160696,1188864.00,162816.00,5306368.00,56203673.60,0.00,1.00,99.00,0.00,0.00,0.00,0.00,0.00,4116480.00,6645760.00,0.00,0.00,202752.00,183296.00
1493160697,1188864.00,162816.00,5306368.00,56203673.60,0.00,0.00,99.00,0.00,0.00,0.00,0.00,0.00,4513792.00,7307264.00,0.00,0.00,222208.00,201728.00
1493160698,1187840.00,162816.00,5306368.00,56203673.60,0.00,1.00,99.00,0.00,0.00,0.00,0.00,122880.00,4459520.00,7204864.00,0.00,0.00,223232.00,200704.00
1493160699,1188864.00,162816.00,5306368.00,56203673.60,1.00,0.00,99.00,0.00,0.00,0.00,0.00,0.00,3873792.00,6249472.00,0.00,0.00,192512.00,173056.00
1493160700,1188864.00,162816.00,5306368.00,56203673.60,1.00,0.00,98.00,0.00,0.00,0.00,0.00,0.00,3544064.00,5724160.00,0.00,0.00,180224.00,159744.00
1493160701,1187840.00,162816.00,5306368.00,56203673.60,0.00,1.00,99.00,0.00,0.00,0.00,0.00,0.00,4354048.00,7026688.00,0.00,0.00,219136.00,195584.00
1493160702,1188864.00,162816.00,5306368.00,56203673.60,0.00,1.00,99.00,0.00,0.00,0.00,0.00,0.00,4326400.00,6982656.00,0.00,0.00,215040.00,194560.00
1493160703,1188864.00,162816.00,5306368.00,56203673.60,0.00,0.00,99.00,0.00,0.00,0.00,0.00,131072.00,4237312.00,6837248.00,0.00,0.00,211968.00,189440.00
1493160704,1187840.00,162816.00,5306368.00,56203673.60,0.00,0.00,100.00,0.00,0.00,0.00,0.00,0.00,3587072.00,5779456.00,0.00,0.00,180224.00,161792.00
1493160705,1188864.00,162816.00,5306368.00,56203673.60,2.00,1.00,97.00,0.00,0.00,0.00,0.00,0.00,4220928.00,6820864.00,0.00,0.00,212992.00,190464.00
1493160706,1188864.00,162816.00,5306368.00,56203673.60,1.00,0.00,99.00,0.00,0.00,0.00,0.00,0.00,4337664.00,7001088.00,0.00,0.00,219136.00,194560.00
1493160707,1188864.00,162816.00,5306368.00,56203673.60,0.00,0.00,99.00,0.00,0.00,0.00,0.00,0.00,4443136.00,7161856.00,0.00,0.00,224256.00,199680.00
1493160708,1188864.00,162816.00,5306368.00,56203673.60,0.00,0.00,99.00,0.00,0.00,0.00,0.00,122880.00,3495936.00,5640192.00,0.00,0.00,177152.00,158720.00
1493160709,1188864.00,162816.00,5306368.00,56203673.60,0.00,1.00,99.00,0.00,0.00,0.00,0.00,0.00,4520960.00,7290880.00,0.00,0.00,230400.00,202752.00
1493160710,1188864.00,162816.00,5306368.00,56203673.60,2.00,1.00,98.00,0.00,0.00,0.00,0.00,0.00,4265984.00,6866944.00,0.00,0.00,215040.00,192512.00
1493160711,1188864.00,162816.00,5306368.00,56203673.60,0.00,1.00,98.00,0.00,0.00,0.00,0.00,0.00,4119552.00,6637568.00,0.00,0.00,210944.00,188416.00
1493160712,1187840.00,162816.00,5306368.00,56203673.60,0.00,0.00,99.00,0.00,0.00,0.00,0.00,0.00,3861504.00,6210560.00,0.00,0.00,194560.00,175104.00
1493160713,1187840.00,162816.00,5306368.00,56203673.60,0.00,1.00,99.00,0.00,0.00,0.00,0.00,163840.00,4374528.00,7049216.00,0.00,0.00,225280.00,199680.00
1493160714,1188864.00,162816.00,5306368.00,56203673.60,0.00,1.00,98.00,0.00,0.00,0.00,0.00,0.00,4341760.00,6998016.00,0.00,0.00,223232.00,196608.00
1493160715,1188864.00,162816.00,5306368.00,56203673.60,2.00,0.00,98.00,0.00,0.00,0.00,0.00,0.00,3003392.00,4820992.00,0.00,0.00,153600.00,138240.00
1493160716,1188864.00,162816.00,5306368.00,56203673.60,0.00,0.00,99.00,0.00,0.00,0.00,0.00,0.00,3359744.00,5403648.00,0.00,0.00,172032.00,154624.00
1493160717,1188864.00,162816.00,5306368.00,56203673.60,0.00,0.00,99.00,0.00,0.00,0.00,0.00,0.00,4420608.00,7115776.00,0.00,0.00,220160.00,199680.00
1493160718,1187840.00,162816.00,5306368.00,56203673.60,0.00,0.00,99.00,0.00,0.00,0.00,0.00,172032.00,3855360.00,6199296.00,0.00,0.00,195584.00,175104.00
1493160719,1188864.00,162816.00,5306368.00,56203673.60,0.00,1.00,99.00,0.00,0.00,0.00,0.00,0.00,4187136.00,6730752.00,0.00,0.00,211968.00,190464.00
1493160720,1188864.00,162816.00,5306368.00,56203673.60,0.00,0.00,99.00,0.00,0.00,0.00,0.00,0.00,3663872.00,5886976.00,0.00,0.00,191488.00,171008.00
1493160721,1188864.00,162816.00,5306368.00,56203673.60,1.00,0.00,99.00,0.00,0.00,0.00,0.00,0.00,2710528.00,4342784.00,0.00,0.00,148480.00,132096.00
1493160722,1188864.00,162816.00,5306368.00,56203673.60,0.00,1.00,99.00,0.00,0.00,0.00,0.00,0.00,3144704.00,5043200.00,0.00,0.00,165888.00,149504.00
1493160723,1188864.00,162816.00,5306368.00,56203673.60,0.00,1.00,99.00,0.00,0.00,0.00,0.00,761856.00,4117504.00,6615040.00,0.00,0.00,208896.00,187392.00
1493160724,1188864.00,162816.00,5306368.00,56203673.60,0.00,0.00,99.00,0.00,0.00,0.00,0.00,0.00,4236288.00,6807552.00,0.00,0.00,219136.00,194560.00
1493160725,1188864.00,162816.00,5306368.00,56203673.60,0.00,1.00,99.00,0.00,0.00,0.00,0.00,0.00,3743744.00,6030336.00,0.00,0.00,193536.00,172032.00
1493160726,1188864.00,162816.00,5306368.00,56203673.60,0.00,1.00,99.00,0.00,0.00,0.00,0.00,0.00,4161536.00,6691840.00,0.00,0.00,211968.00,189440.00
1493160727,1189888.00,162816.00,5306368.00,56203673.60,2.00,0.00,98.00,0.00,0.00,0.00,0.00,0.00,4250624.00,6830080.00,0.00,0.00,218112.00,193536.00
1493160728,1188864.00,162816.00,5306368.00,56203673.60,0.00,0.00,99.00,0.00,0.00,0.00,0.00,237568.00,3875840.00,6221824.00,0.00,0.00,197632.00,177152.00
1493160729,1187840.00,162816.00,5306368.00,56203673.60,0.00,1.00,99.00,0.00,0.00,0.00,0.00,0.00,3854336.00,6173696.00,0.00,0.00,194560.00,174080.00
1493160730,1188864.00,162816.00,5306368.00,56203673.60,1.00,0.00,99.00,0.00,0.00,0.00,0.00,0.00,4254720.00,6840320.00,0.00,0.00,217088.00,194560.00
1493160731,1188864.00,162816.00,5306368.00,56203673.60,0.00,1.00,99.00,0.00,0.00,0.00,0.00,0.00,4136960.00,6659072.00,0.00,0.00,209920.00,188416.00
1493160732,1188864.00,162816.00,5306368.00,56203673.60,1.00,0.00,98.00,0.00,0.00,0.00,0.00,0.00,3527680.00,5660672.00,0.00,0.00,181248.00,160768.00
1493160733,1188864.00,162816.00,5306368.00,56203673.60,0.00,1.00,99.00,0.00,0.00,0.00,0.00,122880.00,4286464.00,6888448.00,0.00,0.00,220160.00,196608.00
1493160734,1188864.00,162816.00,5306368.00,56203673.60,1.00,1.00,98.00,0.00,0.00,0.00,0.00,0.00,4255744.00,6818816.00,0.00,0.00,217088.00,194560.00
1493160735,1188864.00,162816.00,5306368.00,56203673.60,0.00,0.00,100.00,0.00,0.00,0.00,0.00,0.00,3410944.00,5466112.00,0.00,0.00,169984.00,153600.00
1493160736,1188864.00,162816.00,5306368.00,56203673.60,0.00,1.00,99.00,0.00,0.00,0.00,0.00,0.00,4276224.00,6859776.00,0.00,0.00,217088.00,193536.00
1493160737,1188864.00,162816.00,5306368.00,56203673.60,1.00,0.00,98.00,0.00,0.00,0.00,0.00,0.00,4202496.00,6752256.00,0.00,0.00,218112.00,192512.00
1493160738,1188864.00,162816.00,5306368.00,56203673.60,0.00,0.00,99.00,0.00,0.00,0.00,0.00,122880.00,3351552.00,5367808.00,0.00,0.00,171008.00,153600.00
1493160739,1188864.00,162816.00,5306368.00,56203673.60,0.00,0.00,99.00,0.00,0.00,0.00,0.00,0.00,4273152.00,6854656.00,0.00,0.00,217088.00,194560.00
1493160740,1188864.00,162816.00,5306368.00,56203673.60,0.00,1.00,99.00,0.00,0.00,0.00,0.00,0.00,4170752.00,6675456.00,0.00,0.00,215040.00,190464.00
1493160741,1188864.00,162816.00,5306368.00,56203673.60,0.00,0.00,100.00,0.00,0.00,0.00,0.00,0.00,3335168.00,5340160.00,0.00,0.00,173056.00,153600.00
1493160742,1188864.00,162816.00,5306368.00,56203673.60,0.00,0.00,99.00,0.00,0.00,0.00,0.00,0.00,4290560.00,6886400.00,0.00,0.00,220160.00,197632.00
1493160743,1189888.00,162816.00,5306368.00,56203673.60,1.00,1.00,98.00,0.00,0.00,0.00,0.00,163840.00,4085760.00,6539264.00,0.00,0.00,211968.00,188416.00
1493160744,1189888.00,162816.00,5306368.00,56203673.60,0.00,0.00,99.00,0.00,0.00,0.00,0.00,0.00,3265536.00,5210112.00,0.00,0.00,168960.00,150528.00
1493160745,1189888.00,162816.00,5306368.00,56203673.60,0.00,1.00,98.00,0.00,0.00,0.00,0.00,0.00,4265984.00,6847488.00,0.00,0.00,219136.00,195584.00
1493160746,1189888.00,162816.00,5306368.00,56203673.60,0.00,1.00,99.00,0.00,0.00,0.00,0.00,0.00,4174848.00,6679552.00,0.00,0.00,215040.00,191488.00
1493160747,1192960.00,162816.00,5306368.00,56203673.60,0.00,0.00,99.00,0.00,0.00,0.00,0.00,0.00,3434496.00,5491712.00,0.00,0.00,179200.00,160768.00
1493160748,1192960.00,162816.00,5306368.00,56203673.60,1.00,0.00,98.00,0.00,0.00,0.00,0.00,122880.00,4240384.00,6792192.00,0.00,0.00,216064.00,192512.00
1493160749,1192960.00,162816.00,5306368.00,56203673.60,0.00,0.00,99.00,0.00,0.00,0.00,0.00,0.00,4051968.00,6476800.00,0.00,0.00,204800.00,185344.00
1493160750,1192960.00,162816.00,5306368.00,56203673.60,0.00,0.00,99.00,0.00,0.00,0.00,0.00,0.00,3474432.00,5559296.00,0.00,0.00,181248.00,161792.00
1493160751,1192960.00,162816.00,5306368.00,56203673.60,0.00,1.00,99.00,0.00,0.00,0.00,0.00,0.00,4303872.00,6890496.00,0.00,0.00,221184.00,196608.00
1493160752,1192960.00,162816.00,5306368.00,56203673.60,0.00,1.00,99.00,0.00,0.00,0.00,0.00,0.00,4074496.00,6519808.00,0.00,0.00,208896.00,187392.00
1493160753,1192960.00,162816.00,5306368.00,56203673.60,0.00,1.00,99.00,0.00,0.00,0.00,0.00,204800.00,3654656.00,5840896.00,0.00,0.00,188416.00,167936.00
1493160754,1191936.00,162816.00,5306368.00,56203673.60,2.00,1.00,98.00,0.00,0.00,0.00,0.00,0.00,4251648.00,6815744.00,0.00,0.00,219136.00,194560.00
1493160755,1192960.00,162816.00,5306368.00,56203673.60,0.00,1.00,99.00,0.00,0.00,0.00,0.00,0.00,4034560.00,6444032.00,0.00,0.00,206848.00,185344.00
1493160756,1191936.00,162816.00,5306368.00,56203673.60,0.00,0.00,100.00,0.00,0.00,0.00,0.00,0.00,3485696.00,5565440.00,0.00,0.00,180224.00,160768.00
1493160757,1192960.00,162816.00,5306368.00,56203673.60,0.00,1.00,99.00,0.00,0.00,1.00,0.00,0.00,4175872.00,6677504.00,0.00,0.00,216064.00,192512.00
1493160758,1192960.00,162816.00,5306368.00,56203673.60,0.00,0.00,99.00,0.00,0.00,0.00,0.00,819200.00,3970048.00,6355968.00,0.00,0.00,207872.00,184320.00
1493160759,1192960.00,162816.00,5306368.00,56203673.60,1.00,1.00,98.00,0.00,0.00,0.00,0.00,0.00,3507200.00,5600256.00,0.00,0.00,183296.00,162816.00
1493160760,1192960.00,162816.00,5306368.00,56203673.60,0.00,0.00,99.00,0.00,0.00,0.00,0.00,0.00,4056064.00,6493184.00,0.00,0.00,211968.00,188416.00
1493160761,1192960.00,162816.00,5306368.00,56203673.60,0.00,0.00,100.00,0.00,0.00,0.00,0.00,0.00,3771392.00,6028288.00,0.00,0.00,193536.00,173056.00
1493160762,1192960.00,162816.00,5306368.00,56203673.60,0.00,0.00,99.00,0.00,0.00,0.00,0.00,0.00,3773440.00,6030336.00,0.00,0.00,195584.00,175104.00
1493160763,1192960.00,162816.00,5306368.00,56203673.60,0.00,1.00,99.00,0.00,0.00,0.00,0.00,0.00,4109312.00,6587392.00,0.00,0.00,212992.00,190464.00
1493160764,1191936.00,162816.00,5306368.00,56203673.60,0.00,0.00,99.00,0.00,0.00,0.00,0.00,122880.00,3683328.00,5889024.00,0.00,0.00,190464.00,171008.00
1493160765,1192960.00,162816.00,5306368.00,56203673.60,1.00,1.00,97.00,0.00,0.00,0.00,0.00,0.00,3551232.00,5659648.00,0.00,0.00,183296.00,164864.00
1493160766,1192960.00,162816.00,5306368.00,56203673.60,0.00,0.00,99.00,0.00,0.00,0.00,0.00,0.00,3950592.00,6298624.00,0.00,0.00,201728.00,179200.00
1493160767,1192960.00,162816.00,5306368.00,56203673.60,0.00,0.00,100.00,0.00,0.00,0.00,0.00,0.00,3609600.00,5761024.00,0.00,0.00,185344.00,166912.00
1493160768,1191936.00,162816.00,5306368.00,56203673.60,0.00,1.00,99.00,0.00,0.00,0.00,0.00,0.00,3812352.00,6074368.00,0.00,0.00,192512.00,174080.00
1493160769,1191936.00,162816.00,5306368.00,56203673.60,0.00,0.00,99.00,0.00,0.00,0.00,0.00,122880.00,4113408.00,6530048.00,0.00,0.00,197632.00,179200.00
1493160770,1192960.00,162816.00,5306368.00,56203673.60,2.00,1.00,98.00,0.00,0.00,0.00,0.00,0.00,3473408.00,5532672.00,0.00,0.00,172032.00,155648.00
1493160771,1192960.00,162816.00,5306368.00,56203673.60,0.00,0.00,99.00,0.00,0.00,0.00,0.00,0.00,3944448.00,6280192.00,0.00,0.00,195584.00,176128.00
1493160772,1192960.00,162816.00,5306368.00,56203673.60,0.00,1.00,99.00,0.00,0.00,0.00,0.00,0.00,4251648.00,6770688.00,0.00,0.00,210944.00,188416.00
1493160773,1192960.00,162816.00,5306368.00,56203673.60,0.00,0.00,100.00,0.00,0.00,0.00,0.00,40960.00,3688448.00,5884928.00,0.00,0.00,185344.00,166912.00
1493160774,1192960.00,162816.00,5306368.00,56203673.60,0.00,0.00,98.00,0.00,0.00,0.00,0.00,122880.00,3957760.00,6316032.00,0.00,0.00,198656.00,178176.00
1493160775,1192960.00,162816.00,5306368.00,56203673.60,1.00,0.00,99.00,0.00,0.00,0.00,0.00,0.00,3992576.00,6348800.00,0.00,0.00,198656.00,179200.00
1493160776,1192960.00,162816.00,5306368.00,56203673.60,1.00,0.00,99.00,0.00,0.00,0.00,0.00,0.00,3079168.00,4904960.00,0.00,0.00,159744.00,143360.00
1493160777,1192960.00,162816.00,5306368.00,56203673.60,0.00,0.00,99.00,0.00,0.00,0.00,0.00,0.00,2786304.00,4446208.00,0.00,0.00,147456.00,133120.00
1493160778,1192960.00,162816.00,5306368.00,56203673.60,0.00,0.00,99.00,0.00,0.00,0.00,0.00,0.00,3534848.00,5663744.00,0.00,0.00,189440.00,168960.00
1493160779,1192960.00,162816.00,5306368.00,56203673.60,0.00,0.00,99.00,0.00,0.00,0.00,0.00,122880.00,3213312.00,5133312.00,0.00,0.00,169984.00,152576.00
1493160780,1192960.00,162816.00,5306368.00,56203673.60,0.00,1.00,99.00,0.00,0.00,0.00,0.00,0.00,3324928.00,5309440.00,0.00,0.00,176128.00,158720.00
1493160781,1192960.00,162816.00,5306368.00,56203673.60,0.00,1.00,99.00,0.00,0.00,0.00,0.00,0.00,3558400.00,5668864.00,0.00,0.00,185344.00,166912.00
1493160782,1192960.00,162816.00,5306368.00,56203673.60,1.00,0.00,98.00,0.00,0.00,0.00,0.00,0.00,3393536.00,5413888.00,0.00,0.00,176128.00,158720.00
1493160783,1192960.00,162816.00,5306368.00,56203673.60,0.00,0.00,100.00,0.00,0.00,0.00,0.00,0.00,3663872.00,5860352.00,0.00,0.00,191488.00,171008.00
1493160784,1192960.00,162816.00,5306368.00,56203673.60,0.00,0.00,99.00,0.00,0.00,0.00,0.00,122880.00,3682304.00,5866496.00,0.00,0.00,193536.00,173056.00
1493160785,1192960.00,162816.00,5306368.00,56203673.60,0.00,0.00,99.00,0.00,0.00,0.00,0.00,0.00,3521536.00,5584896.00,0.00,0.00,181248.00,163840.00
1493160786,1192960.00,162816.00,5306368.00,56203673.60,0.00,1.00,99.00,0.00,0.00,0.00,0.00,0.00,3665920.00,5841920.00,0.00,0.00,190464.00,171008.00
1493160787,1192960.00,162816.00,5306368.00,56203673.60,0.00,1.00,98.00,0.00,0.00,0.00,0.00,0.00,4251648.00,6782976.00,0.00,0.00,217088.00,194560.00
1493160788,1192960.00,162816.00,5306368.00,56203673.60,1.00,0.00,98.00,0.00,0.00,0.00,0.00,49152.00,3833856.00,6111232.00,0.00,0.00,196608.00,176128.00
1493160789,1192960.00,162816.00,5306368.00,56203673.60,0.00,1.00,98.00,0.00,0.00,0.00,0.00,163840.00,3806208.00,6082560.00,0.00,0.00,194560.00,175104.00
1493160790,1193984.00,162816.00,5306368.00,56203673.60,0.00,1.00,99.00,0.00,0.00,0.00,0.00,0.00,4215808.00,6747136.00,0.00,0.00,217088.00,193536.00
1493160791,1192960.00,162816.00,5306368.00,56203673.60,0.00,0.00,99.00,0.00,0.00,0.00,0.00,0.00,3827712.00,6112256.00,0.00,0.00,195584.00,176128.00
1493160792,1192960.00,162816.00,5306368.00,56203673.60,0.00,1.00,99.00,0.00,0.00,0.00,0.00,0.00,3762176.00,5984256.00,0.00,0.00,188416.00,168960.00
1493160793,1192960.00,162816.00,5306368.00,56203673.60,1.00,0.00,98.00,0.00,0.00,0.00,0.00,606208.00,4104192.00,6524928.00,0.00,0.00,206848.00,184320.00
1493160794,1193984.00,162816.00,5306368.00,56203673.60,0.00,0.00,99.00,0.00,0.00,0.00,0.00,253952.00,3565568.00,5698560.00,0.00,0.00,183296.00,163840.00
1493160795,1193984.00,162816.00,5306368.00,56203673.60,0.00,1.00,99.00,0.00,0.00,0.00,0.00,0.00,3976192.00,6346752.00,0.00,0.00,201728.00,181248.00
1493160796,1193984.00,162816.00,5306368.00,56203673.60,0.00,1.00,99.00,0.00,0.00,0.00,0.00,0.00,4208640.00,6707200.00,0.00,0.00,210944.00,189440.00
1493160797,1193984.00,162816.00,5306368.00,56203673.60,0.00,1.00,99.00,0.00,0.00,0.00,0.00,0.00,3634176.00,5799936.00,0.00,0.00,184320.00,165888.00
1493160798,1192960.00,162816.00,5306368.00,56203673.60,0.00,0.00,99.00,0.00,0.00,0.00,0.00,0.00,3757056.00,5995520.00,0.00,0.00,194560.00,174080.00
1493160799,1192960.00,162816.00,5306368.00,56203673.60,2.00,1.00,94.00,3.00,0.00,0.00,0.00,122880.00,4005888.00,6390784.00,0.00,0.00,202752.00,181248.00
1493160800,1193984.00,162816.00,5306368.00,56203673.60,0.00,0.00,100.00,0.00,0.00,0.00,0.00,0.00,3820544.00,6093824.00,0.00,0.00,195584.00,174080.00
1493160801,1192960.00,162816.00,5306368.00,56203673.60,0.00,0.00,99.00,0.00,0.00,0.00,0.00,0.00,4117504.00,6583296.00,0.00,0.00,211968.00,187392.00
1493160802,1192960.00,162816.00,5306368.00,56203673.60,0.00,0.00,100.00,0.00,0.00,0.00,0.00,0.00,4066304.00,6501376.00,0.00,0.00,207872.00,186368.00
1493160803,1192960.00,162816.00,5306368.00,56203673.60,0.00,0.00,100.00,0.00,0.00,0.00,0.00,40960.00,3747840.00,5975040.00,0.00,0.00,190464.00,171008.00
1493160804,1192960.00,162816.00,5306368.00,56203673.60,1.00,1.00,97.00,0.00,0.00,0.00,0.00,122880.00,4272128.00,6821888.00,0.00,0.00,218112.00,195584.00
1493160805,1192960.00,162816.00,5306368.00,56203673.60,0.00,1.00,99.00,0.00,0.00,0.00,0.00,0.00,4155392.00,6649856.00,0.00,0.00,217088.00,191488.00
1493160806,1192960.00,162816.00,5306368.00,56203673.60,0.00,0.00,100.00,0.00,0.00,0.00,0.00,0.00,3677184.00,5872640.00,0.00,0.00,190464.00,169984.00
1493160807,1192960.00,162816.00,5306368.00,56203673.60,0.00,1.00,99.00,0.00,0.00,0.00,0.00,0.00,4342784.00,6947840.00,0.00,0.00,224256.00,199680.00
1493160808,1192960.00,162816.00,5306368.00,56203673.60,0.00,0.00,99.00,0.00,0.00,0.00,0.00,0.00,3935232.00,6281216.00,0.00,0.00,204800.00,181248.00
1493160809,1193984.00,162816.00,5306368.00,56203673.60,0.00,1.00,99.00,0.00,0.00,0.00,0.00,122880.00,3906560.00,6238208.00,0.00,0.00,205824.00,181248.00
1493160810,1192960.00,162816.00,5307392.00,56203673.60,2.00,0.00,98.00,0.00,0.00,0.00,0.00,0.00,4187136.00,6696960.00,0.00,0.00,218112.00,193536.00
1493160811,1192960.00,162816.00,5307392.00,56203673.60,0.00,1.00,99.00,0.00,0.00,0.00,0.00,0.00,3905536.00,6237184.00,0.00,0.00,203776.00,180224.00
1493160812,1192960.00,162816.00,5307392.00,56203673.60,0.00,0.00,100.00,0.00,0.00,0.00,0.00,0.00,3801088.00,6067200.00,0.00,0.00,200704.00,177152.00
1493160813,1192960.00,162816.00,5307392.00,56203673.60,0.00,1.00,99.00,0.00,0.00,0.00,0.00,0.00,4135936.00,6610944.00,0.00,0.00,215040.00,190464.00
1493160814,1193984.00,162816.00,5307392.00,56203673.60,0.00,0.00,99.00,0.00,0.00,0.00,0.00,122880.00,3875840.00,6195200.00,0.00,0.00,199680.00,179200.00
1493160815,1192960.00,162816.00,5307392.00,56203673.60,2.00,1.00,98.00,0.00,0.00,0.00,0.00,0.00,4015104.00,6432768.00,0.00,0.00,210944.00,185344.00
1493160816,1192960.00,162816.00,5307392.00,56203673.60,0.00,0.00,100.00,0.00,0.00,0.00,0.00,0.00,3840000.00,6127616.00,0.00,0.00,204800.00,180224.00
1493160817,1192960.00,162816.00,5307392.00,56203673.60,0.00,0.00,99.00,0.00,0.00,0.00,0.00,0.00,3463168.00,5529600.00,0.00,0.00,180224.00,162816.00
1493160818,1192960.00,162816.00,5307392.00,56203673.60,0.00,1.00,99.00,0.00,0.00,0.00,0.00,573440.00,4162560.00,6654976.00,0.00,0.00,218112.00,193536.00
1493160819,1193984.00,162816.00,5307392.00,56203673.60,0.00,1.00,99.00,0.00,0.00,0.00,0.00,262144.00,3723264.00,5959680.00,0.00,0.00,199680.00,177152.00
1493160820,1192960.00,162816.00,5307392.00,56203673.60,0.00,0.00,100.00,0.00,0.00,0.00,0.00,0.00,3419136.00,5478400.00,0.00,0.00,184320.00,163840.00
1493160821,1193984.00,162816.00,5307392.00,56203673.60,2.00,1.00,97.00,0.00,0.00,0.00,0.00,0.00,4256768.00,6817792.00,0.00,0.00,222208.00,196608.00
1493160822,1192960.00,162816.00,5307392.00,56203673.60,0.00,1.00,99.00,0.00,0.00,0.00,0.00,0.00,4099072.00,6549504.00,0.00,0.00,214016.00,189440.00
1493160823,1192960.00,162816.00,5307392.00,56203673.60,0.00,1.00,99.00,0.00,0.00,0.00,0.00,0.00,3667968.00,5850112.00,0.00,0.00,189440.00,168960.00
1493160824,1193984.00,162816.00,5307392.00,56203673.60,0.00,1.00,99.00,0.00,0.00,0.00,0.00,122880.00,4079616.00,6528000.00,0.00,0.00,214016.00,189440.00
1493160825,1192960.00,162816.00,5307392.00,56203673.60,0.00,0.00,100.00,0.00,0.00,0.00,0.00,0.00,3888128.00,6215680.00,0.00,0.00,199680.00,179200.00
1493160826,1192960.00,162816.00,5307392.00,56203673.60,1.00,1.00,98.00,0.00,0.00,0.00,0.00,0.00,3832832.00,6121472.00,0.00,0.00,199680.00,177152.00
1493160827,1192960.00,162816.00,5307392.00,56203673.60,0.00,1.00,99.00,0.00,0.00,0.00,0.00,0.00,4325376.00,6913024.00,0.00,0.00,224256.00,198656.00
1493160828,1193984.00,162816.00,5307392.00,56203673.60,0.00,1.00,99.00,0.00,0.00,0.00,0.00,0.00,3714048.00,5924864.00,0.00,0.00,193536.00,171008.00
1493160829,1192960.00,162816.00,5307392.00,56203673.60,0.00,1.00,99.00,0.00,0.00,0.00,0.00,122880.00,3832832.00,6130688.00,0.00,0.00,197632.00,177152.00
1493160830,1193984.00,162816.00,5307392.00,56203673.60,0.00,0.00,99.00,0.00,0.00,0.00,0.00,0.00,4194304.00,6713344.00,0.00,0.00,216064.00,192512.00
1493160831,1192960.00,162816.00,5307392.00,56203673.60,0.00,0.00,99.00,0.00,0.00,0.00,0.00,0.00,3788800.00,6061056.00,0.00,0.00,195584.00,175104.00
1493160832,1193984.00,162816.00,5307392.00,56203673.60,1.00,1.00,98.00,0.00,0.00,0.00,0.00,0.00,3955712.00,6331392.00,0.00,0.00,206848.00,183296.00
1493160833,1192960.00,162816.00,5307392.00,56203673.60,0.00,1.00,99.00,0.00,0.00,0.00,0.00,0.00,4021248.00,6433792.00,0.00,0.00,211968.00,187392.00
1493160834,1193984.00,162816.00,5307392.00,56203673.60,0.00,0.00,99.00,0.00,0.00,0.00,0.00,122880.00,3817472.00,6104064.00,0.00,0.00,201728.00,178176.00
1493160835,1193984.00,162816.00,5307392.00,56203673.60,0.00,1.00,99.00,0.00,0.00,0.00,0.00,0.00,3974144.00,6348800.00,0.00,0.00,209920.00,185344.00
1493160836,1192960.00,162816.00,5307392.00,56203673.60,0.00,0.00,99.00,0.00,0.00,0.00,0.00,0.00,3827712.00,6114304.00,0.00,0.00,201728.00,178176.00
1493160837,1192960.00,162816.00,5307392.00,56203673.60,1.00,1.00,98.00,0.00,0.00,0.00,0.00,0.00,3831808.00,6114304.00,0.00,0.00,199680.00,178176.00
1493160838,1192960.00,162816.00,5307392.00,56203673.60,0.00,0.00,100.00,0.00,0.00,0.00,0.00,0.00,3320832.00,5288960.00,0.00,0.00,173056.00,155648.00
1493160839,1192960.00,162816.00,5307392.00,56203673.60,0.00,0.00,100.00,0.00,0.00,0.00,0.00,122880.00,3434496.00,5465088.00,0.00,0.00,180224.00,160768.00
1493160840,1192960.00,162816.00,5307392.00,56203673.60,0.00,0.00,99.00,0.00,0.00,0.00,0.00,0.00,3286016.00,5240832.00,0.00,0.00,175104.00,156672.00
1493160841,1193984.00,162816.00,5307392.00,56203673.60,0.00,0.00,99.00,0.00,0.00,0.00,0.00,0.00,3646464.00,5796864.00,0.00,0.00,192512.00,171008.00
1493160842,1192960.00,162816.00,5307392.00,56203673.60,0.00,1.00,99.00,0.00,0.00,0.00,0.00,0.00,4002816.00,6381568.00,0.00,0.00,211968.00,186368.00
1493160843,1193984.00,162816.00,5307392.00,56203673.60,1.00,0.00,99.00,0.00,0.00,0.00,0.00,0.00,3688448.00,5875712.00,0.00,0.00,195584.00,173056.00
1493160844,1192960.00,162816.00,5307392.00,56203673.60,0.00,0.00,100.00,0.00,0.00,0.00,0.00,122880.00,3920896.00,6253568.00,0.00,0.00,204800.00,181248.00
1493160845,1193984.00,162816.00,5307392.00,56203673.60,0.00,1.00,99.00,0.00,0.00,0.00,0.00,0.00,4049920.00,6466560.00,0.00,0.00,210944.00,187392.00
1493160846,1192960.00,162816.00,5307392.00,56203673.60,0.00,1.00,99.00,0.00,0.00,0.00,0.00,0.00,3720192.00,5939200.00,0.00,0.00,196608.00,174080.00
1493160847,1192960.00,162816.00,5307392.00,56203673.60,0.00,0.00,99.00,0.00,0.00,0.00,0.00,0.00,3959808.00,6321152.00,0.00,0.00,207872.00,183296.00
1493160848,1192960.00,162816.00,5307392.00,56203673.60,1.00,1.00,98.00,0.00,0.00,0.00,0.00,40960.00,4034560.00,6453248.00,0.00,0.00,209920.00,186368.00
1493160849,1193984.00,162816.00,5307392.00,56203673.60,1.00,0.00,99.00,0.00,0.00,0.00,0.00,122880.00,3721216.00,5940224.00,0.00,0.00,191488.00,172032.00
1493160850,1192960.00,162816.00,5307392.00,56203673.60,0.00,0.00,99.00,0.00,0.00,0.00,0.00,0.00,4008960.00,6404096.00,0.00,0.00,208896.00,185344.00
1493160851,1192960.00,162816.00,5307392.00,56203673.60,0.00,1.00,99.00,0.00,0.00,0.00,0.00,0.00,4115456.00,6581248.00,0.00,0.00,212992.00,189440.00
1493160852,1192960.00,162816.00,5307392.00,56203673.60,0.00,0.00,99.00,0.00,0.00,0.00,0.00,0.00,3848192.00,6156288.00,0.00,0.00,200704.00,178176.00
1493160853,1192960.00,162816.00,5307392.00,56203673.60,0.00,1.00,99.00,0.00,0.00,0.00,0.00,647168.00,3995648.00,6380544.00,0.00,0.00,207872.00,185344.00
1493160854,1192960.00,162816.00,5307392.00,56203673.60,2.00,0.00,98.00,0.00,0.00,0.00,0.00,270336.00,3968000.00,6332416.00,0.00,0.00,208896.00,184320.00
1493160855,1192960.00,162816.00,5307392.00,56203673.60,1.00,0.00,98.00,0.00,0.00,0.00,0.00,0.00,3513344.00,5610496.00,0.00,0.00,184320.00,164864.00
1493160856,1192960.00,162816.00,5307392.00,56203673.60,0.00,1.00,99.00,0.00,0.00,0.00,0.00,0.00,4205568.00,6707200.00,0.00,0.00,221184.00,195584.00
1493160857,1192960.00,162816.00,5307392.00,56203673.60,0.00,0.00,99.00,0.00,0.00,0.00,0.00,0.00,4003840.00,6383616.00,0.00,0.00,208896.00,186368.00
1493160858,1192960.00,162816.00,5307392.00,56203673.60,0.00,0.00,99.00,0.00,0.00,0.00,0.00,0.00,3257344.00,5200896.00,0.00,0.00,174080.00,154624.00
1493160859,1193984.00,162816.00,5307392.00,56203673.60,0.00,0.00,99.00,0.00,0.00,0.00,0.00,122880.00,3547136.00,5651456.00,0.00,0.00,195584.00,173056.00
1493160860,1192960.00,162816.00,5307392.00,56203673.60,1.00,0.00,98.00,0.00,0.00,0.00,0.00,0.00,4002816.00,6386688.00,0.00,0.00,207872.00,185344.00
1493160861,1192960.00,162816.00,5307392.00,56203673.60,0.00,1.00,99.00,0.00,0.00,0.00,0.00,0.00,3595264.00,5735424.00,0.00,0.00,189440.00,166912.00
1493160862,1193984.00,162816.00,5307392.00,56203673.60,0.00,1.00,99.00,0.00,0.00,0.00,0.00,0.00,4280320.00,6831104.00,0.00,0.00,222208.00,196608.00
1493160863,1192960.00,162816.00,5307392.00,56203673.60,0.00,0.00,99.00,0.00,0.00,0.00,0.00,0.00,3527680.00,5627904.00,0.00,0.00,185344.00,164864.00
1493160864,1193984.00,162816.00,5307392.00,56203673.60,0.00,0.00,100.00,0.00,0.00,0.00,0.00,122880.00,2785280.00,4426752.00,0.00,0.00,147456.00,133120.00
1493160865,1193984.00,162816.00,5307392.00,56203673.60,1.00,0.00,98.00,0.00,0.00,0.00,0.00,0.00,3885056.00,6212608.00,0.00,0.00,204800.00,181248.00
1493160866,1193984.00,162816.00,5307392.00,56203673.60,0.00,0.00,100.00,0.00,0.00,0.00,0.00,0.00,3898368.00,6228992.00,0.00,0.00,207872.00,182272.00
1493160867,1192960.00,162816.00,5307392.00,56203673.60,0.00,0.00,99.00,0.00,0.00,0.00,0.00,0.00,3587072.00,5706752.00,0.00,0.00,187392.00,165888.00
1493160868,1192960.00,162816.00,5307392.00,56203673.60,0.00,1.00,99.00,0.00,0.00,0.00,0.00,0.00,4091904.00,6523904.00,0.00,0.00,218112.00,192512.00
1493160869,1193984.00,162816.00,5307392.00,56203673.60,0.00,1.00,99.00,0.00,0.00,0.00,0.00,122880.00,3849216.00,6134784.00,0.00,0.00,205824.00,182272.00
1493160870,1192960.00,162816.00,5307392.00,56203673.60,0.00,1.00,99.00,0.00,0.00,0.00,0.00,0.00,3548160.00,5653504.00,0.00,0.00,187392.00,164864.00
1493160871,1192960.00,162816.00,5307392.00,56203673.60,1.00,1.00,98.00,0.00,0.00,0.00,0.00,0.00,4289536.00,6860800.00,0.00,0.00,226304.00,197632.00
1493160872,1192960.00,162816.00,5307392.00,56203673.60,0.00,0.00,99.00,0.00,0.00,0.00,0.00,0.00,3745792.00,5984256.00,0.00,0.00,197632.00,175104.00
1493160873,1193984.00,162816.00,5307392.00,56203673.60,0.00,0.00,100.00,0.00,0.00,0.00,0.00,0.00,3472384.00,5528576.00,0.00,0.00,187392.00,165888.00
1493160874,1192960.00,162816.00,5307392.00,56203673.60,0.00,1.00,99.00,0.00,0.00,0.00,0.00,122880.00,4121600.00,6584320.00,0.00,0.00,218112.00,192512.00
1493160875,1192960.00,162816.00,5307392.00,56203673.60,0.00,0.00,99.00,0.00,0.00,0.00,0.00,0.00,3611648.00,5756928.00,0.00,0.00,192512.00,171008.00
1493160876,1192960.00,162816.00,5307392.00,56203673.60,0.00,0.00,99.00,0.00,0.00,0.00,0.00,0.00,3627008.00,5786624.00,0.00,0.00,188416.00,167936.00
1493160877,1192960.00,162816.00,5307392.00,56203673.60,2.00,0.00,98.00,0.00,0.00,0.00,0.00,0.00,3623936.00,5772288.00,0.00,0.00,196608.00,174080.00
1493160878,1192960.00,162816.00,5307392.00,56203673.60,0.00,0.00,99.00,0.00,0.00,0.00,0.00,40960.00,3835904.00,6096896.00,0.00,0.00,198656.00,177152.00
1493160879,1192960.00,162816.00,5307392.00,56203673.60,0.00,1.00,99.00,0.00,0.00,0.00,0.00,122880.00,3681280.00,5863424.00,0.00,0.00,191488.00,169984.00
1493160880,1192960.00,162816.00,5307392.00,56203673.60,0.00,1.00,99.00,0.00,0.00,0.00,0.00,0.00,3980288.00,6345728.00,0.00,0.00,208896.00,184320.00
1493160881,1191936.00,162816.00,5307392.00,56203673.60,0.00,1.00,99.00,0.00,0.00,0.00,0.00,0.00,3667968.00,5822464.00,0.00,0.00,194560.00,173056.00
1493160882,1192960.00,162816.00,5307392.00,56203673.60,2.00,0.00,98.00,0.00,0.00,0.00,0.00,0.00,3661824.00,5831680.00,0.00,0.00,192512.00,171008.00
1493160883,1192960.00,162816.00,5307392.00,56203673.60,0.00,1.00,99.00,0.00,0.00,0.00,0.00,0.00,4091904.00,6534144.00,0.00,0.00,216064.00,190464.00
1493160884,1193984.00,162816.00,5307392.00,56203673.60,0.00,0.00,99.00,0.00,0.00,0.00,0.00,122880.00,3980288.00,6345728.00,0.00,0.00,207872.00,184320.00
1493160885,1192960.00,162816.00,5307392.00,56203673.60,0.00,0.00,99.00,0.00,0.00,0.00,0.00,0.00,3666944.00,5859328.00,0.00,0.00,192512.00,171008.00
1493160886,1193984.00,162816.00,5307392.00,56203673.60,0.00,1.00,99.00,0.00,0.00,0.00,0.00,0.00,3818496.00,6085632.00,0.00,0.00,203776.00,180224.00
1493160887,1192960.00,162816.00,5307392.00,56203673.60,0.00,1.00,99.00,0.00,0.00,0.00,0.00,0.00,4037632.00,6441984.00,0.00,0.00,211968.00,186368.00
1493160888,1192960.00,162816.00,5307392.00,56203673.60,1.00,0.00,98.00,0.00,0.00,0.00,0.00,212992.00,3607552.00,5746688.00,0.00,0.00,188416.00,167936.00
1493160889,1192960.00,162816.00,5307392.00,56203673.60,1.00,1.00,99.00,0.00,0.00,0.00,0.00,696320.00,3889152.00,6201344.00,0.00,0.00,205824.00,181248.00
1493160890,1192960.00,162816.00,5307392.00,56203673.60,0.00,1.00,99.00,0.00,0.00,0.00,0.00,0.00,3494912.00,5553152.00,0.00,0.00,186368.00,165888.00
1493160891,1192960.00,162816.00,5307392.00,56203673.60,0.00,1.00,99.00,0.00,0.00,0.00,0.00,0.00,3680256.00,5860352.00,0.00,0.00,192512.00,169984.00
1493160892,1192960.00,162816.00,5307392.00,56203673.60,0.00,0.00,99.00,0.00,0.00,0.00,0.00,0.00,3919872.00,6250496.00,0.00,0.00,205824.00,182272.00
1493160893,1192960.00,162816.00,5307392.00,56203673.60,0.00,0.00,99.00,0.00,0.00,0.00,0.00,0.00,3775488.00,6013952.00,0.00,0.00,197632.00,176128.00
1493160894,1193984.00,162816.00,5307392.00,56203673.60,2.00,0.00,98.00,0.00,0.00,0.00,0.00,122880.00,3460096.00,5514240.00,0.00,0.00,189440.00,165888.00
1493160895,1192960.00,162816.00,5307392.00,56203673.60,0.00,1.00,99.00,0.00,0.00,0.00,0.00,0.00,3748864.00,5979136.00,0.00,0.00,197632.00,176128.00
1493160896,1193984.00,162816.00,5307392.00,56203673.60,0.00,1.00,99.00,0.00,0.00,0.00,0.00,0.00,3623936.00,5790720.00,0.00,0.00,189440.00,168960.00
1493160897,1192960.00,162816.00,5307392.00,56203673.60,0.00,0.00,99.00,0.00,0.00,0.00,0.00,0.00,3763200.00,6003712.00,0.00,0.00,196608.00,175104.00
1493160898,1193984.00,162816.00,5307392.00,56203673.60,0.00,1.00,99.00,0.00,0.00,0.00,0.00,0.00,4007936.00,6395904.00,0.00,0.00,211968.00,186368.00
1493160899,1192960.00,162816.00,5307392.00,56203673.60,0.00,1.00,99.00,0.00,0.00,0.00,0.00,122880.00,3649536.00,5819392.00,0.00,0.00,191488.00,169984.00
1493160900,1192960.00,162816.00,5307392.00,56203673.60,1.00,0.00,98.00,0.00,0.00,0.00,0.00,0.00,2635776.00,4191232.00,0.00,0.00,140288.00,125952.00
1493160901,1192960.00,162816.00,5307392.00,56203673.60,0.00,0.00,99.00,0.00,0.00,0.00,0.00,0.00,3593216.00,5711872.00,0.00,0.00,191488.00,171008.00
1493160902,1192960.00,162816.00,5307392.00,56203673.60,0.00,0.00,99.00,0.00,0.00,0.00,0.00,0.00,3670016.00,5851136.00,0.00,0.00,199680.00,176128.00
1493160903,1193984.00,162816.00,5307392.00,56203673.60,0.00,0.00,99.00,0.00,0.00,0.00,0.00,0.00,3752960.00,5986304.00,0.00,0.00,196608.00,175104.00
1493160904,1192960.00,162816.00,5307392.00,56203673.60,0.00,1.00,99.00,0.00,0.00,0.00,0.00,122880.00,3554304.00,5667840.00,0.00,0.00,190464.00,167936.00
1493160905,1193984.00,162816.00,5307392.00,56203673.60,0.00,1.00,99.00,0.00,0.00,0.00,0.00,0.00,4068352.00,6500352.00,0.00,0.00,217088.00,191488.00
1493160906,1193984.00,162816.00,5307392.00,56203673.60,1.00,1.00,98.00,0.00,0.00,0.00,0.00,0.00,3685376.00,5885952.00,0.00,0.00,195584.00,172032.00
1493160907,1192960.00,162816.00,5307392.00,56203673.60,0.00,0.00,100.00,0.00,0.00,0.00,0.00,0.00,3768320.00,6017024.00,0.00,0.00,200704.00,177152.00
1493160908,1193984.00,162816.00,5307392.00,56203673.60,0.00,0.00,99.00,0.00,0.00,0.00,0.00,0.00,3892224.00,6215680.00,0.00,0.00,207872.00,184320.00
1493160909,1192960.00,162816.00,5307392.00,56203673.60,0.00,0.00,99.00,0.00,0.00,0.00,0.00,163840.00,3873792.00,6172672.00,0.00,0.00,202752.00,180224.00
1493160910,1193984.00,162816.00,5307392.00,56203673.60,0.00,1.00,99.00,0.00,0.00,0.00,0.00,0.00,3886080.00,6203392.00,0.00,0.00,206848.00,181248.00
1493160911,1192960.00,162816.00,5307392.00,56203673.60,1.00,0.00,98.00,0.00,0.00,0.00,0.00,0.00,3946496.00,6290432.00,0.00,0.00,208896.00,184320.00
1493160912,1192960.00,162816.00,5307392.00,56203673.60,0.00,0.00,99.00,0.00,0.00,0.00,0.00,0.00,3674112.00,5853184.00,0.00,0.00,194560.00,172032.00
1493160913,1193984.00,162816.00,5307392.00,56203673.60,0.00,1.00,98.00,0.00,0.00,0.00,0.00,0.00,3830784.00,6112256.00,0.00,0.00,205824.00,182272.00
1493160914,1193984.00,162816.00,5307392.00,56203673.60,0.00,0.00,99.00,0.00,0.00,0.00,0.00,122880.00,3884032.00,6213632.00,0.00,0.00,204800.00,182272.00
1493160915,1192960.00,162816.00,5307392.00,56203673.60,0.00,0.00,99.00,0.00,0.00,0.00,0.00,0.00,3768320.00,6006784.00,0.00,0.00,199680.00,175104.00
1493160916,1192960.00,162816.00,5307392.00,56203673.60,2.00,0.00,98.00,0.00,0.00,0.00,0.00,0.00,3760128.00,6007808.00,0.00,0.00,196608.00,174080.00
1493160917,1193984.00,162816.00,5307392.00,56203673.60,1.00,0.00,99.00,0.00,0.00,0.00,0.00,0.00,4073472.00,6507520.00,0.00,0.00,218112.00,190464.00
1493160918,1193984.00,162816.00,5307392.00,56203673.60,0.00,1.00,98.00,0.00,0.00,0.00,0.00,0.00,3739648.00,5956608.00,0.00,0.00,194560.00,174080.00
1493160919,1193984.00,162816.00,5307392.00,56203673.60,1.00,1.00,99.00,0.00,0.00,0.00,0.00,122880.00,3736576.00,5944320.00,0.00,0.00,195584.00,174080.00
1493160920,1192960.00,162816.00,5307392.00,56203673.60,0.00,0.00,99.00,0.00,0.00,0.00,0.00,0.00,4156416.00,6626304.00,0.00,0.00,220160.00,193536.00
1493160921,1192960.00,162816.00,5307392.00,56203673.60,0.00,0.00,99.00,0.00,0.00,0.00,0.00,0.00,3549184.00,5649408.00,0.00,0.00,185344.00,164864.00
1493160922,1192960.00,162816.00,5307392.00,56203673.60,2.00,0.00,98.00,0.00,0.00,0.00,0.00,0.00,3703808.00,5908480.00,0.00,0.00,194560.00,171008.00
1493160923,1193984.00,162816.00,5307392.00,56203673.60,0.00,0.00,99.00,0.00,0.00,0.00,0.00,0.00,4278272.00,6828032.00,0.00,0.00,221184.00,196608.00
1493160924,1193984.00,162816.00,5307392.00,56203673.60,0.00,0.00,99.00,0.00,0.00,0.00,0.00,966656.00,3695616.00,5897216.00,0.00,0.00,192512.00,169984.00
1493160925,1192960.00,162816.00,5307392.00,56203673.60,0.00,1.00,99.00,0.00,0.00,0.00,0.00,0.00,4043776.00,6445056.00,0.00,0.00,209920.00,186368.00
1493160926,1193984.00,162816.00,5307392.00,56203673.60,0.00,0.00,99.00,0.00,0.00,0.00,0.00,0.00,4014080.00,6392832.00,0.00,0.00,211968.00,185344.00
1493160927,1193984.00,162816.00,5307392.00,56203673.60,0.00,0.00,99.00,0.00,0.00,0.00,0.00,0.00,3807232.00,6063104.00,0.00,0.00,197632.00,176128.00
1493160928,1193984.00,162816.00,5307392.00,56203673.60,1.00,1.00,97.00,0.00,0.00,0.00,0.00,0.00,4023296.00,6415360.00,0.00,0.00,210944.00,186368.00
1493160929,1193984.00,162816.00,5307392.00,56203673.60,0.00,0.00,99.00,0.00,0.00,0.00,0.00,155648.00,3878912.00,6187008.00,0.00,0.00,204800.00,182272.00
1493160930,1192960.00,162816.00,5307392.00,56203673.60,0.00,1.00,99.00,0.00,0.00,0.00,0.00,0.00,3350528.00,5336064.00,0.00,0.00,182272.00,161792.00
1493160931,1192960.00,162816.00,5307392.00,56203673.60,0.00,0.00,100.00,0.00,0.00,0.00,0.00,0.00,3921920.00,6242304.00,0.00,0.00,204800.00,183296.00
1493160932,1193984.00,162816.00,5307392.00,56203673.60,1.00,1.00,98.00,0.00,0.00,0.00,0.00,0.00,4025344.00,6416384.00,0.00,0.00,208896.00,185344.00
1493160933,1192960.00,162816.00,5307392.00,56203673.60,1.00,1.00,98.00,0.00,0.00,0.00,0.00,0.00,3713024.00,5909504.00,0.00,0.00,195584.00,173056.00
1493160934,1192960.00,162816.00,5307392.00,56203673.60,0.00,1.00,99.00,0.00,0.00,0.00,0.00,122880.00,4005888.00,6382592.00,0.00,0.00,208896.00,185344.00
1493160935,1193984.00,162816.00,5307392.00,56203673.60,0.00,0.00,100.00,0.00,0.00,0.00,0.00,0.00,3989504.00,6355968.00,0.00,0.00,210944.00,185344.00
1493160936,1192960.00,162816.00,5307392.00,56203673.60,1.00,0.00,99.00,0.00,0.00,0.00,0.00,0.00,3848192.00,6133760.00,0.00,0.00,201728.00,178176.00
1493160937,1193984.00,162816.00,5307392.00,56203673.60,0.00,0.00,99.00,0.00,0.00,0.00,0.00,0.00,4035584.00,6431744.00,0.00,0.00,212992.00,187392.00
1493160938,1192960.00,162816.00,5307392.00,56203673.60,0.00,1.00,99.00,0.00,0.00,0.00,0.00,0.00,4046848.00,6441984.00,0.00,0.00,210944.00,187392.00
1493160939,1192960.00,162816.00,5307392.00,56203673.60,1.00,0.00,98.00,0.00,0.00,0.00,0.00,163840.00,3770368.00,5998592.00,0.00,0.00,192512.00,173056.00
1493160940,1192960.00,162816.00,5307392.00,56203673.60,0.00,1.00,99.00,0.00,0.00,0.00,0.00,0.00,3988480.00,6359040.00,0.00,0.00,206848.00,184320.00
1493160941,1193984.00,162816.00,5307392.00,56203673.60,0.00,1.00,99.00,0.00,0.00,0.00,0.00,0.00,4039680.00,6434816.00,0.00,0.00,209920.00,186368.00
1493160942,1192960.00,162816.00,5307392.00,56203673.60,0.00,0.00,99.00,0.00,0.00,0.00,0.00,0.00,3522560.00,5611520.00,0.00,0.00,188416.00,164864.00
1493160943,1192960.00,162816.00,5307392.00,56203673.60,0.00,0.00,100.00,0.00,0.00,0.00,0.00,0.00,3896320.00,6215680.00,0.00,0.00,208896.00,184320.00
1493160944,1192960.00,162816.00,5307392.00,56203673.60,1.00,0.00,98.00,0.00,0.00,0.00,0.00,122880.00,3868672.00,6166528.00,0.00,0.00,205824.00,181248.00
1493160945,1193984.00,162816.00,5307392.00,56203673.60,0.00,0.00,100.00,0.00,0.00,0.00,0.00,0.00,3463168.00,5521408.00,0.00,0.00,180224.00,160768.00
1493160946,1192960.00,162816.00,5307392.00,56203673.60,1.00,1.00,99.00,0.00,0.00,0.00,0.00,0.00,4278272.00,6829056.00,0.00,0.00,225280.00,197632.00
1493160947,1193984.00,162816.00,5307392.00,56203673.60,0.00,0.00,99.00,0.00,0.00,0.00,0.00,0.00,3968000.00,6338560.00,0.00,0.00,207872.00,183296.00
1493160948,1192960.00,162816.00,5307392.00,56203673.60,0.00,0.00,100.00,0.00,0.00,0.00,0.00,0.00,3703808.00,5905408.00,0.00,0.00,193536.00,172032.00
1493160949,1192960.00,162816.00,5307392.00,56203673.60,1.00,1.00,99.00,0.00,0.00,0.00,0.00,122880.00,4151296.00,6625280.00,0.00,0.00,218112.00,193536.00
