--Probe dump file for probe: org.yardstickframework.probes.ThroughputLatencyProbe@6f53b8a (class org.yardstickframework.probes.ThroughputLatencyProbe)
--Created Tue Apr 25 22:49:49 UTC 2017
--Benchmark config: BenchmarkConfiguration [memberId='0', driverNames='[HazelcastSetGetTxPessimisticBenchmark]', serverName='HazelcastNode', threads=64, duration=300, warmup=60, dfltProbeClsNames=[ThroughputLatencyProbe, PercentileProbe, DStatProbe], propsFileName='yardstick/config/run.properties', packages=[org.yardstickframework], cmdArgs=[--outputFolder, /home/ubuntu/date-2504-221749-s-4-c-1-ver-3.8.1-f1e9264/yardstick/bin/../output/results-20170425-221800, -id, 0, -hzcfg, /home/ubuntu/date-2504-221749-s-4-c-1-ver-3.8.1-f1e9264/yardstick/bin/../config/hz-config.xml, --hzClientConfig, /home/ubuntu/date-2504-221749-s-4-c-1-ver-3.8.1-f1e9264/yardstick/bin/../config/hz-client-config.xml, --clientMode, -nn, 4, -b, 1, -w, 60, -d, 300, -t, 64, --syncBackups, --readBackups, -dn, HazelcastSetGetTxPessimisticBenchmark, -sn, HazelcastNode, -ds, 3.8.1-f1e9264-tx-set-get-pes-1-backup, --config, yardstick/config/run.properties, --logsFolder, /home/ubuntu/date-2504-221749-s-4-c-1-ver-3.8.1-f1e9264/yardstick/bin/../output/logs-20170425-221800/logs_drivers, --currentFolder, /home/ubuntu/date-2504-221749-s-4-c-1-ver-3.8.1-f1e9264, --scriptsFolder, /home/ubuntu/date-2504-221749-s-4-c-1-ver-3.8.1-f1e9264/yardstick/bin], probeWriter='null', customProps={ver=3.8.1-f1e9264-, b=1, d=300, SERVER_HOSTS=172.31.45.250,172.31.38.80,172.31.41.141,172.31.42.161, now0=`date +'%H%M%S'`, nodesNum=$((`echo ${SERVER_HOSTS} | tr ',' '' | wc -l`)), JVM_OPTS=${JVM_OPTS}" -Xms6g -Xmx6g -Xloggc:./gc${now0}.log -XX:+PrintGCDetails -verbose:gc -XX:+UseParNewGC -XX:+UseConcMarkSweepGC ", CONFIGS="-hzcfg ${SCRIPT_DIR}/../config/hz-config.xml --hzClientConfig ${SCRIPT_DIR}/../config/hz-client-config.xml --clientMode -nn ${nodesNum} -b ${b} -w ${w} -d ${d} -t ${t}  ${sm} --readBackups -dn HazelcastSetBenchmark -sn HazelcastNode -ds ${ver}atomic-set-1-backup,-hzcfg ${SCRIPT_DIR}/../config/hz-config.xml --hzClientConfig ${SCRIPT_DIR}/../config/hz-client-config.xml --clientMode -nn ${nodesNum} -b ${b} -w ${w} -d ${d} -t ${t}  ${sm} --readBackups -dn HazelcastSetGetBenchmark -sn HazelcastNode -ds ${ver}atomic-set-get-1-backup,-hzcfg ${SCRIPT_DIR}/../config/hz-config.xml --hzClientConfig ${SCRIPT_DIR}/../config/hz-client-config.xml --clientMode -nn ${nodesNum} -b ${b} -w ${w} -d ${d} -t ${t}  ${sm} --readBackups -bs 6 -dn HazelcastPutGetBatchBenchmark -sn HazelcastNode -ds ${ver}atomic-set-get-bs-6-1-backup,-hzcfg ${SCRIPT_DIR}/../config/hz-config.xml --hzClientConfig ${SCRIPT_DIR}/../config/hz-client-config.xml --clientMode -nn ${nodesNum} -b ${b} -w ${w} -d ${d} -t ${t}  ${sm} --readBackups -dn HazelcastSetTxBenchmark -sn HazelcastNode -ds ${ver}tx-set-pessimistic-1-backup,-hzcfg ${SCRIPT_DIR}/../config/hz-config.xml --hzClientConfig ${SCRIPT_DIR}/../config/hz-client-config.xml --clientMode -nn ${nodesNum} -b ${b} -w ${w} -d ${d} -t ${t}  ${sm} --readBackups -dn HazelcastSetGetTxOptimisticBenchmark -sn HazelcastNode -ds ${ver}tx-set-get-opt-1-backup,-hzcfg ${SCRIPT_DIR}/../config/hz-config.xml --hzClientConfig ${SCRIPT_DIR}/../config/hz-client-config.xml --clientMode -nn ${nodesNum} -b ${b} -w ${w} -d ${d} -t ${t}  ${sm} --readBackups -dn HazelcastSetGetTxPessimisticBenchmark -sn HazelcastNode -ds ${ver}tx-set-get-pes-1-backup,-hzcfg ${SCRIPT_DIR}/../config/hz-config.xml --hzClientConfig ${SCRIPT_DIR}/../config/hz-client-config.xml --clientMode -nn ${nodesNum} -b ${b} -w ${w} -d ${d} -t ${t}  ${sm} --readBackups -dn HazelcastSqlQueryBenchmark -sn HazelcastNode -ds ${ver}sql-query-1-backup,-hzcfg ${SCRIPT_DIR}/../config/hz-config.xml --hzClientConfig ${SCRIPT_DIR}/../config/hz-client-config.xml --clientMode -nn ${nodesNum} -b ${b} -w ${w} -d ${d} -t ${t}  ${sm} --readBackups -dn HazelcastSqlQuerySetBenchmark -sn HazelcastNode -ds ${ver}sql-query-set-1-backup,-hzcfg ${SCRIPT_DIR}/../config/hz-config.xml --hzClientConfig ${SCRIPT_DIR}/../config/hz-client-config.xml --clientMode -nn ${nodesNum} -b ${b} -w ${w} -d ${d} -t ${t}  ${sm} --readBackups -bs 6 -dn HazelcastPutAllBenchmark -sn HazelcastNode -ds ${ver}atomic-setAll-bs-6-1-backup,-hzcfg ${SCRIPT_DIR}/../config/hz-config.xml --hzClientConfig ${SCRIPT_DIR}/../config/hz-client-config.xml --clientMode -nn ${nodesNum} -b ${b} -w ${w} -d ${d} -t ${t}  ${sm} --readBackups -bs 6 -dn HazelcastSetAllTxBenchmark -sn HazelcastNode -ds ${ver}tx-setAll-bs-6-1-backup,-hzcfg ${SCRIPT_DIR}/../config/hz-config.xml --hzClientConfig ${SCRIPT_DIR}/../config/hz-client-config.xml --clientMode -nn ${nodesNum} -b ${b} -w ${w} -d ${d} -t ${t}  ${sm} --readBackups -bs 6 -dn HazelcastGetAllSetAllTxOptimisticBenchmark -sn HazelcastNode -ds ${ver}tx-optimistic-getAllSetAll-bs-6-1-backup,-hzcfg ${SCRIPT_DIR}/../config/hz-config.xml --hzClientConfig ${SCRIPT_DIR}/../config/hz-client-config.xml --clientMode -nn ${nodesNum} -b ${b} -w ${w} -d ${d} -t ${t}  ${sm} --readBackups -bs 6 -dn HazelcastGetAllSetAllTxPessimisticBenchmark -sn HazelcastNode -ds ${ver}tx-pessimistic-getAllSetAll-bs-6-1-backup,", DRIVER_HOSTS=172.31.46.6, t=64, BENCHMARK_PACKAGES=org.yardstickframework, w=60, BENCHMARK_LABEL=hazelcast, sm="--syncBackups", AUTO_COPY=false, RESTART_SERVERS=true}, shutdownHook=true, currentFolder=/home/ubuntu/date-2504-221749-s-4-c-1-ver-3.8.1-f1e9264, scriptsFolder=/home/ubuntu/date-2504-221749-s-4-c-1-ver-3.8.1-f1e9264/yardstick/bin, logsFolder=/home/ubuntu/date-2504-221749-s-4-c-1-ver-3.8.1-f1e9264/yardstick/bin/../output/logs-20170425-221800/logs_drivers, outputFolder=/home/ubuntu/date-2504-221749-s-4-c-1-ver-3.8.1-f1e9264/yardstick/bin/../output/results-20170425-221800, outputWriter=java.io.PrintStream@40623ff8, errorWriter=java.io.PrintStream@445da32c, descriptions=[3.8.1-f1e9264-tx-set-get-pes-1-backup], hostName=]
--Description: 3.8.1-f1e9264-tx-set-get-pes-1-backup
@@HazelcastSetGetTxPessimisticBenchmark
**"Time, sec","Operations/sec (more is better)","Latency, nsec (less is better)"
1493160650,10387.00,6145739.42
1493160651,13450.00,4750208.67
1493160652,13359.00,4791412.11
1493160653,11610.00,5508443.06
1493160654,8791.00,7230050.01
1493160655,11940.00,5324977.82
1493160656,13062.00,4962838.76
1493160657,13331.00,4800487.23
1493160658,11843.00,5401664.59
1493160659,11807.00,5421097.21
1493160660,11790.00,5424056.85
1493160661,12161.00,5265485.98
1493160662,11342.00,5641796.51
1493160663,11465.00,5582033.01
1493160664,12682.00,5044963.57
1493160665,12625.00,5069939.30
1493160666,12702.00,5036786.43
1493160667,9815.00,6519058.16
1493160668,12876.00,4969351.52
1493160669,12696.00,5039178.58
1493160670,12257.00,5223090.34
1493160671,10066.00,6356842.61
1493160672,12676.00,5048970.39
1493160673,12612.00,5073513.95
1493160674,12605.00,5077091.82
1493160675,10116.00,6325874.12
1493160676,12637.00,5064858.94
1493160677,12693.00,5042073.85
1493160678,12566.00,5092967.08
1493160679,10156.00,6262452.08
1493160680,12044.00,5344150.63
1493160681,12023.00,5324205.35
1493160682,12469.00,5131588.95
1493160683,10468.00,6115849.09
1493160684,11760.00,5438123.35
1493160685,12258.00,5222778.53
1493160686,12561.00,5093471.69
1493160687,10539.00,6071383.59
1493160688,11912.00,5372763.24
1493160689,12427.00,5150184.30
1493160690,12257.00,5222740.32
1493160691,10160.00,6296086.03
1493160692,11895.00,5382110.37
1493160693,12457.00,5136121.76
1493160694,12070.00,5217567.90
1493160695,10471.00,5985908.93
1493160696,11369.00,5835172.34
1493160697,12519.00,5113183.06
1493160698,12325.00,5190909.39
1493160699,10723.00,5961036.41
1493160700,9749.00,6572850.58
1493160701,12044.00,5314214.42
1493160702,11931.00,5362708.32
1493160703,11863.00,5273054.59
1493160704,9725.00,6730196.27
1493160705,11648.00,5494505.47
1493160706,11950.00,5354070.58
1493160707,12233.00,5232695.11
1493160708,9617.00,6651087.62
1493160709,12424.00,5154203.04
1493160710,11737.00,5449132.86
1493160711,11289.00,5670408.22
1493160712,10551.00,6065263.39
1493160713,12017.00,5326006.21
1493160714,11883.00,5385269.52
1493160715,8306.00,7675090.36
1493160716,9081.00,7080164.63
1493160717,12131.00,5272477.82
1493160718,10571.00,6045098.48
1493160719,11429.00,5608259.91
1493160720,10094.00,6330393.92
1493160721,7357.00,8709674.38
1493160722,8523.00,7506855.99
1493160723,11259.00,5688461.79
1493160724,11628.00,5503120.34
1493160725,10233.00,6250911.41
1493160726,11388.00,5620199.90
1493160727,11627.00,5507830.36
1493160728,10664.00,5998808.64
1493160729,10419.00,6141812.06
1493160730,11669.00,5486759.05
1493160731,11429.00,5423831.70
1493160732,9518.00,6934461.74
1493160733,11703.00,5471422.06
1493160734,11634.00,5497721.73
1493160735,9283.00,6895246.69
1493160736,11666.00,5486971.53
1493160737,11501.00,5560765.61
1493160738,9067.00,7064751.54
1493160739,11682.00,5477976.87
1493160740,11356.00,5633374.79
1493160741,9064.00,7063570.05
1493160742,11680.00,5478034.99
1493160743,11198.00,5686922.17
1493160744,8776.00,7327262.73
1493160745,11631.00,5502381.19
1493160746,11401.00,5518492.09
1493160747,9214.00,7065446.44
1493160748,11561.00,5549251.09
1493160749,11005.00,5816295.87
1493160750,9439.00,6781421.57
1493160751,11678.00,5477862.71
1493160752,11055.00,5791427.20
1493160753,9905.00,6461712.35
1493160754,11573.00,5526222.70
1493160755,10926.00,5860074.61
1493160756,9442.00,6776081.95
1493160757,11333.00,5648993.63
1493160758,10786.00,5923186.56
1493160759,9486.00,6759304.38
1493160760,11025.00,5801337.08
1493160761,10221.00,6265780.80
1493160762,10217.00,6261238.97
1493160763,11195.00,5716114.92
1493160764,9979.00,6410498.86
1493160765,9609.00,6665328.74
1493160766,10750.00,5952553.52
1493160767,9788.00,6389437.69
1493160768,10354.00,6323415.87
1493160769,11188.00,5719944.23
1493160770,9450.00,6774451.57
1493160771,10719.00,5968980.92
1493160772,11548.00,5542042.83
1493160773,10003.00,6397760.53
1493160774,10770.00,5941218.82
1493160775,10804.00,5922233.29
1493160776,8303.00,7694017.57
1493160777,7510.00,8541142.89
1493160778,9586.00,6674746.11
1493160779,8689.00,7244561.85
1493160780,9053.00,7185329.79
1493160781,9650.00,6629236.17
1493160782,9212.00,6955081.83
1493160783,9936.00,6437394.01
1493160784,9975.00,6415695.08
1493160785,9506.00,6733293.41
1493160786,9920.00,6453795.38
1493160787,11503.00,5565409.07
1493160788,10353.00,6179269.46
1493160789,10330.00,6195211.04
1493160790,11427.00,5600155.16
1493160791,10363.00,6175429.22
1493160792,10178.00,6286132.44
1493160793,11093.00,5735841.34
1493160794,9743.00,6636517.96
1493160795,10789.00,5942080.05
1493160796,11401.00,5614055.06
1493160797,9850.00,6501439.72
1493160798,10172.00,6289349.47
1493160799,10872.00,5886789.01
1493160800,10313.00,6204746.64
1493160801,11173.00,5728498.76
1493160802,11018.00,5810324.82
1493160803,10111.00,6330378.10
1493160804,11554.00,5539669.18
1493160805,11243.00,5692398.55
1493160806,9924.00,6450569.70
1493160807,11738.00,5448186.00
1493160808,10616.00,6031302.09
1493160809,10532.00,6074285.42
1493160810,11344.00,5646097.46
1493160811,10400.00,6056734.14
1493160812,10403.00,6244600.67
1493160813,11174.00,5729984.65
1493160814,10503.00,6095770.66
1493160815,10860.00,5889015.44
1493160816,10365.00,6172335.65
1493160817,9336.00,6855893.69
1493160818,11309.00,5661929.04
1493160819,10092.00,6341592.33
1493160820,9287.00,6892132.99
1493160821,11556.00,5538171.46
1493160822,11070.00,5781033.72
1493160823,9887.00,6470986.31
1493160824,11042.00,5792130.84
1493160825,10535.00,6080687.54
1493160826,10369.00,6168509.71
1493160827,11597.00,5470110.25
1493160828,10160.00,6355217.13
1493160829,10404.00,6153887.05
1493160830,11192.00,5531898.16
1493160831,10431.00,6333797.38
1493160832,10720.00,5971910.53
1493160833,10879.00,5881501.65
1493160834,10298.00,6213909.50
1493160835,10727.00,5958087.78
1493160836,10331.00,6202068.75
1493160837,10138.00,6184294.45
1493160838,9117.00,7166474.07
1493160839,9263.00,6908683.36
1493160840,8882.00,7205432.43
1493160841,9896.00,6468952.52
1493160842,10805.00,5921471.48
1493160843,9912.00,6456528.79
1493160845,10577.00,6050887.68
1493160846,10925.00,5861622.52
1493160847,10054.00,6363255.26
1493160848,10713.00,5976352.30
1493160849,10877.00,5881865.17
1493160850,9908.00,6342448.03
1493160851,11054.00,5895941.45
1493160852,11130.00,5748550.47
1493160853,10275.00,6156753.45
1493160854,10936.00,5920191.02
1493160855,10723.00,5969973.04
1493160856,9481.00,6749212.29
1493160857,11337.00,5644456.75
1493160858,10814.00,5920069.55
1493160859,8736.00,7322433.18
1493160860,9569.00,6691103.23
1493160861,10762.00,5944646.69
1493160862,9702.00,6598962.72
1493160863,11584.00,5526152.26
1493160864,9310.00,6773987.13
1493160865,7661.00,8473186.46
1493160866,10501.00,6090976.61
1493160867,10526.00,6083472.19
1493160868,9656.00,6627832.79
1493160869,11046.00,5793012.25
1493160870,10390.00,6161571.80
1493160871,9540.00,6709907.31
1493160872,11566.00,5518122.80
1493160873,10105.00,6348309.02
1493160874,9364.00,6832933.04
1493160875,10898.00,5715996.34
1493160876,9742.00,6424279.29
1493160877,10065.00,6668228.42
1493160878,9739.00,6566126.11
1493160879,10390.00,6168602.32
1493160880,9913.00,6456608.67
1493160881,10772.00,5939277.40
1493160882,9819.00,6517249.75
1493160883,9876.00,6482814.16
1493160884,11059.00,5784402.26
1493160885,10787.00,5938233.51
1493160886,9884.00,6472467.25
1493160887,10286.00,6221044.85
1493160888,10896.00,5875177.68
1493160889,9699.00,6597210.42
1493160890,10534.00,6075245.59
1493160891,9417.00,6794491.95
1493160892,9969.00,6424783.62
1493160893,10563.00,6058312.19
1493160894,10182.00,6286340.83
1493160895,9321.00,6860890.63
1493160896,10003.00,6397640.25
1493160897,9925.00,6452240.33
1493160898,10167.00,6293667.15
1493160899,10788.00,5930038.64
1493160900,9713.00,6589183.26
1493160901,7241.00,8841111.49
1493160902,9650.00,6618484.23
1493160903,9964.00,6433844.20
1493160904,9853.00,6336162.40
1493160905,9869.00,6647456.25
1493160906,11001.00,5818437.76
1493160907,9995.00,6401859.53
1493160908,9939.00,6429710.47
1493160909,10768.00,5953844.34
1493160910,10469.00,6110788.35
1493160911,10176.00,6057842.06
1493160912,11007.00,6033834.93
1493160913,9896.00,6462665.97
1493160914,10013.00,6193182.21
1493160915,10842.00,6088294.58
1493160916,10157.00,6297395.07
1493160917,10114.00,6327974.26
1493160918,11068.00,5783551.86
1493160919,10069.00,6354837.95
1493160920,10056.00,6362044.26
1493160921,11241.00,5697692.29
1493160922,9572.00,6684095.74
1493160923,10026.00,6384685.89
1493160924,11584.00,5524503.58
1493160925,9906.00,6460505.50
1493160926,10973.00,5833244.43
1493160927,10845.00,5901520.35
1493160928,10241.00,6247380.66
1493160929,10876.00,5881817.90
1493160930,10436.00,6131021.16
1493160931,9095.00,7038364.46
1493160932,10600.00,6039222.84
1493160933,10855.00,5894732.50
1493160934,10025.00,6385599.82
1493160935,10832.00,5909307.62
1493160936,10756.00,5948535.95
1493160937,10393.00,6159010.18
1493160938,10888.00,5878070.27
1493160939,10897.00,5872885.63
1493160940,9868.00,6396449.14
1493160941,11136.00,5826346.42
1493160942,10949.00,5845530.97
1493160943,9502.00,6734599.70
1493160944,10544.00,6068971.63
1493160945,10443.00,6122306.46
1493160946,9369.00,6841243.38
1493160947,11594.00,5521136.80
1493160948,10457.00,6116653.53
1493160949,10249.00,6247645.19
1493160950,11220.00,5702488.64
