--Probe dump file for probe: org.yardstickframework.probes.DStatProbe@4007f65e (class org.yardstickframework.probes.DStatProbe)
--Created Tue Apr 25 22:30:53 UTC 2017
--Benchmark config: BenchmarkConfiguration [memberId='0', driverNames='[HazelcastPutGetBatchBenchmark]', serverName='HazelcastNode', threads=64, duration=300, warmup=60, dfltProbeClsNames=[ThroughputLatencyProbe, PercentileProbe, DStatProbe], propsFileName='yardstick/config/run.properties', packages=[org.yardstickframework], cmdArgs=[--outputFolder, /home/ubuntu/date-2504-221749-s-4-c-1-ver-3.8.1-f1e9264/yardstick/bin/../output/results-20170425-221800, -id, 0, -hzcfg, /home/ubuntu/date-2504-221749-s-4-c-1-ver-3.8.1-f1e9264/yardstick/bin/../config/hz-config.xml, --hzClientConfig, /home/ubuntu/date-2504-221749-s-4-c-1-ver-3.8.1-f1e9264/yardstick/bin/../config/hz-client-config.xml, --clientMode, -nn, 4, -b, 1, -w, 60, -d, 300, -t, 64, --syncBackups, --readBackups, -bs, 6, -dn, HazelcastPutGetBatchBenchmark, -sn, HazelcastNode, -ds, 3.8.1-f1e9264-atomic-set-get-bs-6-1-backup, --config, yardstick/config/run.properties, --logsFolder, /home/ubuntu/date-2504-221749-s-4-c-1-ver-3.8.1-f1e9264/yardstick/bin/../output/logs-20170425-221800/logs_drivers, --currentFolder, /home/ubuntu/date-2504-221749-s-4-c-1-ver-3.8.1-f1e9264, --scriptsFolder, /home/ubuntu/date-2504-221749-s-4-c-1-ver-3.8.1-f1e9264/yardstick/bin], probeWriter='null', customProps={ver=3.8.1-f1e9264-, b=1, d=300, SERVER_HOSTS=172.31.45.250,172.31.38.80,172.31.41.141,172.31.42.161, now0=`date +'%H%M%S'`, nodesNum=$((`echo ${SERVER_HOSTS} | tr ',' '' | wc -l`)), JVM_OPTS=${JVM_OPTS}" -Xms6g -Xmx6g -Xloggc:./gc${now0}.log -XX:+PrintGCDetails -verbose:gc -XX:+UseParNewGC -XX:+UseConcMarkSweepGC ", CONFIGS="-hzcfg ${SCRIPT_DIR}/../config/hz-config.xml --hzClientConfig ${SCRIPT_DIR}/../config/hz-client-config.xml --clientMode -nn ${nodesNum} -b ${b} -w ${w} -d ${d} -t ${t}  ${sm} --readBackups -dn HazelcastSetBenchmark -sn HazelcastNode -ds ${ver}atomic-set-1-backup,-hzcfg ${SCRIPT_DIR}/../config/hz-config.xml --hzClientConfig ${SCRIPT_DIR}/../config/hz-client-config.xml --clientMode -nn ${nodesNum} -b ${b} -w ${w} -d ${d} -t ${t}  ${sm} --readBackups -dn HazelcastSetGetBenchmark -sn HazelcastNode -ds ${ver}atomic-set-get-1-backup,-hzcfg ${SCRIPT_DIR}/../config/hz-config.xml --hzClientConfig ${SCRIPT_DIR}/../config/hz-client-config.xml --clientMode -nn ${nodesNum} -b ${b} -w ${w} -d ${d} -t ${t}  ${sm} --readBackups -bs 6 -dn HazelcastPutGetBatchBenchmark -sn HazelcastNode -ds ${ver}atomic-set-get-bs-6-1-backup,-hzcfg ${SCRIPT_DIR}/../config/hz-config.xml --hzClientConfig ${SCRIPT_DIR}/../config/hz-client-config.xml --clientMode -nn ${nodesNum} -b ${b} -w ${w} -d ${d} -t ${t}  ${sm} --readBackups -dn HazelcastSetTxBenchmark -sn HazelcastNode -ds ${ver}tx-set-pessimistic-1-backup,-hzcfg ${SCRIPT_DIR}/../config/hz-config.xml --hzClientConfig ${SCRIPT_DIR}/../config/hz-client-config.xml --clientMode -nn ${nodesNum} -b ${b} -w ${w} -d ${d} -t ${t}  ${sm} --readBackups -dn HazelcastSetGetTxOptimisticBenchmark -sn HazelcastNode -ds ${ver}tx-set-get-opt-1-backup,-hzcfg ${SCRIPT_DIR}/../config/hz-config.xml --hzClientConfig ${SCRIPT_DIR}/../config/hz-client-config.xml --clientMode -nn ${nodesNum} -b ${b} -w ${w} -d ${d} -t ${t}  ${sm} --readBackups -dn HazelcastSetGetTxPessimisticBenchmark -sn HazelcastNode -ds ${ver}tx-set-get-pes-1-backup,-hzcfg ${SCRIPT_DIR}/../config/hz-config.xml --hzClientConfig ${SCRIPT_DIR}/../config/hz-client-config.xml --clientMode -nn ${nodesNum} -b ${b} -w ${w} -d ${d} -t ${t}  ${sm} --readBackups -dn HazelcastSqlQueryBenchmark -sn HazelcastNode -ds ${ver}sql-query-1-backup,-hzcfg ${SCRIPT_DIR}/../config/hz-config.xml --hzClientConfig ${SCRIPT_DIR}/../config/hz-client-config.xml --clientMode -nn ${nodesNum} -b ${b} -w ${w} -d ${d} -t ${t}  ${sm} --readBackups -dn HazelcastSqlQuerySetBenchmark -sn HazelcastNode -ds ${ver}sql-query-set-1-backup,-hzcfg ${SCRIPT_DIR}/../config/hz-config.xml --hzClientConfig ${SCRIPT_DIR}/../config/hz-client-config.xml --clientMode -nn ${nodesNum} -b ${b} -w ${w} -d ${d} -t ${t}  ${sm} --readBackups -bs 6 -dn HazelcastPutAllBenchmark -sn HazelcastNode -ds ${ver}atomic-setAll-bs-6-1-backup,-hzcfg ${SCRIPT_DIR}/../config/hz-config.xml --hzClientConfig ${SCRIPT_DIR}/../config/hz-client-config.xml --clientMode -nn ${nodesNum} -b ${b} -w ${w} -d ${d} -t ${t}  ${sm} --readBackups -bs 6 -dn HazelcastSetAllTxBenchmark -sn HazelcastNode -ds ${ver}tx-setAll-bs-6-1-backup,-hzcfg ${SCRIPT_DIR}/../config/hz-config.xml --hzClientConfig ${SCRIPT_DIR}/../config/hz-client-config.xml --clientMode -nn ${nodesNum} -b ${b} -w ${w} -d ${d} -t ${t}  ${sm} --readBackups -bs 6 -dn HazelcastGetAllSetAllTxOptimisticBenchmark -sn HazelcastNode -ds ${ver}tx-optimistic-getAllSetAll-bs-6-1-backup,-hzcfg ${SCRIPT_DIR}/../config/hz-config.xml --hzClientConfig ${SCRIPT_DIR}/../config/hz-client-config.xml --clientMode -nn ${nodesNum} -b ${b} -w ${w} -d ${d} -t ${t}  ${sm} --readBackups -bs 6 -dn HazelcastGetAllSetAllTxPessimisticBenchmark -sn HazelcastNode -ds ${ver}tx-pessimistic-getAllSetAll-bs-6-1-backup,", DRIVER_HOSTS=172.31.46.6, t=64, BENCHMARK_PACKAGES=org.yardstickframework, w=60, BENCHMARK_LABEL=hazelcast, sm="--syncBackups", AUTO_COPY=false, RESTART_SERVERS=true}, shutdownHook=true, currentFolder=/home/ubuntu/date-2504-221749-s-4-c-1-ver-3.8.1-f1e9264, scriptsFolder=/home/ubuntu/date-2504-221749-s-4-c-1-ver-3.8.1-f1e9264/yardstick/bin, logsFolder=/home/ubuntu/date-2504-221749-s-4-c-1-ver-3.8.1-f1e9264/yardstick/bin/../output/logs-20170425-221800/logs_drivers, outputFolder=/home/ubuntu/date-2504-221749-s-4-c-1-ver-3.8.1-f1e9264/yardstick/bin/../output/results-20170425-221800, outputWriter=java.io.PrintStream@40623ff8, errorWriter=java.io.PrintStream@445da32c, descriptions=[3.8.1-f1e9264-atomic-set-get-bs-6-1-backup], hostName=]
--Description: 3.8.1-f1e9264-atomic-set-get-bs-6-1-backup
@@HazelcastPutGetBatchBenchmark
**"Time, sec","Memory Used, KB","Memory Buffered, KB","Memory Cached, KB","Memory Free, KB","CPU User, %","CPU System, %","CPU Idle, %","CPU Wait, %","CPU Hardware Interrupts","CPU Software Interrupts","Disk Read, B","Disk Write, B","Network Receive, B","Network Send, B","Page In, B","Page Out, B","System Interrupts, per sec","System Context Switches, per sec"
1493159514,1203200.00,161792.00,5299200.00,56203673.60,10.00,8.00,78.00,0.00,0.00,4.00,0.00,0.00,24117248.00,30408704.00,0.00,0.00,229376.00,258048.00
1493159515,1204224.00,161792.00,5299200.00,56203673.60,12.00,6.00,80.00,0.00,0.00,3.00,0.00,0.00,20971520.00,26214400.00,0.00,0.00,190464.00,219136.00
1493159516,1203200.00,161792.00,5299200.00,56203673.60,6.00,4.00,87.00,0.00,0.00,2.00,0.00,32768.00,17825792.00,23068672.00,0.00,0.00,175104.00,196608.00
1493159517,1205248.00,161792.00,5299200.00,56203673.60,13.00,7.00,75.00,0.00,0.00,4.00,0.00,163840.00,24117248.00,29360128.00,0.00,0.00,216064.00,248832.00
1493159518,1204224.00,161792.00,5299200.00,56203673.60,8.00,5.00,83.00,0.00,0.00,3.00,0.00,0.00,22020096.00,27262976.00,0.00,0.00,203776.00,229376.00
1493159519,1203200.00,161792.00,5299200.00,56203673.60,9.00,7.00,80.00,0.00,0.00,4.00,0.00,0.00,20971520.00,26214400.00,0.00,0.00,219136.00,237568.00
1493159520,1204224.00,161792.00,5299200.00,56203673.60,9.00,7.00,81.00,0.00,0.00,4.00,0.00,0.00,23068672.00,28311552.00,0.00,0.00,218112.00,244736.00
1493159521,1204224.00,161792.00,5299200.00,56203673.60,8.00,6.00,83.00,0.00,0.00,3.00,0.00,32768.00,19922944.00,25165824.00,0.00,0.00,195584.00,218112.00
1493159522,1203200.00,161792.00,5299200.00,56203673.60,10.00,7.00,80.00,0.00,0.00,3.00,0.00,172032.00,23068672.00,28311552.00,0.00,0.00,217088.00,243712.00
1493159523,1204224.00,161792.00,5299200.00,56203673.60,11.00,6.00,80.00,0.00,0.00,4.00,0.00,0.00,23068672.00,29360128.00,0.00,0.00,215040.00,247808.00
1493159524,1205248.00,161792.00,5299200.00,56203673.60,8.00,6.00,82.00,0.00,0.00,4.00,0.00,0.00,20971520.00,26214400.00,0.00,0.00,202752.00,226304.00
1493159525,1204224.00,161792.00,5299200.00,56203673.60,11.00,7.00,77.00,0.00,0.00,4.00,0.00,0.00,24117248.00,30408704.00,0.00,0.00,227328.00,257024.00
1493159526,1204224.00,161792.00,5299200.00,56203673.60,10.00,7.00,80.00,0.00,0.00,2.00,0.00,401408.00,23068672.00,28311552.00,0.00,0.00,212992.00,241664.00
1493159527,1204224.00,161792.00,5299200.00,56203673.60,11.00,7.00,79.00,0.00,0.00,3.00,0.00,204800.00,23068672.00,28311552.00,0.00,0.00,210944.00,240640.00
1493159528,1204224.00,161792.00,5299200.00,56203673.60,13.00,7.00,76.00,0.00,0.00,4.00,0.00,0.00,24117248.00,30408704.00,0.00,0.00,224256.00,256000.00
1493159529,1204224.00,161792.00,5299200.00,56203673.60,9.00,6.00,81.00,0.00,0.00,3.00,0.00,0.00,22020096.00,27262976.00,0.00,0.00,205824.00,232448.00
1493159530,1204224.00,161792.00,5299200.00,56203673.60,9.00,7.00,82.00,0.00,0.00,3.00,0.00,0.00,23068672.00,28311552.00,0.00,0.00,221184.00,245760.00
1493159531,1204224.00,161792.00,5299200.00,56203673.60,12.00,5.00,78.00,0.00,0.00,4.00,0.00,49152.00,23068672.00,29360128.00,0.00,0.00,217088.00,244736.00
1493159532,1204224.00,161792.00,5299200.00,56203673.60,7.00,7.00,82.00,0.00,0.00,4.00,0.00,188416.00,19922944.00,25165824.00,0.00,0.00,206848.00,226304.00
1493159533,1204224.00,161792.00,5299200.00,56203673.60,14.00,6.00,77.00,0.00,0.00,3.00,0.00,0.00,24117248.00,30408704.00,0.00,0.00,225280.00,252928.00
1493159534,1204224.00,161792.00,5299200.00,56203673.60,11.00,7.00,80.00,0.00,0.00,3.00,0.00,0.00,22020096.00,28311552.00,0.00,0.00,216064.00,241664.00
1493159535,1204224.00,161792.00,5299200.00,56203673.60,11.00,5.00,81.00,0.00,0.00,3.00,0.00,0.00,22020096.00,27262976.00,0.00,0.00,210944.00,235520.00
1493159536,1204224.00,161792.00,5299200.00,56203673.60,9.00,9.00,78.00,0.00,0.00,5.00,0.00,0.00,22020096.00,28311552.00,0.00,0.00,230400.00,250880.00
1493159537,1205248.00,161792.00,5299200.00,56203673.60,6.00,6.00,84.00,0.00,0.00,4.00,0.00,212992.00,19922944.00,25165824.00,0.00,0.00,204800.00,224256.00
1493159538,1204224.00,161792.00,5299200.00,56203673.60,11.00,5.00,81.00,0.00,0.00,3.00,0.00,0.00,23068672.00,28311552.00,0.00,0.00,221184.00,248832.00
1493159539,1204224.00,161792.00,5299200.00,56203673.60,10.00,8.00,78.00,0.00,0.00,4.00,0.00,0.00,22020096.00,28311552.00,0.00,0.00,228352.00,250880.00
1493159540,1205248.00,161792.00,5299200.00,56203673.60,8.00,6.00,81.00,0.00,0.00,4.00,0.00,0.00,18874368.00,24117248.00,0.00,0.00,204800.00,220160.00
1493159541,1205248.00,161792.00,5299200.00,56203673.60,10.00,7.00,80.00,0.00,0.00,3.00,0.00,172032.00,23068672.00,28311552.00,0.00,0.00,217088.00,245760.00
1493159542,1204224.00,161792.00,5299200.00,56203673.60,9.00,8.00,80.00,0.00,0.00,4.00,0.00,131072.00,22020096.00,27262976.00,0.00,0.00,235520.00,251904.00
1493159543,1204224.00,161792.00,5299200.00,56203673.60,11.00,7.00,80.00,0.00,0.00,3.00,0.00,0.00,22020096.00,27262976.00,0.00,0.00,205824.00,230400.00
1493159544,1204224.00,161792.00,5299200.00,56203673.60,10.00,6.00,81.00,0.00,0.00,3.00,0.00,0.00,23068672.00,29360128.00,0.00,0.00,219136.00,248832.00
1493159545,1204224.00,161792.00,5299200.00,56203673.60,9.00,7.00,80.00,0.00,0.00,4.00,0.00,0.00,23068672.00,28311552.00,0.00,0.00,217088.00,241664.00
1493159546,1204224.00,161792.00,5299200.00,56203673.60,8.00,5.00,84.00,0.00,0.00,2.00,0.00,57344.00,17825792.00,23068672.00,0.00,0.00,178176.00,197632.00
1493159547,1205248.00,161792.00,5299200.00,56203673.60,7.00,6.00,83.00,0.00,0.00,3.00,0.00,147456.00,20971520.00,26214400.00,0.00,0.00,201728.00,227328.00
1493159548,1204224.00,161792.00,5299200.00,56203673.60,9.00,6.00,83.00,0.00,0.00,2.00,0.00,0.00,20971520.00,27262976.00,0.00,0.00,202752.00,228352.00
1493159549,1205248.00,161792.00,5299200.00,56203673.60,9.00,6.00,82.00,0.00,0.00,3.00,0.00,0.00,22020096.00,28311552.00,0.00,0.00,210944.00,239616.00
1493159550,1205248.00,161792.00,5299200.00,56203673.60,10.00,7.00,80.00,0.00,0.00,3.00,0.00,0.00,24117248.00,30408704.00,0.00,0.00,231424.00,260096.00
1493159551,1204224.00,161792.00,5299200.00,56203673.60,7.00,8.00,81.00,0.00,0.00,4.00,0.00,491520.00,19922944.00,24117248.00,0.00,0.00,212992.00,228352.00
1493159552,1204224.00,161792.00,5299200.00,56203673.60,8.00,6.00,82.00,0.00,0.00,5.00,0.00,221184.00,19922944.00,25165824.00,0.00,0.00,218112.00,230400.00
1493159553,1205248.00,161792.00,5299200.00,56203673.60,9.00,7.00,80.00,0.00,0.00,4.00,0.00,0.00,24117248.00,30408704.00,0.00,0.00,231424.00,260096.00
1493159554,1205248.00,161792.00,5299200.00,56203673.60,9.00,7.00,81.00,0.00,0.00,3.00,0.00,0.00,20971520.00,27262976.00,0.00,0.00,208896.00,232448.00
1493159555,1205248.00,161792.00,5299200.00,56203673.60,11.00,7.00,79.00,0.00,0.00,3.00,0.00,0.00,23068672.00,29360128.00,0.00,0.00,217088.00,245760.00
1493159556,1204224.00,161792.00,5299200.00,56203673.60,10.00,8.00,78.00,0.00,0.00,5.00,0.00,0.00,24117248.00,30408704.00,0.00,0.00,232448.00,259072.00
1493159557,1205248.00,161792.00,5299200.00,56203673.60,7.00,5.00,84.00,0.00,0.00,4.00,0.00,131072.00,22020096.00,27262976.00,0.00,0.00,202752.00,230400.00
1493159558,1205248.00,161792.00,5299200.00,56203673.60,8.00,7.00,81.00,0.00,0.00,4.00,0.00,0.00,23068672.00,29360128.00,0.00,0.00,225280.00,250880.00
1493159559,1204224.00,161792.00,5299200.00,56203673.60,9.00,8.00,80.00,0.00,0.00,3.00,0.00,0.00,22020096.00,28311552.00,0.00,0.00,215040.00,240640.00
1493159560,1205248.00,161792.00,5299200.00,56203673.60,10.00,6.00,82.00,0.00,0.00,2.00,0.00,0.00,22020096.00,28311552.00,0.00,0.00,208896.00,237568.00
1493159561,1205248.00,161792.00,5299200.00,56203673.60,10.00,7.00,79.00,0.00,0.00,3.00,0.00,0.00,24117248.00,30408704.00,0.00,0.00,229376.00,260096.00
1493159562,1204224.00,161792.00,5299200.00,56203673.60,11.00,7.00,79.00,0.00,0.00,3.00,0.00,131072.00,20971520.00,26214400.00,0.00,0.00,214016.00,235520.00
1493159563,1204224.00,161792.00,5299200.00,56203673.60,7.00,8.00,81.00,0.00,0.00,4.00,0.00,0.00,19922944.00,25165824.00,0.00,0.00,218112.00,232448.00
1493159564,1205248.00,161792.00,5299200.00,56203673.60,10.00,7.00,79.00,0.00,0.00,4.00,0.00,0.00,23068672.00,28311552.00,0.00,0.00,229376.00,252928.00
1493159565,1204224.00,161792.00,5299200.00,56203673.60,9.00,7.00,82.00,0.00,0.00,2.00,0.00,0.00,20971520.00,26214400.00,0.00,0.00,199680.00,225280.00
1493159566,1205248.00,161792.00,5299200.00,56203673.60,10.00,7.00,80.00,0.00,0.00,4.00,0.00,0.00,22020096.00,27262976.00,0.00,0.00,223232.00,244736.00
1493159567,1205248.00,161792.00,5299200.00,56203673.60,10.00,6.00,81.00,0.00,0.00,3.00,0.00,131072.00,23068672.00,29360128.00,0.00,0.00,225280.00,251904.00
1493159568,1205248.00,161792.00,5299200.00,56203673.60,8.00,5.00,85.00,0.00,0.00,2.00,0.00,0.00,19922944.00,25165824.00,0.00,0.00,199680.00,217088.00
1493159569,1205248.00,161792.00,5299200.00,56203673.60,9.00,7.00,81.00,0.00,0.00,3.00,0.00,0.00,23068672.00,28311552.00,0.00,0.00,225280.00,247808.00
1493159570,1204224.00,161792.00,5299200.00,56203673.60,9.00,5.00,83.00,0.00,0.00,2.00,0.00,0.00,22020096.00,28311552.00,0.00,0.00,217088.00,240640.00
1493159571,1204224.00,161792.00,5299200.00,56203673.60,7.00,7.00,83.00,0.00,0.00,3.00,0.00,0.00,19922944.00,25165824.00,0.00,0.00,200704.00,220160.00
1493159572,1205248.00,161792.00,5299200.00,56203673.60,11.00,6.00,80.00,0.00,0.00,3.00,0.00,131072.00,23068672.00,28311552.00,0.00,0.00,209920.00,243712.00
1493159573,1205248.00,161792.00,5299200.00,56203673.60,8.00,7.00,83.00,0.00,0.00,3.00,0.00,0.00,22020096.00,28311552.00,0.00,0.00,207872.00,236544.00
1493159574,1203200.00,161792.00,5299200.00,56203673.60,8.00,7.00,82.00,0.00,0.00,3.00,0.00,0.00,22020096.00,27262976.00,0.00,0.00,221184.00,242688.00
1493159575,1204224.00,161792.00,5299200.00,56203673.60,9.00,8.00,80.00,0.00,0.00,3.00,0.00,0.00,22020096.00,28311552.00,0.00,0.00,218112.00,244736.00
1493159576,1205248.00,161792.00,5299200.00,56203673.60,10.00,7.00,80.00,0.00,0.00,3.00,0.00,172032.00,22020096.00,28311552.00,0.00,0.00,210944.00,239616.00
1493159577,1204224.00,161792.00,5299200.00,56203673.60,12.00,8.00,78.00,0.00,0.00,3.00,0.00,589824.00,22020096.00,28311552.00,0.00,0.00,216064.00,241664.00
1493159578,1205248.00,161792.00,5299200.00,56203673.60,8.00,9.00,78.00,0.00,0.00,4.00,0.00,0.00,22020096.00,28311552.00,0.00,0.00,236544.00,254976.00
1493159579,1205248.00,161792.00,5299200.00,56203673.60,9.00,6.00,82.00,0.00,0.00,3.00,0.00,0.00,20971520.00,26214400.00,0.00,0.00,205824.00,230400.00
1493159580,1204224.00,161792.00,5299200.00,56203673.60,9.00,6.00,84.00,0.00,0.00,2.00,0.00,0.00,22020096.00,27262976.00,0.00,0.00,217088.00,238592.00
1493159581,1204224.00,161792.00,5299200.00,56203673.60,9.00,6.00,82.00,0.00,0.00,3.00,0.00,0.00,19922944.00,26214400.00,0.00,0.00,206848.00,231424.00
1493159582,1207296.00,161792.00,5299200.00,56203673.60,8.00,7.00,82.00,0.00,0.00,3.00,0.00,131072.00,20971520.00,27262976.00,0.00,0.00,215040.00,237568.00
1493159583,1207296.00,161792.00,5299200.00,56203673.60,10.00,5.00,81.00,0.00,0.00,4.00,0.00,0.00,23068672.00,29360128.00,0.00,0.00,211968.00,241664.00
1493159584,1207296.00,161792.00,5299200.00,56203673.60,10.00,8.00,79.00,0.00,0.00,3.00,0.00,0.00,22020096.00,28311552.00,0.00,0.00,214016.00,239616.00
1493159585,1207296.00,161792.00,5299200.00,56203673.60,8.00,6.00,82.00,0.00,0.00,3.00,0.00,0.00,23068672.00,29360128.00,0.00,0.00,217088.00,245760.00
1493159586,1207296.00,161792.00,5299200.00,56203673.60,9.00,6.00,81.00,0.00,0.00,4.00,0.00,0.00,23068672.00,29360128.00,0.00,0.00,221184.00,248832.00
1493159587,1207296.00,161792.00,5299200.00,56203673.60,11.00,9.00,78.00,0.00,0.00,3.00,0.00,131072.00,22020096.00,28311552.00,0.00,0.00,208896.00,238592.00
1493159588,1207296.00,161792.00,5299200.00,56203673.60,10.00,6.00,81.00,0.00,0.00,3.00,0.00,0.00,22020096.00,27262976.00,0.00,0.00,204800.00,233472.00
1493159589,1208320.00,161792.00,5299200.00,56203673.60,8.00,6.00,82.00,0.00,0.00,3.00,0.00,0.00,24117248.00,30408704.00,0.00,0.00,225280.00,252928.00
1493159590,1207296.00,161792.00,5299200.00,56203673.60,8.00,7.00,82.00,0.00,0.00,3.00,0.00,0.00,20971520.00,26214400.00,0.00,0.00,202752.00,225280.00
1493159591,1207296.00,161792.00,5299200.00,56203673.60,11.00,6.00,80.00,0.00,0.00,3.00,0.00,0.00,22020096.00,27262976.00,0.00,0.00,208896.00,235520.00
1493159592,1207296.00,161792.00,5299200.00,56203673.60,10.00,7.00,79.00,0.00,0.00,4.00,0.00,131072.00,22020096.00,27262976.00,0.00,0.00,215040.00,237568.00
1493159593,1207296.00,161792.00,5299200.00,56203673.60,9.00,4.00,84.00,0.00,0.00,2.00,0.00,0.00,19922944.00,25165824.00,0.00,0.00,191488.00,215040.00
1493159594,1207296.00,161792.00,5299200.00,56203673.60,9.00,7.00,83.00,0.00,0.00,2.00,0.00,0.00,22020096.00,27262976.00,0.00,0.00,209920.00,235520.00
1493159595,1208320.00,161792.00,5299200.00,56203673.60,8.00,5.00,83.00,0.00,0.00,3.00,0.00,0.00,20971520.00,26214400.00,0.00,0.00,201728.00,229376.00
1493159596,1207296.00,161792.00,5299200.00,56203673.60,11.00,8.00,78.00,0.00,0.00,3.00,0.00,0.00,23068672.00,29360128.00,0.00,0.00,226304.00,252928.00
1493159597,1208320.00,161792.00,5299200.00,56203673.60,13.00,7.00,76.00,0.00,0.00,5.00,0.00,131072.00,24117248.00,29360128.00,0.00,0.00,223232.00,250880.00
1493159598,1208320.00,161792.00,5299200.00,56203673.60,9.00,7.00,81.00,0.00,0.00,3.00,0.00,0.00,22020096.00,27262976.00,0.00,0.00,214016.00,237568.00
1493159599,1207296.00,161792.00,5299200.00,56203673.60,12.00,8.00,77.00,0.00,0.00,3.00,0.00,0.00,23068672.00,29360128.00,0.00,0.00,224256.00,249856.00
1493159600,1208320.00,161792.00,5299200.00,56203673.60,8.00,8.00,80.00,0.00,0.00,5.00,0.00,0.00,22020096.00,27262976.00,0.00,0.00,224256.00,244736.00
1493159601,1207296.00,161792.00,5299200.00,56203673.60,8.00,8.00,81.00,0.00,0.00,3.00,0.00,0.00,22020096.00,28311552.00,0.00,0.00,209920.00,236544.00
1493159602,1207296.00,161792.00,5299200.00,56203673.60,8.00,5.00,80.00,5.00,0.00,2.00,0.00,131072.00,18874368.00,24117248.00,0.00,0.00,181248.00,203776.00
1493159603,1207296.00,161792.00,5299200.00,56203673.60,10.00,6.00,79.00,0.00,0.00,4.00,0.00,0.00,22020096.00,28311552.00,0.00,0.00,227328.00,248832.00
1493159604,1208320.00,161792.00,5299200.00,56203673.60,7.00,7.00,82.00,0.00,0.00,4.00,0.00,0.00,19922944.00,25165824.00,0.00,0.00,215040.00,229376.00
1493159605,1207296.00,161792.00,5299200.00,56203673.60,11.00,8.00,78.00,0.00,0.00,3.00,0.00,0.00,23068672.00,29360128.00,0.00,0.00,218112.00,246784.00
1493159606,1207296.00,161792.00,5299200.00,56203673.60,10.00,7.00,79.00,0.00,0.00,4.00,0.00,0.00,23068672.00,29360128.00,0.00,0.00,219136.00,246784.00
1493159607,1208320.00,161792.00,5299200.00,56203673.60,12.00,7.00,78.00,0.00,0.00,2.00,0.00,245760.00,24117248.00,29360128.00,0.00,0.00,216064.00,246784.00
1493159608,1208320.00,161792.00,5299200.00,56203673.60,7.00,5.00,85.00,0.00,0.00,3.00,0.00,0.00,18874368.00,24117248.00,0.00,0.00,187392.00,209920.00
1493159609,1207296.00,161792.00,5299200.00,56203673.60,8.00,5.00,85.00,0.00,0.00,2.00,0.00,0.00,17825792.00,23068672.00,0.00,0.00,174080.00,195584.00
1493159610,1208320.00,161792.00,5299200.00,56203673.60,10.00,7.00,80.00,0.00,0.00,3.00,0.00,0.00,23068672.00,29360128.00,0.00,0.00,223232.00,250880.00
1493159611,1208320.00,161792.00,5299200.00,56203673.60,12.00,7.00,77.00,0.00,0.00,4.00,0.00,0.00,24117248.00,29360128.00,0.00,0.00,222208.00,250880.00
1493159612,1208320.00,161792.00,5299200.00,56203673.60,11.00,7.00,79.00,0.00,0.00,3.00,0.00,557056.00,23068672.00,28311552.00,0.00,0.00,216064.00,243712.00
1493159613,1208320.00,161792.00,5299200.00,56203673.60,11.00,7.00,79.00,0.00,0.00,3.00,0.00,270336.00,23068672.00,29360128.00,0.00,0.00,224256.00,249856.00
1493159614,1207296.00,161792.00,5299200.00,56203673.60,7.00,6.00,85.00,0.00,0.00,2.00,0.00,0.00,17825792.00,22020096.00,0.00,0.00,174080.00,192512.00
1493159615,1207296.00,161792.00,5299200.00,56203673.60,7.00,5.00,85.00,0.00,0.00,2.00,0.00,0.00,18874368.00,24117248.00,0.00,0.00,192512.00,214016.00
1493159616,1207296.00,161792.00,5299200.00,56203673.60,12.00,9.00,76.00,0.00,0.00,4.00,0.00,0.00,23068672.00,29360128.00,0.00,0.00,217088.00,246784.00
1493159617,1208320.00,161792.00,5299200.00,56203673.60,10.00,7.00,79.00,0.00,0.00,4.00,0.00,0.00,22020096.00,28311552.00,0.00,0.00,209920.00,235520.00
1493159618,1208320.00,161792.00,5299200.00,56203673.60,10.00,7.00,79.00,0.00,0.00,4.00,0.00,131072.00,22020096.00,28311552.00,0.00,0.00,217088.00,242688.00
1493159619,1208320.00,161792.00,5299200.00,56203673.60,8.00,6.00,83.00,0.00,0.00,3.00,0.00,0.00,22020096.00,27262976.00,0.00,0.00,220160.00,242688.00
1493159620,1207296.00,161792.00,5300224.00,56203673.60,9.00,8.00,80.00,0.00,0.00,4.00,0.00,0.00,22020096.00,27262976.00,0.00,0.00,223232.00,241664.00
1493159621,1208320.00,161792.00,5300224.00,56203673.60,9.00,7.00,81.00,0.00,0.00,3.00,0.00,0.00,22020096.00,28311552.00,0.00,0.00,210944.00,237568.00
1493159622,1207296.00,161792.00,5300224.00,56203673.60,10.00,8.00,78.00,0.00,0.00,4.00,0.00,0.00,23068672.00,28311552.00,0.00,0.00,223232.00,249856.00
1493159623,1207296.00,161792.00,5300224.00,56203673.60,8.00,7.00,81.00,0.00,0.00,4.00,0.00,131072.00,20971520.00,26214400.00,0.00,0.00,219136.00,236544.00
1493159624,1207296.00,161792.00,5300224.00,56203673.60,10.00,7.00,80.00,0.00,0.00,3.00,0.00,0.00,24117248.00,29360128.00,0.00,0.00,224256.00,251904.00
1493159625,1208320.00,161792.00,5300224.00,56203673.60,11.00,8.00,77.00,0.00,0.00,4.00,0.00,0.00,23068672.00,29360128.00,0.00,0.00,222208.00,250880.00
1493159626,1207296.00,161792.00,5300224.00,56203673.60,9.00,7.00,81.00,0.00,0.00,3.00,0.00,0.00,22020096.00,27262976.00,0.00,0.00,217088.00,240640.00
1493159627,1208320.00,161792.00,5300224.00,56203673.60,11.00,6.00,81.00,0.00,0.00,3.00,0.00,0.00,23068672.00,28311552.00,0.00,0.00,224256.00,249856.00
1493159628,1208320.00,161792.00,5300224.00,56203673.60,9.00,7.00,81.00,0.00,0.00,3.00,0.00,131072.00,22020096.00,28311552.00,0.00,0.00,211968.00,239616.00
1493159629,1207296.00,161792.00,5300224.00,56203673.60,12.00,7.00,78.00,0.00,0.00,3.00,0.00,0.00,23068672.00,28311552.00,0.00,0.00,210944.00,237568.00
1493159630,1208320.00,161792.00,5300224.00,56203673.60,7.00,7.00,82.00,0.00,0.00,4.00,0.00,0.00,20971520.00,26214400.00,0.00,0.00,226304.00,242688.00
1493159631,1208320.00,161792.00,5300224.00,56203673.60,9.00,6.00,83.00,0.00,0.00,3.00,0.00,0.00,20971520.00,26214400.00,0.00,0.00,205824.00,230400.00
1493159632,1207296.00,161792.00,5300224.00,56203673.60,12.00,8.00,77.00,0.00,0.00,3.00,0.00,0.00,24117248.00,30408704.00,0.00,0.00,225280.00,253952.00
1493159633,1208320.00,161792.00,5300224.00,56203673.60,10.00,8.00,80.00,0.00,0.00,3.00,0.00,131072.00,23068672.00,29360128.00,0.00,0.00,227328.00,251904.00
1493159634,1208320.00,161792.00,5300224.00,56203673.60,7.00,6.00,83.00,0.00,0.00,4.00,0.00,0.00,22020096.00,28311552.00,0.00,0.00,216064.00,241664.00
1493159635,1207296.00,161792.00,5300224.00,56203673.60,9.00,7.00,81.00,0.00,0.00,2.00,0.00,0.00,23068672.00,28311552.00,0.00,0.00,223232.00,248832.00
1493159636,1208320.00,161792.00,5300224.00,56203673.60,12.00,7.00,77.00,0.00,0.00,4.00,0.00,0.00,22020096.00,28311552.00,0.00,0.00,208896.00,236544.00
1493159637,1207296.00,161792.00,5300224.00,56203673.60,11.00,7.00,79.00,0.00,0.00,4.00,0.00,73728.00,24117248.00,30408704.00,0.00,0.00,221184.00,250880.00
1493159638,1207296.00,161792.00,5300224.00,56203673.60,10.00,7.00,80.00,0.00,0.00,4.00,0.00,147456.00,22020096.00,28311552.00,0.00,0.00,219136.00,245760.00
1493159639,1208320.00,161792.00,5300224.00,56203673.60,9.00,8.00,80.00,0.00,0.00,3.00,0.00,0.00,20971520.00,26214400.00,0.00,0.00,208896.00,234496.00
1493159640,1207296.00,161792.00,5300224.00,56203673.60,9.00,7.00,82.00,0.00,0.00,2.00,0.00,0.00,22020096.00,28311552.00,0.00,0.00,208896.00,237568.00
1493159641,1208320.00,161792.00,5300224.00,56203673.60,11.00,5.00,82.00,0.00,0.00,3.00,0.00,0.00,23068672.00,28311552.00,0.00,0.00,208896.00,240640.00
1493159642,1208320.00,161792.00,5300224.00,56203673.60,6.00,6.00,86.00,0.00,0.00,2.00,0.00,49152.00,19922944.00,24117248.00,0.00,0.00,201728.00,221184.00
1493159643,1208320.00,161792.00,5300224.00,56203673.60,9.00,7.00,81.00,0.00,0.00,3.00,0.00,163840.00,22020096.00,28311552.00,0.00,0.00,214016.00,243712.00
1493159644,1208320.00,161792.00,5300224.00,56203673.60,10.00,6.00,81.00,0.00,0.00,2.00,0.00,0.00,22020096.00,28311552.00,0.00,0.00,217088.00,241664.00
1493159645,1208320.00,161792.00,5300224.00,56203673.60,9.00,6.00,80.00,0.00,0.00,4.00,0.00,0.00,20971520.00,27262976.00,0.00,0.00,209920.00,232448.00
1493159646,1208320.00,161792.00,5300224.00,56203673.60,10.00,7.00,80.00,0.00,0.00,3.00,0.00,0.00,22020096.00,28311552.00,0.00,0.00,217088.00,241664.00
1493159647,1207296.00,161792.00,5300224.00,56203673.60,11.00,8.00,78.00,0.00,0.00,4.00,0.00,532480.00,22020096.00,27262976.00,0.00,0.00,217088.00,239616.00
1493159648,1208320.00,161792.00,5300224.00,56203673.60,11.00,6.00,80.00,0.00,0.00,3.00,0.00,229376.00,22020096.00,28311552.00,0.00,0.00,209920.00,237568.00
1493159649,1208320.00,161792.00,5300224.00,56203673.60,10.00,8.00,78.00,0.00,0.00,4.00,0.00,0.00,22020096.00,28311552.00,0.00,0.00,224256.00,245760.00
1493159650,1208320.00,161792.00,5300224.00,56203673.60,11.00,6.00,79.00,0.00,0.00,3.00,0.00,0.00,20971520.00,26214400.00,0.00,0.00,207872.00,231424.00
1493159651,1208320.00,161792.00,5300224.00,56203673.60,10.00,7.00,80.00,0.00,0.00,3.00,0.00,0.00,22020096.00,27262976.00,0.00,0.00,207872.00,234496.00
1493159652,1208320.00,161792.00,5300224.00,56203673.60,11.00,6.00,79.00,0.00,0.00,3.00,0.00,0.00,23068672.00,29360128.00,0.00,0.00,216064.00,245760.00
1493159653,1208320.00,161792.00,5300224.00,56203673.60,9.00,5.00,82.00,0.00,0.00,4.00,0.00,131072.00,19922944.00,25165824.00,0.00,0.00,195584.00,221184.00
1493159654,1208320.00,161792.00,5300224.00,56203673.60,10.00,8.00,79.00,0.00,0.00,3.00,0.00,0.00,24117248.00,30408704.00,0.00,0.00,219136.00,252928.00
1493159655,1208320.00,161792.00,5300224.00,56203673.60,12.00,7.00,79.00,0.00,0.00,2.00,0.00,0.00,23068672.00,29360128.00,0.00,0.00,214016.00,247808.00
1493159656,1208320.00,161792.00,5300224.00,56203673.60,10.00,6.00,81.00,0.00,0.00,3.00,0.00,0.00,22020096.00,28311552.00,0.00,0.00,215040.00,241664.00
1493159657,1208320.00,161792.00,5300224.00,56203673.60,8.00,9.00,79.00,0.00,0.00,5.00,0.00,0.00,22020096.00,27262976.00,0.00,0.00,225280.00,246784.00
1493159658,1207296.00,161792.00,5300224.00,56203673.60,9.00,8.00,79.00,0.00,0.00,4.00,0.00,131072.00,19922944.00,25165824.00,0.00,0.00,226304.00,236544.00
1493159659,1207296.00,161792.00,5300224.00,56203673.60,11.00,5.00,81.00,0.00,0.00,3.00,0.00,0.00,22020096.00,28311552.00,0.00,0.00,206848.00,238592.00
1493159660,1209344.00,161792.00,5300224.00,56203673.60,13.00,6.00,77.00,0.00,0.00,3.00,0.00,0.00,24117248.00,29360128.00,0.00,0.00,216064.00,246784.00
1493159661,1208320.00,161792.00,5300224.00,56203673.60,7.00,8.00,80.00,0.00,0.00,5.00,0.00,0.00,17825792.00,23068672.00,0.00,0.00,216064.00,223232.00
1493159662,1208320.00,161792.00,5300224.00,56203673.60,11.00,7.00,79.00,0.00,0.00,3.00,0.00,0.00,24117248.00,29360128.00,0.00,0.00,225280.00,252928.00
1493159663,1207296.00,161792.00,5300224.00,56203673.60,13.00,7.00,77.00,0.00,0.00,3.00,0.00,131072.00,24117248.00,30408704.00,0.00,0.00,220160.00,249856.00
1493159664,1208320.00,161792.00,5300224.00,56203673.60,10.00,7.00,80.00,0.00,0.00,3.00,0.00,0.00,20971520.00,26214400.00,0.00,0.00,204800.00,227328.00
1493159665,1208320.00,161792.00,5300224.00,56203673.60,9.00,8.00,78.00,0.00,0.00,5.00,0.00,0.00,20971520.00,27262976.00,0.00,0.00,224256.00,241664.00
1493159666,1208320.00,161792.00,5300224.00,56203673.60,12.00,7.00,78.00,0.00,0.00,3.00,0.00,0.00,24117248.00,30408704.00,0.00,0.00,224256.00,256000.00
1493159667,1208320.00,161792.00,5300224.00,56203673.60,11.00,6.00,79.00,0.00,0.00,3.00,0.00,40960.00,22020096.00,27262976.00,0.00,0.00,207872.00,233472.00
1493159668,1208320.00,161792.00,5300224.00,56203673.60,12.00,8.00,77.00,0.00,0.00,3.00,0.00,131072.00,23068672.00,29360128.00,0.00,0.00,220160.00,249856.00
1493159669,1208320.00,161792.00,5300224.00,56203673.60,10.00,7.00,80.00,0.00,0.00,3.00,0.00,0.00,23068672.00,28311552.00,0.00,0.00,215040.00,243712.00
1493159670,1208320.00,161792.00,5300224.00,56203673.60,6.00,5.00,87.00,0.00,0.00,2.00,0.00,0.00,17825792.00,23068672.00,0.00,0.00,179200.00,199680.00
1493159671,1208320.00,161792.00,5300224.00,56203673.60,6.00,8.00,82.00,0.00,0.00,3.00,0.00,0.00,18874368.00,24117248.00,0.00,0.00,205824.00,220160.00
1493159672,1208320.00,161792.00,5300224.00,56203673.60,9.00,7.00,81.00,0.00,0.00,3.00,0.00,24576.00,22020096.00,28311552.00,0.00,0.00,206848.00,235520.00
1493159673,1208320.00,161792.00,5300224.00,56203673.60,10.00,8.00,78.00,0.00,0.00,4.00,0.00,163840.00,23068672.00,29360128.00,0.00,0.00,224256.00,251904.00
1493159674,1208320.00,161792.00,5300224.00,56203673.60,11.00,6.00,78.00,0.00,0.00,4.00,0.00,0.00,24117248.00,29360128.00,0.00,0.00,220160.00,249856.00
1493159675,1208320.00,161792.00,5300224.00,56203673.60,10.00,7.00,80.00,0.00,0.00,3.00,0.00,0.00,20971520.00,26214400.00,0.00,0.00,200704.00,226304.00
1493159676,1208320.00,161792.00,5300224.00,56203673.60,12.00,6.00,79.00,0.00,0.00,3.00,0.00,0.00,23068672.00,29360128.00,0.00,0.00,220160.00,249856.00
1493159677,1208320.00,161792.00,5300224.00,56203673.60,11.00,8.00,78.00,0.00,0.00,4.00,0.00,49152.00,24117248.00,30408704.00,0.00,0.00,230400.00,257024.00
1493159678,1208320.00,161792.00,5300224.00,56203673.60,8.00,5.00,83.00,0.00,0.00,3.00,0.00,180224.00,22020096.00,27262976.00,0.00,0.00,204800.00,231424.00
1493159679,1208320.00,161792.00,5300224.00,56203673.60,12.00,6.00,78.00,0.00,0.00,4.00,0.00,0.00,23068672.00,29360128.00,0.00,0.00,220160.00,248832.00
1493159680,1208320.00,161792.00,5300224.00,56203673.60,10.00,7.00,78.00,0.00,0.00,4.00,0.00,0.00,23068672.00,29360128.00,0.00,0.00,219136.00,246784.00
1493159681,1208320.00,161792.00,5300224.00,56203673.60,10.00,8.00,79.00,0.00,0.00,3.00,0.00,0.00,23068672.00,29360128.00,0.00,0.00,223232.00,249856.00
1493159682,1208320.00,161792.00,5300224.00,56203673.60,11.00,5.00,81.00,0.00,0.00,3.00,0.00,565248.00,24117248.00,30408704.00,0.00,0.00,221184.00,250880.00
1493159683,1208320.00,161792.00,5300224.00,56203673.60,10.00,7.00,80.00,0.00,0.00,3.00,0.00,270336.00,22020096.00,27262976.00,0.00,0.00,203776.00,231424.00
1493159684,1207296.00,161792.00,5300224.00,56203673.60,11.00,8.00,77.00,0.00,0.00,4.00,0.00,0.00,22020096.00,27262976.00,0.00,0.00,229376.00,246784.00
1493159685,1208320.00,161792.00,5300224.00,56203673.60,12.00,6.00,79.00,0.00,0.00,3.00,0.00,0.00,24117248.00,30408704.00,0.00,0.00,229376.00,257024.00
1493159686,1208320.00,161792.00,5300224.00,56203673.60,8.00,7.00,81.00,0.00,0.00,4.00,0.00,0.00,19922944.00,25165824.00,0.00,0.00,202752.00,223232.00
1493159687,1208320.00,161792.00,5300224.00,56203673.60,10.00,7.00,80.00,0.00,0.00,3.00,0.00,0.00,24117248.00,29360128.00,0.00,0.00,220160.00,250880.00
1493159688,1208320.00,161792.00,5300224.00,56203673.60,9.00,6.00,77.00,5.00,0.00,3.00,0.00,131072.00,22020096.00,27262976.00,0.00,0.00,210944.00,238592.00
1493159689,1208320.00,161792.00,5300224.00,56203673.60,12.00,6.00,79.00,0.00,0.00,4.00,0.00,0.00,23068672.00,29360128.00,0.00,0.00,218112.00,249856.00
1493159690,1207296.00,161792.00,5300224.00,56203673.60,12.00,6.00,79.00,0.00,0.00,3.00,0.00,0.00,24117248.00,30408704.00,0.00,0.00,225280.00,252928.00
1493159691,1209344.00,161792.00,5300224.00,56203673.60,8.00,5.00,84.00,0.00,0.00,3.00,0.00,0.00,20971520.00,26214400.00,0.00,0.00,203776.00,230400.00
1493159692,1208320.00,161792.00,5300224.00,56203673.60,10.00,6.00,80.00,0.00,0.00,4.00,0.00,0.00,23068672.00,29360128.00,0.00,0.00,222208.00,249856.00
1493159693,1208320.00,161792.00,5300224.00,56203673.60,10.00,8.00,79.00,0.00,0.00,3.00,0.00,131072.00,23068672.00,29360128.00,0.00,0.00,223232.00,248832.00
1493159694,1209344.00,161792.00,5300224.00,56203673.60,8.00,8.00,81.00,0.00,0.00,3.00,0.00,0.00,20971520.00,26214400.00,0.00,0.00,211968.00,232448.00
1493159695,1208320.00,161792.00,5300224.00,56203673.60,12.00,7.00,79.00,0.00,0.00,2.00,0.00,0.00,23068672.00,29360128.00,0.00,0.00,219136.00,246784.00
1493159696,1208320.00,161792.00,5300224.00,56203673.60,10.00,7.00,80.00,0.00,0.00,3.00,0.00,0.00,23068672.00,29360128.00,0.00,0.00,224256.00,251904.00
1493159697,1208320.00,161792.00,5300224.00,56203673.60,9.00,7.00,81.00,0.00,0.00,3.00,0.00,40960.00,22020096.00,28311552.00,0.00,0.00,215040.00,242688.00
1493159698,1208320.00,161792.00,5300224.00,56203673.60,9.00,7.00,79.00,0.00,0.00,4.00,0.00,131072.00,22020096.00,27262976.00,0.00,0.00,229376.00,247808.00
1493159699,1208320.00,161792.00,5300224.00,56203673.60,10.00,6.00,82.00,0.00,0.00,3.00,0.00,0.00,22020096.00,28311552.00,0.00,0.00,214016.00,239616.00
1493159700,1207296.00,161792.00,5300224.00,56203673.60,8.00,6.00,84.00,0.00,0.00,2.00,0.00,0.00,22020096.00,27262976.00,0.00,0.00,218112.00,240640.00
1493159701,1208320.00,161792.00,5300224.00,56203673.60,8.00,3.00,88.00,0.00,0.00,2.00,0.00,0.00,18874368.00,24117248.00,0.00,0.00,201728.00,221184.00
1493159702,1208320.00,161792.00,5300224.00,56203673.60,9.00,6.00,83.00,0.00,0.00,2.00,0.00,0.00,20971520.00,26214400.00,0.00,0.00,205824.00,230400.00
1493159703,1208320.00,161792.00,5300224.00,56203673.60,7.00,7.00,82.00,0.00,0.00,4.00,0.00,131072.00,22020096.00,27262976.00,0.00,0.00,225280.00,245760.00
1493159704,1208320.00,161792.00,5300224.00,56203673.60,10.00,8.00,79.00,0.00,0.00,3.00,0.00,0.00,23068672.00,28311552.00,0.00,0.00,223232.00,247808.00
1493159705,1209344.00,161792.00,5300224.00,56203673.60,9.00,6.00,82.00,0.00,0.00,2.00,0.00,0.00,20971520.00,26214400.00,0.00,0.00,204800.00,230400.00
1493159706,1208320.00,161792.00,5300224.00,56203673.60,9.00,7.00,80.00,0.00,0.00,4.00,0.00,0.00,22020096.00,27262976.00,0.00,0.00,225280.00,245760.00
1493159707,1208320.00,161792.00,5300224.00,56203673.60,12.00,7.00,79.00,0.00,0.00,3.00,0.00,24576.00,24117248.00,30408704.00,0.00,0.00,230400.00,259072.00
1493159708,1208320.00,161792.00,5300224.00,56203673.60,9.00,6.00,83.00,0.00,0.00,3.00,0.00,155648.00,22020096.00,27262976.00,0.00,0.00,206848.00,233472.00
1493159709,1208320.00,161792.00,5300224.00,56203673.60,11.00,8.00,78.00,0.00,0.00,3.00,0.00,0.00,23068672.00,29360128.00,0.00,0.00,224256.00,248832.00
1493159710,1208320.00,161792.00,5300224.00,56203673.60,9.00,7.00,81.00,0.00,0.00,3.00,0.00,0.00,23068672.00,28311552.00,0.00,0.00,223232.00,243712.00
1493159711,1207296.00,161792.00,5300224.00,56203673.60,10.00,6.00,81.00,0.00,0.00,3.00,0.00,0.00,22020096.00,27262976.00,0.00,0.00,208896.00,234496.00
1493159712,1208320.00,161792.00,5300224.00,56203673.60,9.00,7.00,80.00,0.00,0.00,5.00,0.00,73728.00,22020096.00,27262976.00,0.00,0.00,221184.00,243712.00
1493159713,1208320.00,161792.00,5300224.00,56203673.60,10.00,6.00,80.00,0.00,0.00,4.00,0.00,180224.00,22020096.00,27262976.00,0.00,0.00,211968.00,237568.00
1493159714,1208320.00,161792.00,5300224.00,56203673.60,11.00,8.00,77.00,0.00,0.00,4.00,0.00,0.00,23068672.00,29360128.00,0.00,0.00,219136.00,246784.00
1493159715,1208320.00,161792.00,5300224.00,56203673.60,9.00,5.00,83.00,0.00,0.00,3.00,0.00,0.00,22020096.00,27262976.00,0.00,0.00,223232.00,242688.00
1493159716,1208320.00,161792.00,5300224.00,56203673.60,9.00,7.00,81.00,0.00,0.00,3.00,0.00,0.00,22020096.00,27262976.00,0.00,0.00,206848.00,231424.00
1493159717,1207296.00,161792.00,5300224.00,56203673.60,11.00,6.00,79.00,0.00,0.00,4.00,0.00,540672.00,24117248.00,30408704.00,0.00,0.00,223232.00,253952.00
1493159718,1208320.00,161792.00,5300224.00,56203673.60,10.00,6.00,81.00,0.00,0.00,3.00,0.00,245760.00,23068672.00,28311552.00,0.00,0.00,216064.00,245760.00
1493159719,1208320.00,161792.00,5300224.00,56203673.60,10.00,5.00,82.00,0.00,0.00,3.00,0.00,0.00,22020096.00,27262976.00,0.00,0.00,195584.00,229376.00
1493159720,1207296.00,161792.00,5300224.00,56203673.60,11.00,6.00,80.00,0.00,0.00,3.00,0.00,0.00,23068672.00,29360128.00,0.00,0.00,211968.00,245760.00
1493159721,1208320.00,161792.00,5300224.00,56203673.60,9.00,7.00,81.00,0.00,0.00,4.00,0.00,0.00,23068672.00,29360128.00,0.00,0.00,222208.00,250880.00
1493159722,1208320.00,161792.00,5300224.00,56203673.60,10.00,8.00,78.00,0.00,0.00,4.00,0.00,0.00,20971520.00,26214400.00,0.00,0.00,216064.00,234496.00
1493159723,1208320.00,161792.00,5300224.00,56203673.60,11.00,6.00,79.00,0.00,0.00,4.00,0.00,131072.00,24117248.00,29360128.00,0.00,0.00,222208.00,250880.00
1493159724,1208320.00,161792.00,5300224.00,56203673.60,10.00,7.00,80.00,0.00,0.00,3.00,0.00,0.00,22020096.00,27262976.00,0.00,0.00,202752.00,230400.00
1493159725,1208320.00,161792.00,5300224.00,56203673.60,10.00,8.00,78.00,0.00,0.00,5.00,0.00,0.00,23068672.00,28311552.00,0.00,0.00,233472.00,256000.00
1493159726,1208320.00,161792.00,5300224.00,56203673.60,11.00,6.00,80.00,0.00,0.00,3.00,0.00,0.00,20971520.00,26214400.00,0.00,0.00,211968.00,231424.00
1493159727,1208320.00,161792.00,5300224.00,56203673.60,8.00,5.00,84.00,0.00,0.00,3.00,0.00,40960.00,19922944.00,25165824.00,0.00,0.00,192512.00,216064.00
1493159728,1208320.00,161792.00,5300224.00,56203673.60,9.00,7.00,80.00,0.00,0.00,3.00,0.00,131072.00,20971520.00,26214400.00,0.00,0.00,212992.00,233472.00
1493159729,1208320.00,161792.00,5300224.00,56203673.60,8.00,6.00,82.00,0.00,0.00,4.00,0.00,0.00,20971520.00,26214400.00,0.00,0.00,221184.00,238592.00
1493159730,1208320.00,161792.00,5300224.00,56203673.60,8.00,7.00,83.00,0.00,0.00,3.00,0.00,0.00,20971520.00,26214400.00,0.00,0.00,212992.00,233472.00
1493159731,1208320.00,161792.00,5300224.00,56203673.60,8.00,9.00,79.00,0.00,0.00,4.00,0.00,0.00,20971520.00,27262976.00,0.00,0.00,222208.00,241664.00
1493159732,1208320.00,161792.00,5300224.00,56203673.60,5.00,3.00,90.00,0.00,0.00,2.00,0.00,0.00,17825792.00,23068672.00,0.00,0.00,183296.00,202752.00
1493159733,1208320.00,161792.00,5300224.00,56203673.60,9.00,6.00,83.00,0.00,0.00,3.00,0.00,131072.00,18874368.00,24117248.00,0.00,0.00,198656.00,214016.00
1493159734,1208320.00,161792.00,5300224.00,56203673.60,11.00,7.00,78.00,0.00,0.00,3.00,0.00,0.00,24117248.00,30408704.00,0.00,0.00,220160.00,248832.00
1493159735,1209344.00,161792.00,5300224.00,56203673.60,11.00,7.00,79.00,0.00,0.00,4.00,0.00,0.00,24117248.00,30408704.00,0.00,0.00,222208.00,250880.00
1493159736,1208320.00,161792.00,5300224.00,56203673.60,9.00,7.00,80.00,0.00,0.00,4.00,0.00,0.00,22020096.00,27262976.00,0.00,0.00,212992.00,236544.00
1493159737,1208320.00,161792.00,5300224.00,56203673.60,12.00,8.00,76.00,0.00,0.00,4.00,0.00,0.00,24117248.00,29360128.00,0.00,0.00,220160.00,250880.00
1493159738,1208320.00,161792.00,5300224.00,56203673.60,9.00,7.00,82.00,0.00,0.00,3.00,0.00,131072.00,22020096.00,28311552.00,0.00,0.00,215040.00,241664.00
1493159739,1208320.00,161792.00,5300224.00,56203673.60,10.00,6.00,81.00,0.00,0.00,3.00,0.00,0.00,23068672.00,29360128.00,0.00,0.00,220160.00,247808.00
1493159740,1208320.00,161792.00,5300224.00,56203673.60,11.00,8.00,78.00,0.00,0.00,3.00,0.00,0.00,23068672.00,29360128.00,0.00,0.00,218112.00,246784.00
1493159741,1209344.00,161792.00,5300224.00,56203673.60,10.00,6.00,80.00,0.00,0.00,4.00,0.00,0.00,20971520.00,26214400.00,0.00,0.00,204800.00,226304.00
1493159742,1208320.00,161792.00,5300224.00,56203673.60,11.00,8.00,78.00,0.00,0.00,3.00,0.00,32768.00,23068672.00,28311552.00,0.00,0.00,219136.00,244736.00
1493159743,1208320.00,161792.00,5300224.00,56203673.60,11.00,8.00,77.00,0.00,0.00,3.00,0.00,155648.00,23068672.00,29360128.00,0.00,0.00,220160.00,248832.00
1493159744,1207296.00,161792.00,5300224.00,56203673.60,9.00,7.00,79.00,0.00,0.00,5.00,0.00,0.00,19922944.00,25165824.00,0.00,0.00,223232.00,235520.00
1493159745,1208320.00,161792.00,5300224.00,56203673.60,11.00,5.00,80.00,0.00,0.00,3.00,0.00,0.00,23068672.00,29360128.00,0.00,0.00,218112.00,246784.00
1493159746,1208320.00,161792.00,5300224.00,56203673.60,9.00,8.00,80.00,0.00,0.00,3.00,0.00,0.00,23068672.00,28311552.00,0.00,0.00,220160.00,247808.00
1493159747,1209344.00,161792.00,5300224.00,56203673.60,9.00,6.00,82.00,0.00,0.00,3.00,0.00,81920.00,22020096.00,28311552.00,0.00,0.00,211968.00,239616.00
1493159748,1208320.00,161792.00,5300224.00,56203673.60,12.00,7.00,77.00,0.00,0.00,4.00,0.00,188416.00,24117248.00,29360128.00,0.00,0.00,224256.00,251904.00
1493159749,1208320.00,161792.00,5300224.00,56203673.60,9.00,6.00,82.00,0.00,0.00,2.00,0.00,0.00,23068672.00,28311552.00,0.00,0.00,211968.00,239616.00
1493159750,1209344.00,161792.00,5300224.00,56203673.60,10.00,7.00,81.00,0.00,0.00,3.00,0.00,0.00,23068672.00,29360128.00,0.00,0.00,224256.00,249856.00
1493159751,1207296.00,161792.00,5300224.00,56203673.60,8.00,7.00,81.00,0.00,0.00,4.00,0.00,0.00,20971520.00,26214400.00,0.00,0.00,216064.00,233472.00
1493159752,1208320.00,161792.00,5300224.00,56203673.60,10.00,5.00,82.00,0.00,0.00,3.00,0.00,516096.00,20971520.00,26214400.00,0.00,0.00,198656.00,222208.00
1493159753,1208320.00,161792.00,5300224.00,56203673.60,11.00,8.00,77.00,0.00,0.00,4.00,0.00,245760.00,23068672.00,29360128.00,0.00,0.00,222208.00,248832.00
1493159754,1208320.00,161792.00,5300224.00,56203673.60,9.00,8.00,79.00,0.00,0.00,4.00,0.00,0.00,19922944.00,25165824.00,0.00,0.00,225280.00,236544.00
1493159755,1209344.00,161792.00,5300224.00,56203673.60,10.00,7.00,79.00,0.00,0.00,4.00,0.00,0.00,19922944.00,25165824.00,0.00,0.00,212992.00,228352.00
1493159756,1207296.00,161792.00,5300224.00,56203673.60,10.00,7.00,79.00,0.00,0.00,4.00,0.00,0.00,23068672.00,28311552.00,0.00,0.00,218112.00,244736.00
1493159757,1208320.00,161792.00,5300224.00,56203673.60,9.00,8.00,80.00,0.00,0.00,3.00,0.00,40960.00,23068672.00,29360128.00,0.00,0.00,221184.00,248832.00
1493159758,1208320.00,161792.00,5300224.00,56203673.60,12.00,7.00,79.00,0.00,0.00,3.00,0.00,131072.00,23068672.00,28311552.00,0.00,0.00,216064.00,242688.00
1493159759,1208320.00,161792.00,5300224.00,56203673.60,11.00,6.00,79.00,0.00,0.00,4.00,0.00,0.00,23068672.00,28311552.00,0.00,0.00,218112.00,242688.00
1493159760,1209344.00,161792.00,5300224.00,56203673.60,8.00,6.00,84.00,0.00,0.00,2.00,0.00,0.00,19922944.00,26214400.00,0.00,0.00,206848.00,228352.00
1493159761,1208320.00,161792.00,5300224.00,56203673.60,6.00,6.00,86.00,0.00,0.00,2.00,0.00,0.00,19922944.00,25165824.00,0.00,0.00,216064.00,231424.00
1493159762,1208320.00,161792.00,5300224.00,56203673.60,11.00,7.00,78.00,0.00,0.00,4.00,0.00,0.00,23068672.00,29360128.00,0.00,0.00,220160.00,246784.00
1493159763,1208320.00,161792.00,5300224.00,56203673.60,9.00,5.00,82.00,0.00,0.00,4.00,0.00,131072.00,22020096.00,27262976.00,0.00,0.00,205824.00,233472.00
1493159764,1208320.00,161792.00,5300224.00,56203673.60,10.00,7.00,79.00,0.00,0.00,4.00,0.00,0.00,22020096.00,27262976.00,0.00,0.00,219136.00,240640.00
1493159765,1208320.00,161792.00,5300224.00,56203673.60,8.00,7.00,81.00,0.00,0.00,4.00,0.00,0.00,20971520.00,26214400.00,0.00,0.00,216064.00,236544.00
1493159766,1208320.00,161792.00,5300224.00,56203673.60,9.00,6.00,81.00,0.00,0.00,4.00,0.00,0.00,22020096.00,27262976.00,0.00,0.00,220160.00,242688.00
1493159767,1208320.00,161792.00,5300224.00,56203673.60,9.00,9.00,79.00,0.00,0.00,4.00,0.00,0.00,19922944.00,25165824.00,0.00,0.00,221184.00,233472.00
1493159768,1208320.00,161792.00,5300224.00,56203673.60,9.00,6.00,80.00,0.00,0.00,4.00,0.00,131072.00,22020096.00,28311552.00,0.00,0.00,214016.00,239616.00
1493159769,1208320.00,161792.00,5300224.00,56203673.60,10.00,7.00,79.00,0.00,0.00,4.00,0.00,0.00,23068672.00,29360128.00,0.00,0.00,214016.00,244736.00
1493159770,1208320.00,161792.00,5300224.00,56203673.60,12.00,6.00,79.00,0.00,0.00,4.00,0.00,0.00,23068672.00,29360128.00,0.00,0.00,218112.00,245760.00
1493159771,1208320.00,161792.00,5300224.00,56203673.60,10.00,7.00,79.00,0.00,0.00,4.00,0.00,0.00,20971520.00,27262976.00,0.00,0.00,217088.00,239616.00
1493159772,1209344.00,161792.00,5300224.00,56203673.60,9.00,7.00,81.00,0.00,0.00,3.00,0.00,0.00,22020096.00,28311552.00,0.00,0.00,203776.00,232448.00
1493159773,1208320.00,161792.00,5300224.00,56203673.60,10.00,8.00,78.00,0.00,0.00,5.00,0.00,131072.00,22020096.00,28311552.00,0.00,0.00,223232.00,246784.00
1493159774,1209344.00,161792.00,5300224.00,56203673.60,9.00,6.00,81.00,0.00,0.00,4.00,0.00,0.00,22020096.00,27262976.00,0.00,0.00,216064.00,237568.00
1493159775,1208320.00,161792.00,5300224.00,56203673.60,10.00,6.00,80.00,0.00,0.00,3.00,0.00,0.00,23068672.00,29360128.00,0.00,0.00,218112.00,245760.00
1493159776,1208320.00,161792.00,5300224.00,56203673.60,9.00,6.00,81.00,0.00,0.00,4.00,0.00,0.00,22020096.00,28311552.00,0.00,0.00,216064.00,242688.00
1493159777,1208320.00,161792.00,5300224.00,56203673.60,11.00,8.00,78.00,0.00,0.00,3.00,0.00,32768.00,24117248.00,29360128.00,0.00,0.00,218112.00,250880.00
1493159778,1208320.00,161792.00,5300224.00,56203673.60,10.00,7.00,80.00,0.00,0.00,3.00,0.00,155648.00,23068672.00,28311552.00,0.00,0.00,214016.00,241664.00
1493159779,1208320.00,161792.00,5300224.00,56203673.60,8.00,7.00,80.00,0.00,0.00,4.00,0.00,0.00,22020096.00,28311552.00,0.00,0.00,219136.00,243712.00
1493159780,1208320.00,161792.00,5300224.00,56203673.60,11.00,5.00,81.00,0.00,0.00,3.00,0.00,0.00,23068672.00,28311552.00,0.00,0.00,206848.00,237568.00
1493159781,1208320.00,161792.00,5300224.00,56203673.60,14.00,6.00,75.00,0.00,0.00,5.00,0.00,0.00,22020096.00,28311552.00,0.00,0.00,210944.00,242688.00
1493159782,1208320.00,161792.00,5300224.00,56203673.60,10.00,7.00,79.00,0.00,0.00,4.00,0.00,65536.00,22020096.00,27262976.00,0.00,0.00,216064.00,242688.00
1493159783,1208320.00,161792.00,5300224.00,56203673.60,10.00,6.00,80.00,0.00,0.00,3.00,0.00,172032.00,23068672.00,29360128.00,0.00,0.00,208896.00,241664.00
1493159784,1209344.00,161792.00,5300224.00,56203673.60,10.00,7.00,79.00,0.00,0.00,4.00,0.00,0.00,23068672.00,29360128.00,0.00,0.00,218112.00,248832.00
1493159785,1208320.00,161792.00,5301248.00,56203673.60,10.00,8.00,79.00,0.00,0.00,4.00,0.00,0.00,23068672.00,28311552.00,0.00,0.00,214016.00,242688.00
1493159786,1208320.00,161792.00,5301248.00,56203673.60,10.00,6.00,81.00,0.00,0.00,3.00,0.00,0.00,23068672.00,28311552.00,0.00,0.00,217088.00,242688.00
1493159787,1208320.00,161792.00,5301248.00,56203673.60,9.00,6.00,81.00,0.00,0.00,4.00,0.00,565248.00,22020096.00,28311552.00,0.00,0.00,212992.00,238592.00
1493159788,1208320.00,161792.00,5301248.00,56203673.60,11.00,6.00,79.00,0.00,0.00,3.00,0.00,270336.00,23068672.00,29360128.00,0.00,0.00,223232.00,248832.00
1493159789,1207296.00,161792.00,5301248.00,56203673.60,8.00,7.00,80.00,0.00,0.00,4.00,0.00,0.00,22020096.00,27262976.00,0.00,0.00,214016.00,237568.00
1493159790,1209344.00,161792.00,5301248.00,56203673.60,8.00,8.00,79.00,0.00,0.00,5.00,0.00,0.00,19922944.00,25165824.00,0.00,0.00,225280.00,237568.00
1493159791,1208320.00,161792.00,5301248.00,56203673.60,11.00,7.00,79.00,0.00,0.00,3.00,0.00,0.00,22020096.00,27262976.00,0.00,0.00,215040.00,239616.00
1493159792,1208320.00,161792.00,5301248.00,56203673.60,10.00,6.00,80.00,0.00,0.00,3.00,0.00,0.00,22020096.00,27262976.00,0.00,0.00,210944.00,235520.00
1493159793,1208320.00,161792.00,5301248.00,56203673.60,6.00,6.00,85.00,0.00,0.00,3.00,0.00,131072.00,18874368.00,23068672.00,0.00,0.00,194560.00,209920.00
1493159794,1208320.00,161792.00,5301248.00,56203673.60,9.00,5.00,84.00,0.00,0.00,2.00,0.00,0.00,18874368.00,24117248.00,0.00,0.00,186368.00,207872.00
1493159795,1207296.00,161792.00,5301248.00,56203673.60,9.00,7.00,80.00,0.00,0.00,5.00,0.00,0.00,20971520.00,26214400.00,0.00,0.00,216064.00,234496.00
1493159796,1208320.00,161792.00,5301248.00,56203673.60,11.00,7.00,79.00,0.00,0.00,3.00,0.00,0.00,23068672.00,29360128.00,0.00,0.00,220160.00,246784.00
1493159797,1208320.00,161792.00,5301248.00,56203673.60,10.00,8.00,79.00,0.00,0.00,3.00,0.00,0.00,23068672.00,28311552.00,0.00,0.00,205824.00,236544.00
1493159798,1207296.00,161792.00,5301248.00,56203673.60,8.00,7.00,80.00,0.00,0.00,5.00,0.00,131072.00,20971520.00,26214400.00,0.00,0.00,226304.00,242688.00
1493159799,1208320.00,161792.00,5301248.00,56203673.60,9.00,7.00,80.00,0.00,0.00,5.00,0.00,0.00,19922944.00,25165824.00,0.00,0.00,218112.00,232448.00
1493159800,1209344.00,161792.00,5301248.00,56203673.60,10.00,6.00,81.00,0.00,0.00,2.00,0.00,0.00,22020096.00,28311552.00,0.00,0.00,211968.00,238592.00
1493159801,1208320.00,161792.00,5301248.00,56203673.60,11.00,6.00,80.00,0.00,0.00,3.00,0.00,0.00,23068672.00,28311552.00,0.00,0.00,211968.00,240640.00
1493159802,1208320.00,161792.00,5301248.00,56203673.60,12.00,7.00,78.00,0.00,0.00,4.00,0.00,0.00,23068672.00,29360128.00,0.00,0.00,218112.00,246784.00
1493159803,1208320.00,161792.00,5301248.00,56203673.60,8.00,5.00,83.00,0.00,0.00,4.00,0.00,131072.00,20971520.00,26214400.00,0.00,0.00,214016.00,233472.00
1493159804,1207296.00,161792.00,5301248.00,56203673.60,8.00,7.00,81.00,0.00,0.00,5.00,0.00,0.00,22020096.00,27262976.00,0.00,0.00,212992.00,238592.00
1493159805,1208320.00,161792.00,5301248.00,56203673.60,6.00,7.00,81.00,0.00,0.00,5.00,0.00,0.00,19922944.00,25165824.00,0.00,0.00,230400.00,241664.00
1493159806,1208320.00,161792.00,5301248.00,56203673.60,8.00,8.00,79.00,0.00,0.00,5.00,0.00,0.00,18874368.00,24117248.00,0.00,0.00,229376.00,235520.00
1493159807,1208320.00,161792.00,5301248.00,56203673.60,10.00,7.00,80.00,0.00,0.00,4.00,0.00,0.00,22020096.00,27262976.00,0.00,0.00,210944.00,237568.00
1493159808,1208320.00,161792.00,5301248.00,56203673.60,8.00,8.00,80.00,0.00,0.00,4.00,0.00,131072.00,24117248.00,29360128.00,0.00,0.00,219136.00,249856.00
1493159809,1208320.00,161792.00,5301248.00,56203673.60,11.00,6.00,79.00,0.00,0.00,4.00,0.00,0.00,23068672.00,28311552.00,0.00,0.00,221184.00,246784.00
1493159810,1208320.00,161792.00,5301248.00,56203673.60,11.00,7.00,79.00,0.00,0.00,3.00,0.00,0.00,22020096.00,28311552.00,0.00,0.00,212992.00,238592.00
1493159811,1208320.00,161792.00,5301248.00,56203673.60,9.00,8.00,79.00,0.00,0.00,5.00,0.00,0.00,20971520.00,27262976.00,0.00,0.00,218112.00,238592.00
1493159812,1209344.00,161792.00,5301248.00,56203673.60,9.00,7.00,81.00,0.00,0.00,3.00,0.00,24576.00,19922944.00,25165824.00,0.00,0.00,199680.00,222208.00
1493159813,1209344.00,161792.00,5301248.00,56203673.60,11.00,5.00,80.00,0.00,0.00,4.00,0.00,155648.00,23068672.00,29360128.00,0.00,0.00,210944.00,241664.00
