--Probe dump file for probe: org.yardstickframework.probes.ThroughputLatencyProbe@7d900ecf (class org.yardstickframework.probes.ThroughputLatencyProbe)
--Created Tue Apr 25 22:30:53 UTC 2017
--Benchmark config: BenchmarkConfiguration [memberId='0', driverNames='[HazelcastPutGetBatchBenchmark]', serverName='HazelcastNode', threads=64, duration=300, warmup=60, dfltProbeClsNames=[ThroughputLatencyProbe, PercentileProbe, DStatProbe], propsFileName='yardstick/config/run.properties', packages=[org.yardstickframework], cmdArgs=[--outputFolder, /home/ubuntu/date-2504-221749-s-4-c-1-ver-3.8.1-f1e9264/yardstick/bin/../output/results-20170425-221800, -id, 0, -hzcfg, /home/ubuntu/date-2504-221749-s-4-c-1-ver-3.8.1-f1e9264/yardstick/bin/../config/hz-config.xml, --hzClientConfig, /home/ubuntu/date-2504-221749-s-4-c-1-ver-3.8.1-f1e9264/yardstick/bin/../config/hz-client-config.xml, --clientMode, -nn, 4, -b, 1, -w, 60, -d, 300, -t, 64, --syncBackups, --readBackups, -bs, 6, -dn, HazelcastPutGetBatchBenchmark, -sn, HazelcastNode, -ds, 3.8.1-f1e9264-atomic-set-get-bs-6-1-backup, --config, yardstick/config/run.properties, --logsFolder, /home/ubuntu/date-2504-221749-s-4-c-1-ver-3.8.1-f1e9264/yardstick/bin/../output/logs-20170425-221800/logs_drivers, --currentFolder, /home/ubuntu/date-2504-221749-s-4-c-1-ver-3.8.1-f1e9264, --scriptsFolder, /home/ubuntu/date-2504-221749-s-4-c-1-ver-3.8.1-f1e9264/yardstick/bin], probeWriter='null', customProps={ver=3.8.1-f1e9264-, b=1, d=300, SERVER_HOSTS=172.31.45.250,172.31.38.80,172.31.41.141,172.31.42.161, now0=`date +'%H%M%S'`, nodesNum=$((`echo ${SERVER_HOSTS} | tr ',' '' | wc -l`)), JVM_OPTS=${JVM_OPTS}" -Xms6g -Xmx6g -Xloggc:./gc${now0}.log -XX:+PrintGCDetails -verbose:gc -XX:+UseParNewGC -XX:+UseConcMarkSweepGC ", CONFIGS="-hzcfg ${SCRIPT_DIR}/../config/hz-config.xml --hzClientConfig ${SCRIPT_DIR}/../config/hz-client-config.xml --clientMode -nn ${nodesNum} -b ${b} -w ${w} -d ${d} -t ${t}  ${sm} --readBackups -dn HazelcastSetBenchmark -sn HazelcastNode -ds ${ver}atomic-set-1-backup,-hzcfg ${SCRIPT_DIR}/../config/hz-config.xml --hzClientConfig ${SCRIPT_DIR}/../config/hz-client-config.xml --clientMode -nn ${nodesNum} -b ${b} -w ${w} -d ${d} -t ${t}  ${sm} --readBackups -dn HazelcastSetGetBenchmark -sn HazelcastNode -ds ${ver}atomic-set-get-1-backup,-hzcfg ${SCRIPT_DIR}/../config/hz-config.xml --hzClientConfig ${SCRIPT_DIR}/../config/hz-client-config.xml --clientMode -nn ${nodesNum} -b ${b} -w ${w} -d ${d} -t ${t}  ${sm} --readBackups -bs 6 -dn HazelcastPutGetBatchBenchmark -sn HazelcastNode -ds ${ver}atomic-set-get-bs-6-1-backup,-hzcfg ${SCRIPT_DIR}/../config/hz-config.xml --hzClientConfig ${SCRIPT_DIR}/../config/hz-client-config.xml --clientMode -nn ${nodesNum} -b ${b} -w ${w} -d ${d} -t ${t}  ${sm} --readBackups -dn HazelcastSetTxBenchmark -sn HazelcastNode -ds ${ver}tx-set-pessimistic-1-backup,-hzcfg ${SCRIPT_DIR}/../config/hz-config.xml --hzClientConfig ${SCRIPT_DIR}/../config/hz-client-config.xml --clientMode -nn ${nodesNum} -b ${b} -w ${w} -d ${d} -t ${t}  ${sm} --readBackups -dn HazelcastSetGetTxOptimisticBenchmark -sn HazelcastNode -ds ${ver}tx-set-get-opt-1-backup,-hzcfg ${SCRIPT_DIR}/../config/hz-config.xml --hzClientConfig ${SCRIPT_DIR}/../config/hz-client-config.xml --clientMode -nn ${nodesNum} -b ${b} -w ${w} -d ${d} -t ${t}  ${sm} --readBackups -dn HazelcastSetGetTxPessimisticBenchmark -sn HazelcastNode -ds ${ver}tx-set-get-pes-1-backup,-hzcfg ${SCRIPT_DIR}/../config/hz-config.xml --hzClientConfig ${SCRIPT_DIR}/../config/hz-client-config.xml --clientMode -nn ${nodesNum} -b ${b} -w ${w} -d ${d} -t ${t}  ${sm} --readBackups -dn HazelcastSqlQueryBenchmark -sn HazelcastNode -ds ${ver}sql-query-1-backup,-hzcfg ${SCRIPT_DIR}/../config/hz-config.xml --hzClientConfig ${SCRIPT_DIR}/../config/hz-client-config.xml --clientMode -nn ${nodesNum} -b ${b} -w ${w} -d ${d} -t ${t}  ${sm} --readBackups -dn HazelcastSqlQuerySetBenchmark -sn HazelcastNode -ds ${ver}sql-query-set-1-backup,-hzcfg ${SCRIPT_DIR}/../config/hz-config.xml --hzClientConfig ${SCRIPT_DIR}/../config/hz-client-config.xml --clientMode -nn ${nodesNum} -b ${b} -w ${w} -d ${d} -t ${t}  ${sm} --readBackups -bs 6 -dn HazelcastPutAllBenchmark -sn HazelcastNode -ds ${ver}atomic-setAll-bs-6-1-backup,-hzcfg ${SCRIPT_DIR}/../config/hz-config.xml --hzClientConfig ${SCRIPT_DIR}/../config/hz-client-config.xml --clientMode -nn ${nodesNum} -b ${b} -w ${w} -d ${d} -t ${t}  ${sm} --readBackups -bs 6 -dn HazelcastSetAllTxBenchmark -sn HazelcastNode -ds ${ver}tx-setAll-bs-6-1-backup,-hzcfg ${SCRIPT_DIR}/../config/hz-config.xml --hzClientConfig ${SCRIPT_DIR}/../config/hz-client-config.xml --clientMode -nn ${nodesNum} -b ${b} -w ${w} -d ${d} -t ${t}  ${sm} --readBackups -bs 6 -dn HazelcastGetAllSetAllTxOptimisticBenchmark -sn HazelcastNode -ds ${ver}tx-optimistic-getAllSetAll-bs-6-1-backup,-hzcfg ${SCRIPT_DIR}/../config/hz-config.xml --hzClientConfig ${SCRIPT_DIR}/../config/hz-client-config.xml --clientMode -nn ${nodesNum} -b ${b} -w ${w} -d ${d} -t ${t}  ${sm} --readBackups -bs 6 -dn HazelcastGetAllSetAllTxPessimisticBenchmark -sn HazelcastNode -ds ${ver}tx-pessimistic-getAllSetAll-bs-6-1-backup,", DRIVER_HOSTS=172.31.46.6, t=64, BENCHMARK_PACKAGES=org.yardstickframework, w=60, BENCHMARK_LABEL=hazelcast, sm="--syncBackups", AUTO_COPY=false, RESTART_SERVERS=true}, shutdownHook=true, currentFolder=/home/ubuntu/date-2504-221749-s-4-c-1-ver-3.8.1-f1e9264, scriptsFolder=/home/ubuntu/date-2504-221749-s-4-c-1-ver-3.8.1-f1e9264/yardstick/bin, logsFolder=/home/ubuntu/date-2504-221749-s-4-c-1-ver-3.8.1-f1e9264/yardstick/bin/../output/logs-20170425-221800/logs_drivers, outputFolder=/home/ubuntu/date-2504-221749-s-4-c-1-ver-3.8.1-f1e9264/yardstick/bin/../output/results-20170425-221800, outputWriter=java.io.PrintStream@40623ff8, errorWriter=java.io.PrintStream@445da32c, descriptions=[3.8.1-f1e9264-atomic-set-get-bs-6-1-backup], hostName=]
--Description: 3.8.1-f1e9264-atomic-set-get-bs-6-1-backup
@@HazelcastPutGetBatchBenchmark
**"Time, sec","Operations/sec (more is better)","Latency, nsec (less is better)"
1493159514,26263.00,2431123.71
1493159515,22907.00,2769216.57
1493159516,19480.00,3312227.35
1493159517,25941.00,2444565.30
1493159518,23451.00,2762726.38
1493159519,22408.00,2854939.20
1493159520,24750.00,2585215.18
1493159521,21141.00,3025463.91
1493159522,24682.00,2591787.41
1493159523,25487.00,2509801.96
1493159524,22414.00,2855853.80
1493159525,26412.00,2419518.84
1493159526,24778.00,2584811.49
1493159527,24705.00,2587700.68
1493159528,26389.00,2424819.41
1493159529,23304.00,2742666.48
1493159530,24686.00,2592144.64
1493159531,24958.00,2565488.64
1493159532,21616.00,2959523.59
1493159533,26087.00,2451555.07
1493159534,24188.00,2646953.97
1493159535,23796.00,2687055.12
1493159536,23592.00,2688345.12
1493159537,21138.00,3057772.42
1493159538,24605.00,2601991.97
1493159539,23920.00,2674961.87
1493159540,20217.00,3164370.88
1493159541,24695.00,2589954.41
1493159542,23063.00,2775421.33
1493159543,23286.00,2745136.09
1493159544,25058.00,2554042.43
1493159545,24488.00,2614603.15
1493159546,19386.00,3254834.59
1493159547,22682.00,2852830.30
1493159548,22999.00,2788459.07
1493159549,24021.00,2663981.31
1493159550,26164.00,2446088.17
1493159551,20791.00,3075651.00
1493159552,20746.00,3083650.51
1493159553,26181.00,2443753.40
1493159554,22981.00,2744726.36
1493159555,24865.00,2610530.81
1493159556,25649.00,2494669.63
1493159557,23235.00,2752016.38
1493159558,24802.00,2580055.98
1493159559,24150.00,2649696.92
1493159560,23993.00,2667828.19
1493159561,26573.00,2407194.19
1493159562,22764.00,2810293.21
1493159563,21566.00,2968406.28
1493159564,24402.00,2619206.84
1493159565,22790.00,2809141.95
1493159566,23425.00,2730895.92
1493159567,25086.00,2553063.40
1493159568,21196.00,3016176.60
1493159569,24357.00,2626797.58
1493159570,24348.00,2582011.13
1493159571,21141.00,3081323.68
1493159572,24824.00,2576452.03
1493159573,24126.00,2640137.06
1493159574,23376.00,2771931.02
1493159575,23957.00,2669216.30
1493159576,24295.00,2634903.73
1493159577,23954.00,2669479.06
1493159578,24171.00,2649532.66
1493159579,22968.00,2785419.85
1493159580,23401.00,2733673.94
1493159581,22049.00,2903019.27
1493159582,23258.00,2758813.92
1493159583,25007.00,2558029.63
1493159584,23920.00,2675770.48
1493159585,25295.00,2528351.57
1493159586,24963.00,2563479.94
1493159587,24272.00,2637121.19
1493159588,24008.00,2664576.25
1493159589,25513.00,2454213.25
1493159590,23057.00,2835457.35
1493159591,23823.00,2686150.27
1493159592,23125.00,2765187.95
1493159593,21760.00,2941049.20
1493159594,23617.00,2710668.83
1493159595,22727.00,2814343.57
1493159596,24940.00,2565371.14
1493159597,25751.00,2484732.57
1493159598,23847.00,2683901.63
1493159599,24243.00,2601653.58
1493159600,23839.00,2721893.93
1493159601,23400.00,2664868.24
1493159602,21302.00,3079358.61
1493159603,23965.00,2668686.27
1493159604,21225.00,3017801.30
1493159605,24902.00,2568215.20
1493159606,25153.00,2545176.63
1493159607,25721.00,2487444.37
1493159608,20170.00,3170696.00
1493159609,19743.00,3242751.82
1493159610,25306.00,2528724.63
1493159611,25721.00,2487120.82
1493159612,24629.00,2598217.91
1493159613,25007.00,2557869.34
1493159614,18774.00,3411647.39
1493159615,20552.00,3112080.11
1493159616,25482.00,2511746.07
1493159617,24034.00,2661663.88
1493159618,24094.00,2655428.09
1493159619,23375.00,2738865.06
1493159620,23146.00,2764307.51
1493159621,24136.00,2650889.82
1493159622,24509.00,2609515.55
1493159623,21925.00,2920778.51
1493159624,25729.00,2485912.22
1493159625,25044.00,2547919.43
1493159626,23721.00,2705262.62
1493159627,24577.00,2582602.92
1493159628,24190.00,2658142.90
1493159629,25179.00,2556412.93
1493159630,22269.00,2873937.88
1493159631,22817.00,2804909.85
1493159632,25769.00,2482533.45
1493159633,25053.00,2554548.45
1493159634,23875.00,2653110.53
1493159635,24570.00,2631802.45
1493159636,24715.00,2589156.79
1493159637,25957.00,2463852.67
1493159638,24153.00,2648369.54
1493159639,22330.00,2818839.15
1493159640,24486.00,2655973.27
1493159641,24575.00,2603621.15
1493159642,21043.00,3040902.37
1493159643,24371.00,2625771.41
1493159644,23671.00,2702404.51
1493159645,23251.00,2753112.77
1493159646,23603.00,2711070.30
1493159647,23108.00,2766716.74
1493159648,24479.00,2614795.68
1493159649,23864.00,2682288.72
1493159650,22701.00,2818820.48
1493159651,23951.00,2671760.40
1493159652,25354.00,2524390.61
1493159653,21801.00,2934356.94
1493159654,25806.00,2478619.81
1493159655,25448.00,2514345.56
1493159656,24100.00,2655232.35
1493159657,23052.00,2772082.25
1493159658,21188.00,2974428.16
1493159659,24765.00,2626471.58
1493159660,25555.00,2501093.11
1493159661,19288.00,3320236.18
1493159662,25747.00,2486731.46
1493159663,25889.00,2468969.73
1493159664,22777.00,2811569.37
1493159665,22691.00,2819074.02
1493159666,26023.00,2459777.35
1493159667,24359.00,2625985.66
1493159668,25554.00,2505477.47
1493159669,24327.00,2627755.97
1493159670,19427.00,3286268.83
1493159671,20170.00,3181444.04
1493159672,24333.00,2628982.15
1493159673,25376.00,2521375.43
1493159674,25567.00,2503078.04
1493159675,22394.00,2857266.18
1493159676,25417.00,2518013.20
1493159677,25482.00,2496394.89
1493159678,24019.00,2690729.31
1493159679,25379.00,2521977.60
1493159680,25245.00,2534445.52
1493159681,25246.00,2535341.24
1493159682,25734.00,2486156.72
1493159683,23964.00,2669148.22
1493159684,23050.00,2775919.84
1493159685,26071.00,2455302.57
1493159686,21058.00,3038528.03
1493159687,25645.00,2493867.34
1493159688,23709.00,2698103.53
1493159689,25342.00,2525805.60
1493159690,25597.00,2498343.65
1493159691,22427.00,2827839.27
1493159692,24991.00,2501792.81
1493159693,25785.00,2560237.35
1493159694,22345.00,2864995.30
1493159695,25522.00,2506172.44
1493159696,25460.00,2513325.08
1493159697,24344.00,2627970.39
1493159698,23387.00,2737072.50
1493159699,24337.00,2630303.16
1493159700,23693.00,2699185.96
1493159701,20785.00,3078648.91
1493159702,21761.00,2939854.04
1493159703,23875.00,2679778.65
1493159704,24320.00,2632496.48
1493159705,22910.00,2791075.30
1493159706,23065.00,2774458.24
1493159707,25237.00,2537007.95
1493159708,24192.00,2644779.54
1493159709,24740.00,2581337.94
1493159710,24400.00,2628655.92
1493159711,23663.00,2702950.29
1493159712,23392.00,2736077.51
1493159713,22411.00,2754958.75
1493159714,26278.00,2519381.87
1493159715,23507.00,2720556.98
1493159716,23401.00,2736406.88
1493159717,26023.00,2459481.47
1493159718,24353.00,2625940.60
1493159719,23245.00,2752148.49
1493159720,25083.00,2551095.95
1493159721,24344.00,2627505.24
1493159722,22467.00,2849009.42
1493159723,25520.00,2507806.42
1493159724,23416.00,2732798.51
1493159725,24236.00,2620020.34
1493159726,22677.00,2843600.69
1493159727,21949.00,2914825.51
1493159728,21982.00,2910872.68
1493159729,23187.00,2760214.62
1493159730,23277.00,2749521.46
1493159731,22576.00,2830521.09
1493159732,19623.00,3264063.53
1493159733,20871.00,3066170.36
1493159734,25698.00,2489699.51
1493159735,26030.00,2458111.00
1493159736,23257.00,2752966.81
1493159737,25686.00,2489993.16
1493159738,23802.00,2687731.11
1493159739,24958.00,2563430.51
1493159740,24412.00,2559116.69
1493159741,22742.00,2881167.47
1493159742,24226.00,2639662.85
1493159743,25568.00,2502819.32
1493159744,21202.00,3019174.87
1493159745,24762.00,2583750.86
1493159746,24682.00,2593087.97
1493159747,24207.00,2642045.87
1493159748,25528.00,2507767.34
1493159749,24636.00,2595744.45
1493159750,25129.00,2539887.34
1493159751,21780.00,2924587.13
1493159752,22620.00,2849217.49
1493159753,24915.00,2567972.01
1493159754,21200.00,3017979.47
1493159755,20974.00,3049345.58
1493159756,24274.00,2636419.73
1493159757,24993.00,2559747.47
1493159758,24800.00,2582138.97
1493159759,24293.00,2632993.77
1493159760,21796.00,2934098.18
1493159761,22098.00,2897418.80
1493159762,24962.00,2563289.15
1493159763,23542.00,2715967.11
1493159764,23584.00,2715586.36
1493159765,22175.00,2884930.46
1493159766,23463.00,2725340.24
1493159767,21285.00,3006033.76
1493159768,23691.00,2703368.66
1493159769,24490.00,2612532.00
1493159770,25540.00,2503933.46
1493159771,23109.00,2770537.96
1493159772,24220.00,2639889.45
1493159773,24060.00,2660705.17
1493159774,23431.00,2730957.94
1493159775,24870.00,2572137.57
1493159776,23764.00,2692224.74
1493159777,25816.00,2478110.02
1493159778,23849.00,2685466.69
1493159779,24322.00,2628839.75
1493159780,24599.00,2601765.37
1493159781,24065.00,2658079.14
1493159782,22899.00,2723804.11
1493159783,25780.00,2546379.94
1493159784,24216.00,2642988.49
1493159785,25580.00,2499689.89
1493159786,24536.00,2607744.08
1493159787,23881.00,2679589.32
1493159788,24713.00,2557305.09
1493159789,23494.00,2757601.47
1493159790,20754.00,3082346.52
1493159791,23232.00,2754068.23
1493159792,22925.00,2787709.58
1493159793,19654.00,3246538.08
1493159794,21221.00,3027307.06
1493159795,22503.00,2844849.72
1493159796,24953.00,2562044.53
1493159797,24494.00,2612254.69
1493159798,21682.00,2950381.00
1493159799,20693.00,3094073.38
1493159800,24986.00,2560982.87
1493159801,24262.00,2638072.10
1493159802,25396.00,2518534.31
1493159803,22301.00,2867486.10
1493159804,23731.00,2698768.53
1493159805,20344.00,3143102.46
1493159806,20900.00,3062192.64
1493159807,23835.00,2685366.17
1493159808,25718.00,2488512.39
1493159809,23455.00,2728494.80
1493159810,25106.00,2548596.50
1493159811,22076.00,2895477.88
1493159812,22399.00,2857551.10
1493159813,25316.00,2528343.68
