--Probe dump file for probe: org.yardstickframework.probes.DStatProbe@29d37757 (class org.yardstickframework.probes.DStatProbe)
--Created Tue Apr 25 21:58:31 UTC 2017
--Benchmark config: BenchmarkConfiguration [memberId='0', driverNames='[IgniteGetAllPutAllTxBenchmark]', serverName='IgniteNode', threads=64, duration=300, warmup=60, dfltProbeClsNames=[ThroughputLatencyProbe, PercentileProbe, DStatProbe], propsFileName='yardstick/config/run.properties', packages=[org.yardstickframework, org.apache.ignite.yardstick], cmdArgs=[--outputFolder, /home/ubuntu/date-2504-204359-s-4-c-1-ver-2.0.0-SNAPSHOT-0be92732/yardstick/bin/../output/results-20170425-204411, -id, 0, -cfg, /home/ubuntu/date-2504-204359-s-4-c-1-ver-2.0.0-SNAPSHOT-0be92732/yardstick/bin/../config/ignite-config.xml, -nn, 5, -b, 1, -w, 60, -d, 300, -t, 64, -sm, FULL_SYNC, -bs, 6, -txc, OPTIMISTIC, --client, -dn, IgniteGetAllPutAllTxBenchmark, -sn, IgniteNode, -ds, 2.0.0-SNAPSHOT-0be92732-tx-optimistic-getAllPutAll-bs-6-1-backup, --config, yardstick/config/run.properties, --logsFolder, /home/ubuntu/date-2504-204359-s-4-c-1-ver-2.0.0-SNAPSHOT-0be92732/yardstick/bin/../output/logs-20170425-204411/logs_drivers, --currentFolder, /home/ubuntu/date-2504-204359-s-4-c-1-ver-2.0.0-SNAPSHOT-0be92732, --scriptsFolder, /home/ubuntu/date-2504-204359-s-4-c-1-ver-2.0.0-SNAPSHOT-0be92732/yardstick/bin], probeWriter='null', customProps={ver=2.0.0-SNAPSHOT-0be92732- , b=1, d=300, SERVER_HOSTS=172.31.45.250,172.31.38.80,172.31.41.141,172.31.42.161, now0=`date +'%H%M%S'`, j=10, nodesNum=$((`echo ${SERVER_HOSTS} | tr ',' '' | wc -l` + `echo ${DRIVER_HOSTS} | tr ',' '' | wc -l`)), JVM_OPTS=${JVM_OPTS}" -Xms6g -Xmx6g -Xloggc:./gc${now0}.log -XX:+PrintGCDetails -verbose:gc -XX:+UseParNewGC -XX:+UseConcMarkSweepGC ", CONFIGS="-cfg ${SCRIPT_DIR}/../config/ignite-config.xml -nn ${nodesNum} -b ${b} -w ${w} -d ${d} -t ${t} -sm ${sm}  --client -dn IgnitePutBenchmark -sn IgniteNode -wom PRIMARY -ds ${ver}atomic-put-${b}-backup,-cfg ${SCRIPT_DIR}/../config/ignite-config.xml -nn ${nodesNum} -b ${b} -w ${w} -d ${d} -t ${t} -sm ${sm}  --client -dn IgnitePutGetBenchmark -sn IgniteNode -wom PRIMARY -ds ${ver}atomic-put-get-${b}-backup,-cfg ${SCRIPT_DIR}/../config/ignite-config.xml -nn ${nodesNum} -b ${b} -w ${w} -d ${d} -t ${t} -sm ${sm} -bs 6  --client -dn IgnitePutGetBatchBenchmark -wom PRIMARY -sn IgniteNode -ds ${ver}atomic-put-get-bs-6-${b}-backup,-cfg ${SCRIPT_DIR}/../config/ignite-config.xml -nn ${nodesNum} -b ${b} -w ${w} -d ${d} -t ${t} -sm ${sm}  --client -dn IgnitePutTxImplicitBenchmark -sn IgniteNode -ds ${ver}tx-optimistic-put-${b}-backup,-cfg ${SCRIPT_DIR}/../config/ignite-config.xml -nn ${nodesNum} -b ${b} -w ${w} -d ${d} -t ${t} -sm ${sm} -txc OPTIMISTIC  --client -dn IgnitePutGetTxBenchmark -sn IgniteNode -ds ${ver}tx-optim-repRead-put-get-${b}-backup,-cfg ${SCRIPT_DIR}/../config/ignite-config.xml -nn ${nodesNum} -b ${b} -w ${w} -d ${d} -t ${t} -sm ${sm} -txc PESSIMISTIC  --client -dn IgnitePutGetTxBenchmark -sn IgniteNode -ds ${ver}tx-pessim-repRead-put-get-${b}-backup,-cfg ${SCRIPT_DIR}/../config/ignite-config.xml -nn ${nodesNum} -b ${b} -w ${w} -d ${d} -t ${t} -sm ${sm} -txc OPTIMISTIC -txi SERIALIZABLE  --client -dn IgnitePutGetTxBenchmark -sn IgniteNode -ds ${ver}tx-opt-serial-put-get-${b}-backup,-cfg ${SCRIPT_DIR}/../config/ignite-config.xml -nn ${nodesNum} -b ${b} -w ${w} -d ${d} -t ${t} -sm ${sm}  --client -dn IgniteSqlQueryBenchmark -sn IgniteNode -ds ${ver}sql-query-${b}-backup,-cfg ${SCRIPT_DIR}/../config/ignite-config.xml -nn ${nodesNum} -b ${b} -w ${w} -d ${d} -t ${t} -sm ${sm}  --client -dn IgniteSqlQueryPutBenchmark -sn IgniteNode -ds ${ver}sql-query-put-${b}-backup,-cfg ${SCRIPT_DIR}/../config/ignite-config.xml -nn ${nodesNum} -b ${b} -w ${w} -d ${d} -t ${t} -sm ${sm} -bs 6  --client -dn IgnitePutAllBenchmark -wom PRIMARY -sn IgniteNode -ds ${ver}atomic-putAll-bs-6-${b}-backup,-cfg ${SCRIPT_DIR}/../config/ignite-config.xml -nn ${nodesNum} -b ${b} -w ${w} -d ${d} -t ${t} -sm ${sm} -bs 6  --client -dn IgnitePutAllTxBenchmark -sn IgniteNode -ds ${ver}tx-putAll-bs-6-${b}-backup,-cfg ${SCRIPT_DIR}/../config/ignite-config.xml -nn ${nodesNum} -b ${b} -w ${w} -d ${d} -t ${t} -sm ${sm} -bs 6  --client -dn IgnitePutAllSerializableTxBenchmark -sn IgniteNode -ds ${ver}tx-putAllSerializable-bs-6-${b}-backup,-cfg ${SCRIPT_DIR}/../config/ignite-config.xml -nn ${nodesNum} -b ${b} -w ${w} -d ${d} -t ${t} -sm ${sm} -bs 6 -txc OPTIMISTIC   --client -dn IgniteGetAllPutAllTxBenchmark -sn IgniteNode -ds ${ver}tx-optimistic-getAllPutAll-bs-6-${b}-backup,-cfg ${SCRIPT_DIR}/../config/ignite-config.xml -nn ${nodesNum} -b ${b} -w ${w} -d ${d} -t ${t} -sm ${sm} -bs 6 -txc PESSIMISTIC  --client -dn IgniteGetAllPutAllTxBenchmark -sn IgniteNode -ds ${ver}tx-pessimistic-getAllPutAll-bs-6-${b}-backup,-cfg ${SCRIPT_DIR}/../config/ignite-config.xml -nn ${nodesNum} -b ${b} -w ${w} -d ${d} -t ${t} -sm ${sm} -bs 6 -txc OPTIMISTIC -txi SERIALIZABLE  --client -dn IgniteGetAllPutAllTxBenchmark -sn IgniteNode -ds ${ver}tx-opt-serializable-getAllPutAll-bs-6-${b}-backup,", DRIVER_HOSTS=172.31.46.6, t=64, BENCHMARK_PACKAGES=org.yardstickframework,org.apache.ignite.yardstick, w=60, sm=FULL_SYNC, AUTO_COPY=false, RESTART_SERVERS=true}, shutdownHook=true, currentFolder=/home/ubuntu/date-2504-204359-s-4-c-1-ver-2.0.0-SNAPSHOT-0be92732, scriptsFolder=/home/ubuntu/date-2504-204359-s-4-c-1-ver-2.0.0-SNAPSHOT-0be92732/yardstick/bin, logsFolder=/home/ubuntu/date-2504-204359-s-4-c-1-ver-2.0.0-SNAPSHOT-0be92732/yardstick/bin/../output/logs-20170425-204411/logs_drivers, outputFolder=/home/ubuntu/date-2504-204359-s-4-c-1-ver-2.0.0-SNAPSHOT-0be92732/yardstick/bin/../output/results-20170425-204411, outputWriter=java.io.PrintStream@2c17cf50, errorWriter=java.io.PrintStream@22d034a2, descriptions=[2.0.0-SNAPSHOT-0be92732-tx-optimistic-getAllPutAll-bs-6-1-backup], hostName=]
--Description: 2.0.0-SNAPSHOT-0be92732-tx-optimistic-getAllPutAll-bs-6-1-backup
@@IgniteGetAllPutAllTxBenchmark
**"Time, sec","Memory Used, KB","Memory Buffered, KB","Memory Cached, KB","Memory Free, KB","CPU User, %","CPU System, %","CPU Idle, %","CPU Wait, %","CPU Hardware Interrupts","CPU Software Interrupts","Disk Read, B","Disk Write, B","Network Receive, B","Network Send, B","Page In, B","Page Out, B","System Interrupts, per sec","System Context Switches, per sec"
1493157572,1476608.00,159744.00,5151744.00,56098816.00,19.00,12.00,64.00,0.00,0.00,5.00,0.00,0.00,15728640.00,28311552.00,0.00,0.00,204800.00,202752.00
1493157573,1479680.00,159744.00,5151744.00,56098816.00,21.00,11.00,63.00,0.00,0.00,5.00,0.00,589824.00,14680064.00,26214400.00,0.00,0.00,189440.00,187392.00
1493157574,1479680.00,159744.00,5151744.00,56098816.00,13.00,5.00,78.00,0.00,0.00,3.00,0.00,0.00,11534336.00,20971520.00,0.00,0.00,149504.00,148480.00
1493157575,1481728.00,159744.00,5151744.00,56098816.00,18.00,8.00,70.00,0.00,0.00,4.00,0.00,0.00,12582912.00,23068672.00,0.00,0.00,168960.00,167936.00
1493157576,1481728.00,159744.00,5151744.00,56098816.00,18.00,10.00,67.00,0.00,0.00,5.00,0.00,0.00,14680064.00,26214400.00,0.00,0.00,191488.00,189440.00
1493157577,1483776.00,159744.00,5151744.00,56098816.00,18.00,6.00,73.00,0.00,0.00,3.00,0.00,0.00,11534336.00,20971520.00,0.00,0.00,163840.00,162816.00
1493157578,1483776.00,159744.00,5151744.00,56098816.00,13.00,7.00,76.00,0.00,0.00,3.00,0.00,139264.00,11534336.00,20971520.00,0.00,0.00,155648.00,153600.00
1493157579,1485824.00,159744.00,5151744.00,56098816.00,22.00,11.00,60.00,0.00,0.00,6.00,0.00,0.00,15728640.00,27262976.00,0.00,0.00,199680.00,198656.00
1493157580,1485824.00,159744.00,5151744.00,56098816.00,19.00,10.00,65.00,0.00,0.00,6.00,0.00,0.00,15728640.00,27262976.00,0.00,0.00,193536.00,192512.00
1493157581,1489920.00,159744.00,5151744.00,56098816.00,16.00,8.00,71.00,0.00,0.00,4.00,0.00,0.00,12582912.00,23068672.00,0.00,0.00,163840.00,164864.00
1493157582,1489920.00,159744.00,5151744.00,56098816.00,17.00,10.00,67.00,0.00,0.00,6.00,0.00,0.00,14680064.00,26214400.00,0.00,0.00,192512.00,191488.00
1493157583,1491968.00,159744.00,5151744.00,56098816.00,22.00,10.00,63.00,0.00,0.00,6.00,0.00,114688.00,15728640.00,27262976.00,0.00,0.00,204800.00,202752.00
1493157584,1494016.00,159744.00,5151744.00,56098816.00,19.00,9.00,68.00,0.00,0.00,4.00,0.00,0.00,13631488.00,24117248.00,0.00,0.00,175104.00,174080.00
1493157585,1494016.00,159744.00,5151744.00,56098816.00,17.00,9.00,68.00,0.00,0.00,5.00,0.00,0.00,14680064.00,25165824.00,0.00,0.00,181248.00,179200.00
1493157586,1496064.00,159744.00,5151744.00,56098816.00,20.00,11.00,64.00,0.00,0.00,5.00,0.00,0.00,15728640.00,26214400.00,0.00,0.00,203776.00,202752.00
1493157587,1496064.00,159744.00,5151744.00,56098816.00,17.00,10.00,69.00,0.00,0.00,4.00,0.00,0.00,14680064.00,26214400.00,0.00,0.00,194560.00,191488.00
1493157588,1498112.00,159744.00,5151744.00,56098816.00,20.00,9.00,68.00,0.00,0.00,3.00,0.00,598016.00,13631488.00,24117248.00,0.00,0.00,177152.00,177152.00
1493157589,1499136.00,159744.00,5151744.00,56098816.00,17.00,11.00,66.00,0.00,0.00,6.00,0.00,0.00,15728640.00,27262976.00,0.00,0.00,193536.00,192512.00
1493157590,1500160.00,159744.00,5151744.00,56098816.00,23.00,10.00,64.00,0.00,0.00,4.00,0.00,0.00,14680064.00,26214400.00,0.00,0.00,190464.00,189440.00
1493157591,1500160.00,159744.00,5151744.00,56098816.00,16.00,9.00,71.00,0.00,0.00,5.00,0.00,0.00,13631488.00,24117248.00,0.00,0.00,181248.00,179200.00
1493157592,1502208.00,159744.00,5151744.00,56098816.00,20.00,9.00,65.00,0.00,0.00,6.00,0.00,0.00,14680064.00,26214400.00,0.00,0.00,188416.00,187392.00
1493157593,1502208.00,159744.00,5151744.00,56098816.00,18.00,11.00,66.00,0.00,0.00,5.00,0.00,417792.00,15728640.00,27262976.00,0.00,0.00,194560.00,194560.00
1493157594,1504256.00,159744.00,5151744.00,56098816.00,21.00,9.00,66.00,0.00,0.00,4.00,0.00,0.00,14680064.00,25165824.00,0.00,0.00,186368.00,186368.00
1493157595,1506304.00,159744.00,5151744.00,56098816.00,23.00,10.00,63.00,0.00,0.00,5.00,0.00,0.00,14680064.00,26214400.00,0.00,0.00,191488.00,189440.00
1493157596,1505280.00,159744.00,5151744.00,56098816.00,16.00,11.00,68.00,0.00,0.00,5.00,0.00,0.00,15728640.00,26214400.00,0.00,0.00,193536.00,192512.00
1493157597,1509376.00,159744.00,5151744.00,56098816.00,20.00,9.00,67.00,0.00,0.00,4.00,0.00,0.00,14680064.00,25165824.00,0.00,0.00,184320.00,183296.00
1493157598,1508352.00,159744.00,5151744.00,56098816.00,18.00,10.00,67.00,0.00,0.00,4.00,0.00,434176.00,14680064.00,26214400.00,0.00,0.00,196608.00,192512.00
1493157599,1511424.00,159744.00,5151744.00,56098816.00,21.00,11.00,63.00,0.00,0.00,5.00,0.00,0.00,14680064.00,26214400.00,0.00,0.00,190464.00,189440.00
1493157600,1511424.00,159744.00,5151744.00,56098816.00,18.00,11.00,65.00,0.00,0.00,5.00,0.00,0.00,15728640.00,27262976.00,0.00,0.00,194560.00,193536.00
1493157601,1513472.00,159744.00,5151744.00,56098816.00,15.00,8.00,74.00,0.00,0.00,4.00,0.00,0.00,13631488.00,23068672.00,0.00,0.00,173056.00,174080.00
1493157602,1513472.00,159744.00,5151744.00,56098816.00,13.00,8.00,75.00,0.00,0.00,4.00,0.00,0.00,13631488.00,24117248.00,0.00,0.00,193536.00,197632.00
1493157603,1515520.00,159744.00,5151744.00,56098816.00,16.00,8.00,73.00,0.00,0.00,3.00,0.00,114688.00,12582912.00,22020096.00,0.00,0.00,171008.00,169984.00
1493157604,1514496.00,159744.00,5151744.00,56098816.00,19.00,11.00,65.00,0.00,0.00,5.00,0.00,0.00,14680064.00,26214400.00,0.00,0.00,194560.00,191488.00
1493157605,1517568.00,159744.00,5151744.00,56098816.00,17.00,11.00,66.00,0.00,0.00,6.00,0.00,0.00,14680064.00,26214400.00,0.00,0.00,188416.00,188416.00
1493157606,1517568.00,159744.00,5151744.00,56098816.00,17.00,9.00,69.00,0.00,0.00,5.00,0.00,0.00,14680064.00,26214400.00,0.00,0.00,188416.00,187392.00
1493157607,1518592.00,159744.00,5151744.00,56098816.00,21.00,9.00,66.00,0.00,0.00,5.00,0.00,0.00,14680064.00,26214400.00,0.00,0.00,187392.00,186368.00
1493157608,1518592.00,159744.00,5151744.00,56098816.00,18.00,10.00,67.00,0.00,0.00,5.00,0.00,114688.00,15728640.00,26214400.00,0.00,0.00,194560.00,193536.00
1493157609,1520640.00,159744.00,5151744.00,56098816.00,21.00,12.00,62.00,0.00,0.00,6.00,0.00,0.00,15728640.00,27262976.00,0.00,0.00,202752.00,200704.00
1493157610,1522688.00,159744.00,5151744.00,55993958.40,19.00,9.00,68.00,0.00,0.00,5.00,0.00,0.00,13631488.00,24117248.00,0.00,0.00,178176.00,176128.00
1493157611,1523712.00,159744.00,5151744.00,55993958.40,17.00,9.00,69.00,0.00,0.00,4.00,0.00,0.00,14680064.00,25165824.00,0.00,0.00,184320.00,183296.00
1493157612,1524736.00,159744.00,5151744.00,55993958.40,22.00,11.00,61.00,0.00,0.00,6.00,0.00,0.00,15728640.00,28311552.00,0.00,0.00,202752.00,201728.00
1493157613,1525760.00,159744.00,5151744.00,55993958.40,17.00,11.00,68.00,0.00,0.00,5.00,0.00,114688.00,14680064.00,25165824.00,0.00,0.00,184320.00,183296.00
1493157614,1527808.00,159744.00,5151744.00,55993958.40,19.00,9.00,67.00,0.00,0.00,5.00,0.00,0.00,13631488.00,24117248.00,0.00,0.00,179200.00,177152.00
1493157615,1526784.00,159744.00,5151744.00,55993958.40,20.00,11.00,64.00,0.00,0.00,5.00,0.00,0.00,16777216.00,28311552.00,0.00,0.00,206848.00,206848.00
1493157616,1529856.00,159744.00,5151744.00,55993958.40,20.00,11.00,65.00,0.00,0.00,4.00,0.00,0.00,14680064.00,26214400.00,0.00,0.00,190464.00,189440.00
1493157617,1529856.00,159744.00,5151744.00,55993958.40,16.00,10.00,69.00,0.00,0.00,4.00,0.00,0.00,14680064.00,25165824.00,0.00,0.00,184320.00,183296.00
1493157618,1530880.00,159744.00,5151744.00,55993958.40,20.00,9.00,65.00,0.00,0.00,6.00,0.00,114688.00,14680064.00,26214400.00,0.00,0.00,189440.00,188416.00
1493157619,1531904.00,159744.00,5151744.00,55993958.40,19.00,10.00,65.00,0.00,0.00,5.00,0.00,0.00,15728640.00,27262976.00,0.00,0.00,196608.00,195584.00
1493157620,1533952.00,159744.00,5151744.00,55993958.40,18.00,9.00,67.00,0.00,0.00,5.00,0.00,0.00,14680064.00,25165824.00,0.00,0.00,178176.00,177152.00
1493157621,1534976.00,159744.00,5151744.00,55993958.40,22.00,9.00,63.00,0.00,0.00,6.00,0.00,0.00,14680064.00,26214400.00,0.00,0.00,187392.00,186368.00
1493157622,1536000.00,159744.00,5151744.00,55993958.40,17.00,9.00,68.00,0.00,0.00,6.00,0.00,0.00,14680064.00,26214400.00,0.00,0.00,192512.00,190464.00
1493157623,1538048.00,159744.00,5151744.00,55993958.40,23.00,10.00,62.00,0.00,0.00,4.00,0.00,0.00,15728640.00,27262976.00,0.00,0.00,195584.00,195584.00
1493157624,1538048.00,159744.00,5151744.00,55993958.40,14.00,9.00,73.00,0.00,0.00,4.00,0.00,114688.00,13631488.00,24117248.00,0.00,0.00,177152.00,176128.00
1493157625,1540096.00,159744.00,5151744.00,55993958.40,23.00,12.00,60.00,0.00,0.00,5.00,0.00,0.00,15728640.00,27262976.00,0.00,0.00,200704.00,201728.00
1493157626,1540096.00,159744.00,5151744.00,55993958.40,17.00,9.00,68.00,0.00,0.00,6.00,0.00,0.00,15728640.00,27262976.00,0.00,0.00,195584.00,194560.00
1493157627,1543168.00,159744.00,5151744.00,55993958.40,16.00,8.00,71.00,0.00,0.00,5.00,0.00,0.00,12582912.00,23068672.00,0.00,0.00,164864.00,164864.00
1493157628,1542144.00,159744.00,5151744.00,55993958.40,18.00,13.00,64.00,0.00,0.00,6.00,0.00,155648.00,15728640.00,28311552.00,0.00,0.00,204800.00,203776.00
1493157629,1544192.00,159744.00,5151744.00,55993958.40,20.00,11.00,64.00,0.00,0.00,5.00,0.00,0.00,14680064.00,26214400.00,0.00,0.00,189440.00,190464.00
1493157630,1544192.00,159744.00,5151744.00,55993958.40,18.00,10.00,66.00,0.00,0.00,6.00,0.00,0.00,14680064.00,26214400.00,0.00,0.00,186368.00,186368.00
1493157631,1546240.00,159744.00,5151744.00,55993958.40,20.00,9.00,68.00,0.00,0.00,4.00,0.00,0.00,13631488.00,23068672.00,0.00,0.00,173056.00,172032.00
1493157632,1547264.00,159744.00,5151744.00,55993958.40,20.00,10.00,65.00,0.00,0.00,5.00,0.00,0.00,14680064.00,26214400.00,0.00,0.00,190464.00,188416.00
1493157633,1548288.00,159744.00,5151744.00,55993958.40,18.00,9.00,67.00,0.00,0.00,6.00,0.00,573440.00,15728640.00,27262976.00,0.00,0.00,198656.00,198656.00
1493157634,1549312.00,159744.00,5151744.00,55993958.40,20.00,9.00,67.00,0.00,0.00,4.00,0.00,237568.00,13631488.00,24117248.00,0.00,0.00,178176.00,178176.00
1493157635,1550336.00,159744.00,5151744.00,55993958.40,16.00,12.00,66.00,0.00,0.00,6.00,0.00,0.00,15728640.00,27262976.00,0.00,0.00,198656.00,196608.00
1493157636,1552384.00,159744.00,5151744.00,55993958.40,22.00,11.00,63.00,0.00,0.00,4.00,0.00,0.00,15728640.00,26214400.00,0.00,0.00,193536.00,192512.00
1493157637,1553408.00,159744.00,5151744.00,55993958.40,16.00,9.00,71.00,0.00,0.00,4.00,0.00,0.00,14680064.00,25165824.00,0.00,0.00,185344.00,184320.00
1493157638,1555456.00,159744.00,5151744.00,55993958.40,18.00,9.00,69.00,0.00,0.00,4.00,0.00,0.00,13631488.00,24117248.00,0.00,0.00,179200.00,178176.00
1493157639,1554432.00,159744.00,5151744.00,55993958.40,16.00,11.00,68.00,0.00,0.00,5.00,0.00,114688.00,14680064.00,26214400.00,0.00,0.00,194560.00,191488.00
1493157640,1556480.00,159744.00,5151744.00,55993958.40,19.00,8.00,69.00,0.00,0.00,4.00,0.00,0.00,13631488.00,24117248.00,0.00,0.00,178176.00,179200.00
1493157641,1557504.00,159744.00,5151744.00,55993958.40,16.00,8.00,72.00,0.00,0.00,4.00,0.00,0.00,13631488.00,24117248.00,0.00,0.00,178176.00,176128.00
1493157642,1559552.00,159744.00,5151744.00,55993958.40,19.00,11.00,65.00,0.00,0.00,5.00,0.00,0.00,14680064.00,25165824.00,0.00,0.00,188416.00,187392.00
1493157643,1559552.00,159744.00,5151744.00,55993958.40,17.00,12.00,65.00,0.00,0.00,6.00,0.00,0.00,15728640.00,27262976.00,0.00,0.00,196608.00,196608.00
1493157644,1561600.00,159744.00,5151744.00,55993958.40,19.00,10.00,65.00,0.00,0.00,6.00,0.00,114688.00,14680064.00,26214400.00,0.00,0.00,189440.00,189440.00
1493157645,1561600.00,159744.00,5151744.00,55993958.40,15.00,10.00,70.00,0.00,0.00,5.00,0.00,0.00,14680064.00,25165824.00,0.00,0.00,184320.00,181248.00
1493157646,1563648.00,159744.00,5151744.00,55993958.40,19.00,10.00,66.00,0.00,0.00,5.00,0.00,0.00,14680064.00,25165824.00,0.00,0.00,192512.00,191488.00
1493157647,1564672.00,159744.00,5151744.00,55993958.40,19.00,11.00,66.00,0.00,0.00,5.00,0.00,0.00,14680064.00,26214400.00,0.00,0.00,191488.00,190464.00
1493157648,1565696.00,159744.00,5151744.00,55993958.40,17.00,9.00,69.00,0.00,0.00,5.00,0.00,0.00,14680064.00,25165824.00,0.00,0.00,184320.00,183296.00
1493157649,1567744.00,159744.00,5151744.00,55993958.40,23.00,10.00,62.00,0.00,0.00,6.00,0.00,114688.00,15728640.00,28311552.00,0.00,0.00,202752.00,204800.00
1493157650,1567744.00,159744.00,5151744.00,55993958.40,16.00,7.00,73.00,0.00,0.00,4.00,0.00,0.00,14680064.00,24117248.00,0.00,0.00,173056.00,180224.00
1493157651,1568768.00,159744.00,5151744.00,55993958.40,20.00,9.00,67.00,0.00,0.00,4.00,0.00,0.00,14680064.00,25165824.00,0.00,0.00,183296.00,189440.00
1493157652,1569792.00,159744.00,5151744.00,55993958.40,18.00,9.00,68.00,0.00,0.00,5.00,0.00,0.00,15728640.00,27262976.00,0.00,0.00,192512.00,195584.00
1493157653,1571840.00,159744.00,5151744.00,55993958.40,23.00,10.00,64.00,0.00,0.00,4.00,0.00,0.00,15728640.00,26214400.00,0.00,0.00,192512.00,194560.00
1493157654,1571840.00,159744.00,5151744.00,55993958.40,16.00,11.00,68.00,0.00,0.00,5.00,0.00,114688.00,15728640.00,27262976.00,0.00,0.00,195584.00,193536.00
1493157655,1573888.00,159744.00,5151744.00,55993958.40,20.00,10.00,66.00,0.00,0.00,4.00,0.00,0.00,13631488.00,24117248.00,0.00,0.00,178176.00,176128.00
1493157656,1575936.00,159744.00,5151744.00,55993958.40,18.00,10.00,67.00,0.00,0.00,5.00,0.00,0.00,15728640.00,26214400.00,0.00,0.00,196608.00,194560.00
1493157657,1577984.00,159744.00,5151744.00,55993958.40,19.00,10.00,66.00,0.00,0.00,5.00,0.00,0.00,15728640.00,26214400.00,0.00,0.00,191488.00,191488.00
1493157658,1580032.00,159744.00,5151744.00,55993958.40,18.00,10.00,66.00,0.00,0.00,5.00,0.00,516096.00,14680064.00,25165824.00,0.00,0.00,180224.00,180224.00
1493157659,1580032.00,159744.00,5151744.00,55993958.40,15.00,10.00,70.00,0.00,0.00,5.00,0.00,221184.00,14680064.00,25165824.00,0.00,0.00,194560.00,191488.00
1493157660,1582080.00,159744.00,5151744.00,55993958.40,19.00,9.00,68.00,0.00,0.00,4.00,0.00,0.00,14680064.00,25165824.00,0.00,0.00,190464.00,189440.00
1493157661,1582080.00,159744.00,5151744.00,55993958.40,15.00,8.00,72.00,0.00,0.00,5.00,0.00,0.00,14680064.00,25165824.00,0.00,0.00,191488.00,188416.00
1493157662,1584128.00,159744.00,5151744.00,55993958.40,21.00,8.00,67.00,0.00,0.00,4.00,0.00,0.00,14680064.00,25165824.00,0.00,0.00,185344.00,187392.00
1493157663,1584128.00,159744.00,5151744.00,55993958.40,17.00,11.00,67.00,0.00,0.00,6.00,0.00,0.00,15728640.00,27262976.00,0.00,0.00,197632.00,195584.00
1493157664,1586176.00,159744.00,5151744.00,55993958.40,17.00,8.00,69.00,0.00,0.00,5.00,0.00,114688.00,14680064.00,25165824.00,0.00,0.00,181248.00,180224.00
1493157665,1586176.00,159744.00,5151744.00,55993958.40,20.00,10.00,66.00,0.00,0.00,4.00,0.00,0.00,15728640.00,27262976.00,0.00,0.00,195584.00,195584.00
1493157666,1588224.00,159744.00,5151744.00,55993958.40,22.00,9.00,64.00,0.00,0.00,5.00,0.00,0.00,14680064.00,26214400.00,0.00,0.00,191488.00,189440.00
1493157667,1588224.00,159744.00,5151744.00,55993958.40,19.00,10.00,67.00,0.00,0.00,5.00,0.00,0.00,15728640.00,27262976.00,0.00,0.00,195584.00,193536.00
1493157668,1591296.00,159744.00,5151744.00,55993958.40,19.00,9.00,67.00,0.00,0.00,5.00,0.00,0.00,14680064.00,26214400.00,0.00,0.00,192512.00,191488.00
1493157669,1592320.00,159744.00,5151744.00,55993958.40,18.00,9.00,69.00,0.00,0.00,4.00,0.00,114688.00,14680064.00,24117248.00,0.00,0.00,181248.00,179200.00
1493157670,1592320.00,159744.00,5151744.00,55993958.40,17.00,10.00,68.00,0.00,0.00,5.00,0.00,0.00,15728640.00,27262976.00,0.00,0.00,196608.00,196608.00
1493157671,1594368.00,159744.00,5151744.00,55993958.40,21.00,11.00,63.00,0.00,0.00,5.00,0.00,0.00,14680064.00,26214400.00,0.00,0.00,193536.00,192512.00
1493157672,1595392.00,159744.00,5151744.00,55993958.40,15.00,10.00,70.00,0.00,0.00,5.00,0.00,0.00,14680064.00,25165824.00,0.00,0.00,185344.00,184320.00
1493157673,1596416.00,159744.00,5151744.00,55993958.40,18.00,10.00,67.00,0.00,0.00,5.00,0.00,0.00,14680064.00,25165824.00,0.00,0.00,190464.00,188416.00
1493157674,1596416.00,159744.00,5151744.00,55993958.40,17.00,10.00,69.00,0.00,0.00,5.00,0.00,114688.00,14680064.00,26214400.00,0.00,0.00,197632.00,194560.00
1493157675,1598464.00,159744.00,5151744.00,55993958.40,22.00,10.00,62.00,0.00,0.00,6.00,0.00,0.00,15728640.00,27262976.00,0.00,0.00,203776.00,202752.00
1493157676,1598464.00,159744.00,5151744.00,55993958.40,15.00,8.00,73.00,0.00,0.00,4.00,0.00,0.00,14680064.00,25165824.00,0.00,0.00,186368.00,186368.00
1493157677,1600512.00,159744.00,5151744.00,55993958.40,19.00,9.00,68.00,0.00,0.00,5.00,0.00,0.00,14680064.00,25165824.00,0.00,0.00,181248.00,179200.00
1493157678,1600512.00,159744.00,5151744.00,55993958.40,20.00,10.00,64.00,0.00,0.00,6.00,0.00,499712.00,16777216.00,28311552.00,0.00,0.00,210944.00,208896.00
1493157679,1603584.00,159744.00,5151744.00,55993958.40,18.00,9.00,68.00,0.00,0.00,5.00,0.00,221184.00,14680064.00,25165824.00,0.00,0.00,180224.00,179200.00
1493157680,1604608.00,159744.00,5151744.00,55993958.40,20.00,9.00,66.00,0.00,0.00,4.00,0.00,0.00,14680064.00,25165824.00,0.00,0.00,183296.00,182272.00
1493157681,1605632.00,159744.00,5151744.00,55993958.40,17.00,12.00,67.00,0.00,0.00,4.00,0.00,0.00,15728640.00,28311552.00,0.00,0.00,205824.00,203776.00
1493157682,1606656.00,159744.00,5151744.00,55993958.40,20.00,9.00,66.00,0.00,0.00,5.00,0.00,0.00,14680064.00,26214400.00,0.00,0.00,191488.00,190464.00
1493157683,1607680.00,159744.00,5151744.00,55993958.40,16.00,9.00,70.00,0.00,0.00,5.00,0.00,0.00,14680064.00,25165824.00,0.00,0.00,183296.00,183296.00
1493157684,1609728.00,159744.00,5151744.00,55993958.40,21.00,9.00,64.00,0.00,0.00,5.00,0.00,114688.00,15728640.00,27262976.00,0.00,0.00,191488.00,192512.00
1493157685,1608704.00,159744.00,5151744.00,55993958.40,16.00,11.00,68.00,0.00,0.00,5.00,0.00,0.00,15728640.00,27262976.00,0.00,0.00,197632.00,195584.00
1493157686,1610752.00,159744.00,5151744.00,55993958.40,17.00,8.00,72.00,0.00,0.00,3.00,0.00,0.00,13631488.00,23068672.00,0.00,0.00,171008.00,169984.00
1493157687,1611776.00,159744.00,5151744.00,55993958.40,16.00,10.00,70.00,0.00,0.00,5.00,0.00,0.00,14680064.00,26214400.00,0.00,0.00,189440.00,187392.00
1493157688,1612800.00,159744.00,5151744.00,55993958.40,19.00,10.00,68.00,0.00,0.00,4.00,0.00,0.00,14680064.00,25165824.00,0.00,0.00,185344.00,185344.00
1493157689,1613824.00,159744.00,5151744.00,55993958.40,19.00,10.00,66.00,0.00,0.00,5.00,0.00,114688.00,15728640.00,27262976.00,0.00,0.00,196608.00,194560.00
1493157690,1615872.00,159744.00,5151744.00,55993958.40,19.00,8.00,68.00,0.00,0.00,4.00,0.00,0.00,13631488.00,23068672.00,0.00,0.00,166912.00,166912.00
1493157691,1617920.00,159744.00,5151744.00,55993958.40,23.00,11.00,61.00,0.00,0.00,5.00,0.00,0.00,15728640.00,28311552.00,0.00,0.00,204800.00,203776.00
1493157692,1616896.00,159744.00,5151744.00,55993958.40,19.00,10.00,67.00,0.00,0.00,5.00,0.00,0.00,15728640.00,27262976.00,0.00,0.00,196608.00,195584.00
1493157693,1619968.00,159744.00,5151744.00,55993958.40,17.00,8.00,72.00,0.00,0.00,4.00,0.00,0.00,12582912.00,22020096.00,0.00,0.00,163840.00,162816.00
1493157694,1618944.00,159744.00,5151744.00,55993958.40,21.00,11.00,64.00,0.00,0.00,4.00,0.00,114688.00,16777216.00,29360128.00,0.00,0.00,208896.00,207872.00
1493157695,1622016.00,159744.00,5151744.00,55993958.40,20.00,10.00,65.00,0.00,0.00,6.00,0.00,0.00,15728640.00,26214400.00,0.00,0.00,192512.00,191488.00
1493157696,1622016.00,159744.00,5151744.00,55993958.40,17.00,9.00,69.00,0.00,0.00,5.00,0.00,0.00,14680064.00,25165824.00,0.00,0.00,186368.00,184320.00
1493157697,1623040.00,159744.00,5151744.00,55993958.40,19.00,10.00,67.00,0.00,0.00,4.00,0.00,0.00,15728640.00,26214400.00,0.00,0.00,193536.00,193536.00
1493157698,1624064.00,159744.00,5151744.00,55993958.40,17.00,12.00,67.00,0.00,0.00,4.00,0.00,0.00,15728640.00,27262976.00,0.00,0.00,198656.00,197632.00
1493157699,1626112.00,159744.00,5151744.00,55993958.40,18.00,12.00,65.00,0.00,0.00,5.00,0.00,114688.00,14680064.00,26214400.00,0.00,0.00,193536.00,191488.00
1493157700,1626112.00,159744.00,5151744.00,55993958.40,14.00,8.00,74.00,0.00,0.00,5.00,0.00,0.00,13631488.00,23068672.00,0.00,0.00,172032.00,169984.00
1493157701,1628160.00,159744.00,5151744.00,55889100.80,15.00,7.00,75.00,0.00,0.00,3.00,0.00,0.00,12582912.00,20971520.00,0.00,0.00,167936.00,166912.00
1493157702,1628160.00,159744.00,5151744.00,55889100.80,17.00,9.00,70.00,0.00,0.00,4.00,0.00,0.00,14680064.00,25165824.00,0.00,0.00,183296.00,181248.00
1493157703,1630208.00,159744.00,5151744.00,55889100.80,17.00,9.00,69.00,0.00,0.00,4.00,0.00,0.00,13631488.00,24117248.00,0.00,0.00,178176.00,177152.00
1493157704,1630208.00,159744.00,5151744.00,55889100.80,16.00,10.00,69.00,0.00,0.00,5.00,0.00,114688.00,14680064.00,26214400.00,0.00,0.00,188416.00,187392.00
1493157705,1632256.00,159744.00,5151744.00,55889100.80,21.00,10.00,64.00,0.00,0.00,4.00,0.00,0.00,15728640.00,26214400.00,0.00,0.00,193536.00,191488.00
1493157706,1634304.00,159744.00,5151744.00,55889100.80,18.00,10.00,68.00,0.00,0.00,5.00,0.00,0.00,14680064.00,25165824.00,0.00,0.00,181248.00,180224.00
1493157707,1635328.00,159744.00,5151744.00,55889100.80,17.00,10.00,68.00,0.00,0.00,5.00,0.00,0.00,14680064.00,26214400.00,0.00,0.00,192512.00,191488.00
1493157708,1636352.00,159744.00,5151744.00,55889100.80,14.00,7.00,75.00,0.00,0.00,4.00,0.00,40960.00,12582912.00,20971520.00,0.00,0.00,163840.00,160768.00
1493157709,1636352.00,159744.00,5151744.00,55889100.80,16.00,9.00,71.00,0.00,0.00,4.00,0.00,114688.00,14680064.00,25165824.00,0.00,0.00,187392.00,186368.00
1493157710,1639424.00,159744.00,5151744.00,55889100.80,18.00,10.00,68.00,0.00,0.00,5.00,0.00,0.00,14680064.00,25165824.00,0.00,0.00,181248.00,179200.00
1493157711,1637376.00,159744.00,5151744.00,55889100.80,17.00,10.00,68.00,0.00,0.00,5.00,0.00,0.00,15728640.00,27262976.00,0.00,0.00,195584.00,194560.00
1493157712,1640448.00,159744.00,5151744.00,55889100.80,20.00,9.00,65.00,0.00,0.00,6.00,0.00,0.00,15728640.00,26214400.00,0.00,0.00,193536.00,193536.00
1493157713,1640448.00,159744.00,5151744.00,55889100.80,15.00,9.00,71.00,0.00,0.00,5.00,0.00,614400.00,14680064.00,25165824.00,0.00,0.00,183296.00,182272.00
1493157714,1643520.00,159744.00,5151744.00,55889100.80,19.00,10.00,66.00,0.00,0.00,5.00,0.00,286720.00,15728640.00,26214400.00,0.00,0.00,191488.00,190464.00
1493157715,1642496.00,159744.00,5151744.00,55889100.80,17.00,9.00,68.00,0.00,0.00,6.00,0.00,0.00,15728640.00,27262976.00,0.00,0.00,195584.00,195584.00
1493157716,1645568.00,159744.00,5151744.00,55889100.80,18.00,8.00,69.00,0.00,0.00,5.00,0.00,0.00,14680064.00,25165824.00,0.00,0.00,179200.00,180224.00
1493157717,1644544.00,159744.00,5151744.00,55889100.80,21.00,10.00,64.00,0.00,0.00,5.00,0.00,0.00,16777216.00,28311552.00,0.00,0.00,209920.00,207872.00
1493157718,1646592.00,159744.00,5151744.00,55889100.80,18.00,9.00,70.00,0.00,0.00,4.00,0.00,0.00,13631488.00,24117248.00,0.00,0.00,181248.00,182272.00
1493157719,1649664.00,159744.00,5151744.00,55889100.80,22.00,10.00,64.00,0.00,0.00,5.00,0.00,114688.00,14680064.00,26214400.00,0.00,0.00,195584.00,193536.00
1493157720,1648640.00,159744.00,5151744.00,55889100.80,18.00,11.00,67.00,0.00,0.00,4.00,0.00,0.00,15728640.00,27262976.00,0.00,0.00,195584.00,194560.00
1493157721,1650688.00,159744.00,5151744.00,55889100.80,18.00,9.00,68.00,0.00,0.00,5.00,0.00,0.00,13631488.00,24117248.00,0.00,0.00,188416.00,186368.00
1493157722,1650688.00,159744.00,5151744.00,55889100.80,15.00,12.00,69.00,0.00,0.00,4.00,0.00,0.00,14680064.00,26214400.00,0.00,0.00,194560.00,194560.00
1493157723,1653760.00,159744.00,5151744.00,55889100.80,19.00,8.00,69.00,0.00,0.00,5.00,0.00,0.00,13631488.00,24117248.00,0.00,0.00,178176.00,177152.00
1493157724,1652736.00,159744.00,5152768.00,55889100.80,19.00,12.00,63.00,0.00,0.00,6.00,0.00,114688.00,16777216.00,28311552.00,0.00,0.00,209920.00,209920.00
1493157725,1654784.00,159744.00,5152768.00,55889100.80,20.00,8.00,67.00,0.00,0.00,4.00,0.00,0.00,14680064.00,25165824.00,0.00,0.00,180224.00,178176.00
1493157726,1655808.00,159744.00,5152768.00,55889100.80,16.00,10.00,69.00,0.00,0.00,6.00,0.00,0.00,14680064.00,25165824.00,0.00,0.00,184320.00,183296.00
1493157727,1657856.00,159744.00,5152768.00,55889100.80,20.00,11.00,64.00,0.00,0.00,6.00,0.00,0.00,15728640.00,27262976.00,0.00,0.00,202752.00,201728.00
1493157728,1656832.00,159744.00,5152768.00,55889100.80,18.00,9.00,69.00,0.00,0.00,5.00,0.00,0.00,14680064.00,25165824.00,0.00,0.00,184320.00,183296.00
1493157729,1659904.00,159744.00,5152768.00,55889100.80,20.00,9.00,67.00,0.00,0.00,4.00,0.00,114688.00,13631488.00,24117248.00,0.00,0.00,179200.00,178176.00
1493157730,1660928.00,159744.00,5152768.00,55889100.80,22.00,11.00,61.00,0.00,0.00,6.00,0.00,0.00,15728640.00,28311552.00,0.00,0.00,205824.00,203776.00
1493157731,1661952.00,159744.00,5152768.00,55889100.80,18.00,10.00,67.00,0.00,0.00,5.00,0.00,0.00,15728640.00,27262976.00,0.00,0.00,198656.00,197632.00
1493157732,1666048.00,159744.00,5152768.00,55889100.80,20.00,8.00,67.00,0.00,0.00,5.00,0.00,0.00,14680064.00,25165824.00,0.00,0.00,178176.00,182272.00
1493157733,1666048.00,159744.00,5152768.00,55889100.80,17.00,9.00,68.00,0.00,0.00,5.00,0.00,0.00,15728640.00,27262976.00,0.00,0.00,194560.00,192512.00
1493157734,1668096.00,159744.00,5152768.00,55889100.80,19.00,9.00,66.00,0.00,0.00,5.00,0.00,114688.00,15728640.00,27262976.00,0.00,0.00,193536.00,192512.00
1493157735,1668096.00,159744.00,5152768.00,55889100.80,16.00,7.00,71.00,0.00,0.00,5.00,0.00,0.00,14680064.00,25165824.00,0.00,0.00,185344.00,184320.00
1493157736,1670144.00,159744.00,5152768.00,55889100.80,19.00,9.00,66.00,0.00,0.00,6.00,0.00,0.00,14680064.00,26214400.00,0.00,0.00,191488.00,190464.00
1493157737,1670144.00,159744.00,5152768.00,55889100.80,20.00,12.00,63.00,0.00,0.00,5.00,0.00,0.00,16777216.00,28311552.00,0.00,0.00,208896.00,207872.00
1493157738,1672192.00,159744.00,5152768.00,55889100.80,20.00,11.00,65.00,0.00,0.00,4.00,0.00,40960.00,14680064.00,25165824.00,0.00,0.00,186368.00,186368.00
1493157739,1673216.00,159744.00,5152768.00,55889100.80,20.00,8.00,69.00,0.00,0.00,4.00,0.00,114688.00,14680064.00,25165824.00,0.00,0.00,183296.00,183296.00
1493157740,1674240.00,159744.00,5152768.00,55889100.80,18.00,10.00,65.00,0.00,0.00,7.00,0.00,0.00,16777216.00,28311552.00,0.00,0.00,208896.00,205824.00
1493157741,1676288.00,159744.00,5152768.00,55889100.80,23.00,9.00,64.00,0.00,0.00,4.00,0.00,0.00,14680064.00,26214400.00,0.00,0.00,192512.00,191488.00
1493157742,1676288.00,159744.00,5152768.00,55889100.80,15.00,8.00,73.00,0.00,0.00,4.00,0.00,0.00,13631488.00,23068672.00,0.00,0.00,167936.00,167936.00
1493157743,1678336.00,159744.00,5152768.00,55889100.80,23.00,10.00,62.00,0.00,0.00,5.00,0.00,0.00,15728640.00,27262976.00,0.00,0.00,201728.00,203776.00
1493157744,1678336.00,159744.00,5152768.00,55889100.80,16.00,10.00,70.00,0.00,0.00,5.00,0.00,114688.00,15728640.00,26214400.00,0.00,0.00,191488.00,193536.00
1493157745,1680384.00,159744.00,5152768.00,55889100.80,19.00,10.00,68.00,0.00,0.00,3.00,0.00,0.00,14680064.00,25165824.00,0.00,0.00,179200.00,179200.00
1493157746,1680384.00,159744.00,5152768.00,55889100.80,17.00,10.00,67.00,0.00,0.00,5.00,0.00,0.00,15728640.00,26214400.00,0.00,0.00,196608.00,194560.00
1493157747,1682432.00,159744.00,5152768.00,55889100.80,20.00,10.00,65.00,0.00,0.00,5.00,0.00,0.00,14680064.00,26214400.00,0.00,0.00,193536.00,192512.00
1493157748,1682432.00,159744.00,5152768.00,55889100.80,16.00,12.00,66.00,0.00,0.00,5.00,0.00,655360.00,15728640.00,27262976.00,0.00,0.00,197632.00,196608.00
1493157749,1684480.00,159744.00,5152768.00,55889100.80,18.00,7.00,71.00,0.00,0.00,4.00,0.00,278528.00,13631488.00,23068672.00,0.00,0.00,176128.00,175104.00
1493157750,1686528.00,159744.00,5152768.00,55889100.80,20.00,9.00,67.00,0.00,0.00,4.00,0.00,0.00,14680064.00,25165824.00,0.00,0.00,194560.00,192512.00
1493157751,1687552.00,159744.00,5152768.00,55889100.80,13.00,7.00,75.00,0.00,0.00,5.00,0.00,0.00,13631488.00,23068672.00,0.00,0.00,180224.00,179200.00
1493157752,1688576.00,159744.00,5152768.00,55889100.80,18.00,9.00,69.00,0.00,0.00,4.00,0.00,0.00,13631488.00,24117248.00,0.00,0.00,184320.00,182272.00
1493157753,1688576.00,159744.00,5152768.00,55889100.80,15.00,8.00,71.00,0.00,0.00,5.00,0.00,0.00,13631488.00,24117248.00,0.00,0.00,181248.00,179200.00
1493157754,1690624.00,159744.00,5152768.00,55889100.80,17.00,9.00,70.00,0.00,0.00,4.00,0.00,114688.00,13631488.00,24117248.00,0.00,0.00,182272.00,180224.00
1493157755,1690624.00,159744.00,5152768.00,55889100.80,16.00,9.00,70.00,0.00,0.00,5.00,0.00,0.00,14680064.00,26214400.00,0.00,0.00,196608.00,193536.00
1493157756,1692672.00,159744.00,5152768.00,55889100.80,17.00,9.00,69.00,0.00,0.00,4.00,0.00,0.00,13631488.00,24117248.00,0.00,0.00,178176.00,178176.00
1493157757,1693696.00,159744.00,5152768.00,55889100.80,17.00,11.00,67.00,0.00,0.00,5.00,0.00,0.00,15728640.00,27262976.00,0.00,0.00,200704.00,197632.00
1493157758,1695744.00,159744.00,5152768.00,55889100.80,19.00,10.00,65.00,0.00,0.00,6.00,0.00,0.00,14680064.00,25165824.00,0.00,0.00,188416.00,186368.00
1493157759,1694720.00,159744.00,5152768.00,55889100.80,19.00,9.00,67.00,0.00,0.00,5.00,0.00,114688.00,15728640.00,26214400.00,0.00,0.00,195584.00,193536.00
1493157760,1696768.00,159744.00,5152768.00,55889100.80,22.00,9.00,64.00,0.00,0.00,5.00,0.00,0.00,14680064.00,26214400.00,0.00,0.00,191488.00,190464.00
1493157761,1696768.00,159744.00,5152768.00,55889100.80,17.00,11.00,69.00,0.00,0.00,4.00,0.00,0.00,14680064.00,26214400.00,0.00,0.00,186368.00,186368.00
1493157762,1699840.00,159744.00,5152768.00,55889100.80,14.00,6.00,78.00,0.00,0.00,3.00,0.00,0.00,10485760.00,17825792.00,0.00,0.00,142336.00,139264.00
1493157763,1698816.00,159744.00,5152768.00,55889100.80,14.00,11.00,70.00,0.00,0.00,5.00,0.00,0.00,14680064.00,25165824.00,0.00,0.00,185344.00,184320.00
1493157764,1700864.00,159744.00,5152768.00,55889100.80,20.00,9.00,65.00,0.00,0.00,5.00,0.00,114688.00,14680064.00,26214400.00,0.00,0.00,193536.00,192512.00
1493157765,1700864.00,159744.00,5152768.00,55889100.80,19.00,11.00,66.00,0.00,0.00,5.00,0.00,0.00,15728640.00,27262976.00,0.00,0.00,197632.00,195584.00
1493157766,1703936.00,159744.00,5152768.00,55889100.80,20.00,9.00,65.00,0.00,0.00,6.00,0.00,0.00,14680064.00,26214400.00,0.00,0.00,191488.00,189440.00
1493157767,1702912.00,159744.00,5152768.00,55889100.80,17.00,9.00,69.00,0.00,0.00,5.00,0.00,0.00,14680064.00,26214400.00,0.00,0.00,197632.00,195584.00
1493157768,1704960.00,159744.00,5152768.00,55889100.80,19.00,9.00,67.00,0.00,0.00,5.00,0.00,40960.00,14680064.00,25165824.00,0.00,0.00,182272.00,181248.00
1493157769,1708032.00,159744.00,5152768.00,55889100.80,22.00,9.00,65.00,0.00,0.00,5.00,0.00,114688.00,14680064.00,26214400.00,0.00,0.00,189440.00,187392.00
1493157770,1708032.00,159744.00,5152768.00,55889100.80,19.00,10.00,67.00,0.00,0.00,5.00,0.00,0.00,15728640.00,27262976.00,0.00,0.00,195584.00,195584.00
1493157771,1710080.00,159744.00,5152768.00,55889100.80,19.00,10.00,67.00,0.00,0.00,4.00,0.00,0.00,14680064.00,25165824.00,0.00,0.00,181248.00,180224.00
1493157772,1710080.00,159744.00,5152768.00,55889100.80,19.00,8.00,68.00,0.00,0.00,6.00,0.00,0.00,15728640.00,27262976.00,0.00,0.00,195584.00,193536.00
1493157773,1712128.00,159744.00,5152768.00,55889100.80,24.00,9.00,61.00,0.00,0.00,5.00,0.00,0.00,15728640.00,28311552.00,0.00,0.00,202752.00,202752.00
1493157774,1712128.00,159744.00,5152768.00,55889100.80,14.00,8.00,73.00,0.00,0.00,4.00,0.00,114688.00,13631488.00,23068672.00,0.00,0.00,169984.00,171008.00
1493157775,1714176.00,159744.00,5152768.00,55889100.80,19.00,10.00,66.00,0.00,0.00,5.00,0.00,0.00,14680064.00,26214400.00,0.00,0.00,192512.00,191488.00
1493157776,1714176.00,159744.00,5152768.00,55889100.80,19.00,12.00,65.00,0.00,0.00,4.00,0.00,0.00,16777216.00,28311552.00,0.00,0.00,207872.00,205824.00
1493157777,1716224.00,159744.00,5152768.00,55889100.80,20.00,11.00,65.00,0.00,0.00,4.00,0.00,0.00,14680064.00,26214400.00,0.00,0.00,190464.00,189440.00
1493157778,1718272.00,159744.00,5152768.00,55889100.80,20.00,11.00,64.00,0.00,0.00,5.00,0.00,0.00,15728640.00,26214400.00,0.00,0.00,193536.00,191488.00
1493157779,1718272.00,159744.00,5152768.00,55889100.80,19.00,9.00,67.00,0.00,0.00,5.00,0.00,114688.00,15728640.00,26214400.00,0.00,0.00,195584.00,194560.00
1493157780,1720320.00,159744.00,5152768.00,55889100.80,18.00,11.00,66.00,0.00,0.00,5.00,0.00,0.00,14680064.00,26214400.00,0.00,0.00,193536.00,190464.00
1493157781,1720320.00,159744.00,5152768.00,55889100.80,15.00,7.00,74.00,0.00,0.00,3.00,0.00,0.00,12582912.00,23068672.00,0.00,0.00,175104.00,174080.00
1493157782,1722368.00,159744.00,5152768.00,55889100.80,19.00,8.00,68.00,0.00,0.00,5.00,0.00,0.00,13631488.00,24117248.00,0.00,0.00,185344.00,186368.00
1493157783,1722368.00,159744.00,5152768.00,55889100.80,20.00,10.00,64.00,0.00,0.00,6.00,0.00,647168.00,15728640.00,28311552.00,0.00,0.00,201728.00,201728.00
1493157784,1724416.00,159744.00,5152768.00,55889100.80,17.00,9.00,70.00,0.00,0.00,4.00,0.00,262144.00,13631488.00,23068672.00,0.00,0.00,167936.00,166912.00
1493157785,1724416.00,159744.00,5152768.00,55889100.80,16.00,10.00,69.00,0.00,0.00,5.00,0.00,0.00,14680064.00,26214400.00,0.00,0.00,189440.00,189440.00
1493157786,1726464.00,159744.00,5152768.00,55889100.80,21.00,11.00,63.00,0.00,0.00,5.00,0.00,0.00,15728640.00,27262976.00,0.00,0.00,203776.00,200704.00
1493157787,1726464.00,159744.00,5152768.00,55889100.80,18.00,8.00,68.00,0.00,0.00,6.00,0.00,0.00,14680064.00,25165824.00,0.00,0.00,183296.00,182272.00
1493157788,1728512.00,159744.00,5152768.00,55889100.80,22.00,10.00,63.00,0.00,0.00,5.00,0.00,0.00,14680064.00,26214400.00,0.00,0.00,186368.00,186368.00
1493157789,1728512.00,159744.00,5152768.00,55889100.80,20.00,10.00,65.00,0.00,0.00,5.00,0.00,114688.00,15728640.00,27262976.00,0.00,0.00,194560.00,195584.00
1493157790,1730560.00,159744.00,5152768.00,55784243.20,21.00,9.00,64.00,0.00,0.00,7.00,0.00,0.00,14680064.00,26214400.00,0.00,0.00,187392.00,186368.00
1493157791,1730560.00,159744.00,5152768.00,55784243.20,16.00,8.00,72.00,0.00,0.00,4.00,0.00,0.00,13631488.00,24117248.00,0.00,0.00,177152.00,175104.00
1493157792,1732608.00,159744.00,5152768.00,55784243.20,20.00,12.00,62.00,0.00,0.00,5.00,0.00,0.00,14680064.00,26214400.00,0.00,0.00,186368.00,186368.00
1493157793,1734656.00,159744.00,5152768.00,55784243.20,24.00,11.00,60.00,0.00,0.00,5.00,0.00,409600.00,15728640.00,28311552.00,0.00,0.00,202752.00,201728.00
1493157794,1734656.00,159744.00,5152768.00,55784243.20,16.00,9.00,70.00,0.00,0.00,4.00,0.00,188416.00,14680064.00,25165824.00,0.00,0.00,182272.00,180224.00
1493157795,1736704.00,159744.00,5152768.00,55784243.20,20.00,8.00,67.00,0.00,0.00,5.00,0.00,0.00,13631488.00,24117248.00,0.00,0.00,174080.00,173056.00
1493157796,1736704.00,159744.00,5152768.00,55784243.20,20.00,12.00,62.00,0.00,0.00,6.00,0.00,0.00,16777216.00,28311552.00,0.00,0.00,204800.00,205824.00
1493157797,1738752.00,159744.00,5152768.00,55784243.20,20.00,8.00,68.00,0.00,0.00,5.00,0.00,0.00,14680064.00,24117248.00,0.00,0.00,177152.00,178176.00
1493157798,1738752.00,159744.00,5152768.00,55784243.20,17.00,10.00,68.00,0.00,0.00,4.00,0.00,0.00,14680064.00,25165824.00,0.00,0.00,180224.00,179200.00
1493157799,1741824.00,159744.00,5152768.00,55784243.20,23.00,12.00,61.00,0.00,0.00,5.00,0.00,114688.00,15728640.00,28311552.00,0.00,0.00,202752.00,203776.00
1493157800,1740800.00,159744.00,5152768.00,55784243.20,16.00,9.00,70.00,0.00,0.00,5.00,0.00,0.00,14680064.00,25165824.00,0.00,0.00,180224.00,181248.00
1493157801,1743872.00,159744.00,5152768.00,55784243.20,22.00,11.00,61.00,0.00,0.00,6.00,0.00,0.00,15728640.00,27262976.00,0.00,0.00,195584.00,199680.00
1493157802,1742848.00,159744.00,5152768.00,55784243.20,15.00,11.00,70.00,0.00,0.00,4.00,0.00,0.00,14680064.00,25165824.00,0.00,0.00,183296.00,182272.00
1493157803,1745920.00,159744.00,5152768.00,55784243.20,19.00,8.00,68.00,0.00,0.00,5.00,0.00,311296.00,13631488.00,24117248.00,0.00,0.00,181248.00,180224.00
1493157804,1747968.00,159744.00,5152768.00,55784243.20,22.00,12.00,60.00,0.00,0.00,5.00,0.00,163840.00,15728640.00,28311552.00,0.00,0.00,201728.00,201728.00
1493157805,1746944.00,159744.00,5152768.00,55784243.20,16.00,8.00,71.00,0.00,0.00,4.00,0.00,0.00,14680064.00,24117248.00,0.00,0.00,180224.00,179200.00
1493157806,1748992.00,159744.00,5152768.00,55784243.20,20.00,11.00,63.00,0.00,0.00,5.00,0.00,0.00,15728640.00,27262976.00,0.00,0.00,198656.00,197632.00
1493157807,1750016.00,159744.00,5152768.00,55784243.20,15.00,9.00,70.00,0.00,0.00,5.00,0.00,0.00,14680064.00,26214400.00,0.00,0.00,186368.00,185344.00
1493157808,1751040.00,159744.00,5152768.00,55784243.20,18.00,10.00,68.00,0.00,0.00,4.00,0.00,0.00,14680064.00,25165824.00,0.00,0.00,182272.00,182272.00
1493157809,1752064.00,159744.00,5152768.00,55784243.20,18.00,11.00,65.00,0.00,0.00,6.00,0.00,114688.00,15728640.00,27262976.00,0.00,0.00,200704.00,197632.00
1493157810,1755136.00,159744.00,5152768.00,55784243.20,19.00,9.00,67.00,0.00,0.00,5.00,0.00,0.00,13631488.00,24117248.00,0.00,0.00,180224.00,181248.00
1493157811,1756160.00,159744.00,5152768.00,55784243.20,17.00,10.00,68.00,0.00,0.00,5.00,0.00,0.00,14680064.00,26214400.00,0.00,0.00,193536.00,192512.00
1493157812,1758208.00,159744.00,5152768.00,55784243.20,19.00,10.00,65.00,0.00,0.00,6.00,0.00,0.00,14680064.00,26214400.00,0.00,0.00,189440.00,190464.00
1493157813,1758208.00,159744.00,5152768.00,55784243.20,16.00,10.00,68.00,0.00,0.00,5.00,0.00,0.00,14680064.00,25165824.00,0.00,0.00,182272.00,182272.00
1493157814,1759232.00,159744.00,5152768.00,55784243.20,21.00,12.00,60.00,0.00,0.00,7.00,0.00,114688.00,15728640.00,28311552.00,0.00,0.00,200704.00,201728.00
1493157815,1762304.00,159744.00,5152768.00,55784243.20,18.00,9.00,69.00,0.00,0.00,5.00,0.00,0.00,13631488.00,24117248.00,0.00,0.00,178176.00,178176.00
1493157816,1762304.00,159744.00,5152768.00,55784243.20,16.00,9.00,69.00,0.00,0.00,5.00,0.00,0.00,14680064.00,25165824.00,0.00,0.00,184320.00,184320.00
1493157817,1764352.00,159744.00,5152768.00,55784243.20,23.00,10.00,60.00,0.00,0.00,6.00,0.00,0.00,15728640.00,28311552.00,0.00,0.00,201728.00,201728.00
1493157818,1764352.00,159744.00,5152768.00,55784243.20,17.00,10.00,69.00,0.00,0.00,4.00,0.00,0.00,15728640.00,27262976.00,0.00,0.00,194560.00,193536.00
1493157819,1766400.00,159744.00,5152768.00,55784243.20,17.00,9.00,69.00,0.00,0.00,4.00,0.00,114688.00,13631488.00,24117248.00,0.00,0.00,171008.00,169984.00
1493157820,1766400.00,159744.00,5152768.00,55784243.20,21.00,11.00,63.00,0.00,0.00,5.00,0.00,0.00,15728640.00,28311552.00,0.00,0.00,203776.00,201728.00
1493157821,1768448.00,159744.00,5152768.00,55784243.20,20.00,10.00,66.00,0.00,0.00,5.00,0.00,0.00,14680064.00,26214400.00,0.00,0.00,189440.00,190464.00
1493157822,1768448.00,159744.00,5152768.00,55784243.20,17.00,11.00,67.00,0.00,0.00,5.00,0.00,0.00,14680064.00,25165824.00,0.00,0.00,184320.00,183296.00
1493157823,1769472.00,159744.00,5152768.00,55784243.20,15.00,7.00,74.00,0.00,0.00,4.00,0.00,0.00,11534336.00,19922944.00,0.00,0.00,149504.00,149504.00
1493157824,1770496.00,159744.00,5152768.00,55784243.20,14.00,9.00,73.00,0.00,0.00,4.00,0.00,114688.00,13631488.00,23068672.00,0.00,0.00,169984.00,169984.00
1493157825,1772544.00,159744.00,5152768.00,55784243.20,19.00,9.00,67.00,0.00,0.00,5.00,0.00,0.00,14680064.00,25165824.00,0.00,0.00,182272.00,181248.00
1493157826,1772544.00,159744.00,5152768.00,55784243.20,14.00,8.00,74.00,0.00,0.00,4.00,0.00,0.00,13631488.00,23068672.00,0.00,0.00,171008.00,169984.00
1493157827,1774592.00,159744.00,5152768.00,55784243.20,24.00,10.00,62.00,0.00,0.00,4.00,0.00,0.00,15728640.00,26214400.00,0.00,0.00,196608.00,195584.00
1493157828,1774592.00,159744.00,5152768.00,55784243.20,16.00,9.00,70.00,0.00,0.00,5.00,0.00,491520.00,14680064.00,25165824.00,0.00,0.00,186368.00,184320.00
1493157829,1776640.00,159744.00,5152768.00,55784243.20,24.00,11.00,60.00,0.00,0.00,5.00,0.00,245760.00,15728640.00,26214400.00,0.00,0.00,193536.00,194560.00
1493157830,1776640.00,159744.00,5152768.00,55784243.20,11.00,6.00,80.00,0.00,0.00,3.00,0.00,0.00,11534336.00,18874368.00,0.00,0.00,145408.00,143360.00
1493157831,1778688.00,159744.00,5152768.00,55784243.20,18.00,11.00,67.00,0.00,0.00,5.00,0.00,0.00,14680064.00,25165824.00,0.00,0.00,182272.00,182272.00
1493157832,1778688.00,159744.00,5152768.00,55784243.20,16.00,10.00,69.00,0.00,0.00,5.00,0.00,0.00,14680064.00,25165824.00,0.00,0.00,185344.00,185344.00
1493157833,1780736.00,159744.00,5152768.00,55784243.20,17.00,10.00,69.00,0.00,0.00,5.00,0.00,0.00,13631488.00,24117248.00,0.00,0.00,175104.00,175104.00
1493157834,1782784.00,159744.00,5152768.00,55784243.20,22.00,11.00,61.00,0.00,0.00,5.00,0.00,114688.00,15728640.00,26214400.00,0.00,0.00,189440.00,189440.00
1493157835,1782784.00,159744.00,5152768.00,55784243.20,17.00,10.00,68.00,0.00,0.00,5.00,0.00,0.00,14680064.00,26214400.00,0.00,0.00,191488.00,190464.00
1493157836,1784832.00,159744.00,5152768.00,55784243.20,18.00,12.00,65.00,0.00,0.00,5.00,0.00,0.00,14680064.00,25165824.00,0.00,0.00,187392.00,187392.00
1493157837,1784832.00,159744.00,5152768.00,55784243.20,17.00,10.00,69.00,0.00,0.00,4.00,0.00,0.00,13631488.00,24117248.00,0.00,0.00,177152.00,176128.00
1493157838,1786880.00,159744.00,5152768.00,55784243.20,23.00,9.00,63.00,0.00,0.00,5.00,0.00,0.00,14680064.00,26214400.00,0.00,0.00,187392.00,187392.00
1493157839,1786880.00,159744.00,5152768.00,55784243.20,20.00,11.00,63.00,0.00,0.00,6.00,0.00,114688.00,15728640.00,28311552.00,0.00,0.00,202752.00,202752.00
1493157840,1788928.00,159744.00,5152768.00,55784243.20,18.00,8.00,71.00,0.00,0.00,4.00,0.00,0.00,13631488.00,23068672.00,0.00,0.00,174080.00,175104.00
1493157841,1789952.00,159744.00,5152768.00,55784243.20,16.00,9.00,69.00,0.00,0.00,5.00,0.00,0.00,13631488.00,24117248.00,0.00,0.00,186368.00,186368.00
1493157842,1790976.00,159744.00,5152768.00,55784243.20,15.00,9.00,71.00,0.00,0.00,4.00,0.00,0.00,13631488.00,23068672.00,0.00,0.00,178176.00,182272.00
1493157843,1790976.00,159744.00,5152768.00,55784243.20,15.00,7.00,74.00,0.00,0.00,4.00,0.00,0.00,13631488.00,23068672.00,0.00,0.00,174080.00,174080.00
1493157844,1793024.00,159744.00,5152768.00,55784243.20,17.00,10.00,69.00,0.00,0.00,4.00,0.00,114688.00,14680064.00,25165824.00,0.00,0.00,187392.00,191488.00
1493157845,1793024.00,159744.00,5152768.00,55784243.20,17.00,11.00,67.00,0.00,0.00,5.00,0.00,0.00,15728640.00,26214400.00,0.00,0.00,192512.00,192512.00
1493157846,1795072.00,159744.00,5152768.00,55784243.20,20.00,10.00,66.00,0.00,0.00,4.00,0.00,0.00,14680064.00,26214400.00,0.00,0.00,192512.00,190464.00
1493157847,1795072.00,159744.00,5152768.00,55784243.20,17.00,10.00,68.00,0.00,0.00,5.00,0.00,0.00,14680064.00,26214400.00,0.00,0.00,190464.00,191488.00
1493157848,1797120.00,159744.00,5152768.00,55784243.20,19.00,10.00,67.00,0.00,0.00,4.00,0.00,0.00,14680064.00,25165824.00,0.00,0.00,187392.00,189440.00
1493157849,1797120.00,159744.00,5152768.00,55784243.20,16.00,10.00,69.00,0.00,0.00,4.00,0.00,114688.00,14680064.00,25165824.00,0.00,0.00,192512.00,191488.00
1493157850,1799168.00,159744.00,5152768.00,55784243.20,18.00,9.00,68.00,0.00,0.00,4.00,0.00,0.00,14680064.00,25165824.00,0.00,0.00,181248.00,181248.00
1493157851,1802240.00,159744.00,5152768.00,55784243.20,19.00,10.00,66.00,0.00,0.00,5.00,0.00,0.00,14680064.00,26214400.00,0.00,0.00,191488.00,189440.00
1493157852,1801216.00,159744.00,5152768.00,55784243.20,15.00,10.00,69.00,0.00,0.00,6.00,0.00,0.00,14680064.00,26214400.00,0.00,0.00,195584.00,193536.00
1493157853,1803264.00,159744.00,5152768.00,55784243.20,17.00,10.00,69.00,0.00,0.00,5.00,0.00,0.00,13631488.00,24117248.00,0.00,0.00,177152.00,176128.00
1493157854,1804288.00,159744.00,5152768.00,55784243.20,19.00,12.00,63.00,0.00,0.00,5.00,0.00,114688.00,16777216.00,28311552.00,0.00,0.00,204800.00,204800.00
1493157855,1805312.00,159744.00,5152768.00,55784243.20,19.00,9.00,68.00,0.00,0.00,4.00,0.00,0.00,13631488.00,23068672.00,0.00,0.00,177152.00,177152.00
1493157856,1806336.00,159744.00,5152768.00,55784243.20,17.00,11.00,67.00,0.00,0.00,5.00,0.00,0.00,14680064.00,26214400.00,0.00,0.00,195584.00,193536.00
1493157857,1808384.00,159744.00,5152768.00,55784243.20,18.00,10.00,66.00,0.00,0.00,6.00,0.00,0.00,15728640.00,26214400.00,0.00,0.00,193536.00,192512.00
1493157858,1808384.00,159744.00,5152768.00,55784243.20,15.00,7.00,71.00,0.00,0.00,6.00,0.00,0.00,14680064.00,25165824.00,0.00,0.00,182272.00,181248.00
1493157859,1810432.00,159744.00,5152768.00,55784243.20,20.00,9.00,66.00,0.00,0.00,5.00,0.00,155648.00,14680064.00,26214400.00,0.00,0.00,191488.00,191488.00
1493157860,1810432.00,159744.00,5152768.00,55784243.20,16.00,11.00,67.00,0.00,0.00,5.00,0.00,0.00,15728640.00,26214400.00,0.00,0.00,195584.00,193536.00
1493157861,1811456.00,159744.00,5152768.00,55784243.20,22.00,10.00,64.00,0.00,0.00,5.00,0.00,0.00,15728640.00,27262976.00,0.00,0.00,202752.00,202752.00
1493157862,1811456.00,159744.00,5152768.00,55784243.20,15.00,10.00,71.00,0.00,0.00,4.00,0.00,0.00,14680064.00,25165824.00,0.00,0.00,183296.00,182272.00
1493157863,1814528.00,159744.00,5152768.00,55784243.20,20.00,9.00,68.00,0.00,0.00,4.00,0.00,0.00,14680064.00,25165824.00,0.00,0.00,179200.00,179200.00
1493157864,1816576.00,159744.00,5152768.00,55784243.20,24.00,9.00,61.00,0.00,0.00,6.00,0.00,851968.00,15728640.00,27262976.00,0.00,0.00,198656.00,199680.00
1493157865,1816576.00,159744.00,5152768.00,55784243.20,15.00,9.00,71.00,0.00,0.00,5.00,0.00,0.00,14680064.00,24117248.00,0.00,0.00,177152.00,178176.00
1493157866,1817600.00,159744.00,5152768.00,55784243.20,16.00,10.00,69.00,0.00,0.00,6.00,0.00,0.00,14680064.00,25165824.00,0.00,0.00,179200.00,180224.00
1493157867,1817600.00,159744.00,5152768.00,55784243.20,18.00,12.00,64.00,0.00,0.00,7.00,0.00,0.00,16777216.00,28311552.00,0.00,0.00,206848.00,204800.00
1493157868,1820672.00,159744.00,5152768.00,55784243.20,19.00,8.00,69.00,0.00,0.00,5.00,0.00,0.00,14680064.00,25165824.00,0.00,0.00,184320.00,184320.00
1493157869,1820672.00,159744.00,5152768.00,55784243.20,15.00,9.00,72.00,0.00,0.00,4.00,0.00,114688.00,14680064.00,25165824.00,0.00,0.00,182272.00,181248.00
1493157870,1821696.00,159744.00,5152768.00,55784243.20,21.00,9.00,66.00,0.00,0.00,4.00,0.00,0.00,14680064.00,25165824.00,0.00,0.00,189440.00,189440.00
1493157871,1822720.00,159744.00,5152768.00,55784243.20,19.00,10.00,67.00,0.00,0.00,5.00,0.00,0.00,15728640.00,27262976.00,0.00,0.00,199680.00,197632.00
