--Probe dump file for probe: org.yardstickframework.probes.DStatProbe@4d6f5157 (class org.yardstickframework.probes.DStatProbe)
--Created Tue Apr 25 21:27:38 UTC 2017
--Benchmark config: BenchmarkConfiguration [memberId='0', driverNames='[IgniteSqlQueryBenchmark]', serverName='IgniteNode', threads=64, duration=300, warmup=60, dfltProbeClsNames=[ThroughputLatencyProbe, PercentileProbe, DStatProbe], propsFileName='yardstick/config/run.properties', packages=[org.yardstickframework, org.apache.ignite.yardstick], cmdArgs=[--outputFolder, /home/ubuntu/date-2504-204359-s-4-c-1-ver-2.0.0-SNAPSHOT-0be92732/yardstick/bin/../output/results-20170425-204411, -id, 0, -cfg, /home/ubuntu/date-2504-204359-s-4-c-1-ver-2.0.0-SNAPSHOT-0be92732/yardstick/bin/../config/ignite-config.xml, -nn, 5, -b, 1, -w, 60, -d, 300, -t, 64, -sm, FULL_SYNC, --client, -dn, IgniteSqlQueryBenchmark, -sn, IgniteNode, -ds, 2.0.0-SNAPSHOT-0be92732-sql-query-1-backup, --config, yardstick/config/run.properties, --logsFolder, /home/ubuntu/date-2504-204359-s-4-c-1-ver-2.0.0-SNAPSHOT-0be92732/yardstick/bin/../output/logs-20170425-204411/logs_drivers, --currentFolder, /home/ubuntu/date-2504-204359-s-4-c-1-ver-2.0.0-SNAPSHOT-0be92732, --scriptsFolder, /home/ubuntu/date-2504-204359-s-4-c-1-ver-2.0.0-SNAPSHOT-0be92732/yardstick/bin], probeWriter='null', customProps={ver=2.0.0-SNAPSHOT-0be92732- , b=1, d=300, SERVER_HOSTS=172.31.45.250,172.31.38.80,172.31.41.141,172.31.42.161, now0=`date +'%H%M%S'`, j=10, nodesNum=$((`echo ${SERVER_HOSTS} | tr ',' '' | wc -l` + `echo ${DRIVER_HOSTS} | tr ',' '' | wc -l`)), JVM_OPTS=${JVM_OPTS}" -Xms6g -Xmx6g -Xloggc:./gc${now0}.log -XX:+PrintGCDetails -verbose:gc -XX:+UseParNewGC -XX:+UseConcMarkSweepGC ", CONFIGS="-cfg ${SCRIPT_DIR}/../config/ignite-config.xml -nn ${nodesNum} -b ${b} -w ${w} -d ${d} -t ${t} -sm ${sm}  --client -dn IgnitePutBenchmark -sn IgniteNode -wom PRIMARY -ds ${ver}atomic-put-${b}-backup,-cfg ${SCRIPT_DIR}/../config/ignite-config.xml -nn ${nodesNum} -b ${b} -w ${w} -d ${d} -t ${t} -sm ${sm}  --client -dn IgnitePutGetBenchmark -sn IgniteNode -wom PRIMARY -ds ${ver}atomic-put-get-${b}-backup,-cfg ${SCRIPT_DIR}/../config/ignite-config.xml -nn ${nodesNum} -b ${b} -w ${w} -d ${d} -t ${t} -sm ${sm} -bs 6  --client -dn IgnitePutGetBatchBenchmark -wom PRIMARY -sn IgniteNode -ds ${ver}atomic-put-get-bs-6-${b}-backup,-cfg ${SCRIPT_DIR}/../config/ignite-config.xml -nn ${nodesNum} -b ${b} -w ${w} -d ${d} -t ${t} -sm ${sm}  --client -dn IgnitePutTxImplicitBenchmark -sn IgniteNode -ds ${ver}tx-optimistic-put-${b}-backup,-cfg ${SCRIPT_DIR}/../config/ignite-config.xml -nn ${nodesNum} -b ${b} -w ${w} -d ${d} -t ${t} -sm ${sm} -txc OPTIMISTIC  --client -dn IgnitePutGetTxBenchmark -sn IgniteNode -ds ${ver}tx-optim-repRead-put-get-${b}-backup,-cfg ${SCRIPT_DIR}/../config/ignite-config.xml -nn ${nodesNum} -b ${b} -w ${w} -d ${d} -t ${t} -sm ${sm} -txc PESSIMISTIC  --client -dn IgnitePutGetTxBenchmark -sn IgniteNode -ds ${ver}tx-pessim-repRead-put-get-${b}-backup,-cfg ${SCRIPT_DIR}/../config/ignite-config.xml -nn ${nodesNum} -b ${b} -w ${w} -d ${d} -t ${t} -sm ${sm} -txc OPTIMISTIC -txi SERIALIZABLE  --client -dn IgnitePutGetTxBenchmark -sn IgniteNode -ds ${ver}tx-opt-serial-put-get-${b}-backup,-cfg ${SCRIPT_DIR}/../config/ignite-config.xml -nn ${nodesNum} -b ${b} -w ${w} -d ${d} -t ${t} -sm ${sm}  --client -dn IgniteSqlQueryBenchmark -sn IgniteNode -ds ${ver}sql-query-${b}-backup,-cfg ${SCRIPT_DIR}/../config/ignite-config.xml -nn ${nodesNum} -b ${b} -w ${w} -d ${d} -t ${t} -sm ${sm}  --client -dn IgniteSqlQueryPutBenchmark -sn IgniteNode -ds ${ver}sql-query-put-${b}-backup,-cfg ${SCRIPT_DIR}/../config/ignite-config.xml -nn ${nodesNum} -b ${b} -w ${w} -d ${d} -t ${t} -sm ${sm} -bs 6  --client -dn IgnitePutAllBenchmark -wom PRIMARY -sn IgniteNode -ds ${ver}atomic-putAll-bs-6-${b}-backup,-cfg ${SCRIPT_DIR}/../config/ignite-config.xml -nn ${nodesNum} -b ${b} -w ${w} -d ${d} -t ${t} -sm ${sm} -bs 6  --client -dn IgnitePutAllTxBenchmark -sn IgniteNode -ds ${ver}tx-putAll-bs-6-${b}-backup,-cfg ${SCRIPT_DIR}/../config/ignite-config.xml -nn ${nodesNum} -b ${b} -w ${w} -d ${d} -t ${t} -sm ${sm} -bs 6  --client -dn IgnitePutAllSerializableTxBenchmark -sn IgniteNode -ds ${ver}tx-putAllSerializable-bs-6-${b}-backup,-cfg ${SCRIPT_DIR}/../config/ignite-config.xml -nn ${nodesNum} -b ${b} -w ${w} -d ${d} -t ${t} -sm ${sm} -bs 6 -txc OPTIMISTIC   --client -dn IgniteGetAllPutAllTxBenchmark -sn IgniteNode -ds ${ver}tx-optimistic-getAllPutAll-bs-6-${b}-backup,-cfg ${SCRIPT_DIR}/../config/ignite-config.xml -nn ${nodesNum} -b ${b} -w ${w} -d ${d} -t ${t} -sm ${sm} -bs 6 -txc PESSIMISTIC  --client -dn IgniteGetAllPutAllTxBenchmark -sn IgniteNode -ds ${ver}tx-pessimistic-getAllPutAll-bs-6-${b}-backup,-cfg ${SCRIPT_DIR}/../config/ignite-config.xml -nn ${nodesNum} -b ${b} -w ${w} -d ${d} -t ${t} -sm ${sm} -bs 6 -txc OPTIMISTIC -txi SERIALIZABLE  --client -dn IgniteGetAllPutAllTxBenchmark -sn IgniteNode -ds ${ver}tx-opt-serializable-getAllPutAll-bs-6-${b}-backup,", DRIVER_HOSTS=172.31.46.6, t=64, BENCHMARK_PACKAGES=org.yardstickframework,org.apache.ignite.yardstick, w=60, sm=FULL_SYNC, AUTO_COPY=false, RESTART_SERVERS=true}, shutdownHook=true, currentFolder=/home/ubuntu/date-2504-204359-s-4-c-1-ver-2.0.0-SNAPSHOT-0be92732, scriptsFolder=/home/ubuntu/date-2504-204359-s-4-c-1-ver-2.0.0-SNAPSHOT-0be92732/yardstick/bin, logsFolder=/home/ubuntu/date-2504-204359-s-4-c-1-ver-2.0.0-SNAPSHOT-0be92732/yardstick/bin/../output/logs-20170425-204411/logs_drivers, outputFolder=/home/ubuntu/date-2504-204359-s-4-c-1-ver-2.0.0-SNAPSHOT-0be92732/yardstick/bin/../output/results-20170425-204411, outputWriter=java.io.PrintStream@39689623, errorWriter=java.io.PrintStream@37af7f7e, descriptions=[2.0.0-SNAPSHOT-0be92732-sql-query-1-backup], hostName=]
--Description: 2.0.0-SNAPSHOT-0be92732-sql-query-1-backup
@@IgniteSqlQueryBenchmark
**"Time, sec","Memory Used, KB","Memory Buffered, KB","Memory Cached, KB","Memory Free, KB","CPU User, %","CPU System, %","CPU Idle, %","CPU Wait, %","CPU Hardware Interrupts","CPU Software Interrupts","Disk Read, B","Disk Write, B","Network Receive, B","Network Send, B","Page In, B","Page Out, B","System Interrupts, per sec","System Context Switches, per sec"
1493155719,1394688.00,157696.00,5140480.00,56203673.60,21.00,12.00,60.00,0.00,0.00,8.00,0.00,0.00,15728640.00,55574528.00,0.00,0.00,216064.00,254976.00
1493155720,1395712.00,157696.00,5140480.00,56203673.60,25.00,13.00,56.00,0.00,0.00,6.00,0.00,114688.00,15728640.00,56623104.00,0.00,0.00,214016.00,253952.00
1493155721,1394688.00,157696.00,5140480.00,56203673.60,21.00,11.00,63.00,0.00,0.00,4.00,0.00,0.00,13631488.00,50331648.00,0.00,0.00,186368.00,222208.00
1493155722,1394688.00,157696.00,5140480.00,56203673.60,14.00,9.00,72.00,0.00,0.00,4.00,0.00,204800.00,12582912.00,45088768.00,0.00,0.00,177152.00,207872.00
1493155723,1394688.00,157696.00,5140480.00,56203673.60,22.00,12.00,60.00,0.00,0.00,6.00,0.00,0.00,15728640.00,55574528.00,0.00,0.00,212992.00,250880.00
1493155724,1394688.00,157696.00,5140480.00,56203673.60,23.00,10.00,60.00,0.00,0.00,6.00,0.00,0.00,15728640.00,54525952.00,0.00,0.00,210944.00,249856.00
1493155725,1395712.00,157696.00,5140480.00,56203673.60,19.00,14.00,60.00,0.00,0.00,8.00,0.00,344064.00,15728640.00,55574528.00,0.00,0.00,216064.00,252928.00
1493155726,1394688.00,157696.00,5140480.00,56203673.60,23.00,10.00,60.00,0.00,0.00,7.00,0.00,0.00,15728640.00,56623104.00,0.00,0.00,218112.00,259072.00
1493155727,1395712.00,157696.00,5140480.00,56203673.60,22.00,13.00,58.00,0.00,0.00,7.00,0.00,131072.00,15728640.00,56623104.00,0.00,0.00,217088.00,254976.00
1493155728,1394688.00,157696.00,5140480.00,56203673.60,22.00,12.00,59.00,0.00,0.00,7.00,0.00,0.00,15728640.00,56623104.00,0.00,0.00,217088.00,256000.00
1493155729,1394688.00,157696.00,5140480.00,56203673.60,22.00,10.00,61.00,0.00,0.00,6.00,0.00,0.00,15728640.00,55574528.00,0.00,0.00,215040.00,252928.00
1493155730,1395712.00,157696.00,5140480.00,56203673.60,22.00,12.00,60.00,0.00,0.00,6.00,0.00,122880.00,15728640.00,56623104.00,0.00,0.00,214016.00,256000.00
1493155731,1394688.00,157696.00,5140480.00,56203673.60,21.00,13.00,59.00,0.00,0.00,7.00,0.00,0.00,15728640.00,55574528.00,0.00,0.00,215040.00,252928.00
1493155732,1394688.00,157696.00,5140480.00,56203673.60,24.00,12.00,58.00,0.00,0.00,6.00,0.00,114688.00,15728640.00,55574528.00,0.00,0.00,217088.00,253952.00
1493155733,1394688.00,157696.00,5140480.00,56203673.60,23.00,11.00,60.00,0.00,0.00,6.00,0.00,0.00,15728640.00,56623104.00,0.00,0.00,215040.00,253952.00
1493155734,1395712.00,157696.00,5140480.00,56203673.60,20.00,12.00,63.00,0.00,0.00,6.00,0.00,0.00,15728640.00,54525952.00,0.00,0.00,212992.00,249856.00
1493155735,1394688.00,157696.00,5140480.00,56203673.60,20.00,10.00,64.00,0.00,0.00,6.00,0.00,0.00,14680064.00,53477376.00,0.00,0.00,208896.00,246784.00
1493155736,1394688.00,157696.00,5140480.00,56203673.60,23.00,13.00,59.00,0.00,0.00,6.00,0.00,0.00,15728640.00,56623104.00,0.00,0.00,219136.00,256000.00
1493155737,1395712.00,157696.00,5140480.00,56203673.60,21.00,10.00,62.00,0.00,0.00,7.00,0.00,114688.00,15728640.00,55574528.00,0.00,0.00,215040.00,252928.00
1493155738,1395712.00,157696.00,5140480.00,56203673.60,21.00,12.00,60.00,0.00,0.00,6.00,0.00,0.00,15728640.00,56623104.00,0.00,0.00,217088.00,254976.00
1493155739,1395712.00,157696.00,5140480.00,56203673.60,22.00,10.00,61.00,0.00,0.00,7.00,0.00,0.00,15728640.00,56623104.00,0.00,0.00,217088.00,256000.00
1493155740,1395712.00,157696.00,5140480.00,56203673.60,21.00,12.00,62.00,0.00,0.00,6.00,0.00,0.00,15728640.00,55574528.00,0.00,0.00,215040.00,252928.00
1493155741,1395712.00,157696.00,5140480.00,56203673.60,17.00,10.00,67.00,0.00,0.00,5.00,0.00,0.00,14680064.00,51380224.00,0.00,0.00,201728.00,238592.00
1493155742,1395712.00,157696.00,5140480.00,56203673.60,22.00,11.00,61.00,0.00,0.00,6.00,0.00,114688.00,14680064.00,52428800.00,0.00,0.00,203776.00,241664.00
1493155743,1394688.00,157696.00,5140480.00,56203673.60,20.00,9.00,66.00,0.00,0.00,5.00,0.00,0.00,14680064.00,52428800.00,0.00,0.00,198656.00,240640.00
1493155744,1395712.00,157696.00,5140480.00,56203673.60,17.00,7.00,72.00,0.00,0.00,4.00,0.00,0.00,12582912.00,44040192.00,0.00,0.00,172032.00,203776.00
1493155745,1395712.00,157696.00,5140480.00,56203673.60,22.00,9.00,63.00,0.00,0.00,6.00,0.00,73728.00,14680064.00,52428800.00,0.00,0.00,200704.00,236544.00
1493155746,1395712.00,157696.00,5140480.00,56203673.60,22.00,11.00,61.00,0.00,0.00,7.00,0.00,0.00,15728640.00,56623104.00,0.00,0.00,220160.00,260096.00
1493155747,1395712.00,157696.00,5140480.00,56203673.60,22.00,11.00,60.00,0.00,0.00,6.00,0.00,147456.00,15728640.00,56623104.00,0.00,0.00,218112.00,254976.00
1493155748,1395712.00,157696.00,5140480.00,56203673.60,21.00,11.00,61.00,0.00,0.00,7.00,0.00,0.00,15728640.00,54525952.00,0.00,0.00,210944.00,245760.00
1493155749,1395712.00,157696.00,5140480.00,56203673.60,22.00,10.00,61.00,0.00,0.00,7.00,0.00,0.00,15728640.00,56623104.00,0.00,0.00,219136.00,258048.00
1493155750,1395712.00,157696.00,5140480.00,56203673.60,23.00,12.00,59.00,0.00,0.00,6.00,0.00,65536.00,15728640.00,55574528.00,0.00,0.00,219136.00,256000.00
1493155751,1395712.00,157696.00,5140480.00,56203673.60,20.00,11.00,63.00,0.00,0.00,7.00,0.00,0.00,15728640.00,55574528.00,0.00,0.00,218112.00,257024.00
1493155752,1396736.00,157696.00,5140480.00,56203673.60,22.00,11.00,60.00,0.00,0.00,6.00,0.00,180224.00,15728640.00,56623104.00,0.00,0.00,222208.00,260096.00
1493155753,1395712.00,157696.00,5140480.00,56203673.60,22.00,11.00,62.00,0.00,0.00,6.00,0.00,0.00,15728640.00,55574528.00,0.00,0.00,214016.00,250880.00
1493155754,1394688.00,157696.00,5140480.00,56203673.60,20.00,10.00,64.00,0.00,0.00,6.00,0.00,0.00,14680064.00,53477376.00,0.00,0.00,208896.00,245760.00
1493155755,1395712.00,157696.00,5140480.00,56203673.60,25.00,12.00,56.00,0.00,0.00,7.00,0.00,155648.00,15728640.00,57671680.00,0.00,0.00,222208.00,262144.00
1493155756,1395712.00,157696.00,5140480.00,56203673.60,20.00,12.00,62.00,0.00,0.00,6.00,0.00,0.00,15728640.00,55574528.00,0.00,0.00,215040.00,253952.00
1493155757,1395712.00,157696.00,5140480.00,56203673.60,20.00,11.00,63.00,0.00,0.00,6.00,0.00,188416.00,15728640.00,55574528.00,0.00,0.00,219136.00,257024.00
1493155758,1394688.00,157696.00,5140480.00,56203673.60,24.00,14.00,56.00,0.00,0.00,6.00,0.00,0.00,16777216.00,58720256.00,0.00,0.00,226304.00,267264.00
1493155759,1395712.00,157696.00,5140480.00,56203673.60,21.00,10.00,62.00,0.00,0.00,7.00,0.00,0.00,15728640.00,56623104.00,0.00,0.00,215040.00,254976.00
1493155760,1395712.00,157696.00,5140480.00,56203673.60,23.00,12.00,60.00,0.00,0.00,5.00,0.00,344064.00,15728640.00,56623104.00,0.00,0.00,217088.00,254976.00
1493155761,1396736.00,157696.00,5140480.00,56203673.60,22.00,11.00,61.00,0.00,0.00,6.00,0.00,0.00,16777216.00,58720256.00,0.00,0.00,224256.00,265216.00
1493155762,1395712.00,157696.00,5140480.00,56203673.60,22.00,11.00,61.00,0.00,0.00,6.00,0.00,131072.00,15728640.00,55574528.00,0.00,0.00,214016.00,251904.00
1493155763,1395712.00,157696.00,5140480.00,56203673.60,22.00,12.00,60.00,0.00,0.00,7.00,0.00,0.00,15728640.00,57671680.00,0.00,0.00,216064.00,256000.00
1493155764,1395712.00,157696.00,5140480.00,56203673.60,23.00,12.00,58.00,0.00,0.00,7.00,0.00,0.00,16777216.00,57671680.00,0.00,0.00,221184.00,263168.00
1493155765,1395712.00,157696.00,5140480.00,56203673.60,21.00,12.00,62.00,0.00,0.00,6.00,0.00,147456.00,14680064.00,53477376.00,0.00,0.00,208896.00,243712.00
1493155766,1395712.00,157696.00,5140480.00,56203673.60,19.00,9.00,65.00,0.00,0.00,7.00,0.00,0.00,14680064.00,53477376.00,0.00,0.00,212992.00,249856.00
1493155767,1395712.00,157696.00,5140480.00,56203673.60,23.00,12.00,59.00,0.00,0.00,6.00,0.00,114688.00,16777216.00,57671680.00,0.00,0.00,225280.00,265216.00
1493155768,1396736.00,157696.00,5140480.00,56203673.60,21.00,11.00,62.00,0.00,0.00,6.00,0.00,0.00,15728640.00,54525952.00,0.00,0.00,212992.00,249856.00
1493155769,1395712.00,157696.00,5140480.00,56203673.60,22.00,10.00,62.00,0.00,0.00,6.00,0.00,0.00,15728640.00,55574528.00,0.00,0.00,217088.00,256000.00
1493155770,1395712.00,157696.00,5140480.00,56203673.60,21.00,14.00,58.00,0.00,0.00,7.00,0.00,0.00,15728640.00,55574528.00,0.00,0.00,222208.00,259072.00
1493155771,1395712.00,157696.00,5140480.00,56203673.60,22.00,11.00,61.00,0.00,0.00,6.00,0.00,0.00,15728640.00,55574528.00,0.00,0.00,211968.00,250880.00
1493155772,1395712.00,157696.00,5140480.00,56203673.60,20.00,10.00,65.00,0.00,0.00,6.00,0.00,114688.00,14680064.00,53477376.00,0.00,0.00,205824.00,244736.00
1493155773,1395712.00,157696.00,5140480.00,56203673.60,22.00,12.00,60.00,0.00,0.00,6.00,0.00,0.00,15728640.00,55574528.00,0.00,0.00,222208.00,258048.00
1493155774,1396736.00,157696.00,5140480.00,56203673.60,23.00,12.00,59.00,0.00,0.00,6.00,0.00,0.00,15728640.00,55574528.00,0.00,0.00,216064.00,254976.00
1493155775,1395712.00,157696.00,5140480.00,56203673.60,20.00,12.00,61.00,0.00,0.00,7.00,0.00,40960.00,15728640.00,56623104.00,0.00,0.00,216064.00,256000.00
1493155776,1395712.00,157696.00,5140480.00,56203673.60,19.00,11.00,62.00,0.00,0.00,7.00,0.00,0.00,14680064.00,53477376.00,0.00,0.00,209920.00,246784.00
1493155777,1395712.00,157696.00,5140480.00,56203673.60,22.00,12.00,59.00,0.00,0.00,7.00,0.00,114688.00,15728640.00,55574528.00,0.00,0.00,217088.00,256000.00
1493155778,1395712.00,157696.00,5140480.00,56203673.60,23.00,12.00,59.00,0.00,0.00,7.00,0.00,0.00,15728640.00,56623104.00,0.00,0.00,222208.00,260096.00
1493155779,1395712.00,157696.00,5140480.00,56203673.60,19.00,9.00,64.00,0.00,0.00,7.00,0.00,0.00,15728640.00,55574528.00,0.00,0.00,216064.00,253952.00
1493155780,1395712.00,157696.00,5140480.00,56203673.60,23.00,12.00,60.00,0.00,0.00,6.00,0.00,49152.00,15728640.00,55574528.00,0.00,0.00,217088.00,256000.00
1493155781,1395712.00,157696.00,5140480.00,56203673.60,21.00,12.00,61.00,0.00,0.00,5.00,0.00,0.00,15728640.00,55574528.00,0.00,0.00,218112.00,254976.00
1493155782,1395712.00,157696.00,5140480.00,56203673.60,19.00,11.00,64.00,0.00,0.00,6.00,0.00,155648.00,14680064.00,51380224.00,0.00,0.00,202752.00,237568.00
1493155783,1395712.00,157696.00,5140480.00,56203673.60,15.00,7.00,74.00,0.00,0.00,4.00,0.00,0.00,11534336.00,40894464.00,0.00,0.00,157696.00,186368.00
1493155784,1396736.00,157696.00,5140480.00,56203673.60,22.00,12.00,58.00,0.00,0.00,7.00,0.00,0.00,15728640.00,56623104.00,0.00,0.00,222208.00,260096.00
1493155785,1395712.00,157696.00,5140480.00,56203673.60,21.00,12.00,60.00,0.00,0.00,7.00,0.00,49152.00,15728640.00,54525952.00,0.00,0.00,218112.00,253952.00
1493155786,1396736.00,157696.00,5140480.00,56203673.60,21.00,13.00,59.00,0.00,0.00,7.00,0.00,0.00,15728640.00,56623104.00,0.00,0.00,224256.00,261120.00
1493155787,1396736.00,157696.00,5140480.00,56203673.60,22.00,13.00,59.00,0.00,0.00,6.00,0.00,172032.00,15728640.00,55574528.00,0.00,0.00,220160.00,257024.00
1493155788,1395712.00,157696.00,5140480.00,56203673.60,22.00,11.00,61.00,0.00,0.00,6.00,0.00,0.00,15728640.00,56623104.00,0.00,0.00,219136.00,259072.00
1493155789,1396736.00,157696.00,5140480.00,56203673.60,22.00,13.00,58.00,0.00,0.00,7.00,0.00,0.00,15728640.00,57671680.00,0.00,0.00,222208.00,260096.00
1493155790,1396736.00,157696.00,5140480.00,56203673.60,23.00,9.00,62.00,0.00,0.00,7.00,0.00,139264.00,15728640.00,56623104.00,0.00,0.00,217088.00,256000.00
1493155791,1396736.00,157696.00,5140480.00,56203673.60,23.00,12.00,60.00,0.00,0.00,6.00,0.00,0.00,15728640.00,55574528.00,0.00,0.00,212992.00,250880.00
1493155792,1396736.00,157696.00,5140480.00,56203673.60,24.00,13.00,57.00,0.00,0.00,7.00,0.00,0.00,16777216.00,57671680.00,0.00,0.00,221184.00,263168.00
1493155793,1396736.00,157696.00,5140480.00,56203673.60,21.00,12.00,60.00,0.00,0.00,7.00,0.00,163840.00,15728640.00,57671680.00,0.00,0.00,217088.00,257024.00
1493155794,1395712.00,157696.00,5140480.00,56203673.60,21.00,12.00,60.00,0.00,0.00,8.00,0.00,0.00,15728640.00,56623104.00,0.00,0.00,218112.00,259072.00
1493155795,1396736.00,157696.00,5140480.00,56203673.60,23.00,11.00,60.00,0.00,0.00,7.00,0.00,319488.00,15728640.00,55574528.00,0.00,0.00,215040.00,254976.00
1493155796,1395712.00,157696.00,5140480.00,56203673.60,22.00,13.00,59.00,0.00,0.00,6.00,0.00,0.00,15728640.00,56623104.00,0.00,0.00,218112.00,258048.00
1493155797,1395712.00,157696.00,5140480.00,56203673.60,22.00,13.00,58.00,0.00,0.00,7.00,0.00,0.00,15728640.00,57671680.00,0.00,0.00,219136.00,260096.00
1493155798,1395712.00,157696.00,5140480.00,56203673.60,22.00,12.00,58.00,0.00,0.00,8.00,0.00,131072.00,15728640.00,56623104.00,0.00,0.00,220160.00,259072.00
1493155799,1395712.00,157696.00,5140480.00,56203673.60,22.00,13.00,58.00,0.00,0.00,7.00,0.00,0.00,15728640.00,57671680.00,0.00,0.00,220160.00,260096.00
1493155800,1396736.00,157696.00,5140480.00,56203673.60,22.00,10.00,61.00,0.00,0.00,8.00,0.00,122880.00,15728640.00,55574528.00,0.00,0.00,215040.00,251904.00
1493155801,1395712.00,157696.00,5140480.00,56203673.60,17.00,10.00,68.00,0.00,0.00,5.00,0.00,0.00,13631488.00,50331648.00,0.00,0.00,197632.00,233472.00
1493155802,1395712.00,157696.00,5140480.00,56203673.60,22.00,14.00,59.00,0.00,0.00,5.00,0.00,0.00,15728640.00,54525952.00,0.00,0.00,209920.00,253952.00
1493155803,1396736.00,157696.00,5140480.00,56203673.60,19.00,11.00,64.00,0.00,0.00,6.00,0.00,114688.00,15728640.00,54525952.00,0.00,0.00,205824.00,252928.00
1493155804,1396736.00,157696.00,5140480.00,56203673.60,22.00,10.00,61.00,0.00,0.00,7.00,0.00,0.00,15728640.00,55574528.00,0.00,0.00,216064.00,253952.00
1493155805,1395712.00,157696.00,5140480.00,56203673.60,21.00,10.00,62.00,0.00,0.00,7.00,0.00,40960.00,15728640.00,56623104.00,0.00,0.00,220160.00,258048.00
1493155806,1395712.00,157696.00,5140480.00,56203673.60,24.00,10.00,60.00,0.00,0.00,6.00,0.00,0.00,15728640.00,55574528.00,0.00,0.00,211968.00,250880.00
1493155807,1396736.00,157696.00,5140480.00,56203673.60,21.00,11.00,61.00,0.00,0.00,7.00,0.00,0.00,15728640.00,56623104.00,0.00,0.00,221184.00,259072.00
1493155808,1396736.00,157696.00,5140480.00,56203673.60,21.00,10.00,61.00,0.00,0.00,7.00,0.00,114688.00,15728640.00,56623104.00,0.00,0.00,218112.00,257024.00
1493155809,1395712.00,157696.00,5140480.00,56203673.60,23.00,11.00,61.00,0.00,0.00,5.00,0.00,0.00,15728640.00,54525952.00,0.00,0.00,212992.00,250880.00
1493155810,1395712.00,157696.00,5140480.00,56203673.60,21.00,12.00,62.00,0.00,0.00,5.00,0.00,0.00,15728640.00,56623104.00,0.00,0.00,218112.00,257024.00
1493155811,1396736.00,157696.00,5140480.00,56203673.60,21.00,10.00,60.00,0.00,0.00,8.00,0.00,0.00,15728640.00,55574528.00,0.00,0.00,215040.00,253952.00
1493155812,1395712.00,157696.00,5140480.00,56203673.60,24.00,11.00,60.00,0.00,0.00,5.00,0.00,0.00,15728640.00,56623104.00,0.00,0.00,217088.00,257024.00
1493155813,1396736.00,157696.00,5140480.00,56203673.60,24.00,12.00,58.00,0.00,0.00,6.00,0.00,114688.00,15728640.00,56623104.00,0.00,0.00,216064.00,257024.00
1493155814,1395712.00,157696.00,5140480.00,56203673.60,22.00,11.00,60.00,0.00,0.00,7.00,0.00,0.00,15728640.00,56623104.00,0.00,0.00,218112.00,257024.00
1493155815,1395712.00,157696.00,5140480.00,56203673.60,21.00,14.00,60.00,0.00,0.00,5.00,0.00,40960.00,15728640.00,56623104.00,0.00,0.00,218112.00,257024.00
1493155816,1395712.00,157696.00,5140480.00,56203673.60,21.00,12.00,60.00,0.00,0.00,7.00,0.00,0.00,15728640.00,56623104.00,0.00,0.00,218112.00,257024.00
1493155817,1396736.00,157696.00,5140480.00,56203673.60,23.00,12.00,58.00,0.00,0.00,7.00,0.00,0.00,16777216.00,58720256.00,0.00,0.00,223232.00,265216.00
1493155818,1396736.00,157696.00,5140480.00,56203673.60,22.00,12.00,59.00,0.00,0.00,7.00,0.00,147456.00,15728640.00,55574528.00,0.00,0.00,212992.00,251904.00
1493155819,1395712.00,157696.00,5140480.00,56203673.60,19.00,12.00,62.00,0.00,0.00,7.00,0.00,0.00,15728640.00,55574528.00,0.00,0.00,217088.00,253952.00
1493155820,1396736.00,157696.00,5140480.00,56203673.60,22.00,14.00,58.00,0.00,0.00,6.00,0.00,40960.00,15728640.00,57671680.00,0.00,0.00,217088.00,257024.00
1493155821,1396736.00,157696.00,5140480.00,56203673.60,21.00,12.00,61.00,0.00,0.00,7.00,0.00,0.00,15728640.00,55574528.00,0.00,0.00,211968.00,251904.00
1493155822,1395712.00,157696.00,5140480.00,56203673.60,22.00,13.00,60.00,0.00,0.00,6.00,0.00,0.00,15728640.00,55574528.00,0.00,0.00,212992.00,250880.00
1493155823,1395712.00,157696.00,5140480.00,56203673.60,21.00,13.00,59.00,0.00,0.00,6.00,0.00,286720.00,15728640.00,56623104.00,0.00,0.00,222208.00,260096.00
1493155824,1396736.00,157696.00,5140480.00,56203673.60,22.00,12.00,60.00,0.00,0.00,6.00,0.00,0.00,15728640.00,56623104.00,0.00,0.00,218112.00,258048.00
1493155825,1396736.00,157696.00,5140480.00,56203673.60,21.00,10.00,63.00,0.00,0.00,7.00,0.00,131072.00,15728640.00,55574528.00,0.00,0.00,212992.00,251904.00
1493155826,1396736.00,157696.00,5140480.00,56203673.60,20.00,12.00,62.00,0.00,0.00,7.00,0.00,0.00,15728640.00,56623104.00,0.00,0.00,212992.00,251904.00
1493155827,1396736.00,157696.00,5140480.00,56203673.60,20.00,12.00,62.00,0.00,0.00,7.00,0.00,0.00,15728640.00,54525952.00,0.00,0.00,211968.00,249856.00
1493155828,1396736.00,157696.00,5140480.00,56203673.60,21.00,11.00,61.00,0.00,0.00,7.00,0.00,0.00,15728640.00,56623104.00,0.00,0.00,217088.00,256000.00
1493155829,1396736.00,157696.00,5140480.00,56203673.60,24.00,10.00,59.00,0.00,0.00,7.00,0.00,204800.00,15728640.00,55574528.00,0.00,0.00,219136.00,258048.00
1493155830,1396736.00,157696.00,5140480.00,56203673.60,20.00,11.00,63.00,0.00,0.00,6.00,0.00,344064.00,15728640.00,55574528.00,0.00,0.00,212992.00,251904.00
1493155831,1396736.00,157696.00,5140480.00,56203673.60,21.00,13.00,60.00,0.00,0.00,7.00,0.00,0.00,15728640.00,56623104.00,0.00,0.00,219136.00,259072.00
1493155832,1396736.00,157696.00,5140480.00,56203673.60,24.00,11.00,60.00,0.00,0.00,6.00,0.00,0.00,15728640.00,56623104.00,0.00,0.00,218112.00,257024.00
1493155833,1396736.00,157696.00,5140480.00,56203673.60,24.00,10.00,62.00,0.00,0.00,5.00,0.00,0.00,14680064.00,52428800.00,0.00,0.00,202752.00,238592.00
1493155834,1397760.00,157696.00,5140480.00,56203673.60,23.00,12.00,59.00,0.00,0.00,6.00,0.00,131072.00,15728640.00,56623104.00,0.00,0.00,218112.00,256000.00
1493155835,1397760.00,157696.00,5140480.00,56203673.60,27.00,12.00,56.00,0.00,0.00,6.00,0.00,196608.00,15728640.00,57671680.00,0.00,0.00,221184.00,262144.00
1493155836,1397760.00,157696.00,5140480.00,56203673.60,22.00,9.00,63.00,0.00,0.00,6.00,0.00,0.00,15728640.00,55574528.00,0.00,0.00,214016.00,252928.00
1493155837,1397760.00,157696.00,5140480.00,56203673.60,23.00,12.00,59.00,0.00,0.00,6.00,0.00,0.00,15728640.00,56623104.00,0.00,0.00,211968.00,252928.00
1493155838,1397760.00,157696.00,5140480.00,56203673.60,22.00,12.00,61.00,0.00,0.00,6.00,0.00,0.00,15728640.00,57671680.00,0.00,0.00,219136.00,260096.00
1493155839,1397760.00,157696.00,5140480.00,56203673.60,21.00,12.00,61.00,0.00,0.00,6.00,0.00,114688.00,15728640.00,54525952.00,0.00,0.00,210944.00,248832.00
1493155840,1397760.00,157696.00,5140480.00,56203673.60,21.00,13.00,59.00,0.00,0.00,7.00,0.00,0.00,15728640.00,57671680.00,0.00,0.00,219136.00,262144.00
1493155841,1397760.00,157696.00,5140480.00,56203673.60,22.00,14.00,58.00,0.00,0.00,6.00,0.00,0.00,15728640.00,57671680.00,0.00,0.00,220160.00,260096.00
1493155842,1397760.00,157696.00,5140480.00,56203673.60,23.00,12.00,60.00,0.00,0.00,5.00,0.00,0.00,15728640.00,55574528.00,0.00,0.00,215040.00,252928.00
1493155843,1396736.00,157696.00,5140480.00,56203673.60,23.00,12.00,59.00,0.00,0.00,6.00,0.00,0.00,15728640.00,57671680.00,0.00,0.00,220160.00,260096.00
1493155844,1395712.00,157696.00,5140480.00,56203673.60,18.00,9.00,67.00,0.00,0.00,5.00,0.00,122880.00,13631488.00,49283072.00,0.00,0.00,191488.00,225280.00
1493155845,1396736.00,157696.00,5140480.00,56203673.60,19.00,8.00,69.00,0.00,0.00,4.00,0.00,0.00,12582912.00,46137344.00,0.00,0.00,176128.00,208896.00
1493155846,1396736.00,157696.00,5140480.00,56203673.60,25.00,11.00,58.00,0.00,0.00,6.00,0.00,0.00,15728640.00,55574528.00,0.00,0.00,216064.00,253952.00
1493155847,1396736.00,157696.00,5140480.00,56203673.60,20.00,11.00,62.00,0.00,0.00,7.00,0.00,0.00,14680064.00,54525952.00,0.00,0.00,206848.00,244736.00
1493155848,1396736.00,157696.00,5140480.00,56203673.60,21.00,12.00,60.00,0.00,0.00,6.00,0.00,0.00,16777216.00,58720256.00,0.00,0.00,220160.00,261120.00
1493155849,1396736.00,157696.00,5140480.00,56203673.60,23.00,12.00,58.00,0.00,0.00,7.00,0.00,114688.00,16777216.00,57671680.00,0.00,0.00,223232.00,263168.00
1493155850,1396736.00,157696.00,5140480.00,56203673.60,18.00,12.00,63.00,0.00,0.00,7.00,0.00,40960.00,15728640.00,54525952.00,0.00,0.00,212992.00,248832.00
1493155851,1395712.00,157696.00,5140480.00,56203673.60,23.00,13.00,58.00,0.00,0.00,7.00,0.00,0.00,15728640.00,57671680.00,0.00,0.00,221184.00,261120.00
1493155852,1396736.00,157696.00,5140480.00,56203673.60,23.00,11.00,59.00,0.00,0.00,8.00,0.00,0.00,15728640.00,56623104.00,0.00,0.00,221184.00,260096.00
1493155853,1396736.00,157696.00,5140480.00,56203673.60,18.00,10.00,67.00,0.00,0.00,5.00,0.00,0.00,13631488.00,48234496.00,0.00,0.00,187392.00,221184.00
1493155854,1396736.00,157696.00,5140480.00,56203673.60,20.00,11.00,63.00,0.00,0.00,5.00,0.00,147456.00,14680064.00,54525952.00,0.00,0.00,207872.00,245760.00
1493155855,1396736.00,157696.00,5140480.00,56203673.60,20.00,10.00,64.00,0.00,0.00,7.00,0.00,57344.00,14680064.00,50331648.00,0.00,0.00,199680.00,234496.00
1493155856,1396736.00,157696.00,5140480.00,56203673.60,24.00,11.00,59.00,0.00,0.00,6.00,0.00,0.00,15728640.00,55574528.00,0.00,0.00,217088.00,256000.00
1493155857,1396736.00,157696.00,5140480.00,56203673.60,22.00,13.00,58.00,0.00,0.00,7.00,0.00,0.00,16777216.00,58720256.00,0.00,0.00,219136.00,262144.00
1493155858,1397760.00,157696.00,5140480.00,56203673.60,24.00,11.00,59.00,0.00,0.00,6.00,0.00,0.00,15728640.00,56623104.00,0.00,0.00,216064.00,256000.00
1493155859,1396736.00,157696.00,5140480.00,56203673.60,25.00,12.00,58.00,0.00,0.00,6.00,0.00,172032.00,15728640.00,57671680.00,0.00,0.00,219136.00,261120.00
1493155860,1396736.00,157696.00,5140480.00,56203673.60,20.00,11.00,61.00,0.00,0.00,7.00,0.00,147456.00,15728640.00,56623104.00,0.00,0.00,215040.00,256000.00
1493155861,1395712.00,157696.00,5140480.00,56203673.60,22.00,10.00,63.00,0.00,0.00,5.00,0.00,0.00,14680064.00,52428800.00,0.00,0.00,202752.00,240640.00
1493155862,1396736.00,157696.00,5140480.00,56203673.60,21.00,10.00,64.00,0.00,0.00,5.00,0.00,0.00,14680064.00,54525952.00,0.00,0.00,206848.00,250880.00
1493155863,1396736.00,157696.00,5140480.00,56203673.60,23.00,12.00,59.00,0.00,0.00,6.00,0.00,0.00,15728640.00,56623104.00,0.00,0.00,217088.00,254976.00
1493155864,1396736.00,157696.00,5140480.00,56203673.60,20.00,12.00,61.00,0.00,0.00,6.00,0.00,221184.00,15728640.00,55574528.00,0.00,0.00,211968.00,249856.00
1493155865,1396736.00,157696.00,5140480.00,56203673.60,21.00,13.00,60.00,0.00,0.00,6.00,0.00,393216.00,15728640.00,55574528.00,0.00,0.00,216064.00,253952.00
1493155866,1396736.00,157696.00,5140480.00,56203673.60,22.00,12.00,60.00,0.00,0.00,6.00,0.00,0.00,15728640.00,57671680.00,0.00,0.00,215040.00,258048.00
1493155867,1396736.00,157696.00,5140480.00,56203673.60,22.00,11.00,61.00,0.00,0.00,5.00,0.00,0.00,15728640.00,55574528.00,0.00,0.00,212992.00,256000.00
1493155868,1396736.00,157696.00,5140480.00,56203673.60,20.00,12.00,63.00,0.00,0.00,5.00,0.00,0.00,15728640.00,56623104.00,0.00,0.00,212992.00,257024.00
1493155869,1395712.00,157696.00,5140480.00,56203673.60,24.00,13.00,57.00,0.00,0.00,6.00,0.00,131072.00,15728640.00,56623104.00,0.00,0.00,219136.00,258048.00
1493155870,1396736.00,157696.00,5140480.00,56203673.60,21.00,11.00,61.00,0.00,0.00,7.00,0.00,180224.00,15728640.00,55574528.00,0.00,0.00,212992.00,250880.00
1493155871,1396736.00,157696.00,5140480.00,56203673.60,21.00,12.00,61.00,0.00,0.00,7.00,0.00,0.00,15728640.00,55574528.00,0.00,0.00,214016.00,250880.00
1493155872,1396736.00,157696.00,5140480.00,56203673.60,20.00,13.00,60.00,0.00,0.00,7.00,0.00,0.00,15728640.00,56623104.00,0.00,0.00,220160.00,258048.00
1493155873,1396736.00,157696.00,5140480.00,56203673.60,21.00,12.00,61.00,0.00,0.00,6.00,0.00,0.00,15728640.00,55574528.00,0.00,0.00,215040.00,252928.00
1493155874,1396736.00,157696.00,5140480.00,56203673.60,22.00,11.00,60.00,0.00,0.00,7.00,0.00,114688.00,16777216.00,58720256.00,0.00,0.00,223232.00,264192.00
1493155875,1395712.00,157696.00,5140480.00,56203673.60,22.00,11.00,60.00,0.00,0.00,7.00,0.00,8192.00,15728640.00,56623104.00,0.00,0.00,215040.00,253952.00
1493155876,1396736.00,157696.00,5140480.00,56203673.60,23.00,10.00,61.00,0.00,0.00,6.00,0.00,0.00,15728640.00,57671680.00,0.00,0.00,216064.00,256000.00
1493155877,1396736.00,157696.00,5140480.00,56203673.60,23.00,14.00,56.00,0.00,0.00,7.00,0.00,0.00,16777216.00,57671680.00,0.00,0.00,221184.00,263168.00
1493155878,1396736.00,157696.00,5140480.00,56203673.60,21.00,11.00,61.00,0.00,0.00,7.00,0.00,0.00,15728640.00,55574528.00,0.00,0.00,209920.00,248832.00
1493155879,1397760.00,157696.00,5140480.00,56203673.60,20.00,13.00,60.00,0.00,0.00,6.00,0.00,114688.00,15728640.00,56623104.00,0.00,0.00,215040.00,254976.00
1493155880,1396736.00,157696.00,5141504.00,56203673.60,24.00,10.00,60.00,0.00,0.00,6.00,0.00,0.00,15728640.00,57671680.00,0.00,0.00,210944.00,259072.00
1493155881,1397760.00,157696.00,5141504.00,56203673.60,21.00,11.00,62.00,0.00,0.00,6.00,0.00,0.00,15728640.00,54525952.00,0.00,0.00,205824.00,248832.00
1493155882,1396736.00,157696.00,5141504.00,56203673.60,21.00,11.00,62.00,0.00,0.00,6.00,0.00,0.00,15728640.00,54525952.00,0.00,0.00,205824.00,245760.00
1493155883,1395712.00,157696.00,5141504.00,56203673.60,22.00,12.00,60.00,0.00,0.00,6.00,0.00,0.00,15728640.00,57671680.00,0.00,0.00,221184.00,264192.00
1493155884,1396736.00,157696.00,5141504.00,56203673.60,21.00,12.00,61.00,0.00,0.00,6.00,0.00,114688.00,15728640.00,56623104.00,0.00,0.00,208896.00,256000.00
1493155885,1396736.00,157696.00,5141504.00,56203673.60,21.00,12.00,61.00,0.00,0.00,6.00,0.00,49152.00,15728640.00,55574528.00,0.00,0.00,212992.00,253952.00
1493155886,1396736.00,157696.00,5141504.00,56203673.60,22.00,13.00,59.00,0.00,0.00,6.00,0.00,0.00,16777216.00,59768832.00,0.00,0.00,222208.00,267264.00
1493155887,1396736.00,157696.00,5141504.00,56203673.60,26.00,12.00,56.00,0.00,0.00,6.00,0.00,0.00,15728640.00,56623104.00,0.00,0.00,211968.00,253952.00
1493155888,1396736.00,157696.00,5141504.00,56203673.60,21.00,10.00,64.00,0.00,0.00,6.00,0.00,0.00,15728640.00,54525952.00,0.00,0.00,209920.00,249856.00
1493155889,1396736.00,157696.00,5141504.00,56203673.60,23.00,11.00,60.00,0.00,0.00,6.00,0.00,155648.00,15728640.00,57671680.00,0.00,0.00,217088.00,262144.00
1493155890,1396736.00,157696.00,5141504.00,56203673.60,20.00,10.00,64.00,0.00,0.00,6.00,0.00,40960.00,15728640.00,55574528.00,0.00,0.00,207872.00,249856.00
1493155891,1396736.00,157696.00,5141504.00,56203673.60,21.00,12.00,61.00,0.00,0.00,6.00,0.00,0.00,15728640.00,55574528.00,0.00,0.00,209920.00,250880.00
1493155892,1396736.00,157696.00,5141504.00,56203673.60,24.00,11.00,59.00,0.00,0.00,6.00,0.00,0.00,15728640.00,56623104.00,0.00,0.00,220160.00,259072.00
1493155893,1396736.00,157696.00,5141504.00,56203673.60,21.00,12.00,62.00,0.00,0.00,6.00,0.00,0.00,14680064.00,53477376.00,0.00,0.00,202752.00,241664.00
1493155894,1396736.00,157696.00,5141504.00,56203673.60,21.00,12.00,60.00,0.00,0.00,7.00,0.00,139264.00,15728640.00,56623104.00,0.00,0.00,215040.00,257024.00
1493155895,1396736.00,157696.00,5141504.00,56203673.60,22.00,13.00,58.00,0.00,0.00,6.00,0.00,180224.00,15728640.00,57671680.00,0.00,0.00,216064.00,258048.00
1493155896,1396736.00,157696.00,5141504.00,56203673.60,23.00,12.00,60.00,0.00,0.00,5.00,0.00,0.00,15728640.00,55574528.00,0.00,0.00,210944.00,251904.00
1493155897,1396736.00,157696.00,5141504.00,56203673.60,21.00,12.00,60.00,0.00,0.00,6.00,0.00,0.00,15728640.00,56623104.00,0.00,0.00,216064.00,257024.00
1493155898,1396736.00,157696.00,5141504.00,56203673.60,23.00,11.00,60.00,0.00,0.00,6.00,0.00,0.00,15728640.00,57671680.00,0.00,0.00,218112.00,262144.00
1493155899,1396736.00,157696.00,5141504.00,56203673.60,20.00,13.00,61.00,0.00,0.00,6.00,0.00,212992.00,15728640.00,55574528.00,0.00,0.00,214016.00,252928.00
1493155900,1396736.00,157696.00,5141504.00,56203673.60,15.00,7.00,73.00,0.00,0.00,5.00,0.00,311296.00,12582912.00,46137344.00,0.00,0.00,180224.00,212992.00
1493155901,1396736.00,157696.00,5141504.00,56203673.60,18.00,8.00,69.00,0.00,0.00,5.00,0.00,0.00,13631488.00,49283072.00,0.00,0.00,191488.00,227328.00
1493155902,1396736.00,157696.00,5141504.00,56203673.60,20.00,11.00,62.00,0.00,0.00,6.00,0.00,0.00,15728640.00,55574528.00,0.00,0.00,212992.00,253952.00
1493155903,1396736.00,157696.00,5141504.00,56203673.60,21.00,12.00,61.00,0.00,0.00,6.00,0.00,0.00,15728640.00,56623104.00,0.00,0.00,215040.00,259072.00
1493155904,1396736.00,157696.00,5141504.00,56203673.60,20.00,11.00,64.00,0.00,0.00,6.00,0.00,131072.00,15728640.00,54525952.00,0.00,0.00,207872.00,248832.00
1493155905,1395712.00,157696.00,5141504.00,56203673.60,22.00,12.00,61.00,0.00,0.00,5.00,0.00,147456.00,15728640.00,55574528.00,0.00,0.00,209920.00,250880.00
1493155906,1396736.00,157696.00,5141504.00,56203673.60,16.00,7.00,73.00,0.00,0.00,4.00,0.00,0.00,11534336.00,41943040.00,0.00,0.00,159744.00,189440.00
1493155907,1396736.00,157696.00,5141504.00,56203673.60,21.00,12.00,60.00,0.00,0.00,7.00,0.00,0.00,15728640.00,55574528.00,0.00,0.00,215040.00,251904.00
1493155908,1396736.00,157696.00,5141504.00,56203673.60,21.00,14.00,58.00,0.00,0.00,7.00,0.00,0.00,16777216.00,58720256.00,0.00,0.00,224256.00,265216.00
1493155909,1396736.00,157696.00,5141504.00,56203673.60,20.00,11.00,62.00,0.00,0.00,7.00,0.00,114688.00,15728640.00,55574528.00,0.00,0.00,210944.00,252928.00
1493155910,1396736.00,157696.00,5141504.00,56203673.60,21.00,12.00,61.00,0.00,0.00,6.00,0.00,0.00,15728640.00,55574528.00,0.00,0.00,215040.00,252928.00
1493155911,1395712.00,157696.00,5141504.00,56203673.60,22.00,13.00,59.00,0.00,0.00,6.00,0.00,0.00,15728640.00,57671680.00,0.00,0.00,221184.00,261120.00
1493155912,1395712.00,157696.00,5141504.00,56203673.60,21.00,12.00,59.00,0.00,0.00,7.00,0.00,0.00,15728640.00,55574528.00,0.00,0.00,212992.00,251904.00
1493155913,1396736.00,157696.00,5141504.00,56203673.60,20.00,13.00,60.00,0.00,0.00,6.00,0.00,0.00,15728640.00,56623104.00,0.00,0.00,218112.00,257024.00
1493155914,1397760.00,157696.00,5141504.00,56203673.60,23.00,12.00,58.00,0.00,0.00,6.00,0.00,114688.00,16777216.00,57671680.00,0.00,0.00,224256.00,264192.00
1493155915,1399808.00,157696.00,5141504.00,56203673.60,22.00,11.00,60.00,0.00,0.00,6.00,0.00,0.00,15728640.00,54525952.00,0.00,0.00,212992.00,249856.00
1493155916,1398784.00,157696.00,5141504.00,56203673.60,22.00,15.00,58.00,0.00,0.00,6.00,0.00,0.00,15728640.00,57671680.00,0.00,0.00,217088.00,259072.00
1493155917,1398784.00,157696.00,5141504.00,56203673.60,24.00,13.00,56.00,0.00,0.00,7.00,0.00,0.00,16777216.00,58720256.00,0.00,0.00,223232.00,264192.00
1493155918,1398784.00,157696.00,5141504.00,56203673.60,22.00,11.00,61.00,0.00,0.00,6.00,0.00,0.00,15728640.00,55574528.00,0.00,0.00,210944.00,249856.00
1493155919,1398784.00,157696.00,5141504.00,56203673.60,24.00,12.00,58.00,0.00,0.00,6.00,0.00,114688.00,15728640.00,57671680.00,0.00,0.00,218112.00,259072.00
1493155920,1398784.00,157696.00,5141504.00,56203673.60,20.00,13.00,60.00,0.00,0.00,7.00,0.00,73728.00,15728640.00,55574528.00,0.00,0.00,215040.00,257024.00
1493155921,1398784.00,157696.00,5141504.00,56203673.60,17.00,9.00,70.00,0.00,0.00,4.00,0.00,0.00,13631488.00,50331648.00,0.00,0.00,197632.00,233472.00
1493155922,1398784.00,157696.00,5141504.00,56203673.60,22.00,12.00,60.00,0.00,0.00,5.00,0.00,0.00,15728640.00,54525952.00,0.00,0.00,209920.00,251904.00
1493155923,1398784.00,157696.00,5141504.00,56203673.60,23.00,11.00,59.00,0.00,0.00,6.00,0.00,0.00,15728640.00,56623104.00,0.00,0.00,217088.00,254976.00
1493155924,1398784.00,157696.00,5141504.00,56203673.60,21.00,11.00,63.00,0.00,0.00,6.00,0.00,172032.00,14680064.00,54525952.00,0.00,0.00,207872.00,245760.00
1493155925,1399808.00,157696.00,5141504.00,56203673.60,22.00,12.00,61.00,0.00,0.00,6.00,0.00,73728.00,15728640.00,56623104.00,0.00,0.00,217088.00,261120.00
1493155926,1398784.00,157696.00,5141504.00,56203673.60,23.00,13.00,57.00,0.00,0.00,7.00,0.00,0.00,16777216.00,58720256.00,0.00,0.00,219136.00,260096.00
1493155927,1399808.00,157696.00,5141504.00,56203673.60,20.00,11.00,64.00,0.00,0.00,6.00,0.00,0.00,14680064.00,53477376.00,0.00,0.00,212992.00,248832.00
1493155928,1399808.00,157696.00,5141504.00,56203673.60,23.00,12.00,59.00,0.00,0.00,6.00,0.00,0.00,15728640.00,57671680.00,0.00,0.00,220160.00,259072.00
1493155929,1399808.00,157696.00,5141504.00,56203673.60,20.00,11.00,63.00,0.00,0.00,7.00,0.00,155648.00,15728640.00,55574528.00,0.00,0.00,208896.00,247808.00
1493155930,1398784.00,157696.00,5141504.00,56203673.60,22.00,11.00,60.00,0.00,0.00,7.00,0.00,122880.00,15728640.00,56623104.00,0.00,0.00,214016.00,253952.00
1493155931,1399808.00,157696.00,5141504.00,56203673.60,21.00,12.00,61.00,0.00,0.00,7.00,0.00,0.00,15728640.00,55574528.00,0.00,0.00,216064.00,252928.00
1493155932,1398784.00,157696.00,5141504.00,56203673.60,23.00,12.00,58.00,0.00,0.00,7.00,0.00,0.00,15728640.00,56623104.00,0.00,0.00,220160.00,259072.00
1493155933,1398784.00,157696.00,5141504.00,56203673.60,23.00,12.00,60.00,0.00,0.00,5.00,0.00,0.00,15728640.00,56623104.00,0.00,0.00,216064.00,256000.00
1493155934,1399808.00,157696.00,5141504.00,56203673.60,21.00,12.00,60.00,0.00,0.00,7.00,0.00,204800.00,15728640.00,57671680.00,0.00,0.00,223232.00,263168.00
1493155935,1398784.00,157696.00,5141504.00,56203673.60,19.00,12.00,61.00,0.00,0.00,8.00,0.00,352256.00,15728640.00,56623104.00,0.00,0.00,217088.00,257024.00
1493155936,1398784.00,157696.00,5141504.00,56203673.60,25.00,10.00,59.00,0.00,0.00,6.00,0.00,0.00,15728640.00,55574528.00,0.00,0.00,212992.00,252928.00
1493155937,1398784.00,157696.00,5141504.00,56203673.60,23.00,11.00,60.00,0.00,0.00,6.00,0.00,0.00,15728640.00,57671680.00,0.00,0.00,222208.00,262144.00
1493155938,1398784.00,157696.00,5141504.00,56203673.60,22.00,9.00,61.00,0.00,0.00,8.00,0.00,0.00,15728640.00,55574528.00,0.00,0.00,212992.00,251904.00
1493155939,1398784.00,157696.00,5141504.00,56203673.60,22.00,13.00,59.00,0.00,0.00,6.00,0.00,131072.00,15728640.00,55574528.00,0.00,0.00,211968.00,250880.00
1493155940,1398784.00,157696.00,5141504.00,56203673.60,24.00,12.00,58.00,0.00,0.00,7.00,0.00,163840.00,15728640.00,57671680.00,0.00,0.00,222208.00,262144.00
1493155941,1399808.00,157696.00,5141504.00,56203673.60,21.00,10.00,63.00,0.00,0.00,7.00,0.00,0.00,15728640.00,55574528.00,0.00,0.00,217088.00,254976.00
1493155942,1399808.00,157696.00,5141504.00,56203673.60,21.00,10.00,63.00,0.00,0.00,6.00,0.00,0.00,15728640.00,55574528.00,0.00,0.00,215040.00,252928.00
1493155943,1399808.00,157696.00,5141504.00,56203673.60,21.00,12.00,62.00,0.00,0.00,6.00,0.00,0.00,15728640.00,56623104.00,0.00,0.00,215040.00,257024.00
1493155944,1398784.00,157696.00,5141504.00,56203673.60,22.00,13.00,58.00,0.00,0.00,6.00,0.00,114688.00,15728640.00,56623104.00,0.00,0.00,210944.00,252928.00
1493155945,1398784.00,157696.00,5141504.00,56203673.60,19.00,11.00,64.00,0.00,0.00,6.00,0.00,0.00,15728640.00,54525952.00,0.00,0.00,209920.00,246784.00
1493155946,1398784.00,157696.00,5141504.00,56203673.60,22.00,12.00,59.00,0.00,0.00,6.00,0.00,0.00,15728640.00,56623104.00,0.00,0.00,218112.00,257024.00
1493155947,1399808.00,157696.00,5141504.00,56203673.60,21.00,12.00,60.00,0.00,0.00,7.00,0.00,0.00,15728640.00,57671680.00,0.00,0.00,216064.00,258048.00
1493155948,1398784.00,157696.00,5141504.00,56203673.60,22.00,12.00,59.00,0.00,0.00,7.00,0.00,0.00,15728640.00,56623104.00,0.00,0.00,216064.00,256000.00
1493155949,1398784.00,157696.00,5141504.00,56203673.60,22.00,11.00,60.00,0.00,0.00,7.00,0.00,114688.00,15728640.00,56623104.00,0.00,0.00,217088.00,254976.00
1493155950,1398784.00,157696.00,5141504.00,56203673.60,23.00,12.00,60.00,0.00,0.00,6.00,0.00,0.00,15728640.00,57671680.00,0.00,0.00,217088.00,258048.00
1493155951,1397760.00,157696.00,5141504.00,56203673.60,21.00,11.00,61.00,0.00,0.00,7.00,0.00,0.00,15728640.00,56623104.00,0.00,0.00,214016.00,252928.00
1493155952,1399808.00,157696.00,5141504.00,56203673.60,21.00,11.00,62.00,0.00,0.00,6.00,0.00,0.00,15728640.00,56623104.00,0.00,0.00,218112.00,256000.00
1493155953,1398784.00,157696.00,5141504.00,56203673.60,19.00,11.00,64.00,0.00,0.00,6.00,0.00,0.00,14680064.00,54525952.00,0.00,0.00,204800.00,242688.00
1493155954,1399808.00,157696.00,5141504.00,56203673.60,25.00,11.00,59.00,0.00,0.00,5.00,0.00,114688.00,15728640.00,56623104.00,0.00,0.00,212992.00,261120.00
1493155955,1399808.00,157696.00,5141504.00,56203673.60,21.00,13.00,62.00,0.00,0.00,5.00,0.00,122880.00,15728640.00,55574528.00,0.00,0.00,206848.00,254976.00
1493155956,1398784.00,157696.00,5141504.00,56203673.60,21.00,13.00,60.00,0.00,0.00,6.00,0.00,0.00,15728640.00,56623104.00,0.00,0.00,212992.00,251904.00
1493155957,1398784.00,157696.00,5141504.00,56203673.60,23.00,14.00,57.00,0.00,0.00,6.00,0.00,0.00,15728640.00,57671680.00,0.00,0.00,217088.00,258048.00
1493155958,1399808.00,157696.00,5141504.00,56203673.60,22.00,12.00,58.00,0.00,0.00,8.00,0.00,0.00,15728640.00,57671680.00,0.00,0.00,220160.00,259072.00
1493155959,1398784.00,157696.00,5141504.00,56203673.60,25.00,11.00,58.00,0.00,0.00,6.00,0.00,180224.00,15728640.00,56623104.00,0.00,0.00,218112.00,257024.00
1493155960,1398784.00,157696.00,5141504.00,56203673.60,24.00,12.00,57.00,0.00,0.00,7.00,0.00,32768.00,16777216.00,58720256.00,0.00,0.00,221184.00,261120.00
1493155961,1398784.00,157696.00,5141504.00,56203673.60,22.00,12.00,60.00,0.00,0.00,6.00,0.00,0.00,15728640.00,56623104.00,0.00,0.00,215040.00,254976.00
1493155962,1399808.00,157696.00,5141504.00,56203673.60,22.00,11.00,60.00,0.00,0.00,6.00,0.00,0.00,15728640.00,56623104.00,0.00,0.00,218112.00,258048.00
1493155963,1399808.00,157696.00,5141504.00,56203673.60,22.00,13.00,58.00,0.00,0.00,6.00,0.00,0.00,15728640.00,57671680.00,0.00,0.00,217088.00,259072.00
1493155964,1399808.00,157696.00,5141504.00,56203673.60,21.00,12.00,61.00,0.00,0.00,6.00,0.00,155648.00,15728640.00,55574528.00,0.00,0.00,219136.00,257024.00
1493155965,1398784.00,157696.00,5141504.00,56203673.60,23.00,12.00,59.00,0.00,0.00,6.00,0.00,122880.00,15728640.00,56623104.00,0.00,0.00,216064.00,254976.00
1493155966,1399808.00,157696.00,5141504.00,56203673.60,24.00,11.00,58.00,0.00,0.00,7.00,0.00,0.00,15728640.00,57671680.00,0.00,0.00,220160.00,259072.00
1493155967,1398784.00,157696.00,5141504.00,56203673.60,16.00,9.00,70.00,0.00,0.00,5.00,0.00,0.00,12582912.00,46137344.00,0.00,0.00,179200.00,210944.00
1493155968,1399808.00,157696.00,5141504.00,56203673.60,18.00,10.00,66.00,0.00,0.00,6.00,0.00,0.00,14680064.00,51380224.00,0.00,0.00,195584.00,232448.00
1493155969,1399808.00,157696.00,5141504.00,56203673.60,23.00,12.00,60.00,0.00,0.00,5.00,0.00,196608.00,15728640.00,55574528.00,0.00,0.00,210944.00,256000.00
1493155970,1399808.00,157696.00,5141504.00,56203673.60,22.00,11.00,60.00,0.00,0.00,7.00,0.00,335872.00,15728640.00,57671680.00,0.00,0.00,205824.00,261120.00
1493155971,1399808.00,157696.00,5141504.00,56203673.60,19.00,12.00,63.00,0.00,0.00,6.00,0.00,0.00,15728640.00,56623104.00,0.00,0.00,199680.00,254976.00
1493155972,1399808.00,157696.00,5141504.00,56203673.60,22.00,11.00,61.00,0.00,0.00,6.00,0.00,0.00,15728640.00,56623104.00,0.00,0.00,206848.00,254976.00
1493155973,1399808.00,157696.00,5141504.00,56203673.60,21.00,13.00,59.00,0.00,0.00,7.00,0.00,0.00,16777216.00,58720256.00,0.00,0.00,216064.00,261120.00
1493155974,1398784.00,157696.00,5141504.00,56203673.60,19.00,12.00,63.00,0.00,0.00,7.00,0.00,131072.00,15728640.00,55574528.00,0.00,0.00,217088.00,256000.00
1493155975,1398784.00,157696.00,5141504.00,56203673.60,23.00,15.00,57.00,0.00,0.00,5.00,0.00,172032.00,15728640.00,57671680.00,0.00,0.00,217088.00,258048.00
1493155976,1398784.00,157696.00,5141504.00,56203673.60,23.00,12.00,58.00,0.00,0.00,7.00,0.00,0.00,15728640.00,57671680.00,0.00,0.00,216064.00,257024.00
1493155977,1398784.00,157696.00,5141504.00,56203673.60,25.00,10.00,60.00,0.00,0.00,6.00,0.00,0.00,15728640.00,55574528.00,0.00,0.00,216064.00,254976.00
1493155978,1399808.00,157696.00,5141504.00,56203673.60,20.00,12.00,62.00,0.00,0.00,7.00,0.00,0.00,15728640.00,57671680.00,0.00,0.00,220160.00,261120.00
1493155979,1399808.00,157696.00,5141504.00,56203673.60,19.00,13.00,62.00,0.00,0.00,7.00,0.00,114688.00,15728640.00,56623104.00,0.00,0.00,217088.00,259072.00
1493155980,1398784.00,157696.00,5141504.00,56203673.60,22.00,12.00,60.00,0.00,0.00,6.00,0.00,0.00,15728640.00,56623104.00,0.00,0.00,208896.00,256000.00
1493155981,1398784.00,157696.00,5141504.00,56203673.60,21.00,10.00,65.00,0.00,0.00,4.00,0.00,0.00,14680064.00,52428800.00,0.00,0.00,199680.00,238592.00
1493155982,1399808.00,157696.00,5141504.00,56203673.60,22.00,13.00,60.00,0.00,0.00,6.00,0.00,0.00,15728640.00,55574528.00,0.00,0.00,214016.00,253952.00
1493155983,1398784.00,157696.00,5141504.00,56203673.60,21.00,13.00,59.00,0.00,0.00,6.00,0.00,0.00,15728640.00,57671680.00,0.00,0.00,212992.00,259072.00
1493155984,1398784.00,157696.00,5141504.00,56203673.60,24.00,11.00,59.00,0.00,0.00,6.00,0.00,114688.00,15728640.00,56623104.00,0.00,0.00,214016.00,254976.00
1493155985,1398784.00,157696.00,5141504.00,56203673.60,21.00,12.00,61.00,0.00,0.00,6.00,0.00,40960.00,15728640.00,56623104.00,0.00,0.00,220160.00,258048.00
1493155986,1398784.00,157696.00,5141504.00,56203673.60,19.00,11.00,63.00,0.00,0.00,7.00,0.00,0.00,15728640.00,56623104.00,0.00,0.00,217088.00,256000.00
1493155987,1398784.00,157696.00,5141504.00,56203673.60,23.00,14.00,57.00,0.00,0.00,6.00,0.00,0.00,15728640.00,56623104.00,0.00,0.00,212992.00,253952.00
1493155988,1399808.00,157696.00,5141504.00,56203673.60,25.00,12.00,57.00,0.00,0.00,7.00,0.00,0.00,16777216.00,58720256.00,0.00,0.00,218112.00,260096.00
1493155989,1398784.00,157696.00,5141504.00,56203673.60,25.00,11.00,58.00,0.00,0.00,6.00,0.00,114688.00,15728640.00,55574528.00,0.00,0.00,206848.00,245760.00
1493155990,1399808.00,157696.00,5141504.00,56203673.60,19.00,11.00,63.00,0.00,0.00,7.00,0.00,65536.00,15728640.00,55574528.00,0.00,0.00,210944.00,247808.00
1493155991,1399808.00,157696.00,5141504.00,56203673.60,22.00,11.00,61.00,0.00,0.00,7.00,0.00,0.00,15728640.00,54525952.00,0.00,0.00,209920.00,247808.00
1493155992,1398784.00,157696.00,5141504.00,56203673.60,22.00,11.00,61.00,0.00,0.00,6.00,0.00,0.00,15728640.00,54525952.00,0.00,0.00,211968.00,249856.00
1493155993,1398784.00,157696.00,5141504.00,56203673.60,18.00,10.00,66.00,0.00,0.00,6.00,0.00,0.00,14680064.00,52428800.00,0.00,0.00,203776.00,240640.00
1493155994,1398784.00,157696.00,5141504.00,56203673.60,20.00,13.00,60.00,0.00,0.00,7.00,0.00,163840.00,15728640.00,56623104.00,0.00,0.00,222208.00,261120.00
1493155995,1398784.00,157696.00,5141504.00,56203673.60,21.00,11.00,62.00,0.00,0.00,6.00,0.00,57344.00,14680064.00,53477376.00,0.00,0.00,203776.00,239616.00
1493155996,1399808.00,157696.00,5141504.00,56203673.60,20.00,13.00,60.00,0.00,0.00,7.00,0.00,0.00,15728640.00,55574528.00,0.00,0.00,208896.00,247808.00
1493155997,1399808.00,157696.00,5141504.00,56203673.60,20.00,12.00,62.00,0.00,0.00,6.00,0.00,0.00,14680064.00,53477376.00,0.00,0.00,208896.00,245760.00
1493155998,1399808.00,157696.00,5141504.00,56203673.60,21.00,12.00,60.00,0.00,0.00,7.00,0.00,0.00,15728640.00,56623104.00,0.00,0.00,215040.00,254976.00
1493155999,1398784.00,157696.00,5141504.00,56203673.60,22.00,9.00,63.00,0.00,0.00,6.00,0.00,172032.00,15728640.00,55574528.00,0.00,0.00,212992.00,250880.00
1493156000,1399808.00,157696.00,5141504.00,56203673.60,24.00,13.00,58.00,0.00,0.00,5.00,0.00,90112.00,15728640.00,57671680.00,0.00,0.00,209920.00,256000.00
1493156001,1399808.00,157696.00,5141504.00,56203673.60,21.00,12.00,62.00,0.00,0.00,6.00,0.00,0.00,14680064.00,53477376.00,0.00,0.00,207872.00,241664.00
1493156002,1399808.00,157696.00,5141504.00,56203673.60,13.00,9.00,75.00,0.00,0.00,4.00,0.00,0.00,11534336.00,41943040.00,0.00,0.00,161792.00,192512.00
1493156003,1398784.00,157696.00,5141504.00,56203673.60,17.00,9.00,69.00,0.00,0.00,6.00,0.00,0.00,13631488.00,49283072.00,0.00,0.00,185344.00,220160.00
1493156004,1399808.00,157696.00,5141504.00,56203673.60,21.00,10.00,61.00,0.00,0.00,7.00,0.00,163840.00,15728640.00,54525952.00,0.00,0.00,212992.00,249856.00
1493156005,1398784.00,157696.00,5141504.00,56203673.60,22.00,13.00,59.00,0.00,0.00,6.00,0.00,311296.00,15728640.00,56623104.00,0.00,0.00,217088.00,264192.00
1493156006,1399808.00,157696.00,5141504.00,56203673.60,20.00,9.00,65.00,0.00,0.00,5.00,0.00,0.00,14680064.00,53477376.00,0.00,0.00,208896.00,245760.00
1493156007,1398784.00,157696.00,5141504.00,56203673.60,23.00,13.00,59.00,0.00,0.00,5.00,0.00,0.00,15728640.00,55574528.00,0.00,0.00,215040.00,252928.00
1493156008,1399808.00,157696.00,5141504.00,56203673.60,22.00,10.00,62.00,0.00,0.00,6.00,0.00,0.00,15728640.00,56623104.00,0.00,0.00,212992.00,253952.00
1493156009,1398784.00,157696.00,5141504.00,56203673.60,23.00,11.00,59.00,0.00,0.00,7.00,0.00,131072.00,15728640.00,56623104.00,0.00,0.00,214016.00,252928.00
1493156010,1399808.00,157696.00,5141504.00,56203673.60,18.00,11.00,65.00,0.00,0.00,5.00,0.00,131072.00,15728640.00,54525952.00,0.00,0.00,203776.00,250880.00
1493156011,1399808.00,157696.00,5141504.00,56203673.60,21.00,11.00,62.00,0.00,0.00,6.00,0.00,0.00,15728640.00,56623104.00,0.00,0.00,217088.00,254976.00
1493156012,1399808.00,157696.00,5141504.00,56203673.60,21.00,11.00,62.00,0.00,0.00,6.00,0.00,0.00,14680064.00,53477376.00,0.00,0.00,208896.00,246784.00
1493156013,1398784.00,157696.00,5141504.00,56203673.60,24.00,12.00,58.00,0.00,0.00,6.00,0.00,0.00,15728640.00,58720256.00,0.00,0.00,223232.00,264192.00
1493156014,1398784.00,157696.00,5141504.00,56203673.60,18.00,10.00,66.00,0.00,0.00,6.00,0.00,114688.00,14680064.00,53477376.00,0.00,0.00,203776.00,240640.00
1493156015,1398784.00,157696.00,5141504.00,56203673.60,25.00,11.00,59.00,0.00,0.00,5.00,0.00,40960.00,15728640.00,54525952.00,0.00,0.00,214016.00,249856.00
1493156016,1399808.00,157696.00,5141504.00,56203673.60,23.00,10.00,59.00,0.00,0.00,7.00,0.00,0.00,15728640.00,57671680.00,0.00,0.00,217088.00,258048.00
1493156017,1399808.00,157696.00,5141504.00,56203673.60,22.00,12.00,59.00,0.00,0.00,6.00,0.00,0.00,15728640.00,55574528.00,0.00,0.00,217088.00,256000.00
1493156018,1399808.00,157696.00,5141504.00,56203673.60,20.00,10.00,64.00,0.00,0.00,6.00,0.00,0.00,14680064.00,52428800.00,0.00,0.00,203776.00,239616.00
