--Probe dump file for probe: org.yardstickframework.probes.ThroughputLatencyProbe@331858c2 (class org.yardstickframework.probes.ThroughputLatencyProbe)
--Created Tue Apr 25 21:27:38 UTC 2017
--Benchmark config: BenchmarkConfiguration [memberId='0', driverNames='[IgniteSqlQueryBenchmark]', serverName='IgniteNode', threads=64, duration=300, warmup=60, dfltProbeClsNames=[ThroughputLatencyProbe, PercentileProbe, DStatProbe], propsFileName='yardstick/config/run.properties', packages=[org.yardstickframework, org.apache.ignite.yardstick], cmdArgs=[--outputFolder, /home/ubuntu/date-2504-204359-s-4-c-1-ver-2.0.0-SNAPSHOT-0be92732/yardstick/bin/../output/results-20170425-204411, -id, 0, -cfg, /home/ubuntu/date-2504-204359-s-4-c-1-ver-2.0.0-SNAPSHOT-0be92732/yardstick/bin/../config/ignite-config.xml, -nn, 5, -b, 1, -w, 60, -d, 300, -t, 64, -sm, FULL_SYNC, --client, -dn, IgniteSqlQueryBenchmark, -sn, IgniteNode, -ds, 2.0.0-SNAPSHOT-0be92732-sql-query-1-backup, --config, yardstick/config/run.properties, --logsFolder, /home/ubuntu/date-2504-204359-s-4-c-1-ver-2.0.0-SNAPSHOT-0be92732/yardstick/bin/../output/logs-20170425-204411/logs_drivers, --currentFolder, /home/ubuntu/date-2504-204359-s-4-c-1-ver-2.0.0-SNAPSHOT-0be92732, --scriptsFolder, /home/ubuntu/date-2504-204359-s-4-c-1-ver-2.0.0-SNAPSHOT-0be92732/yardstick/bin], probeWriter='null', customProps={ver=2.0.0-SNAPSHOT-0be92732- , b=1, d=300, SERVER_HOSTS=172.31.45.250,172.31.38.80,172.31.41.141,172.31.42.161, now0=`date +'%H%M%S'`, j=10, nodesNum=$((`echo ${SERVER_HOSTS} | tr ',' '' | wc -l` + `echo ${DRIVER_HOSTS} | tr ',' '' | wc -l`)), JVM_OPTS=${JVM_OPTS}" -Xms6g -Xmx6g -Xloggc:./gc${now0}.log -XX:+PrintGCDetails -verbose:gc -XX:+UseParNewGC -XX:+UseConcMarkSweepGC ", CONFIGS="-cfg ${SCRIPT_DIR}/../config/ignite-config.xml -nn ${nodesNum} -b ${b} -w ${w} -d ${d} -t ${t} -sm ${sm}  --client -dn IgnitePutBenchmark -sn IgniteNode -wom PRIMARY -ds ${ver}atomic-put-${b}-backup,-cfg ${SCRIPT_DIR}/../config/ignite-config.xml -nn ${nodesNum} -b ${b} -w ${w} -d ${d} -t ${t} -sm ${sm}  --client -dn IgnitePutGetBenchmark -sn IgniteNode -wom PRIMARY -ds ${ver}atomic-put-get-${b}-backup,-cfg ${SCRIPT_DIR}/../config/ignite-config.xml -nn ${nodesNum} -b ${b} -w ${w} -d ${d} -t ${t} -sm ${sm} -bs 6  --client -dn IgnitePutGetBatchBenchmark -wom PRIMARY -sn IgniteNode -ds ${ver}atomic-put-get-bs-6-${b}-backup,-cfg ${SCRIPT_DIR}/../config/ignite-config.xml -nn ${nodesNum} -b ${b} -w ${w} -d ${d} -t ${t} -sm ${sm}  --client -dn IgnitePutTxImplicitBenchmark -sn IgniteNode -ds ${ver}tx-optimistic-put-${b}-backup,-cfg ${SCRIPT_DIR}/../config/ignite-config.xml -nn ${nodesNum} -b ${b} -w ${w} -d ${d} -t ${t} -sm ${sm} -txc OPTIMISTIC  --client -dn IgnitePutGetTxBenchmark -sn IgniteNode -ds ${ver}tx-optim-repRead-put-get-${b}-backup,-cfg ${SCRIPT_DIR}/../config/ignite-config.xml -nn ${nodesNum} -b ${b} -w ${w} -d ${d} -t ${t} -sm ${sm} -txc PESSIMISTIC  --client -dn IgnitePutGetTxBenchmark -sn IgniteNode -ds ${ver}tx-pessim-repRead-put-get-${b}-backup,-cfg ${SCRIPT_DIR}/../config/ignite-config.xml -nn ${nodesNum} -b ${b} -w ${w} -d ${d} -t ${t} -sm ${sm} -txc OPTIMISTIC -txi SERIALIZABLE  --client -dn IgnitePutGetTxBenchmark -sn IgniteNode -ds ${ver}tx-opt-serial-put-get-${b}-backup,-cfg ${SCRIPT_DIR}/../config/ignite-config.xml -nn ${nodesNum} -b ${b} -w ${w} -d ${d} -t ${t} -sm ${sm}  --client -dn IgniteSqlQueryBenchmark -sn IgniteNode -ds ${ver}sql-query-${b}-backup,-cfg ${SCRIPT_DIR}/../config/ignite-config.xml -nn ${nodesNum} -b ${b} -w ${w} -d ${d} -t ${t} -sm ${sm}  --client -dn IgniteSqlQueryPutBenchmark -sn IgniteNode -ds ${ver}sql-query-put-${b}-backup,-cfg ${SCRIPT_DIR}/../config/ignite-config.xml -nn ${nodesNum} -b ${b} -w ${w} -d ${d} -t ${t} -sm ${sm} -bs 6  --client -dn IgnitePutAllBenchmark -wom PRIMARY -sn IgniteNode -ds ${ver}atomic-putAll-bs-6-${b}-backup,-cfg ${SCRIPT_DIR}/../config/ignite-config.xml -nn ${nodesNum} -b ${b} -w ${w} -d ${d} -t ${t} -sm ${sm} -bs 6  --client -dn IgnitePutAllTxBenchmark -sn IgniteNode -ds ${ver}tx-putAll-bs-6-${b}-backup,-cfg ${SCRIPT_DIR}/../config/ignite-config.xml -nn ${nodesNum} -b ${b} -w ${w} -d ${d} -t ${t} -sm ${sm} -bs 6  --client -dn IgnitePutAllSerializableTxBenchmark -sn IgniteNode -ds ${ver}tx-putAllSerializable-bs-6-${b}-backup,-cfg ${SCRIPT_DIR}/../config/ignite-config.xml -nn ${nodesNum} -b ${b} -w ${w} -d ${d} -t ${t} -sm ${sm} -bs 6 -txc OPTIMISTIC   --client -dn IgniteGetAllPutAllTxBenchmark -sn IgniteNode -ds ${ver}tx-optimistic-getAllPutAll-bs-6-${b}-backup,-cfg ${SCRIPT_DIR}/../config/ignite-config.xml -nn ${nodesNum} -b ${b} -w ${w} -d ${d} -t ${t} -sm ${sm} -bs 6 -txc PESSIMISTIC  --client -dn IgniteGetAllPutAllTxBenchmark -sn IgniteNode -ds ${ver}tx-pessimistic-getAllPutAll-bs-6-${b}-backup,-cfg ${SCRIPT_DIR}/../config/ignite-config.xml -nn ${nodesNum} -b ${b} -w ${w} -d ${d} -t ${t} -sm ${sm} -bs 6 -txc OPTIMISTIC -txi SERIALIZABLE  --client -dn IgniteGetAllPutAllTxBenchmark -sn IgniteNode -ds ${ver}tx-opt-serializable-getAllPutAll-bs-6-${b}-backup,", DRIVER_HOSTS=172.31.46.6, t=64, BENCHMARK_PACKAGES=org.yardstickframework,org.apache.ignite.yardstick, w=60, sm=FULL_SYNC, AUTO_COPY=false, RESTART_SERVERS=true}, shutdownHook=true, currentFolder=/home/ubuntu/date-2504-204359-s-4-c-1-ver-2.0.0-SNAPSHOT-0be92732, scriptsFolder=/home/ubuntu/date-2504-204359-s-4-c-1-ver-2.0.0-SNAPSHOT-0be92732/yardstick/bin, logsFolder=/home/ubuntu/date-2504-204359-s-4-c-1-ver-2.0.0-SNAPSHOT-0be92732/yardstick/bin/../output/logs-20170425-204411/logs_drivers, outputFolder=/home/ubuntu/date-2504-204359-s-4-c-1-ver-2.0.0-SNAPSHOT-0be92732/yardstick/bin/../output/results-20170425-204411, outputWriter=java.io.PrintStream@39689623, errorWriter=java.io.PrintStream@37af7f7e, descriptions=[2.0.0-SNAPSHOT-0be92732-sql-query-1-backup], hostName=]
--Description: 2.0.0-SNAPSHOT-0be92732-sql-query-1-backup
@@IgniteSqlQueryBenchmark
**"Time, sec","Operations/sec (more is better)","Latency, nsec (less is better)"
1493155719,68536.00,930304.03
1493155720,69172.00,912598.73
1493155721,61966.00,1032886.94
1493155722,55344.00,1165401.34
1493155723,69421.00,920598.42
1493155724,65916.00,970358.95
1493155725,68219.00,937267.77
1493155726,70351.00,908735.37
1493155727,68370.00,934834.85
1493155728,69619.00,918329.37
1493155729,68698.00,930693.56
1493155730,69249.00,922813.97
1493155731,68494.00,924182.32
1493155732,68075.00,948421.21
1493155733,69552.00,918730.88
1493155734,67226.00,951570.24
1493155735,66152.00,959189.32
1493155736,69461.00,927161.01
1493155737,68631.00,931463.24
1493155738,69304.00,922280.80
1493155739,68532.00,933386.19
1493155740,67182.00,946461.57
1493155741,63723.00,1009120.05
1493155742,63689.00,1004000.14
1493155743,64733.00,980506.07
1493155744,54251.00,1187462.90
1493155745,63852.00,1001720.76
1493155746,69204.00,923873.62
1493155747,68498.00,933281.71
1493155748,66506.00,961415.78
1493155749,70056.00,913012.37
1493155750,67468.00,947822.80
1493155751,68155.00,938172.04
1493155752,68924.00,927140.29
1493155753,67831.00,943155.84
1493155754,65581.00,975187.41
1493155755,70662.00,904526.28
1493155756,68629.00,932063.54
1493155757,68525.00,932876.62
1493155758,71892.00,889896.99
1493155759,69651.00,918100.34
1493155760,69088.00,924991.70
1493155761,72193.00,885986.95
1493155762,68221.00,937454.04
1493155763,70364.00,908680.50
1493155764,70996.00,900549.77
1493155765,65485.00,975971.43
1493155766,65374.00,978692.73
1493155767,71260.00,897258.18
1493155768,66657.00,959338.72
1493155769,68740.00,930284.79
1493155770,68032.00,939726.56
1493155771,68363.00,935563.52
1493155772,65131.00,981870.55
1493155773,67884.00,942022.01
1493155774,68107.00,938807.25
1493155775,69439.00,920544.09
1493155776,65266.00,979948.23
1493155777,67927.00,941548.72
1493155778,69802.00,915859.08
1493155779,68221.00,937444.35
1493155780,68578.00,932486.61
1493155781,67537.00,946577.19
1493155782,62907.00,1003632.16
1493155783,49676.00,1303811.03
1493155784,69321.00,922603.92
1493155785,67383.00,948965.01
1493155786,69455.00,920739.08
1493155787,67561.00,946639.22
1493155788,70049.00,912814.29
1493155789,70064.00,912466.48
1493155790,69619.00,918506.44
1493155791,68027.00,940194.26
1493155792,71492.00,894274.19
1493155793,70625.00,905330.63
1493155794,70020.00,913246.63
1493155795,68831.00,929172.83
1493155796,70228.00,910121.15
1493155797,69621.00,918349.48
1493155798,70332.00,906094.16
1493155799,70533.00,909854.19
1493155800,68156.00,936358.96
1493155801,61736.00,1037794.44
1493155802,66962.00,955009.94
1493155803,67484.00,947599.01
1493155804,68332.00,928381.10
1493155805,69004.00,934146.59
1493155806,68136.00,938412.26
1493155807,69856.00,915243.36
1493155808,69084.00,925675.38
1493155809,66764.00,957659.43
1493155810,69100.00,925349.27
1493155811,68652.00,931424.14
1493155812,69398.00,921426.17
1493155813,70113.00,912278.49
1493155814,69074.00,924927.73
1493155815,69834.00,916273.37
1493155816,68928.00,927699.93
1493155817,72641.00,880111.50
1493155818,68189.00,937707.57
1493155819,67589.00,946338.47
1493155820,70481.00,907039.09
1493155821,68721.00,930654.43
1493155822,68339.00,935081.46
1493155823,69409.00,921790.18
1493155824,69922.00,914555.81
1493155825,68484.00,933784.12
1493155826,68881.00,928343.71
1493155827,66944.00,955142.40
1493155828,69472.00,920431.14
1493155829,68771.00,929861.40
1493155830,67960.00,941021.98
1493155831,70157.00,911253.96
1493155832,69393.00,921690.98
1493155833,63859.00,1001049.22
1493155834,69477.00,920539.97
1493155835,71258.00,897411.44
1493155836,68254.00,936379.99
1493155837,69461.00,920985.14
1493155838,70465.00,907229.03
1493155839,67137.00,952442.63
1493155840,71063.00,900195.57
1493155841,70571.00,906079.50
1493155842,68286.00,931535.01
1493155843,71456.00,906322.61
1493155844,60617.00,1047360.75
1493155845,57651.00,1117320.67
1493155846,67797.00,942984.57
1493155847,66335.00,964222.47
1493155848,71709.00,891760.10
1493155849,71534.00,893863.86
1493155850,67258.00,950807.52
1493155851,70732.00,903703.05
1493155852,69697.00,917749.64
1493155853,59369.00,1076903.41
1493155854,66329.00,964176.65
1493155855,62066.00,1030248.09
1493155856,68714.00,930735.53
1493155857,72379.00,883401.67
1493155858,68935.00,927622.84
1493155859,71201.00,897960.60
1493155860,69390.00,921503.49
1493155861,64284.00,994070.97
1493155862,67049.00,954509.38
1493155863,68775.00,929639.74
1493155864,67053.00,947405.60
1493155865,68190.00,944038.32
1493155866,69621.00,911650.27
1493155867,69294.00,929586.73
1493155868,69876.00,915132.88
1493155869,68471.00,928085.77
1493155870,68800.00,935081.55
1493155871,68012.00,940090.85
1493155872,68938.00,927797.33
1493155873,68494.00,933213.44
1493155874,72073.00,887432.66
1493155875,69250.00,923322.85
1493155876,70660.00,904665.93
1493155877,71394.00,895816.30
1493155878,67794.00,942854.80
1493155879,68993.00,927383.02
1493155880,70375.00,908438.60
1493155881,67590.00,946108.13
1493155882,66933.00,955330.75
1493155883,70155.00,911184.73
1493155884,69483.00,917651.96
1493155885,68665.00,934128.44
1493155886,73152.00,874202.93
1493155887,68890.00,924139.24
1493155888,67849.00,951291.98
1493155889,71037.00,900218.57
1493155890,67667.00,945060.07
1493155891,68082.00,938955.75
1493155892,69447.00,921193.40
1493155893,65246.00,971037.81
1493155894,70478.00,915413.77
1493155895,70167.00,911309.06
1493155896,68401.00,934608.41
1493155897,69972.00,914047.54
1493155898,71204.00,897811.71
1493155899,67489.00,947562.63
1493155900,56245.00,1137353.94
1493155901,59756.00,1070155.81
1493155902,69610.00,918501.09
1493155903,69527.00,919720.13
1493155904,67398.00,948818.07
1493155905,67791.00,943271.08
1493155906,50334.00,1259242.42
1493155907,69282.00,931133.29
1493155908,71096.00,899395.47
1493155909,68392.00,935216.76
1493155910,68326.00,935314.79
1493155911,70181.00,911535.76
1493155912,68589.00,932441.43
1493155913,69006.00,926057.46
1493155914,70183.00,911486.79
1493155915,68150.00,938688.01
1493155916,70424.00,907750.36
1493155917,71822.00,890263.47
1493155918,67652.00,945118.46
1493155919,70573.00,906181.38
1493155920,68565.00,932467.51
1493155921,62209.00,1027954.68
1493155922,67148.00,952272.03
1493155923,68892.00,928501.90
1493155924,66360.00,963540.74
1493155925,69869.00,915075.58
1493155926,71654.00,892462.41
1493155927,66079.00,967519.95
1493155928,70396.00,908499.99
1493155929,67901.00,941657.76
1493155930,68766.00,929819.11
1493155931,67891.00,941694.49
1493155932,69432.00,921192.97
1493155933,69244.00,923246.51
1493155934,70990.00,900827.65
1493155935,69921.00,914556.49
1493155936,68497.00,933313.31
1493155937,70237.00,910034.26
1493155938,68444.00,934792.70
1493155939,66958.00,955015.45
1493155940,71677.00,892054.93
1493155941,68606.00,932224.49
1493155942,68019.00,939816.95
1493155943,69501.00,920263.81
1493155944,68807.00,929346.12
1493155945,67258.00,950544.46
1493155946,70233.00,910770.81
1493155947,70557.00,905775.98
1493155948,70217.00,911115.35
1493155949,68665.00,931151.70
1493155950,70581.00,905818.23
1493155951,68284.00,922650.45
1493155952,70415.00,921654.12
1493155953,66544.00,960785.74
1493155954,69938.00,914352.42
1493155955,67964.00,940771.56
1493155956,69072.00,925930.13
1493155957,70790.00,903157.82
1493155958,70197.00,911034.72
1493155959,69699.00,917334.74
1493155960,71907.00,889167.08
1493155961,68796.00,929501.66
1493155962,70282.00,909778.83
1493155963,70965.00,900744.43
1493155964,68325.00,931214.74
1493155965,69824.00,924653.63
1493155966,70602.00,905581.96
1493155967,56068.00,1132314.14
1493155968,63302.00,1017784.93
1493155969,68701.00,930614.50
1493155970,70233.00,910620.08
1493155971,69282.00,922625.99
1493155972,70153.00,911794.87
1493155973,71976.00,888470.23
1493155974,67656.00,945046.68
1493155975,70708.00,904100.52
1493155976,69765.00,916734.41
1493155977,69156.00,924531.34
1493155978,71427.00,895250.85
1493155979,68852.00,928686.62
1493155980,69272.00,922970.98
1493155981,64475.00,991607.81
1493155982,68113.00,939051.98
1493155983,70962.00,901249.21
1493155984,69392.00,921265.69
1493155985,69405.00,920817.48
1493155986,68644.00,925539.25
1493155987,70355.00,919826.28
1493155988,71795.00,890741.18
1493155989,67368.00,948908.84
1493155990,67235.00,951036.47
1493155991,67751.00,944099.42
1493155992,67166.00,949362.60
1493155993,64450.00,994949.03
1493155994,69316.00,922518.17
1493155995,65482.00,976612.79
1493155996,67324.00,949591.38
1493155997,66493.00,961738.43
1493155998,69686.00,917738.50
1493155999,67190.00,951658.39
1493156000,70552.00,906283.82
1493156001,65620.00,964724.28
1493156002,50480.00,1266332.73
1493156003,62179.00,1038968.12
1493156004,67091.00,953671.84
1493156005,69640.00,909085.73
1493156006,66789.00,966781.35
1493156007,68823.00,929213.30
1493156008,69161.00,924620.53
1493156009,68797.00,929113.51
1493156010,66378.00,963574.34
1493156011,68956.00,927227.12
1493156012,66109.00,967371.95
1493156013,71585.00,893369.94
1493156014,64616.00,989420.94
1493156015,67437.00,948254.67
1493156016,70709.00,904438.42
1493156017,68006.00,939903.58
1493156018,64232.00,995811.14
