--Probe dump file for probe: org.yardstickframework.probes.DStatProbe@7d900ecf (class org.yardstickframework.probes.DStatProbe)
--Created Tue Apr 25 23:15:52 UTC 2017
--Benchmark config: BenchmarkConfiguration [memberId='0', driverNames='[HazelcastSetAllTxBenchmark]', serverName='HazelcastNode', threads=64, duration=300, warmup=60, dfltProbeClsNames=[ThroughputLatencyProbe, PercentileProbe, DStatProbe], propsFileName='yardstick/config/run.properties', packages=[org.yardstickframework], cmdArgs=[--outputFolder, /home/ubuntu/date-2504-221749-s-4-c-1-ver-3.8.1-f1e9264/yardstick/bin/../output/results-20170425-221800, -id, 0, -hzcfg, /home/ubuntu/date-2504-221749-s-4-c-1-ver-3.8.1-f1e9264/yardstick/bin/../config/hz-config.xml, --hzClientConfig, /home/ubuntu/date-2504-221749-s-4-c-1-ver-3.8.1-f1e9264/yardstick/bin/../config/hz-client-config.xml, --clientMode, -nn, 4, -b, 1, -w, 60, -d, 300, -t, 64, --syncBackups, --readBackups, -bs, 6, -dn, HazelcastSetAllTxBenchmark, -sn, HazelcastNode, -ds, 3.8.1-f1e9264-tx-setAll-bs-6-1-backup, --config, yardstick/config/run.properties, --logsFolder, /home/ubuntu/date-2504-221749-s-4-c-1-ver-3.8.1-f1e9264/yardstick/bin/../output/logs-20170425-221800/logs_drivers, --currentFolder, /home/ubuntu/date-2504-221749-s-4-c-1-ver-3.8.1-f1e9264, --scriptsFolder, /home/ubuntu/date-2504-221749-s-4-c-1-ver-3.8.1-f1e9264/yardstick/bin], probeWriter='null', customProps={ver=3.8.1-f1e9264-, b=1, d=300, SERVER_HOSTS=172.31.45.250,172.31.38.80,172.31.41.141,172.31.42.161, now0=`date +'%H%M%S'`, nodesNum=$((`echo ${SERVER_HOSTS} | tr ',' '' | wc -l`)), JVM_OPTS=${JVM_OPTS}" -Xms6g -Xmx6g -Xloggc:./gc${now0}.log -XX:+PrintGCDetails -verbose:gc -XX:+UseParNewGC -XX:+UseConcMarkSweepGC ", CONFIGS="-hzcfg ${SCRIPT_DIR}/../config/hz-config.xml --hzClientConfig ${SCRIPT_DIR}/../config/hz-client-config.xml --clientMode -nn ${nodesNum} -b ${b} -w ${w} -d ${d} -t ${t}  ${sm} --readBackups -dn HazelcastSetBenchmark -sn HazelcastNode -ds ${ver}atomic-set-1-backup,-hzcfg ${SCRIPT_DIR}/../config/hz-config.xml --hzClientConfig ${SCRIPT_DIR}/../config/hz-client-config.xml --clientMode -nn ${nodesNum} -b ${b} -w ${w} -d ${d} -t ${t}  ${sm} --readBackups -dn HazelcastSetGetBenchmark -sn HazelcastNode -ds ${ver}atomic-set-get-1-backup,-hzcfg ${SCRIPT_DIR}/../config/hz-config.xml --hzClientConfig ${SCRIPT_DIR}/../config/hz-client-config.xml --clientMode -nn ${nodesNum} -b ${b} -w ${w} -d ${d} -t ${t}  ${sm} --readBackups -bs 6 -dn HazelcastPutGetBatchBenchmark -sn HazelcastNode -ds ${ver}atomic-set-get-bs-6-1-backup,-hzcfg ${SCRIPT_DIR}/../config/hz-config.xml --hzClientConfig ${SCRIPT_DIR}/../config/hz-client-config.xml --clientMode -nn ${nodesNum} -b ${b} -w ${w} -d ${d} -t ${t}  ${sm} --readBackups -dn HazelcastSetTxBenchmark -sn HazelcastNode -ds ${ver}tx-set-pessimistic-1-backup,-hzcfg ${SCRIPT_DIR}/../config/hz-config.xml --hzClientConfig ${SCRIPT_DIR}/../config/hz-client-config.xml --clientMode -nn ${nodesNum} -b ${b} -w ${w} -d ${d} -t ${t}  ${sm} --readBackups -dn HazelcastSetGetTxOptimisticBenchmark -sn HazelcastNode -ds ${ver}tx-set-get-opt-1-backup,-hzcfg ${SCRIPT_DIR}/../config/hz-config.xml --hzClientConfig ${SCRIPT_DIR}/../config/hz-client-config.xml --clientMode -nn ${nodesNum} -b ${b} -w ${w} -d ${d} -t ${t}  ${sm} --readBackups -dn HazelcastSetGetTxPessimisticBenchmark -sn HazelcastNode -ds ${ver}tx-set-get-pes-1-backup,-hzcfg ${SCRIPT_DIR}/../config/hz-config.xml --hzClientConfig ${SCRIPT_DIR}/../config/hz-client-config.xml --clientMode -nn ${nodesNum} -b ${b} -w ${w} -d ${d} -t ${t}  ${sm} --readBackups -dn HazelcastSqlQueryBenchmark -sn HazelcastNode -ds ${ver}sql-query-1-backup,-hzcfg ${SCRIPT_DIR}/../config/hz-config.xml --hzClientConfig ${SCRIPT_DIR}/../config/hz-client-config.xml --clientMode -nn ${nodesNum} -b ${b} -w ${w} -d ${d} -t ${t}  ${sm} --readBackups -dn HazelcastSqlQuerySetBenchmark -sn HazelcastNode -ds ${ver}sql-query-set-1-backup,-hzcfg ${SCRIPT_DIR}/../config/hz-config.xml --hzClientConfig ${SCRIPT_DIR}/../config/hz-client-config.xml --clientMode -nn ${nodesNum} -b ${b} -w ${w} -d ${d} -t ${t}  ${sm} --readBackups -bs 6 -dn HazelcastPutAllBenchmark -sn HazelcastNode -ds ${ver}atomic-setAll-bs-6-1-backup,-hzcfg ${SCRIPT_DIR}/../config/hz-config.xml --hzClientConfig ${SCRIPT_DIR}/../config/hz-client-config.xml --clientMode -nn ${nodesNum} -b ${b} -w ${w} -d ${d} -t ${t}  ${sm} --readBackups -bs 6 -dn HazelcastSetAllTxBenchmark -sn HazelcastNode -ds ${ver}tx-setAll-bs-6-1-backup,-hzcfg ${SCRIPT_DIR}/../config/hz-config.xml --hzClientConfig ${SCRIPT_DIR}/../config/hz-client-config.xml --clientMode -nn ${nodesNum} -b ${b} -w ${w} -d ${d} -t ${t}  ${sm} --readBackups -bs 6 -dn HazelcastGetAllSetAllTxOptimisticBenchmark -sn HazelcastNode -ds ${ver}tx-optimistic-getAllSetAll-bs-6-1-backup,-hzcfg ${SCRIPT_DIR}/../config/hz-config.xml --hzClientConfig ${SCRIPT_DIR}/../config/hz-client-config.xml --clientMode -nn ${nodesNum} -b ${b} -w ${w} -d ${d} -t ${t}  ${sm} --readBackups -bs 6 -dn HazelcastGetAllSetAllTxPessimisticBenchmark -sn HazelcastNode -ds ${ver}tx-pessimistic-getAllSetAll-bs-6-1-backup,", DRIVER_HOSTS=172.31.46.6, t=64, BENCHMARK_PACKAGES=org.yardstickframework, w=60, BENCHMARK_LABEL=hazelcast, sm="--syncBackups", AUTO_COPY=false, RESTART_SERVERS=true}, shutdownHook=true, currentFolder=/home/ubuntu/date-2504-221749-s-4-c-1-ver-3.8.1-f1e9264, scriptsFolder=/home/ubuntu/date-2504-221749-s-4-c-1-ver-3.8.1-f1e9264/yardstick/bin, logsFolder=/home/ubuntu/date-2504-221749-s-4-c-1-ver-3.8.1-f1e9264/yardstick/bin/../output/logs-20170425-221800/logs_drivers, outputFolder=/home/ubuntu/date-2504-221749-s-4-c-1-ver-3.8.1-f1e9264/yardstick/bin/../output/results-20170425-221800, outputWriter=java.io.PrintStream@4351e8f2, errorWriter=java.io.PrintStream@476e7440, descriptions=[3.8.1-f1e9264-tx-setAll-bs-6-1-backup], hostName=]
--Description: 3.8.1-f1e9264-tx-setAll-bs-6-1-backup
@@HazelcastSetAllTxBenchmark
**"Time, sec","Memory Used, KB","Memory Buffered, KB","Memory Cached, KB","Memory Free, KB","CPU User, %","CPU System, %","CPU Idle, %","CPU Wait, %","CPU Hardware Interrupts","CPU Software Interrupts","Disk Read, B","Disk Write, B","Network Receive, B","Network Send, B","Page In, B","Page Out, B","System Interrupts, per sec","System Context Switches, per sec"
1493162213,1195008.00,163840.00,5315584.00,56203673.60,1.00,1.00,99.00,0.00,0.00,0.00,0.00,0.00,3184640.00,7031808.00,0.00,0.00,216064.00,193536.00
1493162214,1195008.00,163840.00,5315584.00,56203673.60,1.00,1.00,99.00,0.00,0.00,0.00,0.00,0.00,3307520.00,7306240.00,0.00,0.00,225280.00,199680.00
1493162215,1195008.00,163840.00,5315584.00,56203673.60,0.00,1.00,99.00,0.00,0.00,0.00,0.00,0.00,3063808.00,6750208.00,0.00,0.00,206848.00,185344.00
1493162216,1195008.00,163840.00,5315584.00,56203673.60,0.00,1.00,99.00,0.00,0.00,0.00,0.00,155648.00,3286016.00,7237632.00,0.00,0.00,220160.00,197632.00
1493162217,1193984.00,163840.00,5315584.00,56203673.60,0.00,0.00,99.00,0.00,0.00,0.00,0.00,0.00,3281920.00,7232512.00,0.00,0.00,217088.00,196608.00
1493162218,1195008.00,163840.00,5315584.00,56203673.60,0.00,1.00,99.00,0.00,0.00,0.00,0.00,0.00,3094528.00,6827008.00,0.00,0.00,208896.00,187392.00
1493162219,1196032.00,163840.00,5315584.00,56203673.60,0.00,1.00,99.00,0.00,0.00,0.00,0.00,0.00,3329024.00,7351296.00,0.00,0.00,222208.00,199680.00
1493162220,1195008.00,163840.00,5315584.00,56203673.60,2.00,1.00,97.00,0.00,0.00,0.00,0.00,0.00,3165184.00,6955008.00,0.00,0.00,217088.00,194560.00
1493162221,1195008.00,163840.00,5315584.00,56203673.60,1.00,1.00,98.00,0.00,0.00,0.00,0.00,573440.00,2718720.00,5985280.00,0.00,0.00,189440.00,168960.00
1493162222,1195008.00,163840.00,5315584.00,56203673.60,0.00,1.00,99.00,0.00,0.00,0.00,0.00,0.00,3225600.00,7112704.00,0.00,0.00,217088.00,194560.00
1493162223,1193984.00,163840.00,5315584.00,56203673.60,1.00,1.00,99.00,0.00,0.00,0.00,0.00,0.00,3185664.00,7031808.00,0.00,0.00,218112.00,193536.00
1493162224,1196032.00,163840.00,5315584.00,56203673.60,0.00,0.00,99.00,0.00,0.00,0.00,0.00,0.00,2946048.00,6481920.00,0.00,0.00,196608.00,177152.00
1493162225,1195008.00,163840.00,5315584.00,56203673.60,0.00,1.00,99.00,0.00,0.00,0.00,0.00,0.00,2781184.00,6080512.00,0.00,0.00,185344.00,167936.00
1493162226,1195008.00,163840.00,5315584.00,56203673.60,0.00,1.00,99.00,0.00,0.00,0.00,0.00,327680.00,3042304.00,6639616.00,0.00,0.00,201728.00,182272.00
1493162227,1195008.00,163840.00,5315584.00,56203673.60,0.00,0.00,99.00,0.00,0.00,0.00,0.00,0.00,2494464.00,5437440.00,0.00,0.00,165888.00,150528.00
1493162228,1195008.00,163840.00,5315584.00,56203673.60,0.00,0.00,99.00,0.00,0.00,0.00,0.00,0.00,2481152.00,5451776.00,0.00,0.00,166912.00,150528.00
1493162229,1195008.00,163840.00,5315584.00,56203673.60,1.00,0.00,98.00,0.00,0.00,0.00,0.00,0.00,3364864.00,7395328.00,0.00,0.00,226304.00,202752.00
1493162230,1195008.00,163840.00,5315584.00,56203673.60,0.00,1.00,99.00,0.00,0.00,0.00,0.00,0.00,3023872.00,6651904.00,0.00,0.00,198656.00,181248.00
1493162231,1196032.00,163840.00,5315584.00,56203673.60,0.00,1.00,99.00,0.00,0.00,0.00,0.00,344064.00,3100672.00,6828032.00,0.00,0.00,207872.00,186368.00
1493162232,1195008.00,163840.00,5315584.00,56203673.60,0.00,1.00,99.00,0.00,0.00,0.00,0.00,0.00,3479552.00,7684096.00,0.00,0.00,234496.00,209920.00
1493162233,1195008.00,163840.00,5315584.00,56203673.60,0.00,0.00,99.00,0.00,0.00,0.00,0.00,0.00,3032064.00,6672384.00,0.00,0.00,203776.00,182272.00
1493162234,1195008.00,163840.00,5315584.00,56203673.60,0.00,0.00,100.00,0.00,0.00,0.00,0.00,0.00,2958336.00,6507520.00,0.00,0.00,202752.00,181248.00
1493162235,1195008.00,163840.00,5315584.00,56203673.60,0.00,1.00,99.00,0.00,0.00,0.00,0.00,0.00,3248128.00,7144448.00,0.00,0.00,221184.00,197632.00
1493162236,1195008.00,163840.00,5315584.00,56203673.60,0.00,1.00,99.00,0.00,0.00,0.00,0.00,163840.00,3158016.00,6969344.00,0.00,0.00,216064.00,193536.00
1493162237,1195008.00,163840.00,5315584.00,56203673.60,0.00,1.00,99.00,0.00,0.00,0.00,0.00,0.00,3020800.00,6660096.00,0.00,0.00,207872.00,184320.00
1493162238,1196032.00,163840.00,5315584.00,56203673.60,1.00,0.00,98.00,0.00,0.00,0.00,0.00,0.00,3203072.00,7053312.00,0.00,0.00,218112.00,194560.00
1493162239,1195008.00,163840.00,5315584.00,56203673.60,1.00,1.00,98.00,0.00,0.00,0.00,0.00,0.00,3274752.00,7202816.00,0.00,0.00,220160.00,197632.00
1493162240,1196032.00,163840.00,5315584.00,56203673.60,0.00,1.00,99.00,0.00,0.00,0.00,0.00,0.00,2972672.00,6542336.00,0.00,0.00,200704.00,179200.00
1493162241,1196032.00,163840.00,5315584.00,56203673.60,0.00,0.00,99.00,0.00,0.00,0.00,0.00,122880.00,3246080.00,7159808.00,0.00,0.00,218112.00,195584.00
1493162242,1196032.00,163840.00,5315584.00,56203673.60,0.00,1.00,99.00,0.00,0.00,0.00,0.00,0.00,3215360.00,7076864.00,0.00,0.00,215040.00,194560.00
1493162243,1195008.00,163840.00,5315584.00,56203673.60,0.00,1.00,99.00,0.00,0.00,0.00,0.00,0.00,3126272.00,6891520.00,0.00,0.00,207872.00,187392.00
1493162244,1196032.00,163840.00,5315584.00,56203673.60,1.00,1.00,98.00,0.00,0.00,0.00,0.00,0.00,3253248.00,7173120.00,0.00,0.00,220160.00,197632.00
1493162245,1197056.00,163840.00,5315584.00,56203673.60,1.00,1.00,98.00,0.00,0.00,0.00,0.00,0.00,3216384.00,7092224.00,0.00,0.00,220160.00,195584.00
1493162246,1196032.00,163840.00,5315584.00,56203673.60,0.00,0.00,100.00,0.00,0.00,0.00,0.00,57344.00,3063808.00,6757376.00,0.00,0.00,207872.00,185344.00
1493162247,1196032.00,163840.00,5315584.00,56203673.60,2.00,1.00,97.00,0.00,0.00,0.00,0.00,139264.00,3220480.00,7110656.00,0.00,0.00,216064.00,195584.00
1493162248,1196032.00,163840.00,5315584.00,56203673.60,1.00,1.00,99.00,0.00,0.00,0.00,0.00,0.00,3347456.00,7401472.00,0.00,0.00,226304.00,202752.00
1493162249,1196032.00,163840.00,5315584.00,56203673.60,0.00,0.00,99.00,0.00,0.00,0.00,0.00,0.00,3011584.00,6612992.00,0.00,0.00,203776.00,182272.00
1493162250,1196032.00,163840.00,5315584.00,56203673.60,1.00,1.00,98.00,0.00,0.00,0.00,0.00,0.00,3198976.00,7061504.00,0.00,0.00,216064.00,194560.00
1493162251,1197056.00,163840.00,5315584.00,56203673.60,0.00,1.00,99.00,0.00,0.00,0.00,0.00,0.00,3392512.00,7503872.00,0.00,0.00,230400.00,206848.00
1493162252,1196032.00,163840.00,5315584.00,56203673.60,0.00,1.00,98.00,0.00,0.00,0.00,0.00,122880.00,2917376.00,6421504.00,0.00,0.00,197632.00,177152.00
1493162253,1196032.00,163840.00,5315584.00,56203673.60,0.00,0.00,99.00,0.00,0.00,0.00,0.00,0.00,3154944.00,6947840.00,0.00,0.00,214016.00,192512.00
1493162254,1196032.00,163840.00,5315584.00,56203673.60,0.00,0.00,99.00,0.00,0.00,0.00,0.00,0.00,3434496.00,7569408.00,0.00,0.00,231424.00,206848.00
1493162255,1196032.00,163840.00,5315584.00,56203673.60,0.00,0.00,99.00,0.00,0.00,0.00,0.00,0.00,3008512.00,6637568.00,0.00,0.00,204800.00,183296.00
1493162256,1196032.00,163840.00,5315584.00,56203673.60,1.00,0.00,98.00,0.00,0.00,0.00,0.00,442368.00,3052544.00,6729728.00,0.00,0.00,204800.00,184320.00
1493162257,1197056.00,163840.00,5315584.00,56203673.60,0.00,1.00,99.00,0.00,0.00,0.00,0.00,221184.00,3502080.00,7732224.00,0.00,0.00,236544.00,210944.00
1493162258,1196032.00,163840.00,5315584.00,56203673.60,0.00,0.00,99.00,0.00,0.00,0.00,0.00,0.00,3056640.00,6737920.00,0.00,0.00,205824.00,185344.00
1493162259,1196032.00,163840.00,5315584.00,56203673.60,0.00,0.00,99.00,0.00,0.00,0.00,0.00,0.00,3081216.00,6791168.00,0.00,0.00,207872.00,186368.00
1493162260,1196032.00,163840.00,5315584.00,56203673.60,0.00,1.00,99.00,0.00,0.00,0.00,0.00,0.00,3407872.00,7515136.00,0.00,0.00,230400.00,206848.00
1493162261,1196032.00,163840.00,5315584.00,56203673.60,0.00,0.00,99.00,0.00,0.00,0.00,0.00,81920.00,3087360.00,6800384.00,0.00,0.00,205824.00,186368.00
1493162262,1197056.00,163840.00,5315584.00,56203673.60,0.00,0.00,99.00,0.00,0.00,0.00,0.00,188416.00,3107840.00,6866944.00,0.00,0.00,208896.00,188416.00
1493162263,1196032.00,163840.00,5315584.00,56203673.60,1.00,1.00,99.00,0.00,0.00,0.00,0.00,0.00,3491840.00,7710720.00,0.00,0.00,236544.00,210944.00
1493162264,1197056.00,163840.00,5315584.00,56203673.60,0.00,1.00,99.00,0.00,0.00,0.00,0.00,0.00,3077120.00,6780928.00,0.00,0.00,209920.00,187392.00
1493162265,1196032.00,163840.00,5315584.00,56203673.60,1.00,1.00,98.00,0.00,0.00,0.00,0.00,0.00,3012608.00,6637568.00,0.00,0.00,203776.00,182272.00
1493162266,1196032.00,163840.00,5315584.00,56203673.60,0.00,1.00,99.00,0.00,0.00,0.00,0.00,188416.00,3449856.00,7627776.00,0.00,0.00,231424.00,208896.00
1493162267,1196032.00,163840.00,5315584.00,56203673.60,0.00,0.00,99.00,0.00,0.00,0.00,0.00,147456.00,3054592.00,6729728.00,0.00,0.00,205824.00,184320.00
1493162268,1197056.00,163840.00,5315584.00,56203673.60,0.00,1.00,98.00,0.00,0.00,0.00,0.00,0.00,3024896.00,6691840.00,0.00,0.00,205824.00,184320.00
1493162269,1197056.00,163840.00,5315584.00,56203673.60,0.00,1.00,99.00,0.00,0.00,0.00,0.00,0.00,3366912.00,7430144.00,0.00,0.00,230400.00,204800.00
1493162270,1196032.00,163840.00,5315584.00,56203673.60,0.00,0.00,99.00,0.00,0.00,0.00,0.00,0.00,2955264.00,6505472.00,0.00,0.00,201728.00,180224.00
1493162271,1197056.00,163840.00,5315584.00,56203673.60,0.00,0.00,99.00,0.00,0.00,0.00,0.00,0.00,3073024.00,6787072.00,0.00,0.00,204800.00,184320.00
1493162272,1196032.00,163840.00,5315584.00,56203673.60,0.00,0.00,99.00,0.00,0.00,0.00,0.00,122880.00,3037184.00,6677504.00,0.00,0.00,203776.00,186368.00
1493162273,1196032.00,163840.00,5315584.00,56203673.60,0.00,0.00,99.00,0.00,0.00,0.00,0.00,0.00,2497536.00,5466112.00,0.00,0.00,171008.00,154624.00
1493162274,1197056.00,163840.00,5315584.00,56203673.60,0.00,1.00,99.00,0.00,0.00,0.00,0.00,0.00,2910208.00,6390784.00,0.00,0.00,197632.00,178176.00
1493162275,1197056.00,163840.00,5315584.00,56203673.60,2.00,1.00,97.00,0.00,0.00,0.00,0.00,0.00,3216384.00,7073792.00,0.00,0.00,220160.00,197632.00
1493162276,1197056.00,163840.00,5315584.00,56203673.60,0.00,0.00,99.00,0.00,0.00,0.00,0.00,0.00,2917376.00,6410240.00,0.00,0.00,196608.00,177152.00
1493162277,1197056.00,163840.00,5315584.00,56203673.60,0.00,0.00,99.00,0.00,0.00,0.00,0.00,122880.00,2879488.00,6305792.00,0.00,0.00,192512.00,175104.00
1493162278,1197056.00,163840.00,5315584.00,56203673.60,0.00,1.00,99.00,0.00,0.00,0.00,0.00,0.00,3177472.00,6978560.00,0.00,0.00,214016.00,193536.00
1493162279,1197056.00,163840.00,5315584.00,56203673.60,0.00,0.00,100.00,0.00,0.00,0.00,0.00,0.00,2904064.00,6379520.00,0.00,0.00,197632.00,177152.00
1493162280,1197056.00,163840.00,5315584.00,56203673.60,0.00,0.00,100.00,0.00,0.00,0.00,0.00,0.00,2802688.00,6134784.00,0.00,0.00,194560.00,175104.00
1493162281,1197056.00,163840.00,5315584.00,56203673.60,0.00,0.00,99.00,0.00,0.00,0.00,0.00,40960.00,2960384.00,6482944.00,0.00,0.00,200704.00,182272.00
1493162282,1196032.00,163840.00,5315584.00,56203673.60,0.00,0.00,100.00,0.00,0.00,0.00,0.00,139264.00,2777088.00,6088704.00,0.00,0.00,191488.00,171008.00
1493162283,1197056.00,163840.00,5315584.00,56203673.60,0.00,0.00,100.00,0.00,0.00,0.00,0.00,0.00,2816000.00,6168576.00,0.00,0.00,195584.00,175104.00
1493162284,1196032.00,163840.00,5315584.00,56203673.60,1.00,0.00,98.00,0.00,0.00,0.00,0.00,0.00,2593792.00,5633024.00,0.00,0.00,181248.00,161792.00
1493162285,1196032.00,163840.00,5315584.00,56203673.60,0.00,0.00,99.00,0.00,0.00,0.00,0.00,0.00,2601984.00,5642240.00,0.00,0.00,180224.00,160768.00
1493162286,1197056.00,163840.00,5315584.00,56203673.60,0.00,1.00,99.00,0.00,0.00,0.00,0.00,0.00,2870272.00,6222848.00,0.00,0.00,201728.00,180224.00
1493162287,1196032.00,163840.00,5315584.00,56203673.60,0.00,0.00,99.00,0.00,0.00,0.00,0.00,122880.00,2424832.00,5236736.00,0.00,0.00,172032.00,154624.00
1493162288,1196032.00,163840.00,5315584.00,56203673.60,0.00,0.00,100.00,0.00,0.00,0.00,0.00,0.00,2684928.00,5798912.00,0.00,0.00,189440.00,169984.00
1493162289,1196032.00,163840.00,5315584.00,56203673.60,0.00,0.00,99.00,0.00,0.00,0.00,0.00,0.00,2747392.00,5969920.00,0.00,0.00,189440.00,171008.00
1493162290,1196032.00,163840.00,5315584.00,56203673.60,0.00,0.00,99.00,0.00,0.00,0.00,0.00,0.00,2768896.00,6024192.00,0.00,0.00,193536.00,173056.00
1493162291,1196032.00,163840.00,5315584.00,56203673.60,0.00,0.00,100.00,0.00,0.00,0.00,0.00,425984.00,2954240.00,6393856.00,0.00,0.00,203776.00,183296.00
1493162292,1196032.00,163840.00,5315584.00,56203673.60,0.00,0.00,100.00,0.00,0.00,0.00,0.00,221184.00,2745344.00,5960704.00,0.00,0.00,189440.00,171008.00
1493162293,1195008.00,163840.00,5315584.00,56203673.60,0.00,1.00,99.00,0.00,0.00,0.00,0.00,0.00,2838528.00,6164480.00,0.00,0.00,196608.00,175104.00
1493162294,1196032.00,163840.00,5315584.00,56203673.60,0.00,0.00,100.00,0.00,0.00,0.00,0.00,0.00,2852864.00,6226944.00,0.00,0.00,194560.00,175104.00
1493162295,1196032.00,163840.00,5315584.00,56203673.60,1.00,0.00,98.00,0.00,0.00,0.00,0.00,0.00,2881536.00,6247424.00,0.00,0.00,198656.00,178176.00
1493162296,1196032.00,163840.00,5315584.00,56203673.60,0.00,1.00,99.00,0.00,0.00,0.00,0.00,131072.00,2784256.00,6045696.00,0.00,0.00,191488.00,172032.00
1493162297,1196032.00,163840.00,5315584.00,56203673.60,0.00,0.00,100.00,0.00,0.00,0.00,0.00,204800.00,2855936.00,6193152.00,0.00,0.00,197632.00,177152.00
1493162298,1197056.00,163840.00,5315584.00,56203673.60,0.00,0.00,99.00,0.00,0.00,0.00,0.00,0.00,3018752.00,6550528.00,0.00,0.00,208896.00,186368.00
1493162299,1197056.00,163840.00,5315584.00,56203673.60,0.00,0.00,100.00,0.00,0.00,0.00,0.00,0.00,2833408.00,6146048.00,0.00,0.00,195584.00,175104.00
1493162300,1197056.00,163840.00,5315584.00,56203673.60,0.00,0.00,99.00,0.00,0.00,0.00,0.00,0.00,2598912.00,5648384.00,0.00,0.00,183296.00,165888.00
1493162301,1197056.00,163840.00,5315584.00,56203673.60,0.00,1.00,99.00,0.00,0.00,0.00,0.00,180224.00,2980864.00,6461440.00,0.00,0.00,203776.00,183296.00
1493162302,1196032.00,163840.00,5315584.00,56203673.60,0.00,0.00,99.00,0.00,0.00,0.00,0.00,122880.00,2809856.00,6098944.00,0.00,0.00,197632.00,175104.00
1493162303,1197056.00,163840.00,5315584.00,56203673.60,0.00,1.00,99.00,0.00,0.00,0.00,0.00,0.00,2731008.00,5911552.00,0.00,0.00,190464.00,169984.00
1493162304,1197056.00,163840.00,5315584.00,56203673.60,0.00,1.00,99.00,0.00,0.00,0.00,0.00,0.00,2680832.00,5800960.00,0.00,0.00,188416.00,167936.00
1493162305,1197056.00,163840.00,5315584.00,56203673.60,1.00,0.00,98.00,0.00,0.00,1.00,0.00,0.00,2940928.00,6377472.00,0.00,0.00,202752.00,182272.00
1493162306,1197056.00,163840.00,5315584.00,56203673.60,0.00,0.00,99.00,0.00,0.00,0.00,0.00,0.00,2757632.00,5991424.00,0.00,0.00,190464.00,169984.00
1493162307,1197056.00,163840.00,5315584.00,56203673.60,0.00,0.00,99.00,0.00,0.00,0.00,0.00,122880.00,2824192.00,6111232.00,0.00,0.00,193536.00,175104.00
1493162308,1197056.00,163840.00,5315584.00,56203673.60,0.00,0.00,100.00,0.00,0.00,0.00,0.00,0.00,2988032.00,6480896.00,0.00,0.00,207872.00,184320.00
1493162309,1197056.00,163840.00,5315584.00,56203673.60,0.00,0.00,99.00,0.00,0.00,0.00,0.00,0.00,2792448.00,6052864.00,0.00,0.00,194560.00,174080.00
1493162310,1199104.00,163840.00,5315584.00,56203673.60,0.00,0.00,99.00,0.00,0.00,0.00,0.00,0.00,2762752.00,5992448.00,0.00,0.00,190464.00,171008.00
1493162311,1200128.00,163840.00,5315584.00,56203673.60,0.00,1.00,99.00,0.00,0.00,0.00,0.00,0.00,2842624.00,6173696.00,0.00,0.00,194560.00,175104.00
1493162312,1200128.00,163840.00,5315584.00,56203673.60,0.00,0.00,99.00,0.00,0.00,0.00,0.00,122880.00,3037184.00,6606848.00,0.00,0.00,208896.00,186368.00
1493162313,1199104.00,163840.00,5315584.00,56203673.60,0.00,0.00,99.00,0.00,0.00,0.00,0.00,0.00,2830336.00,6130688.00,0.00,0.00,193536.00,175104.00
1493162314,1199104.00,163840.00,5315584.00,56203673.60,0.00,0.00,100.00,0.00,0.00,0.00,0.00,0.00,2789376.00,6074368.00,0.00,0.00,191488.00,172032.00
1493162315,1200128.00,163840.00,5315584.00,56203673.60,0.00,0.00,99.00,0.00,0.00,0.00,0.00,0.00,3009536.00,6529024.00,0.00,0.00,206848.00,186368.00
1493162316,1199104.00,163840.00,5315584.00,56203673.60,1.00,0.00,98.00,0.00,0.00,0.00,0.00,40960.00,2761728.00,5979136.00,0.00,0.00,188416.00,169984.00
1493162317,1199104.00,163840.00,5315584.00,56203673.60,0.00,1.00,96.00,3.00,0.00,0.00,0.00,139264.00,2846720.00,6174720.00,0.00,0.00,192512.00,175104.00
1493162318,1199104.00,163840.00,5315584.00,56203673.60,0.00,1.00,99.00,0.00,0.00,0.00,0.00,0.00,2805760.00,6090752.00,0.00,0.00,194560.00,175104.00
1493162319,1200128.00,163840.00,5315584.00,56203673.60,0.00,0.00,99.00,0.00,0.00,0.00,0.00,0.00,2851840.00,6196224.00,0.00,0.00,197632.00,177152.00
1493162320,1200128.00,163840.00,5315584.00,56203673.60,0.00,1.00,98.00,0.00,0.00,0.00,0.00,0.00,2897920.00,6299648.00,0.00,0.00,199680.00,179200.00
1493162321,1200128.00,163840.00,5315584.00,56203673.60,0.00,0.00,99.00,0.00,0.00,0.00,0.00,0.00,2747392.00,5964800.00,0.00,0.00,188416.00,169984.00
1493162322,1199104.00,163840.00,5315584.00,56203673.60,0.00,1.00,99.00,0.00,0.00,0.00,0.00,122880.00,2956288.00,6425600.00,0.00,0.00,203776.00,183296.00
1493162323,1200128.00,163840.00,5315584.00,56203673.60,0.00,0.00,99.00,0.00,0.00,0.00,0.00,0.00,2712576.00,5909504.00,0.00,0.00,187392.00,167936.00
1493162324,1199104.00,163840.00,5315584.00,56203673.60,0.00,0.00,100.00,0.00,0.00,0.00,0.00,0.00,2904064.00,6320128.00,0.00,0.00,203776.00,182272.00
1493162325,1199104.00,163840.00,5315584.00,56203673.60,0.00,0.00,99.00,0.00,0.00,0.00,0.00,0.00,2869248.00,6212608.00,0.00,0.00,196608.00,177152.00
1493162326,1200128.00,163840.00,5315584.00,56203673.60,1.00,1.00,98.00,0.00,0.00,0.00,0.00,434176.00,2824192.00,6150144.00,0.00,0.00,195584.00,175104.00
1493162327,1199104.00,163840.00,5315584.00,56203673.60,0.00,1.00,99.00,0.00,0.00,0.00,0.00,188416.00,3055616.00,6624256.00,0.00,0.00,207872.00,187392.00
1493162328,1200128.00,163840.00,5315584.00,56203673.60,0.00,0.00,99.00,0.00,0.00,0.00,0.00,0.00,2842624.00,6170624.00,0.00,0.00,196608.00,176128.00
1493162329,1199104.00,163840.00,5315584.00,56203673.60,0.00,1.00,99.00,0.00,0.00,0.00,0.00,0.00,2806784.00,6116352.00,0.00,0.00,195584.00,174080.00
1493162330,1199104.00,163840.00,5315584.00,56203673.60,0.00,0.00,99.00,0.00,0.00,0.00,0.00,0.00,2791424.00,6066176.00,0.00,0.00,194560.00,173056.00
1493162331,1200128.00,163840.00,5315584.00,56203673.60,0.00,1.00,99.00,0.00,0.00,0.00,0.00,65536.00,2997248.00,6529024.00,0.00,0.00,206848.00,186368.00
1493162332,1200128.00,163840.00,5315584.00,56203673.60,0.00,1.00,99.00,0.00,0.00,0.00,0.00,180224.00,2841600.00,6185984.00,0.00,0.00,195584.00,176128.00
1493162333,1199104.00,163840.00,5315584.00,56203673.60,0.00,1.00,99.00,0.00,0.00,0.00,0.00,0.00,2712576.00,5904384.00,0.00,0.00,186368.00,168960.00
1493162334,1199104.00,163840.00,5315584.00,56203673.60,0.00,0.00,100.00,0.00,0.00,0.00,0.00,0.00,2308096.00,4978688.00,0.00,0.00,164864.00,146432.00
1493162335,1199104.00,163840.00,5315584.00,56203673.60,0.00,1.00,99.00,0.00,0.00,0.00,0.00,0.00,2823168.00,6135808.00,0.00,0.00,193536.00,175104.00
1493162336,1200128.00,163840.00,5315584.00,56203673.60,2.00,0.00,97.00,0.00,0.00,0.00,0.00,131072.00,3005440.00,6556672.00,0.00,0.00,206848.00,185344.00
1493162337,1199104.00,163840.00,5315584.00,56203673.60,0.00,0.00,99.00,0.00,0.00,0.00,0.00,155648.00,2637824.00,5727232.00,0.00,0.00,180224.00,162816.00
1493162338,1200128.00,163840.00,5315584.00,56203673.60,0.00,1.00,99.00,0.00,0.00,0.00,0.00,0.00,3055616.00,6641664.00,0.00,0.00,208896.00,187392.00
1493162339,1200128.00,163840.00,5316608.00,56203673.60,0.00,0.00,99.00,0.00,0.00,0.00,0.00,0.00,2916352.00,6341632.00,0.00,0.00,196608.00,178176.00
1493162340,1200128.00,163840.00,5316608.00,56203673.60,0.00,0.00,99.00,0.00,0.00,0.00,0.00,0.00,2587648.00,5599232.00,0.00,0.00,179200.00,161792.00
1493162341,1200128.00,163840.00,5316608.00,56203673.60,0.00,0.00,99.00,0.00,0.00,0.00,0.00,0.00,2846720.00,6165504.00,0.00,0.00,192512.00,174080.00
1493162342,1200128.00,163840.00,5316608.00,56203673.60,0.00,1.00,99.00,0.00,0.00,0.00,0.00,122880.00,2690048.00,5838848.00,0.00,0.00,187392.00,167936.00
1493162343,1200128.00,163840.00,5316608.00,56203673.60,0.00,0.00,99.00,0.00,0.00,0.00,0.00,0.00,2754560.00,5963776.00,0.00,0.00,188416.00,169984.00
1493162344,1201152.00,163840.00,5316608.00,56203673.60,0.00,0.00,99.00,0.00,0.00,0.00,0.00,0.00,2719744.00,5927936.00,0.00,0.00,185344.00,165888.00
1493162345,1199104.00,163840.00,5316608.00,56203673.60,0.00,0.00,99.00,0.00,0.00,0.00,0.00,0.00,3036160.00,6629376.00,0.00,0.00,208896.00,186368.00
1493162346,1200128.00,163840.00,5316608.00,56203673.60,0.00,0.00,99.00,0.00,0.00,0.00,0.00,0.00,2806784.00,6115328.00,0.00,0.00,191488.00,172032.00
1493162347,1199104.00,163840.00,5316608.00,56203673.60,1.00,1.00,97.00,0.00,0.00,0.00,0.00,122880.00,2788352.00,6079488.00,0.00,0.00,189440.00,171008.00
1493162348,1199104.00,163840.00,5316608.00,56203673.60,0.00,1.00,99.00,0.00,0.00,0.00,0.00,0.00,3053568.00,6653952.00,0.00,0.00,207872.00,187392.00
1493162349,1200128.00,163840.00,5316608.00,56203673.60,0.00,1.00,99.00,0.00,0.00,0.00,0.00,0.00,2792448.00,6040576.00,0.00,0.00,189440.00,169984.00
1493162350,1200128.00,163840.00,5316608.00,56203673.60,0.00,0.00,99.00,0.00,0.00,0.00,0.00,0.00,2945024.00,6421504.00,0.00,0.00,203776.00,182272.00
1493162351,1200128.00,163840.00,5316608.00,56203673.60,0.00,0.00,100.00,0.00,0.00,0.00,0.00,40960.00,2676736.00,5829632.00,0.00,0.00,181248.00,163840.00
1493162352,1200128.00,163840.00,5316608.00,56203673.60,0.00,0.00,99.00,0.00,0.00,0.00,0.00,139264.00,2982912.00,6477824.00,0.00,0.00,205824.00,183296.00
1493162353,1200128.00,163840.00,5316608.00,56203673.60,0.00,1.00,99.00,0.00,0.00,0.00,0.00,0.00,2853888.00,6204416.00,0.00,0.00,195584.00,175104.00
1493162354,1200128.00,163840.00,5316608.00,56203673.60,0.00,1.00,99.00,0.00,0.00,0.00,0.00,0.00,2837504.00,6190080.00,0.00,0.00,191488.00,174080.00
1493162355,1199104.00,163840.00,5316608.00,56203673.60,0.00,0.00,100.00,0.00,0.00,0.00,0.00,0.00,3017728.00,6537216.00,0.00,0.00,204800.00,184320.00
1493162356,1199104.00,163840.00,5316608.00,56203673.60,0.00,1.00,99.00,0.00,0.00,0.00,0.00,40960.00,2795520.00,6109184.00,0.00,0.00,191488.00,173056.00
1493162357,1200128.00,163840.00,5316608.00,56203673.60,1.00,1.00,98.00,0.00,0.00,0.00,0.00,122880.00,3042304.00,6658048.00,0.00,0.00,206848.00,186368.00
1493162358,1199104.00,163840.00,5316608.00,56203673.60,0.00,0.00,99.00,0.00,0.00,0.00,0.00,0.00,2727936.00,5929984.00,0.00,0.00,187392.00,167936.00
1493162359,1200128.00,163840.00,5316608.00,56203673.60,0.00,1.00,99.00,0.00,0.00,0.00,0.00,0.00,3058688.00,6662144.00,0.00,0.00,210944.00,187392.00
1493162360,1200128.00,163840.00,5316608.00,56203673.60,0.00,0.00,99.00,0.00,0.00,0.00,0.00,0.00,2887680.00,6294528.00,0.00,0.00,200704.00,179200.00
1493162361,1200128.00,163840.00,5316608.00,56203673.60,0.00,0.00,100.00,0.00,0.00,0.00,0.00,425984.00,2875392.00,6264832.00,0.00,0.00,196608.00,177152.00
1493162362,1200128.00,163840.00,5316608.00,56203673.60,0.00,0.00,99.00,0.00,0.00,0.00,0.00,221184.00,2760704.00,6000640.00,0.00,0.00,194560.00,174080.00
1493162363,1199104.00,163840.00,5316608.00,56203673.60,0.00,0.00,99.00,0.00,0.00,0.00,0.00,0.00,1998848.00,4339712.00,0.00,0.00,140288.00,125952.00
1493162364,1199104.00,163840.00,5316608.00,56203673.60,0.00,1.00,99.00,0.00,0.00,0.00,0.00,0.00,2752512.00,5995520.00,0.00,0.00,190464.00,171008.00
1493162365,1199104.00,163840.00,5316608.00,56203673.60,0.00,0.00,99.00,0.00,0.00,0.00,0.00,0.00,2585600.00,5618688.00,0.00,0.00,182272.00,161792.00
1493162366,1200128.00,163840.00,5316608.00,56203673.60,0.00,1.00,99.00,0.00,0.00,0.00,0.00,90112.00,2881536.00,6277120.00,0.00,0.00,199680.00,178176.00
1493162367,1200128.00,163840.00,5316608.00,56203673.60,1.00,1.00,98.00,0.00,0.00,0.00,0.00,204800.00,2838528.00,6155264.00,0.00,0.00,197632.00,177152.00
1493162368,1200128.00,163840.00,5316608.00,56203673.60,0.00,1.00,99.00,0.00,0.00,0.00,0.00,0.00,2656256.00,5756928.00,0.00,0.00,180224.00,163840.00
1493162369,1199104.00,163840.00,5316608.00,56203673.60,0.00,1.00,99.00,0.00,0.00,0.00,0.00,0.00,2964480.00,6421504.00,0.00,0.00,198656.00,180224.00
1493162370,1200128.00,163840.00,5316608.00,56203673.60,0.00,0.00,99.00,0.00,0.00,0.00,0.00,0.00,2840576.00,6170624.00,0.00,0.00,190464.00,172032.00
1493162371,1200128.00,163840.00,5316608.00,56203673.60,0.00,0.00,99.00,0.00,0.00,0.00,0.00,172032.00,2764800.00,5995520.00,0.00,0.00,191488.00,173056.00
1493162372,1200128.00,163840.00,5316608.00,56203673.60,0.00,0.00,99.00,0.00,0.00,0.00,0.00,122880.00,2549760.00,5554176.00,0.00,0.00,175104.00,158720.00
1493162373,1200128.00,163840.00,5316608.00,56203673.60,0.00,0.00,99.00,0.00,0.00,0.00,0.00,0.00,2954240.00,6470656.00,0.00,0.00,202752.00,182272.00
1493162374,1199104.00,163840.00,5316608.00,56203673.60,0.00,0.00,99.00,0.00,0.00,0.00,0.00,0.00,2976768.00,6465536.00,0.00,0.00,204800.00,182272.00
1493162375,1200128.00,163840.00,5316608.00,56203673.60,0.00,0.00,100.00,0.00,0.00,0.00,0.00,0.00,2572288.00,5581824.00,0.00,0.00,176128.00,160768.00
1493162376,1199104.00,163840.00,5316608.00,56203673.60,0.00,0.00,99.00,0.00,0.00,0.00,0.00,0.00,3047424.00,6650880.00,0.00,0.00,204800.00,185344.00
1493162377,1200128.00,163840.00,5316608.00,56203673.60,0.00,0.00,99.00,0.00,0.00,0.00,0.00,122880.00,2819072.00,6122496.00,0.00,0.00,191488.00,173056.00
1493162378,1200128.00,163840.00,5316608.00,56203673.60,1.00,0.00,98.00,0.00,0.00,0.00,0.00,0.00,2918400.00,6336512.00,0.00,0.00,200704.00,180224.00
1493162379,1199104.00,163840.00,5316608.00,56203673.60,0.00,0.00,99.00,0.00,0.00,0.00,0.00,0.00,2523136.00,5466112.00,0.00,0.00,175104.00,157696.00
1493162380,1200128.00,163840.00,5316608.00,56203673.60,0.00,1.00,99.00,0.00,0.00,0.00,0.00,0.00,3044352.00,6621184.00,0.00,0.00,208896.00,186368.00
1493162381,1200128.00,163840.00,5316608.00,56203673.60,0.00,0.00,99.00,0.00,0.00,0.00,0.00,0.00,2863104.00,6232064.00,0.00,0.00,194560.00,174080.00
1493162382,1200128.00,163840.00,5316608.00,56203673.60,0.00,0.00,100.00,0.00,0.00,0.00,0.00,122880.00,2818048.00,6120448.00,0.00,0.00,192512.00,174080.00
1493162383,1200128.00,163840.00,5316608.00,56203673.60,0.00,1.00,99.00,0.00,0.00,0.00,0.00,0.00,2872320.00,6245376.00,0.00,0.00,198656.00,179200.00
1493162384,1200128.00,163840.00,5316608.00,56203673.60,0.00,0.00,99.00,0.00,0.00,0.00,0.00,0.00,2793472.00,6061056.00,0.00,0.00,189440.00,172032.00
1493162385,1200128.00,163840.00,5316608.00,56203673.60,0.00,1.00,99.00,0.00,0.00,0.00,0.00,0.00,3062784.00,6662144.00,0.00,0.00,210944.00,188416.00
1493162386,1200128.00,163840.00,5316608.00,56203673.60,0.00,1.00,99.00,0.00,0.00,0.00,0.00,73728.00,2527232.00,5472256.00,0.00,0.00,177152.00,158720.00
1493162387,1200128.00,163840.00,5316608.00,56203673.60,0.00,0.00,99.00,0.00,0.00,0.00,0.00,155648.00,2940928.00,6370304.00,0.00,0.00,202752.00,183296.00
1493162388,1200128.00,163840.00,5316608.00,56203673.60,2.00,0.00,98.00,0.00,0.00,0.00,0.00,0.00,2804736.00,6099968.00,0.00,0.00,192512.00,172032.00
1493162389,1200128.00,163840.00,5316608.00,56203673.60,0.00,0.00,99.00,0.00,0.00,0.00,0.00,0.00,2852864.00,6207488.00,0.00,0.00,195584.00,175104.00
1493162390,1200128.00,163840.00,5316608.00,56203673.60,0.00,1.00,99.00,0.00,0.00,0.00,0.00,0.00,2893824.00,6282240.00,0.00,0.00,202752.00,181248.00
1493162391,1200128.00,163840.00,5316608.00,56203673.60,0.00,1.00,99.00,0.00,0.00,0.00,0.00,0.00,2637824.00,5731328.00,0.00,0.00,183296.00,164864.00
1493162392,1200128.00,163840.00,5316608.00,56203673.60,0.00,0.00,99.00,0.00,0.00,0.00,0.00,122880.00,3017728.00,6569984.00,0.00,0.00,205824.00,186368.00
1493162393,1200128.00,163840.00,5316608.00,56203673.60,0.00,1.00,99.00,0.00,0.00,0.00,0.00,0.00,2637824.00,5734400.00,0.00,0.00,182272.00,161792.00
1493162394,1199104.00,163840.00,5316608.00,56203673.60,0.00,0.00,99.00,0.00,0.00,0.00,0.00,0.00,3062784.00,6673408.00,0.00,0.00,208896.00,188416.00
1493162395,1199104.00,163840.00,5316608.00,56203673.60,0.00,0.00,100.00,0.00,0.00,0.00,0.00,0.00,2376704.00,5122048.00,0.00,0.00,168960.00,151552.00
1493162396,1199104.00,163840.00,5316608.00,56203673.60,0.00,0.00,100.00,0.00,0.00,0.00,0.00,409600.00,2625536.00,5697536.00,0.00,0.00,180224.00,163840.00
1493162397,1200128.00,163840.00,5316608.00,56203673.60,0.00,0.00,99.00,0.00,0.00,0.00,0.00,180224.00,3163136.00,6900736.00,0.00,0.00,215040.00,194560.00
1493162398,1199104.00,163840.00,5316608.00,56203673.60,1.00,0.00,98.00,0.00,0.00,0.00,0.00,0.00,2765824.00,5993472.00,0.00,0.00,191488.00,169984.00
1493162399,1201152.00,163840.00,5316608.00,56203673.60,0.00,0.00,100.00,0.00,0.00,0.00,0.00,0.00,3006464.00,6546432.00,0.00,0.00,204800.00,184320.00
1493162400,1199104.00,163840.00,5316608.00,56203673.60,0.00,0.00,99.00,0.00,0.00,0.00,0.00,0.00,2462720.00,5350400.00,0.00,0.00,168960.00,153600.00
1493162401,1200128.00,163840.00,5316608.00,56203673.60,0.00,1.00,99.00,0.00,0.00,0.00,0.00,98304.00,2550784.00,5540864.00,0.00,0.00,178176.00,160768.00
1493162402,1199104.00,163840.00,5316608.00,56203673.60,0.00,0.00,99.00,0.00,0.00,0.00,0.00,212992.00,2727936.00,5894144.00,0.00,0.00,188416.00,171008.00
1493162403,1201152.00,163840.00,5316608.00,56203673.60,0.00,0.00,100.00,0.00,0.00,0.00,0.00,0.00,2791424.00,6071296.00,0.00,0.00,189440.00,173056.00
1493162404,1200128.00,163840.00,5316608.00,56203673.60,0.00,0.00,99.00,0.00,0.00,0.00,0.00,0.00,3083264.00,6713344.00,0.00,0.00,210944.00,190464.00
1493162405,1200128.00,163840.00,5316608.00,56203673.60,0.00,1.00,99.00,0.00,0.00,0.00,0.00,0.00,2652160.00,5776384.00,0.00,0.00,184320.00,163840.00
1493162406,1200128.00,163840.00,5316608.00,56203673.60,0.00,0.00,99.00,0.00,0.00,0.00,0.00,155648.00,2962432.00,6448128.00,0.00,0.00,203776.00,184320.00
1493162407,1200128.00,163840.00,5316608.00,56203673.60,0.00,1.00,99.00,0.00,0.00,0.00,0.00,122880.00,2715648.00,5911552.00,0.00,0.00,188416.00,168960.00
1493162408,1200128.00,163840.00,5316608.00,56203673.60,0.00,0.00,100.00,0.00,0.00,0.00,0.00,0.00,2794496.00,6073344.00,0.00,0.00,192512.00,173056.00
1493162409,1200128.00,163840.00,5316608.00,56203673.60,2.00,0.00,98.00,0.00,0.00,0.00,0.00,0.00,3167232.00,6884352.00,0.00,0.00,217088.00,195584.00
1493162410,1200128.00,163840.00,5316608.00,56203673.60,0.00,0.00,100.00,0.00,0.00,0.00,0.00,0.00,2545664.00,5549056.00,0.00,0.00,174080.00,155648.00
1493162411,1199104.00,163840.00,5316608.00,56203673.60,0.00,0.00,100.00,0.00,0.00,0.00,0.00,8192.00,3009536.00,6547456.00,0.00,0.00,204800.00,185344.00
1493162412,1199104.00,163840.00,5316608.00,56203673.60,0.00,0.00,100.00,0.00,0.00,0.00,0.00,122880.00,2678784.00,5826560.00,0.00,0.00,185344.00,166912.00
1493162413,1200128.00,163840.00,5316608.00,56203673.60,0.00,1.00,99.00,0.00,0.00,0.00,0.00,0.00,2946048.00,6403072.00,0.00,0.00,204800.00,183296.00
1493162414,1200128.00,163840.00,5316608.00,56203673.60,0.00,0.00,99.00,0.00,0.00,0.00,0.00,0.00,2881536.00,6247424.00,0.00,0.00,196608.00,177152.00
1493162415,1200128.00,163840.00,5316608.00,56203673.60,0.00,1.00,99.00,0.00,0.00,0.00,0.00,0.00,2819072.00,6123520.00,0.00,0.00,197632.00,175104.00
1493162416,1200128.00,163840.00,5316608.00,56203673.60,0.00,0.00,99.00,0.00,0.00,0.00,0.00,40960.00,3238912.00,7048192.00,0.00,0.00,224256.00,199680.00
1493162417,1200128.00,163840.00,5316608.00,56203673.60,0.00,0.00,99.00,0.00,0.00,0.00,0.00,122880.00,2761728.00,6017024.00,0.00,0.00,190464.00,171008.00
1493162418,1200128.00,163840.00,5316608.00,56203673.60,0.00,1.00,99.00,0.00,0.00,0.00,0.00,0.00,3047424.00,6633472.00,0.00,0.00,209920.00,187392.00
1493162419,1200128.00,163840.00,5316608.00,56203673.60,1.00,0.00,98.00,0.00,0.00,0.00,0.00,0.00,2845696.00,6188032.00,0.00,0.00,195584.00,174080.00
1493162420,1200128.00,163840.00,5316608.00,56203673.60,0.00,0.00,99.00,0.00,0.00,0.00,0.00,0.00,2840576.00,6206464.00,0.00,0.00,196608.00,176128.00
1493162421,1200128.00,163840.00,5316608.00,56203673.60,0.00,1.00,99.00,0.00,0.00,0.00,0.00,49152.00,3225600.00,7013376.00,0.00,0.00,222208.00,198656.00
1493162422,1200128.00,163840.00,5316608.00,56203673.60,0.00,0.00,99.00,0.00,0.00,0.00,0.00,147456.00,2608128.00,5673984.00,0.00,0.00,181248.00,162816.00
1493162423,1200128.00,163840.00,5316608.00,56203673.60,0.00,1.00,99.00,0.00,0.00,0.00,0.00,0.00,2956288.00,6439936.00,0.00,0.00,206848.00,184320.00
1493162424,1200128.00,163840.00,5316608.00,56203673.60,0.00,0.00,100.00,0.00,0.00,0.00,0.00,0.00,2889728.00,6284288.00,0.00,0.00,199680.00,178176.00
1493162425,1200128.00,163840.00,5316608.00,56203673.60,0.00,0.00,99.00,0.00,0.00,0.00,0.00,0.00,2865152.00,6221824.00,0.00,0.00,195584.00,176128.00
1493162426,1200128.00,163840.00,5316608.00,56203673.60,0.00,1.00,99.00,0.00,0.00,0.00,0.00,0.00,2934784.00,6386688.00,0.00,0.00,203776.00,181248.00
1493162427,1201152.00,163840.00,5316608.00,56203673.60,0.00,0.00,99.00,0.00,0.00,0.00,0.00,122880.00,2581504.00,5606400.00,0.00,0.00,183296.00,164864.00
1493162428,1200128.00,163840.00,5316608.00,56203673.60,0.00,1.00,99.00,0.00,0.00,0.00,0.00,0.00,3175424.00,6892544.00,0.00,0.00,220160.00,196608.00
1493162429,1200128.00,163840.00,5316608.00,56203673.60,1.00,0.00,98.00,0.00,0.00,0.00,0.00,0.00,2565120.00,5576704.00,0.00,0.00,177152.00,158720.00
1493162430,1200128.00,163840.00,5316608.00,56203673.60,0.00,0.00,100.00,0.00,0.00,0.00,0.00,0.00,2990080.00,6528000.00,0.00,0.00,206848.00,185344.00
1493162431,1200128.00,163840.00,5316608.00,56203673.60,0.00,0.00,99.00,0.00,0.00,0.00,0.00,409600.00,2837504.00,6169600.00,0.00,0.00,195584.00,175104.00
1493162432,1201152.00,163840.00,5316608.00,56203673.60,0.00,0.00,99.00,1.00,0.00,0.00,0.00,221184.00,2805760.00,6125568.00,0.00,0.00,196608.00,174080.00
1493162433,1201152.00,163840.00,5316608.00,56203673.60,0.00,0.00,99.00,0.00,0.00,0.00,0.00,0.00,3094528.00,6744064.00,0.00,0.00,215040.00,191488.00
1493162434,1200128.00,163840.00,5316608.00,56203673.60,0.00,0.00,99.00,0.00,0.00,0.00,0.00,0.00,2736128.00,5954560.00,0.00,0.00,188416.00,169984.00
1493162435,1200128.00,163840.00,5316608.00,56203673.60,0.00,0.00,99.00,0.00,0.00,0.00,0.00,0.00,3000320.00,6525952.00,0.00,0.00,206848.00,185344.00
1493162436,1200128.00,163840.00,5316608.00,56203673.60,0.00,0.00,99.00,0.00,0.00,0.00,0.00,90112.00,2761728.00,6019072.00,0.00,0.00,190464.00,171008.00
1493162437,1200128.00,163840.00,5316608.00,56203673.60,0.00,1.00,99.00,0.00,0.00,0.00,0.00,196608.00,2766848.00,6022144.00,0.00,0.00,193536.00,172032.00
1493162438,1200128.00,163840.00,5316608.00,56203673.60,0.00,0.00,99.00,0.00,0.00,0.00,0.00,0.00,2952192.00,6409216.00,0.00,0.00,205824.00,184320.00
1493162439,1200128.00,163840.00,5316608.00,56203673.60,2.00,0.00,98.00,0.00,0.00,0.00,0.00,0.00,2647040.00,5761024.00,0.00,0.00,183296.00,163840.00
1493162440,1200128.00,163840.00,5316608.00,56203673.60,0.00,1.00,99.00,0.00,0.00,0.00,0.00,0.00,3164160.00,6896640.00,0.00,0.00,220160.00,195584.00
1493162441,1200128.00,163840.00,5316608.00,56203673.60,0.00,0.00,99.00,0.00,0.00,0.00,0.00,163840.00,2652160.00,5766144.00,0.00,0.00,184320.00,164864.00
1493162442,1200128.00,163840.00,5316608.00,56203673.60,0.00,0.00,99.00,0.00,0.00,0.00,0.00,122880.00,3014656.00,6557696.00,0.00,0.00,208896.00,186368.00
1493162443,1200128.00,163840.00,5316608.00,56203673.60,0.00,1.00,99.00,0.00,0.00,0.00,0.00,0.00,2823168.00,6145024.00,0.00,0.00,195584.00,175104.00
1493162444,1200128.00,163840.00,5316608.00,56203673.60,0.00,0.00,99.00,0.00,0.00,0.00,0.00,0.00,2882560.00,6270976.00,0.00,0.00,197632.00,178176.00
1493162445,1200128.00,163840.00,5316608.00,56203673.60,0.00,0.00,99.00,0.00,0.00,0.00,0.00,0.00,2985984.00,6493184.00,0.00,0.00,206848.00,184320.00
1493162446,1200128.00,163840.00,5316608.00,56203673.60,0.00,0.00,99.00,0.00,0.00,0.00,0.00,40960.00,2847744.00,6209536.00,0.00,0.00,195584.00,176128.00
1493162447,1200128.00,163840.00,5316608.00,56203673.60,0.00,1.00,99.00,0.00,0.00,0.00,0.00,122880.00,2979840.00,6471680.00,0.00,0.00,205824.00,184320.00
1493162448,1200128.00,163840.00,5316608.00,56203673.60,0.00,0.00,100.00,0.00,0.00,0.00,0.00,0.00,2865152.00,6235136.00,0.00,0.00,194560.00,175104.00
1493162449,1200128.00,163840.00,5316608.00,56203673.60,1.00,0.00,98.00,0.00,0.00,0.00,0.00,0.00,2801664.00,6095872.00,0.00,0.00,192512.00,173056.00
1493162450,1200128.00,163840.00,5316608.00,56203673.60,0.00,0.00,99.00,0.00,0.00,0.00,0.00,0.00,2897920.00,6331392.00,0.00,0.00,203776.00,181248.00
1493162451,1200128.00,163840.00,5316608.00,56203673.60,0.00,0.00,100.00,0.00,0.00,0.00,0.00,8192.00,2577408.00,5629952.00,0.00,0.00,179200.00,161792.00
1493162452,1195008.00,163840.00,5316608.00,56203673.60,1.00,0.00,99.00,0.00,0.00,0.00,0.00,122880.00,2931712.00,6408192.00,0.00,0.00,207872.00,185344.00
1493162453,1193984.00,163840.00,5316608.00,56203673.60,0.00,0.00,100.00,0.00,0.00,0.00,0.00,0.00,2785280.00,6078464.00,0.00,0.00,193536.00,173056.00
1493162454,1193984.00,163840.00,5316608.00,56203673.60,0.00,1.00,99.00,0.00,0.00,0.00,0.00,0.00,2999296.00,6537216.00,0.00,0.00,206848.00,185344.00
1493162455,1193984.00,163840.00,5316608.00,56203673.60,0.00,1.00,99.00,0.00,0.00,0.00,0.00,0.00,2852864.00,6210560.00,0.00,0.00,193536.00,175104.00
1493162456,1193984.00,163840.00,5316608.00,56203673.60,0.00,0.00,99.00,0.00,0.00,0.00,0.00,32768.00,2648064.00,5728256.00,0.00,0.00,184320.00,164864.00
1493162457,1192960.00,163840.00,5316608.00,56203673.60,0.00,0.00,99.00,0.00,0.00,0.00,0.00,147456.00,2285568.00,4921344.00,0.00,0.00,162816.00,145408.00
1493162458,1193984.00,163840.00,5316608.00,56203673.60,0.00,0.00,99.00,0.00,0.00,0.00,0.00,0.00,2797568.00,6091776.00,0.00,0.00,193536.00,173056.00
1493162459,1192960.00,163840.00,5316608.00,56203673.60,0.00,0.00,100.00,0.00,0.00,0.00,0.00,0.00,3001344.00,6548480.00,0.00,0.00,206848.00,185344.00
1493162460,1193984.00,163840.00,5316608.00,56203673.60,1.00,1.00,98.00,0.00,0.00,0.00,0.00,0.00,2595840.00,5633024.00,0.00,0.00,181248.00,162816.00
1493162461,1193984.00,163840.00,5316608.00,56203673.60,0.00,0.00,99.00,0.00,0.00,0.00,0.00,0.00,2653184.00,5778432.00,0.00,0.00,188416.00,166912.00
1493162462,1192960.00,163840.00,5316608.00,56203673.60,0.00,1.00,99.00,0.00,0.00,0.00,0.00,122880.00,2875392.00,6264832.00,0.00,0.00,201728.00,179200.00
1493162463,1192960.00,163840.00,5316608.00,56203673.60,0.00,1.00,99.00,0.00,0.00,0.00,0.00,0.00,2716672.00,5929984.00,0.00,0.00,187392.00,168960.00
1493162464,1193984.00,163840.00,5316608.00,56203673.60,0.00,0.00,99.00,0.00,0.00,0.00,0.00,0.00,2826240.00,6179840.00,0.00,0.00,196608.00,176128.00
1493162465,1193984.00,163840.00,5316608.00,56203673.60,0.00,1.00,99.00,0.00,0.00,0.00,0.00,0.00,2838528.00,6182912.00,0.00,0.00,197632.00,176128.00
1493162466,1193984.00,163840.00,5316608.00,56203673.60,0.00,0.00,99.00,0.00,0.00,0.00,0.00,425984.00,2817024.00,6130688.00,0.00,0.00,195584.00,175104.00
1493162467,1193984.00,163840.00,5316608.00,56203673.60,0.00,0.00,93.00,6.00,0.00,0.00,0.00,221184.00,3051520.00,6664192.00,0.00,0.00,214016.00,188416.00
1493162468,1192960.00,163840.00,5316608.00,56203673.60,0.00,1.00,99.00,0.00,0.00,0.00,0.00,0.00,2539520.00,5501952.00,0.00,0.00,177152.00,158720.00
1493162469,1193984.00,163840.00,5316608.00,56203673.60,0.00,0.00,99.00,0.00,0.00,0.00,0.00,0.00,3116032.00,6780928.00,0.00,0.00,211968.00,192512.00
1493162470,1193984.00,163840.00,5316608.00,56203673.60,2.00,0.00,98.00,0.00,0.00,0.00,0.00,0.00,2836480.00,6173696.00,0.00,0.00,196608.00,176128.00
1493162471,1193984.00,163840.00,5316608.00,56203673.60,0.00,1.00,99.00,0.00,0.00,0.00,0.00,81920.00,2763776.00,6011904.00,0.00,0.00,190464.00,172032.00
1493162472,1193984.00,163840.00,5316608.00,56203673.60,0.00,1.00,99.00,0.00,0.00,0.00,0.00,188416.00,2729984.00,5933056.00,0.00,0.00,191488.00,169984.00
1493162473,1193984.00,163840.00,5316608.00,56203673.60,0.00,0.00,99.00,0.00,0.00,0.00,0.00,0.00,2215936.00,4822016.00,0.00,0.00,157696.00,141312.00
1493162474,1193984.00,163840.00,5316608.00,56203673.60,0.00,0.00,99.00,0.00,0.00,0.00,0.00,0.00,2839552.00,6214656.00,0.00,0.00,203776.00,180224.00
1493162475,1193984.00,163840.00,5316608.00,56203673.60,0.00,0.00,100.00,0.00,0.00,0.00,0.00,0.00,2568192.00,5583872.00,0.00,0.00,182272.00,163840.00
1493162476,1192960.00,163840.00,5316608.00,56203673.60,0.00,0.00,99.00,0.00,0.00,0.00,0.00,196608.00,2725888.00,5955584.00,0.00,0.00,191488.00,171008.00
1493162477,1193984.00,163840.00,5316608.00,56203673.60,0.00,1.00,99.00,0.00,0.00,0.00,0.00,122880.00,2907136.00,6325248.00,0.00,0.00,202752.00,181248.00
1493162478,1192960.00,163840.00,5316608.00,56203673.60,0.00,0.00,99.00,0.00,0.00,0.00,0.00,0.00,2673664.00,5826560.00,0.00,0.00,185344.00,165888.00
1493162479,1192960.00,163840.00,5316608.00,56203673.60,1.00,1.00,99.00,0.00,0.00,0.00,0.00,0.00,2920448.00,6359040.00,0.00,0.00,198656.00,179200.00
1493162480,1193984.00,163840.00,5316608.00,56203673.60,2.00,1.00,97.00,0.00,0.00,0.00,0.00,0.00,2994176.00,6535168.00,0.00,0.00,206848.00,185344.00
1493162481,1193984.00,163840.00,5316608.00,56203673.60,2.00,0.00,98.00,0.00,0.00,0.00,0.00,0.00,2906112.00,6329344.00,0.00,0.00,200704.00,179200.00
1493162482,1193984.00,163840.00,5316608.00,56203673.60,0.00,0.00,99.00,0.00,0.00,0.00,0.00,122880.00,2907136.00,6329344.00,0.00,0.00,199680.00,179200.00
1493162483,1193984.00,163840.00,5316608.00,56203673.60,0.00,0.00,99.00,0.00,0.00,0.00,0.00,0.00,2933760.00,6418432.00,0.00,0.00,201728.00,179200.00
1493162484,1193984.00,163840.00,5316608.00,56203673.60,0.00,0.00,100.00,0.00,0.00,0.00,0.00,0.00,3090432.00,6748160.00,0.00,0.00,215040.00,191488.00
1493162485,1193984.00,163840.00,5316608.00,56203673.60,0.00,0.00,99.00,0.00,0.00,0.00,0.00,0.00,2797568.00,6100992.00,0.00,0.00,192512.00,173056.00
1493162486,1193984.00,163840.00,5316608.00,56203673.60,1.00,1.00,98.00,0.00,0.00,0.00,0.00,0.00,3048448.00,6647808.00,0.00,0.00,208896.00,188416.00
1493162487,1192960.00,163840.00,5316608.00,56203673.60,0.00,0.00,88.00,11.00,0.00,0.00,0.00,122880.00,2982912.00,6511616.00,0.00,0.00,204800.00,183296.00
1493162488,1193984.00,163840.00,5316608.00,56203673.60,1.00,0.00,98.00,0.00,0.00,0.00,0.00,0.00,2875392.00,6265856.00,0.00,0.00,198656.00,176128.00
1493162489,1195008.00,163840.00,5316608.00,56203673.60,0.00,1.00,99.00,0.00,0.00,0.00,0.00,0.00,3019776.00,6572032.00,0.00,0.00,204800.00,185344.00
1493162490,1195008.00,163840.00,5316608.00,56203673.60,1.00,0.00,99.00,0.00,0.00,0.00,0.00,0.00,2618368.00,5709824.00,0.00,0.00,181248.00,161792.00
1493162491,1193984.00,163840.00,5316608.00,56203673.60,1.00,0.00,98.00,0.00,0.00,0.00,0.00,40960.00,3043328.00,6626304.00,0.00,0.00,209920.00,185344.00
1493162492,1195008.00,163840.00,5316608.00,56203673.60,0.00,0.00,99.00,0.00,0.00,0.00,0.00,147456.00,2917376.00,6369280.00,0.00,0.00,198656.00,179200.00
1493162493,1195008.00,163840.00,5316608.00,56203673.60,0.00,0.00,100.00,0.00,0.00,0.00,0.00,0.00,2993152.00,6541312.00,0.00,0.00,205824.00,183296.00
1493162494,1195008.00,163840.00,5316608.00,56203673.60,0.00,0.00,99.00,0.00,0.00,0.00,0.00,0.00,2865152.00,6237184.00,0.00,0.00,195584.00,176128.00
1493162495,1195008.00,163840.00,5316608.00,56203673.60,0.00,1.00,99.00,0.00,0.00,0.00,0.00,0.00,2897920.00,6318080.00,0.00,0.00,199680.00,177152.00
1493162496,1196032.00,163840.00,5316608.00,56203673.60,0.00,1.00,99.00,0.00,0.00,0.00,0.00,0.00,3044352.00,6638592.00,0.00,0.00,209920.00,187392.00
1493162497,1195008.00,163840.00,5316608.00,56203673.60,0.00,0.00,99.00,0.00,0.00,0.00,0.00,122880.00,2629632.00,5712896.00,0.00,0.00,178176.00,161792.00
1493162498,1195008.00,163840.00,5316608.00,56203673.60,0.00,1.00,99.00,0.00,0.00,0.00,0.00,0.00,3100672.00,6758400.00,0.00,0.00,216064.00,191488.00
1493162499,1196032.00,163840.00,5316608.00,56203673.60,0.00,0.00,99.00,0.00,0.00,0.00,0.00,0.00,3060736.00,6666240.00,0.00,0.00,209920.00,188416.00
1493162500,1196032.00,163840.00,5316608.00,56203673.60,0.00,0.00,99.00,0.00,0.00,0.00,0.00,0.00,2878464.00,6289408.00,0.00,0.00,199680.00,178176.00
1493162501,1195008.00,163840.00,5316608.00,56203673.60,1.00,1.00,98.00,0.00,0.00,0.00,0.00,425984.00,2967552.00,6480896.00,0.00,0.00,205824.00,183296.00
1493162502,1196032.00,163840.00,5316608.00,56203673.60,0.00,0.00,99.00,0.00,0.00,0.00,0.00,221184.00,2745344.00,5984256.00,0.00,0.00,186368.00,168960.00
1493162503,1195008.00,163840.00,5316608.00,56203673.60,0.00,1.00,99.00,0.00,0.00,0.00,0.00,0.00,3074048.00,6694912.00,0.00,0.00,209920.00,187392.00
1493162504,1195008.00,163840.00,5316608.00,56203673.60,0.00,0.00,99.00,0.00,0.00,0.00,0.00,0.00,2873344.00,6255616.00,0.00,0.00,194560.00,176128.00
1493162505,1195008.00,163840.00,5316608.00,56203673.60,0.00,1.00,99.00,0.00,0.00,0.00,0.00,0.00,2899968.00,6333440.00,0.00,0.00,197632.00,177152.00
1493162506,1195008.00,163840.00,5316608.00,56203673.60,0.00,0.00,100.00,0.00,0.00,0.00,0.00,131072.00,3078144.00,6697984.00,0.00,0.00,210944.00,188416.00
1493162507,1195008.00,163840.00,5316608.00,56203673.60,0.00,1.00,99.00,0.00,0.00,0.00,0.00,204800.00,2878464.00,6277120.00,0.00,0.00,194560.00,176128.00
1493162508,1196032.00,163840.00,5316608.00,56203673.60,0.00,0.00,100.00,0.00,0.00,0.00,0.00,0.00,3064832.00,6667264.00,0.00,0.00,207872.00,187392.00
1493162509,1195008.00,163840.00,5316608.00,56203673.60,0.00,0.00,99.00,0.00,0.00,0.00,0.00,0.00,2622464.00,5700608.00,0.00,0.00,178176.00,161792.00
1493162510,1195008.00,163840.00,5316608.00,56203673.60,0.00,1.00,99.00,0.00,0.00,0.00,0.00,0.00,2979840.00,6501376.00,0.00,0.00,204800.00,183296.00
1493162511,1196032.00,163840.00,5316608.00,56203673.60,1.00,1.00,98.00,0.00,0.00,0.00,0.00,172032.00,2842624.00,6183936.00,0.00,0.00,191488.00,173056.00
1493162512,1196032.00,163840.00,5316608.00,56203673.60,0.00,0.00,99.00,0.00,0.00,0.00,0.00,122880.00,2904064.00,6311936.00,0.00,0.00,196608.00,177152.00
