--Probe dump file for probe: org.yardstickframework.probes.ThroughputLatencyProbe@6f53b8a (class org.yardstickframework.probes.ThroughputLatencyProbe)
--Created Tue Apr 25 23:15:52 UTC 2017
--Benchmark config: BenchmarkConfiguration [memberId='0', driverNames='[HazelcastSetAllTxBenchmark]', serverName='HazelcastNode', threads=64, duration=300, warmup=60, dfltProbeClsNames=[ThroughputLatencyProbe, PercentileProbe, DStatProbe], propsFileName='yardstick/config/run.properties', packages=[org.yardstickframework], cmdArgs=[--outputFolder, /home/ubuntu/date-2504-221749-s-4-c-1-ver-3.8.1-f1e9264/yardstick/bin/../output/results-20170425-221800, -id, 0, -hzcfg, /home/ubuntu/date-2504-221749-s-4-c-1-ver-3.8.1-f1e9264/yardstick/bin/../config/hz-config.xml, --hzClientConfig, /home/ubuntu/date-2504-221749-s-4-c-1-ver-3.8.1-f1e9264/yardstick/bin/../config/hz-client-config.xml, --clientMode, -nn, 4, -b, 1, -w, 60, -d, 300, -t, 64, --syncBackups, --readBackups, -bs, 6, -dn, HazelcastSetAllTxBenchmark, -sn, HazelcastNode, -ds, 3.8.1-f1e9264-tx-setAll-bs-6-1-backup, --config, yardstick/config/run.properties, --logsFolder, /home/ubuntu/date-2504-221749-s-4-c-1-ver-3.8.1-f1e9264/yardstick/bin/../output/logs-20170425-221800/logs_drivers, --currentFolder, /home/ubuntu/date-2504-221749-s-4-c-1-ver-3.8.1-f1e9264, --scriptsFolder, /home/ubuntu/date-2504-221749-s-4-c-1-ver-3.8.1-f1e9264/yardstick/bin], probeWriter='null', customProps={ver=3.8.1-f1e9264-, b=1, d=300, SERVER_HOSTS=172.31.45.250,172.31.38.80,172.31.41.141,172.31.42.161, now0=`date +'%H%M%S'`, nodesNum=$((`echo ${SERVER_HOSTS} | tr ',' '' | wc -l`)), JVM_OPTS=${JVM_OPTS}" -Xms6g -Xmx6g -Xloggc:./gc${now0}.log -XX:+PrintGCDetails -verbose:gc -XX:+UseParNewGC -XX:+UseConcMarkSweepGC ", CONFIGS="-hzcfg ${SCRIPT_DIR}/../config/hz-config.xml --hzClientConfig ${SCRIPT_DIR}/../config/hz-client-config.xml --clientMode -nn ${nodesNum} -b ${b} -w ${w} -d ${d} -t ${t}  ${sm} --readBackups -dn HazelcastSetBenchmark -sn HazelcastNode -ds ${ver}atomic-set-1-backup,-hzcfg ${SCRIPT_DIR}/../config/hz-config.xml --hzClientConfig ${SCRIPT_DIR}/../config/hz-client-config.xml --clientMode -nn ${nodesNum} -b ${b} -w ${w} -d ${d} -t ${t}  ${sm} --readBackups -dn HazelcastSetGetBenchmark -sn HazelcastNode -ds ${ver}atomic-set-get-1-backup,-hzcfg ${SCRIPT_DIR}/../config/hz-config.xml --hzClientConfig ${SCRIPT_DIR}/../config/hz-client-config.xml --clientMode -nn ${nodesNum} -b ${b} -w ${w} -d ${d} -t ${t}  ${sm} --readBackups -bs 6 -dn HazelcastPutGetBatchBenchmark -sn HazelcastNode -ds ${ver}atomic-set-get-bs-6-1-backup,-hzcfg ${SCRIPT_DIR}/../config/hz-config.xml --hzClientConfig ${SCRIPT_DIR}/../config/hz-client-config.xml --clientMode -nn ${nodesNum} -b ${b} -w ${w} -d ${d} -t ${t}  ${sm} --readBackups -dn HazelcastSetTxBenchmark -sn HazelcastNode -ds ${ver}tx-set-pessimistic-1-backup,-hzcfg ${SCRIPT_DIR}/../config/hz-config.xml --hzClientConfig ${SCRIPT_DIR}/../config/hz-client-config.xml --clientMode -nn ${nodesNum} -b ${b} -w ${w} -d ${d} -t ${t}  ${sm} --readBackups -dn HazelcastSetGetTxOptimisticBenchmark -sn HazelcastNode -ds ${ver}tx-set-get-opt-1-backup,-hzcfg ${SCRIPT_DIR}/../config/hz-config.xml --hzClientConfig ${SCRIPT_DIR}/../config/hz-client-config.xml --clientMode -nn ${nodesNum} -b ${b} -w ${w} -d ${d} -t ${t}  ${sm} --readBackups -dn HazelcastSetGetTxPessimisticBenchmark -sn HazelcastNode -ds ${ver}tx-set-get-pes-1-backup,-hzcfg ${SCRIPT_DIR}/../config/hz-config.xml --hzClientConfig ${SCRIPT_DIR}/../config/hz-client-config.xml --clientMode -nn ${nodesNum} -b ${b} -w ${w} -d ${d} -t ${t}  ${sm} --readBackups -dn HazelcastSqlQueryBenchmark -sn HazelcastNode -ds ${ver}sql-query-1-backup,-hzcfg ${SCRIPT_DIR}/../config/hz-config.xml --hzClientConfig ${SCRIPT_DIR}/../config/hz-client-config.xml --clientMode -nn ${nodesNum} -b ${b} -w ${w} -d ${d} -t ${t}  ${sm} --readBackups -dn HazelcastSqlQuerySetBenchmark -sn HazelcastNode -ds ${ver}sql-query-set-1-backup,-hzcfg ${SCRIPT_DIR}/../config/hz-config.xml --hzClientConfig ${SCRIPT_DIR}/../config/hz-client-config.xml --clientMode -nn ${nodesNum} -b ${b} -w ${w} -d ${d} -t ${t}  ${sm} --readBackups -bs 6 -dn HazelcastPutAllBenchmark -sn HazelcastNode -ds ${ver}atomic-setAll-bs-6-1-backup,-hzcfg ${SCRIPT_DIR}/../config/hz-config.xml --hzClientConfig ${SCRIPT_DIR}/../config/hz-client-config.xml --clientMode -nn ${nodesNum} -b ${b} -w ${w} -d ${d} -t ${t}  ${sm} --readBackups -bs 6 -dn HazelcastSetAllTxBenchmark -sn HazelcastNode -ds ${ver}tx-setAll-bs-6-1-backup,-hzcfg ${SCRIPT_DIR}/../config/hz-config.xml --hzClientConfig ${SCRIPT_DIR}/../config/hz-client-config.xml --clientMode -nn ${nodesNum} -b ${b} -w ${w} -d ${d} -t ${t}  ${sm} --readBackups -bs 6 -dn HazelcastGetAllSetAllTxOptimisticBenchmark -sn HazelcastNode -ds ${ver}tx-optimistic-getAllSetAll-bs-6-1-backup,-hzcfg ${SCRIPT_DIR}/../config/hz-config.xml --hzClientConfig ${SCRIPT_DIR}/../config/hz-client-config.xml --clientMode -nn ${nodesNum} -b ${b} -w ${w} -d ${d} -t ${t}  ${sm} --readBackups -bs 6 -dn HazelcastGetAllSetAllTxPessimisticBenchmark -sn HazelcastNode -ds ${ver}tx-pessimistic-getAllSetAll-bs-6-1-backup,", DRIVER_HOSTS=172.31.46.6, t=64, BENCHMARK_PACKAGES=org.yardstickframework, w=60, BENCHMARK_LABEL=hazelcast, sm="--syncBackups", AUTO_COPY=false, RESTART_SERVERS=true}, shutdownHook=true, currentFolder=/home/ubuntu/date-2504-221749-s-4-c-1-ver-3.8.1-f1e9264, scriptsFolder=/home/ubuntu/date-2504-221749-s-4-c-1-ver-3.8.1-f1e9264/yardstick/bin, logsFolder=/home/ubuntu/date-2504-221749-s-4-c-1-ver-3.8.1-f1e9264/yardstick/bin/../output/logs-20170425-221800/logs_drivers, outputFolder=/home/ubuntu/date-2504-221749-s-4-c-1-ver-3.8.1-f1e9264/yardstick/bin/../output/results-20170425-221800, outputWriter=java.io.PrintStream@4351e8f2, errorWriter=java.io.PrintStream@476e7440, descriptions=[3.8.1-f1e9264-tx-setAll-bs-6-1-backup], hostName=]
--Description: 3.8.1-f1e9264-tx-setAll-bs-6-1-backup
@@HazelcastSetAllTxBenchmark
**"Time, sec","Operations/sec (more is better)","Latency, nsec (less is better)"
1493162213,6066.00,10537811.07
1493162214,6413.00,9706531.18
1493162215,5647.00,11601760.12
1493162216,6247.00,10247669.38
1493162217,6365.00,9752159.44
1493162218,5707.00,11543953.75
1493162219,6330.00,10111223.25
1493162220,6022.00,10630664.34
1493162221,5134.00,12473420.71
1493162222,6104.00,10474101.17
1493162223,6055.00,10573212.22
1493162224,5602.00,11281968.38
1493162225,5247.00,12345526.15
1493162226,5729.00,11160544.18
1493162227,4715.00,13584070.80
1493162228,4712.00,13582654.36
1493162229,6385.00,10020972.48
1493162230,5748.00,11135934.08
1493162231,5889.00,10867974.91
1493162232,6592.00,9708462.26
1493162233,5883.00,10539088.67
1493162234,5597.00,11612134.43
1493162235,6018.00,10805142.69
1493162236,5996.00,10671178.58
1493162237,5729.00,11166765.09
1493162238,6077.00,10540485.20
1493162239,6189.00,10337382.88
1493162240,5624.00,11385070.80
1493162241,6168.00,10369311.01
1493162242,6104.00,10394004.02
1493162243,5939.00,10874983.54
1493162244,6191.00,10331980.85
1493162245,6198.00,10003235.03
1493162246,5682.00,11597816.03
1493162247,6135.00,10445718.20
1493162248,6483.00,9686288.33
1493162249,5588.00,11675121.97
1493162250,6056.00,10566874.29
1493162251,6538.00,9789633.05
1493162252,5480.00,11030469.21
1493162253,5954.00,11343452.57
1493162254,6517.00,9823052.17
1493162255,5701.00,11228550.83
1493162256,5797.00,11037766.64
1493162257,6665.00,9602490.75
1493162258,5797.00,11041695.83
1493162259,5852.00,10941413.22
1493162260,6460.00,9899494.53
1493162261,5846.00,10953158.41
1493162262,5904.00,10846211.10
1493162263,6640.00,9618608.17
1493162264,5819.00,11014256.62
1493162265,5699.00,11234299.90
1493162266,6553.00,9763187.90
1493162267,5800.00,11031129.41
1493162268,5747.00,11143294.48
1493162269,6391.00,10015557.21
1493162270,5596.00,11432910.74
1493162271,5844.00,10951410.27
1493162272,5757.00,11120011.82
1493162273,4653.00,13759686.93
1493162274,5476.00,11675744.31
1493162275,6085.00,10516892.98
1493162276,5506.00,11642046.42
1493162277,5417.00,11805195.25
1493162278,5998.00,10662149.28
1493162279,5486.00,11671451.97
1493162280,5300.00,12070857.06
1493162281,5589.00,11451263.09
1493162282,5243.00,12190737.29
1493162283,5289.00,12129517.97
1493162284,4820.00,13263866.54
1493162285,4811.00,13288693.58
1493162286,5321.00,12056297.89
1493162287,4446.00,14379710.95
1493162288,4929.00,12981585.35
1493162289,5113.00,12531114.91
1493162290,5131.00,12463770.47
1493162291,5475.00,11696530.34
1493162292,5064.00,12645762.90
1493162293,5255.00,12172530.07
1493162294,5383.00,11440591.94
1493162295,5272.00,12591424.34
1493162296,5162.00,12410345.15
1493162297,5269.00,12123671.99
1493162298,5600.00,11448171.01
1493162299,5236.00,12218216.94
1493162300,4859.00,13125000.47
1493162301,5507.00,11667303.58
1493162302,5191.00,12327043.48
1493162303,5021.00,12747296.02
1493162304,4991.00,12833153.64
1493162305,5393.00,11861188.24
1493162306,5119.00,12503902.75
1493162307,5204.00,12285584.98
1493162308,5524.00,11590250.94
1493162309,5138.00,12460167.02
1493162310,5106.00,12547843.56
1493162311,5290.00,12118534.24
1493162312,5618.00,11384082.40
1493162313,5236.00,12239040.77
1493162314,5173.00,12361538.32
1493162315,5589.00,11452911.41
1493162316,5120.00,12478488.10
1493162317,5232.00,12250194.21
1493162318,5204.00,12318720.83
1493162319,5296.00,11536963.43
1493162320,5373.00,12442909.22
1493162321,5084.00,12590403.06
1493162322,5511.00,11488098.13
1493162323,5026.00,12856671.90
1493162324,5396.00,11877790.61
1493162325,5294.00,12086987.17
1493162326,5253.00,12194549.77
1493162327,5646.00,11325354.30
1493162328,5264.00,12169868.82
1493162329,5229.00,11844341.35
1493162330,5184.00,12745810.94
1493162331,5582.00,11453318.47
1493162332,5285.00,12118769.80
1493162333,5047.00,12674928.45
1493162334,4239.00,15059069.37
1493162335,5228.00,12287629.03
1493162336,5602.00,11413592.88
1493162337,4873.00,13135997.72
1493162338,5663.00,11309478.82
1493162339,5399.00,11848064.94
1493162340,4797.00,13334621.73
1493162341,5282.00,12126888.04
1493162342,4982.00,12837786.64
1493162343,5101.00,12546387.43
1493162344,5067.00,12637691.92
1493162345,5670.00,11284621.11
1493162346,5234.00,12242156.36
1493162347,5208.00,12283759.94
1493162348,5691.00,11253231.76
1493162349,5162.00,12408177.69
1493162350,5483.00,11672785.49
1493162351,4982.00,12840846.91
1493162352,5532.00,11571127.80
1493162353,5285.00,12112917.98
1493162354,5293.00,12084711.69
1493162355,5576.00,11494605.01
1493162356,5230.00,12217027.73
1493162357,5711.00,11218611.64
1493162358,5059.00,12653844.24
1493162359,5689.00,11253589.47
1493162360,5375.00,11895413.99
1493162361,5359.00,11949173.12
1493162362,5117.00,12472252.91
1493162363,3698.00,17285305.36
1493162364,5141.00,12478626.39
1493162365,4794.00,13367518.49
1493162366,5360.00,11936309.42
1493162367,5229.00,12164669.21
1493162368,4943.00,13030838.42
1493162369,5513.00,11621771.92
1493162370,5287.00,12094464.46
1493162371,5120.00,12497567.08
1493162372,4768.00,13429289.75
1493162373,5555.00,11527567.12
1493162374,5507.00,11615474.15
1493162375,4786.00,13377955.15
1493162376,5649.00,10806801.50
1493162377,5263.00,12725502.70
1493162378,5402.00,11823348.34
1493162379,4659.00,13761176.54
1493162380,5654.00,11307382.29
1493162381,5328.00,12036984.89
1493162382,5205.00,12270652.47
1493162383,5342.00,12006387.15
1493162384,5161.00,12390832.90
1493162385,5683.00,11265708.83
1493162386,4650.00,13754154.51
1493162387,5424.00,11798612.04
1493162388,5155.00,12286976.08
1493162389,5344.00,12111726.96
1493162390,5351.00,11950070.42
1493162391,4881.00,13066167.94
1493162392,5633.00,11408463.59
1493162393,4891.00,13092779.10
1493162394,5706.00,11212356.56
1493162395,4339.00,14729069.83
1493162396,4876.00,13152501.48
1493162397,5828.00,10506494.45
1493162398,5178.00,12897555.19
1493162399,5579.00,11472236.92
1493162400,4596.00,13908878.31
1493162401,4781.00,13387222.64
1493162402,5057.00,12669997.15
1493162403,5172.00,12347307.20
1493162404,5738.00,11148081.19
1493162405,4946.00,12969942.58
1493162406,5477.00,11641654.18
1493162407,5082.00,12647455.41
1493162408,5169.00,12384605.63
1493162409,5819.00,10864943.98
1493162410,4817.00,13439727.74
1493162411,5587.00,11435663.20
1493162412,4997.00,12841135.35
1493162413,5469.00,11708938.67
1493162414,5320.00,12012121.98
1493162415,5243.00,12223309.05
1493162416,6007.00,10650390.51
1493162417,5127.00,12468637.14
1493162418,5663.00,11303371.73
1493162419,5296.00,12099591.27
1493162420,5305.00,12055771.22
1493162421,5987.00,10681286.88
1493162422,4872.00,13157572.12
1493162423,5498.00,11635419.87
1493162424,5368.00,11934355.72
1493162425,5301.00,12064624.77
1493162426,5397.00,11610412.89
1493162427,4857.00,13465054.15
1493162428,5867.00,10908049.45
1493162429,4756.00,13432953.68
1493162430,5595.00,11451974.11
1493162431,5278.00,12124877.36
1493162432,5244.00,12211670.59
1493162433,5696.00,10833641.95
1493162434,5177.00,12809701.67
1493162435,5567.00,11486964.24
1493162436,5141.00,12452770.75
1493162437,5144.00,12443915.58
1493162438,5375.00,11675703.47
1493162439,5026.00,12972307.45
1493162440,5910.00,10836360.87
1493162441,4934.00,12975594.37
1493162442,5609.00,11406997.35
1493162443,5251.00,12198222.65
1493162444,5353.00,11945130.01
1493162445,5543.00,11547921.79
1493162446,5259.00,12052641.93
1493162447,5575.00,11593407.74
1493162448,5336.00,12006017.28
1493162449,5194.00,12305065.42
1493162450,5379.00,11811225.44
1493162451,4834.00,13319490.63
1493162452,5425.00,11357500.15
1493162453,5294.00,12567146.17
1493162454,5615.00,11397257.69
1493162455,5301.00,12068988.59
1493162456,4892.00,13095327.98
1493162457,4182.00,15275954.58
1493162458,5198.00,12325433.19
1493162459,5597.00,11439950.26
1493162460,4834.00,13228421.08
1493162461,4892.00,12988109.46
1493162462,5427.00,11876788.88
1493162463,5088.00,12589362.61
1493162464,5279.00,12112904.11
1493162465,5290.00,12104651.60
1493162466,5235.00,12214056.74
1493162467,5707.00,11229388.74
1493162468,4699.00,13623669.15
1493162469,5673.00,10910823.62
1493162470,5401.00,12235857.31
1493162471,5136.00,12464367.90
1493162472,5051.00,12661593.76
1493162473,4075.00,15616830.06
1493162474,5266.00,11924606.86
1493162475,4908.00,13375139.70
1493162476,5099.00,12538242.90
1493162477,5395.00,11869583.95
1493162478,5007.00,12789945.36
1493162479,5461.00,11723478.08
1493162480,5615.00,11399533.69
1493162481,5416.00,11817216.36
1493162482,5404.00,11840816.09
1493162483,5509.00,11617054.91
1493162484,5764.00,11107765.31
1493162485,5087.00,11867288.79
1493162486,5714.00,11596845.91
1493162487,5667.00,11537853.26
1493162488,5344.00,11970181.44
1493162489,5619.00,11389890.16
1493162490,4858.00,13175149.82
1493162491,5658.00,11313965.39
1493162492,5301.00,11505706.03
1493162493,5748.00,11654368.09
1493162494,5313.00,12047500.78
1493162495,5416.00,11831773.89
1493162496,5671.00,11273824.91
1493162497,4888.00,13092386.47
1493162498,5753.00,11127169.61
1493162499,5710.00,11210369.71
1493162500,5374.00,11912151.76
1493162501,5374.00,11544585.23
1493162502,5295.00,12460568.15
1493162503,5693.00,11230998.59
1493162504,5337.00,11979056.67
1493162505,5424.00,11825885.44
1493162506,5727.00,11175827.99
1493162508,5367.00,11919741.00
1493162509,5702.00,11229897.74
1493162510,4868.00,13141603.86
1493162511,5508.00,11585670.25
1493162512,5334.00,12034812.27
1493162513,5386.00,11891986.18
