--Probe dump file for probe: org.yardstickframework.probes.DStatProbe@4fcc529 (class org.yardstickframework.probes.DStatProbe)
--Created Tue Apr 25 21:33:48 UTC 2017
--Benchmark config: BenchmarkConfiguration [memberId='0', driverNames='[IgniteSqlQueryPutBenchmark]', serverName='IgniteNode', threads=64, duration=300, warmup=60, dfltProbeClsNames=[ThroughputLatencyProbe, PercentileProbe, DStatProbe], propsFileName='yardstick/config/run.properties', packages=[org.yardstickframework, org.apache.ignite.yardstick], cmdArgs=[--outputFolder, /home/ubuntu/date-2504-204359-s-4-c-1-ver-2.0.0-SNAPSHOT-0be92732/yardstick/bin/../output/results-20170425-204411, -id, 0, -cfg, /home/ubuntu/date-2504-204359-s-4-c-1-ver-2.0.0-SNAPSHOT-0be92732/yardstick/bin/../config/ignite-config.xml, -nn, 5, -b, 1, -w, 60, -d, 300, -t, 64, -sm, FULL_SYNC, --client, -dn, IgniteSqlQueryPutBenchmark, -sn, IgniteNode, -ds, 2.0.0-SNAPSHOT-0be92732-sql-query-put-1-backup, --config, yardstick/config/run.properties, --logsFolder, /home/ubuntu/date-2504-204359-s-4-c-1-ver-2.0.0-SNAPSHOT-0be92732/yardstick/bin/../output/logs-20170425-204411/logs_drivers, --currentFolder, /home/ubuntu/date-2504-204359-s-4-c-1-ver-2.0.0-SNAPSHOT-0be92732, --scriptsFolder, /home/ubuntu/date-2504-204359-s-4-c-1-ver-2.0.0-SNAPSHOT-0be92732/yardstick/bin], probeWriter='null', customProps={ver=2.0.0-SNAPSHOT-0be92732- , b=1, d=300, SERVER_HOSTS=172.31.45.250,172.31.38.80,172.31.41.141,172.31.42.161, now0=`date +'%H%M%S'`, j=10, nodesNum=$((`echo ${SERVER_HOSTS} | tr ',' '' | wc -l` + `echo ${DRIVER_HOSTS} | tr ',' '' | wc -l`)), JVM_OPTS=${JVM_OPTS}" -Xms6g -Xmx6g -Xloggc:./gc${now0}.log -XX:+PrintGCDetails -verbose:gc -XX:+UseParNewGC -XX:+UseConcMarkSweepGC ", CONFIGS="-cfg ${SCRIPT_DIR}/../config/ignite-config.xml -nn ${nodesNum} -b ${b} -w ${w} -d ${d} -t ${t} -sm ${sm}  --client -dn IgnitePutBenchmark -sn IgniteNode -wom PRIMARY -ds ${ver}atomic-put-${b}-backup,-cfg ${SCRIPT_DIR}/../config/ignite-config.xml -nn ${nodesNum} -b ${b} -w ${w} -d ${d} -t ${t} -sm ${sm}  --client -dn IgnitePutGetBenchmark -sn IgniteNode -wom PRIMARY -ds ${ver}atomic-put-get-${b}-backup,-cfg ${SCRIPT_DIR}/../config/ignite-config.xml -nn ${nodesNum} -b ${b} -w ${w} -d ${d} -t ${t} -sm ${sm} -bs 6  --client -dn IgnitePutGetBatchBenchmark -wom PRIMARY -sn IgniteNode -ds ${ver}atomic-put-get-bs-6-${b}-backup,-cfg ${SCRIPT_DIR}/../config/ignite-config.xml -nn ${nodesNum} -b ${b} -w ${w} -d ${d} -t ${t} -sm ${sm}  --client -dn IgnitePutTxImplicitBenchmark -sn IgniteNode -ds ${ver}tx-optimistic-put-${b}-backup,-cfg ${SCRIPT_DIR}/../config/ignite-config.xml -nn ${nodesNum} -b ${b} -w ${w} -d ${d} -t ${t} -sm ${sm} -txc OPTIMISTIC  --client -dn IgnitePutGetTxBenchmark -sn IgniteNode -ds ${ver}tx-optim-repRead-put-get-${b}-backup,-cfg ${SCRIPT_DIR}/../config/ignite-config.xml -nn ${nodesNum} -b ${b} -w ${w} -d ${d} -t ${t} -sm ${sm} -txc PESSIMISTIC  --client -dn IgnitePutGetTxBenchmark -sn IgniteNode -ds ${ver}tx-pessim-repRead-put-get-${b}-backup,-cfg ${SCRIPT_DIR}/../config/ignite-config.xml -nn ${nodesNum} -b ${b} -w ${w} -d ${d} -t ${t} -sm ${sm} -txc OPTIMISTIC -txi SERIALIZABLE  --client -dn IgnitePutGetTxBenchmark -sn IgniteNode -ds ${ver}tx-opt-serial-put-get-${b}-backup,-cfg ${SCRIPT_DIR}/../config/ignite-config.xml -nn ${nodesNum} -b ${b} -w ${w} -d ${d} -t ${t} -sm ${sm}  --client -dn IgniteSqlQueryBenchmark -sn IgniteNode -ds ${ver}sql-query-${b}-backup,-cfg ${SCRIPT_DIR}/../config/ignite-config.xml -nn ${nodesNum} -b ${b} -w ${w} -d ${d} -t ${t} -sm ${sm}  --client -dn IgniteSqlQueryPutBenchmark -sn IgniteNode -ds ${ver}sql-query-put-${b}-backup,-cfg ${SCRIPT_DIR}/../config/ignite-config.xml -nn ${nodesNum} -b ${b} -w ${w} -d ${d} -t ${t} -sm ${sm} -bs 6  --client -dn IgnitePutAllBenchmark -wom PRIMARY -sn IgniteNode -ds ${ver}atomic-putAll-bs-6-${b}-backup,-cfg ${SCRIPT_DIR}/../config/ignite-config.xml -nn ${nodesNum} -b ${b} -w ${w} -d ${d} -t ${t} -sm ${sm} -bs 6  --client -dn IgnitePutAllTxBenchmark -sn IgniteNode -ds ${ver}tx-putAll-bs-6-${b}-backup,-cfg ${SCRIPT_DIR}/../config/ignite-config.xml -nn ${nodesNum} -b ${b} -w ${w} -d ${d} -t ${t} -sm ${sm} -bs 6  --client -dn IgnitePutAllSerializableTxBenchmark -sn IgniteNode -ds ${ver}tx-putAllSerializable-bs-6-${b}-backup,-cfg ${SCRIPT_DIR}/../config/ignite-config.xml -nn ${nodesNum} -b ${b} -w ${w} -d ${d} -t ${t} -sm ${sm} -bs 6 -txc OPTIMISTIC   --client -dn IgniteGetAllPutAllTxBenchmark -sn IgniteNode -ds ${ver}tx-optimistic-getAllPutAll-bs-6-${b}-backup,-cfg ${SCRIPT_DIR}/../config/ignite-config.xml -nn ${nodesNum} -b ${b} -w ${w} -d ${d} -t ${t} -sm ${sm} -bs 6 -txc PESSIMISTIC  --client -dn IgniteGetAllPutAllTxBenchmark -sn IgniteNode -ds ${ver}tx-pessimistic-getAllPutAll-bs-6-${b}-backup,-cfg ${SCRIPT_DIR}/../config/ignite-config.xml -nn ${nodesNum} -b ${b} -w ${w} -d ${d} -t ${t} -sm ${sm} -bs 6 -txc OPTIMISTIC -txi SERIALIZABLE  --client -dn IgniteGetAllPutAllTxBenchmark -sn IgniteNode -ds ${ver}tx-opt-serializable-getAllPutAll-bs-6-${b}-backup,", DRIVER_HOSTS=172.31.46.6, t=64, BENCHMARK_PACKAGES=org.yardstickframework,org.apache.ignite.yardstick, w=60, sm=FULL_SYNC, AUTO_COPY=false, RESTART_SERVERS=true}, shutdownHook=true, currentFolder=/home/ubuntu/date-2504-204359-s-4-c-1-ver-2.0.0-SNAPSHOT-0be92732, scriptsFolder=/home/ubuntu/date-2504-204359-s-4-c-1-ver-2.0.0-SNAPSHOT-0be92732/yardstick/bin, logsFolder=/home/ubuntu/date-2504-204359-s-4-c-1-ver-2.0.0-SNAPSHOT-0be92732/yardstick/bin/../output/logs-20170425-204411/logs_drivers, outputFolder=/home/ubuntu/date-2504-204359-s-4-c-1-ver-2.0.0-SNAPSHOT-0be92732/yardstick/bin/../output/results-20170425-204411, outputWriter=java.io.PrintStream@77bd54b2, errorWriter=java.io.PrintStream@797aa435, descriptions=[2.0.0-SNAPSHOT-0be92732-sql-query-put-1-backup], hostName=]
--Description: 2.0.0-SNAPSHOT-0be92732-sql-query-put-1-backup
@@IgniteSqlQueryPutBenchmark
**"Time, sec","Memory Used, KB","Memory Buffered, KB","Memory Cached, KB","Memory Free, KB","CPU User, %","CPU System, %","CPU Idle, %","CPU Wait, %","CPU Hardware Interrupts","CPU Software Interrupts","Disk Read, B","Disk Write, B","Network Receive, B","Network Send, B","Page In, B","Page Out, B","System Interrupts, per sec","System Context Switches, per sec"
1493156089,1404928.00,158720.00,5142528.00,56203673.60,21.00,14.00,59.00,0.00,0.00,6.00,0.00,114688.00,11534336.00,37748736.00,0.00,0.00,237568.00,326656.00
1493156090,1404928.00,158720.00,5142528.00,56203673.60,15.00,11.00,67.00,0.00,0.00,6.00,0.00,40960.00,9336832.00,32505856.00,0.00,0.00,192512.00,268288.00
1493156091,1404928.00,158720.00,5142528.00,56203673.60,18.00,12.00,66.00,0.00,0.00,4.00,0.00,0.00,9101312.00,31457280.00,0.00,0.00,188416.00,264192.00
1493156092,1404928.00,158720.00,5142528.00,56203673.60,14.00,10.00,71.00,0.00,0.00,4.00,0.00,0.00,9001984.00,30408704.00,0.00,0.00,187392.00,262144.00
1493156093,1404928.00,158720.00,5142528.00,56203673.60,21.00,12.00,62.00,0.00,0.00,5.00,0.00,0.00,10485760.00,35651584.00,0.00,0.00,215040.00,301056.00
1493156094,1405952.00,158720.00,5142528.00,56203673.60,18.00,18.00,58.00,0.00,0.00,6.00,0.00,147456.00,11534336.00,37748736.00,0.00,0.00,229376.00,321536.00
1493156095,1405952.00,158720.00,5142528.00,56203673.60,20.00,11.00,65.00,0.00,0.00,5.00,0.00,163840.00,9663488.00,32505856.00,0.00,0.00,199680.00,278528.00
1493156096,1405952.00,158720.00,5142528.00,56203673.60,21.00,17.00,56.00,0.00,0.00,6.00,0.00,0.00,11534336.00,37748736.00,0.00,0.00,227328.00,320512.00
1493156097,1404928.00,158720.00,5142528.00,56203673.60,15.00,12.00,69.00,0.00,0.00,4.00,0.00,0.00,9562112.00,32505856.00,0.00,0.00,195584.00,275456.00
1493156098,1404928.00,158720.00,5142528.00,56203673.60,23.00,14.00,59.00,0.00,0.00,5.00,0.00,0.00,10485760.00,36700160.00,0.00,0.00,226304.00,317440.00
1493156099,1405952.00,158720.00,5142528.00,56203673.60,18.00,12.00,66.00,0.00,0.00,5.00,0.00,229376.00,9988096.00,33554432.00,0.00,0.00,205824.00,288768.00
1493156100,1405952.00,158720.00,5142528.00,56203673.60,18.00,13.00,63.00,0.00,0.00,6.00,0.00,32768.00,10220544.00,34603008.00,0.00,0.00,210944.00,296960.00
1493156101,1405952.00,158720.00,5142528.00,56203673.60,21.00,14.00,59.00,0.00,0.00,6.00,0.00,0.00,10485760.00,37748736.00,0.00,0.00,235520.00,327680.00
1493156102,1405952.00,158720.00,5142528.00,56203673.60,14.00,11.00,71.00,0.00,0.00,4.00,0.00,0.00,9209856.00,31457280.00,0.00,0.00,190464.00,274432.00
1493156103,1405952.00,158720.00,5142528.00,56203673.60,22.00,14.00,58.00,0.00,0.00,6.00,0.00,0.00,11534336.00,37748736.00,0.00,0.00,219136.00,321536.00
1493156104,1405952.00,158720.00,5142528.00,56203673.60,16.00,12.00,67.00,0.00,0.00,5.00,0.00,163840.00,9552896.00,32505856.00,0.00,0.00,197632.00,275456.00
1493156105,1405952.00,158720.00,5142528.00,56203673.60,22.00,12.00,59.00,0.00,0.00,7.00,0.00,0.00,11534336.00,37748736.00,0.00,0.00,229376.00,320512.00
1493156106,1405952.00,158720.00,5142528.00,56203673.60,17.00,11.00,68.00,0.00,0.00,5.00,0.00,0.00,9720832.00,32505856.00,0.00,0.00,195584.00,277504.00
1493156107,1405952.00,158720.00,5142528.00,56203673.60,19.00,15.00,60.00,0.00,0.00,7.00,0.00,0.00,11534336.00,37748736.00,0.00,0.00,230400.00,323584.00
1493156108,1404928.00,158720.00,5142528.00,56203673.60,21.00,14.00,58.00,0.00,0.00,7.00,0.00,0.00,11534336.00,38797312.00,0.00,0.00,233472.00,327680.00
1493156109,1404928.00,158720.00,5142528.00,56203673.60,16.00,12.00,67.00,0.00,0.00,5.00,0.00,122880.00,10095616.00,33554432.00,0.00,0.00,201728.00,286720.00
1493156110,1405952.00,158720.00,5142528.00,56203673.60,22.00,12.00,61.00,0.00,0.00,5.00,0.00,319488.00,11534336.00,37748736.00,0.00,0.00,230400.00,316416.00
1493156111,1405952.00,158720.00,5142528.00,56203673.60,16.00,10.00,68.00,0.00,0.00,5.00,0.00,0.00,9493504.00,31457280.00,0.00,0.00,193536.00,267264.00
1493156112,1404928.00,158720.00,5142528.00,56203673.60,19.00,15.00,61.00,0.00,0.00,5.00,0.00,0.00,11534336.00,37748736.00,0.00,0.00,228352.00,322560.00
1493156113,1404928.00,158720.00,5142528.00,56203673.60,17.00,11.00,66.00,0.00,0.00,6.00,0.00,0.00,10485760.00,34603008.00,0.00,0.00,212992.00,294912.00
1493156114,1405952.00,158720.00,5142528.00,56203673.60,18.00,15.00,62.00,0.00,0.00,5.00,0.00,139264.00,10485760.00,34603008.00,0.00,0.00,220160.00,304128.00
1493156115,1405952.00,158720.00,5142528.00,56203673.60,17.00,11.00,67.00,0.00,0.00,5.00,0.00,163840.00,10149888.00,33554432.00,0.00,0.00,204800.00,283648.00
1493156116,1405952.00,158720.00,5142528.00,56203673.60,22.00,14.00,59.00,0.00,0.00,5.00,0.00,0.00,10485760.00,36700160.00,0.00,0.00,228352.00,319488.00
1493156117,1405952.00,158720.00,5142528.00,56203673.60,16.00,13.00,65.00,0.00,0.00,6.00,0.00,0.00,10485760.00,34603008.00,0.00,0.00,220160.00,301056.00
1493156118,1404928.00,158720.00,5142528.00,56203673.60,15.00,11.00,69.00,0.00,0.00,5.00,0.00,0.00,9408512.00,31457280.00,0.00,0.00,191488.00,267264.00
1493156119,1405952.00,158720.00,5142528.00,56203673.60,17.00,14.00,65.00,0.00,0.00,4.00,0.00,122880.00,10485760.00,34603008.00,0.00,0.00,216064.00,300032.00
1493156120,1405952.00,158720.00,5142528.00,56203673.60,18.00,13.00,64.00,0.00,0.00,5.00,0.00,40960.00,10485760.00,34603008.00,0.00,0.00,206848.00,293888.00
1493156121,1405952.00,158720.00,5142528.00,56203673.60,16.00,11.00,69.00,0.00,0.00,4.00,0.00,0.00,10170368.00,33554432.00,0.00,0.00,205824.00,289792.00
1493156122,1404928.00,158720.00,5142528.00,56203673.60,18.00,14.00,63.00,0.00,0.00,6.00,0.00,0.00,10485760.00,35651584.00,0.00,0.00,220160.00,310272.00
1493156123,1405952.00,158720.00,5142528.00,56203673.60,22.00,14.00,59.00,0.00,0.00,5.00,0.00,0.00,11534336.00,37748736.00,0.00,0.00,229376.00,318464.00
1493156124,1405952.00,158720.00,5142528.00,56203673.60,20.00,15.00,59.00,0.00,0.00,7.00,0.00,122880.00,11534336.00,37748736.00,0.00,0.00,230400.00,322560.00
1493156125,1404928.00,158720.00,5142528.00,56203673.60,18.00,12.00,66.00,0.00,0.00,5.00,0.00,40960.00,10108928.00,33554432.00,0.00,0.00,201728.00,280576.00
1493156126,1405952.00,158720.00,5142528.00,56203673.60,21.00,14.00,60.00,0.00,0.00,5.00,0.00,0.00,10485760.00,35651584.00,0.00,0.00,226304.00,312320.00
1493156127,1405952.00,158720.00,5142528.00,56203673.60,17.00,14.00,63.00,0.00,0.00,6.00,0.00,0.00,10485760.00,34603008.00,0.00,0.00,211968.00,299008.00
1493156128,1404928.00,158720.00,5142528.00,56203673.60,18.00,11.00,65.00,0.00,0.00,7.00,0.00,0.00,10485760.00,34603008.00,0.00,0.00,209920.00,292864.00
1493156129,1405952.00,158720.00,5142528.00,56203673.60,16.00,12.00,65.00,0.00,0.00,7.00,0.00,139264.00,10485760.00,34603008.00,0.00,0.00,217088.00,302080.00
1493156130,1405952.00,158720.00,5142528.00,56203673.60,20.00,14.00,60.00,0.00,0.00,6.00,0.00,147456.00,11534336.00,37748736.00,0.00,0.00,230400.00,324608.00
1493156131,1405952.00,158720.00,5142528.00,56203673.60,19.00,11.00,65.00,0.00,0.00,5.00,0.00,0.00,10485760.00,34603008.00,0.00,0.00,204800.00,289792.00
1493156132,1405952.00,158720.00,5142528.00,56203673.60,19.00,14.00,60.00,0.00,0.00,6.00,0.00,0.00,11534336.00,37748736.00,0.00,0.00,233472.00,322560.00
1493156133,1405952.00,158720.00,5142528.00,56203673.60,19.00,12.00,64.00,0.00,0.00,5.00,0.00,0.00,10485760.00,34603008.00,0.00,0.00,211968.00,296960.00
1493156134,1405952.00,158720.00,5142528.00,56203673.60,14.00,11.00,69.00,0.00,0.00,5.00,0.00,196608.00,9925632.00,32505856.00,0.00,0.00,200704.00,281600.00
1493156135,1405952.00,158720.00,5142528.00,56203673.60,18.00,13.00,63.00,0.00,0.00,5.00,0.00,32768.00,10485760.00,34603008.00,0.00,0.00,211968.00,295936.00
1493156136,1405952.00,158720.00,5142528.00,56203673.60,19.00,12.00,64.00,0.00,0.00,5.00,0.00,0.00,10485760.00,34603008.00,0.00,0.00,211968.00,299008.00
1493156137,1405952.00,158720.00,5142528.00,56203673.60,18.00,14.00,60.00,0.00,0.00,8.00,0.00,0.00,11534336.00,37748736.00,0.00,0.00,233472.00,326656.00
1493156138,1405952.00,158720.00,5142528.00,56203673.60,16.00,11.00,68.00,0.00,0.00,5.00,0.00,0.00,10057728.00,32505856.00,0.00,0.00,199680.00,278528.00
1493156139,1405952.00,158720.00,5142528.00,56203673.60,21.00,17.00,54.00,0.00,0.00,7.00,0.00,163840.00,12582912.00,39845888.00,0.00,0.00,240640.00,337920.00
1493156140,1405952.00,158720.00,5142528.00,56203673.60,15.00,13.00,66.00,0.00,0.00,6.00,0.00,0.00,10485760.00,33554432.00,0.00,0.00,208896.00,291840.00
1493156141,1405952.00,158720.00,5142528.00,56203673.60,17.00,12.00,66.00,0.00,0.00,6.00,0.00,0.00,10485760.00,33554432.00,0.00,0.00,207872.00,293888.00
1493156142,1405952.00,158720.00,5142528.00,56203673.60,17.00,12.00,65.00,0.00,0.00,6.00,0.00,0.00,10485760.00,35651584.00,0.00,0.00,217088.00,301056.00
1493156143,1405952.00,158720.00,5142528.00,56203673.60,17.00,11.00,66.00,0.00,0.00,6.00,0.00,0.00,10485760.00,33554432.00,0.00,0.00,206848.00,288768.00
1493156144,1405952.00,158720.00,5142528.00,56203673.60,22.00,15.00,57.00,0.00,0.00,6.00,0.00,122880.00,11534336.00,37748736.00,0.00,0.00,237568.00,330752.00
1493156145,1405952.00,158720.00,5142528.00,56203673.60,14.00,10.00,72.00,0.00,0.00,4.00,0.00,352256.00,9438208.00,30408704.00,0.00,0.00,184320.00,262144.00
1493156146,1406976.00,158720.00,5142528.00,56203673.60,23.00,16.00,53.00,0.00,0.00,7.00,0.00,0.00,12582912.00,40894464.00,0.00,0.00,240640.00,350208.00
1493156147,1405952.00,158720.00,5142528.00,56203673.60,15.00,11.00,71.00,0.00,0.00,4.00,0.00,0.00,9757696.00,31457280.00,0.00,0.00,180224.00,270336.00
1493156148,1405952.00,158720.00,5142528.00,56203673.60,21.00,12.00,61.00,0.00,0.00,6.00,0.00,0.00,11534336.00,36700160.00,0.00,0.00,222208.00,323584.00
1493156149,1405952.00,158720.00,5142528.00,56203673.60,17.00,12.00,65.00,0.00,0.00,5.00,0.00,0.00,10485760.00,34603008.00,0.00,0.00,204800.00,299008.00
1493156150,1406976.00,158720.00,5142528.00,56203673.60,14.00,14.00,66.00,0.00,0.00,6.00,0.00,303104.00,10485760.00,34603008.00,0.00,0.00,212992.00,297984.00
1493156151,1405952.00,158720.00,5142528.00,56203673.60,20.00,13.00,60.00,0.00,0.00,6.00,0.00,0.00,11534336.00,37748736.00,0.00,0.00,228352.00,315392.00
1493156152,1405952.00,158720.00,5142528.00,56203673.60,13.00,10.00,72.00,0.00,0.00,5.00,0.00,0.00,9550848.00,31457280.00,0.00,0.00,189440.00,263168.00
1493156153,1405952.00,158720.00,5142528.00,56203673.60,21.00,16.00,56.00,0.00,0.00,7.00,0.00,0.00,12582912.00,39845888.00,0.00,0.00,246784.00,343040.00
1493156154,1405952.00,158720.00,5142528.00,56203673.60,15.00,10.00,70.00,0.00,0.00,5.00,0.00,0.00,9654272.00,31457280.00,0.00,0.00,191488.00,267264.00
1493156155,1405952.00,158720.00,5142528.00,56203673.60,17.00,14.00,63.00,0.00,0.00,6.00,0.00,122880.00,11534336.00,36700160.00,0.00,0.00,231424.00,320512.00
1493156156,1406976.00,158720.00,5142528.00,56203673.60,17.00,12.00,66.00,0.00,0.00,5.00,0.00,0.00,10117120.00,33554432.00,0.00,0.00,202752.00,281600.00
1493156157,1406976.00,158720.00,5142528.00,56203673.60,18.00,11.00,65.00,0.00,0.00,6.00,0.00,0.00,10485760.00,35651584.00,0.00,0.00,218112.00,303104.00
1493156158,1405952.00,158720.00,5142528.00,56203673.60,20.00,14.00,61.00,0.00,0.00,6.00,0.00,0.00,11534336.00,36700160.00,0.00,0.00,229376.00,317440.00
1493156159,1405952.00,158720.00,5142528.00,56203673.60,10.00,7.00,79.00,0.00,0.00,3.00,0.00,0.00,7234560.00,24117248.00,0.00,0.00,153600.00,209920.00
1493156160,1405952.00,158720.00,5142528.00,56203673.60,19.00,15.00,60.00,0.00,0.00,6.00,0.00,163840.00,11534336.00,37748736.00,0.00,0.00,228352.00,319488.00
1493156161,1405952.00,158720.00,5142528.00,56203673.60,16.00,10.00,69.00,0.00,0.00,5.00,0.00,0.00,9494528.00,31457280.00,0.00,0.00,194560.00,272384.00
1493156162,1405952.00,158720.00,5142528.00,56203673.60,18.00,12.00,64.00,0.00,0.00,5.00,0.00,0.00,10485760.00,34603008.00,0.00,0.00,206848.00,299008.00
1493156163,1405952.00,158720.00,5142528.00,56203673.60,18.00,15.00,60.00,0.00,0.00,6.00,0.00,0.00,11534336.00,37748736.00,0.00,0.00,230400.00,318464.00
1493156164,1405952.00,158720.00,5142528.00,56203673.60,13.00,11.00,70.00,0.00,0.00,6.00,0.00,0.00,9824256.00,31457280.00,0.00,0.00,196608.00,275456.00
1493156165,1405952.00,158720.00,5142528.00,56203673.60,23.00,16.00,52.00,0.00,0.00,8.00,0.00,303104.00,12582912.00,39845888.00,0.00,0.00,249856.00,349184.00
1493156166,1406976.00,158720.00,5142528.00,56203673.60,16.00,10.00,69.00,0.00,0.00,4.00,0.00,0.00,8939520.00,29360128.00,0.00,0.00,178176.00,244736.00
1493156167,1406976.00,158720.00,5142528.00,56203673.60,23.00,17.00,54.00,0.00,0.00,7.00,0.00,0.00,12582912.00,40894464.00,0.00,0.00,246784.00,347136.00
1493156168,1406976.00,158720.00,5142528.00,56203673.60,18.00,11.00,66.00,0.00,0.00,5.00,0.00,0.00,10485760.00,33554432.00,0.00,0.00,207872.00,286720.00
1493156169,1406976.00,158720.00,5142528.00,56203673.60,18.00,12.00,64.00,0.00,0.00,6.00,0.00,0.00,10485760.00,35651584.00,0.00,0.00,218112.00,306176.00
1493156170,1405952.00,158720.00,5142528.00,56203673.60,22.00,14.00,58.00,0.00,0.00,6.00,0.00,262144.00,11534336.00,37748736.00,0.00,0.00,231424.00,321536.00
1493156171,1405952.00,158720.00,5142528.00,56203673.60,15.00,11.00,69.00,0.00,0.00,5.00,0.00,0.00,9844736.00,31457280.00,0.00,0.00,193536.00,271360.00
1493156172,1406976.00,158720.00,5142528.00,56203673.60,23.00,16.00,54.00,0.00,0.00,8.00,0.00,0.00,12582912.00,41943040.00,0.00,0.00,252928.00,349184.00
1493156173,1406976.00,158720.00,5142528.00,56203673.60,14.00,9.00,72.00,0.00,0.00,5.00,0.00,0.00,9457664.00,30408704.00,0.00,0.00,185344.00,260096.00
1493156174,1405952.00,158720.00,5142528.00,56203673.60,20.00,15.00,59.00,0.00,0.00,6.00,0.00,0.00,11534336.00,36700160.00,0.00,0.00,230400.00,318464.00
1493156175,1405952.00,158720.00,5142528.00,56203673.60,15.00,11.00,68.00,0.00,0.00,6.00,0.00,163840.00,10485760.00,34603008.00,0.00,0.00,216064.00,303104.00
1493156176,1405952.00,158720.00,5142528.00,56203673.60,17.00,13.00,63.00,0.00,0.00,7.00,0.00,0.00,10485760.00,34603008.00,0.00,0.00,215040.00,299008.00
1493156177,1405952.00,158720.00,5142528.00,56203673.60,16.00,12.00,67.00,0.00,0.00,5.00,0.00,0.00,10485760.00,34603008.00,0.00,0.00,212992.00,294912.00
1493156178,1405952.00,158720.00,5142528.00,56203673.60,18.00,11.00,65.00,0.00,0.00,6.00,0.00,0.00,10485760.00,35651584.00,0.00,0.00,212992.00,300032.00
1493156179,1405952.00,158720.00,5142528.00,56203673.60,19.00,15.00,60.00,0.00,0.00,6.00,0.00,0.00,11534336.00,37748736.00,0.00,0.00,236544.00,330752.00
1493156180,1406976.00,158720.00,5142528.00,56203673.60,16.00,12.00,66.00,0.00,0.00,5.00,0.00,507904.00,10485760.00,34603008.00,0.00,0.00,205824.00,287744.00
1493156181,1405952.00,158720.00,5142528.00,56203673.60,20.00,14.00,61.00,0.00,0.00,5.00,0.00,0.00,11534336.00,36700160.00,0.00,0.00,225280.00,316416.00
1493156182,1406976.00,158720.00,5142528.00,56203673.60,16.00,10.00,69.00,0.00,0.00,5.00,0.00,0.00,9927680.00,31457280.00,0.00,0.00,196608.00,275456.00
1493156183,1406976.00,158720.00,5142528.00,56203673.60,18.00,15.00,59.00,0.00,0.00,7.00,0.00,0.00,11534336.00,37748736.00,0.00,0.00,230400.00,319488.00
1493156184,1405952.00,158720.00,5142528.00,56203673.60,16.00,14.00,65.00,0.00,0.00,5.00,0.00,0.00,10485760.00,34603008.00,0.00,0.00,212992.00,297984.00
1493156185,1405952.00,158720.00,5142528.00,56203673.60,15.00,13.00,66.00,0.00,0.00,6.00,0.00,303104.00,10485760.00,34603008.00,0.00,0.00,209920.00,291840.00
1493156186,1406976.00,158720.00,5142528.00,56203673.60,21.00,15.00,58.00,0.00,0.00,6.00,0.00,0.00,11534336.00,37748736.00,0.00,0.00,229376.00,322560.00
1493156187,1405952.00,158720.00,5142528.00,56203673.60,17.00,14.00,63.00,0.00,0.00,5.00,0.00,0.00,11534336.00,35651584.00,0.00,0.00,216064.00,300032.00
1493156188,1405952.00,158720.00,5142528.00,56203673.60,20.00,14.00,60.00,0.00,0.00,7.00,0.00,0.00,11534336.00,37748736.00,0.00,0.00,232448.00,321536.00
1493156189,1406976.00,158720.00,5142528.00,56203673.60,15.00,11.00,68.00,0.00,0.00,6.00,0.00,0.00,9748480.00,31457280.00,0.00,0.00,194560.00,271360.00
1493156190,1406976.00,158720.00,5142528.00,56203673.60,19.00,15.00,59.00,0.00,0.00,6.00,0.00,122880.00,11534336.00,38797312.00,0.00,0.00,234496.00,328704.00
1493156191,1405952.00,158720.00,5142528.00,56203673.60,19.00,12.00,64.00,0.00,0.00,5.00,0.00,0.00,10485760.00,33554432.00,0.00,0.00,206848.00,290816.00
1493156192,1405952.00,158720.00,5142528.00,56203673.60,19.00,14.00,61.00,0.00,0.00,7.00,0.00,0.00,11534336.00,36700160.00,0.00,0.00,230400.00,319488.00
1493156193,1405952.00,158720.00,5142528.00,56203673.60,15.00,10.00,70.00,0.00,0.00,5.00,0.00,0.00,9917440.00,31457280.00,0.00,0.00,197632.00,274432.00
1493156194,1406976.00,158720.00,5142528.00,56203673.60,22.00,14.00,58.00,0.00,0.00,7.00,0.00,0.00,11534336.00,37748736.00,0.00,0.00,231424.00,322560.00
1493156195,1406976.00,158720.00,5142528.00,56203673.60,18.00,12.00,65.00,0.00,0.00,5.00,0.00,147456.00,10485760.00,34603008.00,0.00,0.00,214016.00,293888.00
1493156196,1406976.00,158720.00,5142528.00,56203673.60,16.00,10.00,70.00,0.00,0.00,4.00,0.00,0.00,9582592.00,30408704.00,0.00,0.00,190464.00,265216.00
1493156197,1405952.00,158720.00,5142528.00,56203673.60,21.00,14.00,58.00,0.00,0.00,6.00,0.00,0.00,11534336.00,36700160.00,0.00,0.00,225280.00,315392.00
1493156198,1406976.00,158720.00,5142528.00,56203673.60,18.00,12.00,65.00,0.00,0.00,5.00,0.00,0.00,10485760.00,35651584.00,0.00,0.00,215040.00,300032.00
1493156199,1405952.00,158720.00,5142528.00,56203673.60,19.00,12.00,61.00,0.00,0.00,7.00,0.00,0.00,11534336.00,36700160.00,0.00,0.00,223232.00,311296.00
1493156200,1405952.00,158720.00,5142528.00,56203673.60,16.00,11.00,68.00,0.00,0.00,5.00,0.00,286720.00,10184704.00,32505856.00,0.00,0.00,196608.00,277504.00
1493156201,1405952.00,158720.00,5142528.00,56203673.60,14.00,11.00,69.00,0.00,0.00,5.00,0.00,0.00,9703424.00,31457280.00,0.00,0.00,191488.00,267264.00
1493156202,1406976.00,158720.00,5142528.00,56203673.60,16.00,11.00,68.00,0.00,0.00,5.00,0.00,0.00,10220544.00,32505856.00,0.00,0.00,205824.00,285696.00
1493156203,1405952.00,158720.00,5142528.00,56203673.60,16.00,11.00,70.00,0.00,0.00,4.00,0.00,0.00,9863168.00,31457280.00,0.00,0.00,197632.00,275456.00
1493156204,1405952.00,158720.00,5142528.00,56203673.60,22.00,17.00,55.00,0.00,0.00,6.00,0.00,0.00,12582912.00,38797312.00,0.00,0.00,244736.00,334848.00
1493156205,1405952.00,158720.00,5142528.00,56203673.60,13.00,10.00,71.00,0.00,0.00,5.00,0.00,262144.00,9687040.00,31457280.00,0.00,0.00,194560.00,271360.00
1493156206,1405952.00,158720.00,5142528.00,56203673.60,21.00,14.00,59.00,0.00,0.00,6.00,0.00,0.00,11534336.00,37748736.00,0.00,0.00,225280.00,320512.00
1493156207,1406976.00,158720.00,5142528.00,56203673.60,17.00,13.00,65.00,0.00,0.00,5.00,0.00,0.00,10485760.00,34603008.00,0.00,0.00,220160.00,303104.00
1493156208,1405952.00,158720.00,5142528.00,56203673.60,15.00,12.00,68.00,0.00,0.00,5.00,0.00,0.00,9989120.00,31457280.00,0.00,0.00,197632.00,274432.00
1493156209,1405952.00,158720.00,5143552.00,56203673.60,22.00,17.00,53.00,0.00,0.00,7.00,0.00,0.00,12582912.00,39845888.00,0.00,0.00,250880.00,348160.00
1493156210,1405952.00,158720.00,5143552.00,56203673.60,13.00,10.00,74.00,0.00,0.00,4.00,0.00,204800.00,8902656.00,28311552.00,0.00,0.00,176128.00,245760.00
1493156211,1405952.00,158720.00,5143552.00,56203673.60,23.00,16.00,55.00,0.00,0.00,7.00,0.00,0.00,12582912.00,39845888.00,0.00,0.00,242688.00,340992.00
1493156212,1406976.00,158720.00,5143552.00,56203673.60,13.00,11.00,70.00,0.00,0.00,6.00,0.00,0.00,9893888.00,31457280.00,0.00,0.00,194560.00,272384.00
1493156213,1405952.00,158720.00,5143552.00,56203673.60,18.00,14.00,62.00,0.00,0.00,6.00,0.00,0.00,11534336.00,36700160.00,0.00,0.00,224256.00,312320.00
1493156214,1405952.00,158720.00,5143552.00,56203673.60,18.00,14.00,61.00,0.00,0.00,7.00,0.00,0.00,11534336.00,36700160.00,0.00,0.00,228352.00,316416.00
1493156215,1405952.00,158720.00,5143552.00,56203673.60,15.00,12.00,68.00,0.00,0.00,5.00,0.00,442368.00,9729024.00,31457280.00,0.00,0.00,193536.00,266240.00
1493156216,1405952.00,158720.00,5143552.00,56203673.60,25.00,15.00,52.00,0.00,0.00,8.00,0.00,0.00,12582912.00,40894464.00,0.00,0.00,252928.00,352256.00
1493156217,1405952.00,158720.00,5143552.00,56203673.60,15.00,9.00,72.00,0.00,0.00,4.00,0.00,0.00,9107456.00,29360128.00,0.00,0.00,179200.00,247808.00
1493156218,1406976.00,158720.00,5143552.00,56203673.60,22.00,16.00,55.00,0.00,0.00,6.00,0.00,0.00,12582912.00,39845888.00,0.00,0.00,244736.00,339968.00
1493156219,1405952.00,158720.00,5143552.00,56203673.60,16.00,11.00,68.00,0.00,0.00,5.00,0.00,0.00,10059776.00,32505856.00,0.00,0.00,195584.00,272384.00
1493156220,1406976.00,158720.00,5143552.00,56203673.60,14.00,11.00,70.00,0.00,0.00,5.00,0.00,303104.00,9799680.00,31457280.00,0.00,0.00,196608.00,271360.00
1493156221,1405952.00,158720.00,5143552.00,56203673.60,14.00,11.00,71.00,0.00,0.00,5.00,0.00,0.00,9452544.00,30408704.00,0.00,0.00,194560.00,270336.00
1493156222,1406976.00,158720.00,5143552.00,56203673.60,13.00,9.00,74.00,0.00,0.00,4.00,0.00,0.00,8877056.00,28311552.00,0.00,0.00,174080.00,245760.00
1493156223,1405952.00,158720.00,5143552.00,56203673.60,22.00,16.00,55.00,0.00,0.00,7.00,0.00,0.00,12582912.00,39845888.00,0.00,0.00,240640.00,336896.00
1493156224,1405952.00,158720.00,5143552.00,56203673.60,18.00,14.00,64.00,0.00,0.00,5.00,0.00,0.00,10485760.00,33554432.00,0.00,0.00,207872.00,286720.00
1493156225,1405952.00,158720.00,5143552.00,56203673.60,16.00,11.00,67.00,0.00,0.00,6.00,0.00,122880.00,10485760.00,34603008.00,0.00,0.00,216064.00,300032.00
1493156226,1406976.00,158720.00,5143552.00,56203673.60,20.00,13.00,61.00,0.00,0.00,7.00,0.00,0.00,11534336.00,36700160.00,0.00,0.00,232448.00,322560.00
1493156227,1406976.00,158720.00,5143552.00,56203673.60,17.00,12.00,67.00,0.00,0.00,4.00,0.00,0.00,10485760.00,33554432.00,0.00,0.00,205824.00,286720.00
1493156228,1405952.00,158720.00,5143552.00,56203673.60,20.00,15.00,57.00,0.00,0.00,7.00,0.00,0.00,11534336.00,37748736.00,0.00,0.00,233472.00,324608.00
1493156229,1405952.00,158720.00,5143552.00,56203673.60,14.00,12.00,69.00,0.00,0.00,4.00,0.00,0.00,9748480.00,31457280.00,0.00,0.00,185344.00,261120.00
1493156230,1405952.00,158720.00,5143552.00,56203673.60,23.00,16.00,54.00,0.00,0.00,7.00,0.00,147456.00,12582912.00,40894464.00,0.00,0.00,250880.00,350208.00
1493156231,1405952.00,158720.00,5143552.00,56203673.60,17.00,11.00,66.00,0.00,0.00,6.00,0.00,0.00,9867264.00,31457280.00,0.00,0.00,195584.00,270336.00
1493156232,1406976.00,158720.00,5143552.00,56203673.60,17.00,15.00,61.00,0.00,0.00,6.00,0.00,0.00,11534336.00,36700160.00,0.00,0.00,221184.00,309248.00
1493156233,1405952.00,158720.00,5143552.00,56203673.60,20.00,13.00,61.00,0.00,0.00,6.00,0.00,0.00,11534336.00,36700160.00,0.00,0.00,222208.00,309248.00
1493156234,1406976.00,158720.00,5143552.00,56203673.60,17.00,9.00,70.00,0.00,0.00,4.00,0.00,0.00,9434112.00,30408704.00,0.00,0.00,185344.00,260096.00
1493156235,1405952.00,158720.00,5143552.00,56203673.60,20.00,14.00,59.00,0.00,0.00,7.00,0.00,311296.00,11534336.00,37748736.00,0.00,0.00,232448.00,321536.00
1493156236,1406976.00,158720.00,5143552.00,56203673.60,16.00,12.00,67.00,0.00,0.00,6.00,0.00,0.00,10485760.00,32505856.00,0.00,0.00,202752.00,284672.00
1493156237,1405952.00,158720.00,5143552.00,56203673.60,21.00,16.00,57.00,0.00,0.00,7.00,0.00,0.00,12582912.00,39845888.00,0.00,0.00,242688.00,335872.00
1493156238,1406976.00,158720.00,5143552.00,56203673.60,14.00,11.00,69.00,0.00,0.00,5.00,0.00,0.00,9625600.00,30408704.00,0.00,0.00,188416.00,261120.00
1493156239,1406976.00,158720.00,5143552.00,56203673.60,19.00,16.00,59.00,0.00,0.00,6.00,0.00,0.00,11534336.00,37748736.00,0.00,0.00,234496.00,324608.00
1493156240,1405952.00,158720.00,5143552.00,56203673.60,20.00,14.00,58.00,2.00,0.00,7.00,0.00,327680.00,11534336.00,37748736.00,0.00,0.00,233472.00,324608.00
1493156241,1405952.00,158720.00,5143552.00,56203673.60,16.00,12.00,68.00,0.00,0.00,5.00,0.00,0.00,9902080.00,31457280.00,0.00,0.00,193536.00,269312.00
1493156242,1405952.00,158720.00,5143552.00,56203673.60,19.00,15.00,59.00,0.00,0.00,7.00,0.00,0.00,11534336.00,37748736.00,0.00,0.00,234496.00,326656.00
1493156243,1406976.00,158720.00,5143552.00,56203673.60,18.00,14.00,62.00,0.00,0.00,6.00,0.00,0.00,10485760.00,34603008.00,0.00,0.00,214016.00,294912.00
1493156244,1405952.00,158720.00,5143552.00,56203673.60,19.00,15.00,61.00,0.00,0.00,5.00,0.00,0.00,11534336.00,35651584.00,0.00,0.00,215040.00,303104.00
1493156245,1405952.00,158720.00,5143552.00,56203673.60,15.00,13.00,67.00,0.00,0.00,5.00,0.00,163840.00,10485760.00,33554432.00,0.00,0.00,204800.00,284672.00
1493156246,1405952.00,158720.00,5143552.00,56203673.60,20.00,13.00,61.00,0.00,0.00,6.00,0.00,0.00,11534336.00,36700160.00,0.00,0.00,231424.00,319488.00
1493156247,1405952.00,158720.00,5143552.00,56203673.60,19.00,12.00,62.00,0.00,0.00,7.00,0.00,0.00,11534336.00,36700160.00,0.00,0.00,223232.00,311296.00
1493156248,1405952.00,158720.00,5143552.00,56203673.60,18.00,13.00,65.00,0.00,0.00,5.00,0.00,0.00,10485760.00,32505856.00,0.00,0.00,200704.00,278528.00
1493156249,1405952.00,158720.00,5143552.00,56203673.60,19.00,15.00,59.00,0.00,0.00,7.00,0.00,0.00,11534336.00,37748736.00,0.00,0.00,232448.00,325632.00
1493156250,1405952.00,158720.00,5143552.00,56203673.60,17.00,13.00,65.00,0.00,0.00,5.00,0.00,475136.00,10485760.00,34603008.00,0.00,0.00,207872.00,290816.00
1493156251,1405952.00,158720.00,5143552.00,56203673.60,18.00,12.00,64.00,0.00,0.00,6.00,0.00,0.00,10485760.00,34603008.00,0.00,0.00,212992.00,295936.00
1493156252,1405952.00,158720.00,5143552.00,56203673.60,17.00,12.00,64.00,0.00,0.00,6.00,0.00,0.00,10485760.00,33554432.00,0.00,0.00,205824.00,286720.00
1493156253,1405952.00,158720.00,5143552.00,56203673.60,21.00,15.00,57.00,0.00,0.00,7.00,0.00,0.00,11534336.00,38797312.00,0.00,0.00,235520.00,325632.00
1493156254,1405952.00,158720.00,5143552.00,56203673.60,18.00,12.00,64.00,0.00,0.00,6.00,0.00,0.00,10485760.00,34603008.00,0.00,0.00,210944.00,293888.00
1493156255,1405952.00,158720.00,5143552.00,56203673.60,14.00,14.00,67.00,0.00,0.00,6.00,0.00,319488.00,10485760.00,33554432.00,0.00,0.00,202752.00,287744.00
1493156256,1406976.00,158720.00,5143552.00,56203673.60,18.00,11.00,67.00,0.00,0.00,5.00,0.00,0.00,10485760.00,33554432.00,0.00,0.00,205824.00,286720.00
1493156257,1406976.00,158720.00,5143552.00,56203673.60,19.00,12.00,64.00,0.00,0.00,5.00,0.00,0.00,10485760.00,34603008.00,0.00,0.00,208896.00,294912.00
1493156258,1405952.00,158720.00,5143552.00,56203673.60,15.00,13.00,66.00,0.00,0.00,7.00,0.00,0.00,10485760.00,34603008.00,0.00,0.00,219136.00,302080.00
1493156259,1405952.00,158720.00,5143552.00,56203673.60,18.00,12.00,65.00,0.00,0.00,5.00,0.00,0.00,10485760.00,34603008.00,0.00,0.00,209920.00,290816.00
1493156260,1405952.00,158720.00,5143552.00,56203673.60,21.00,14.00,60.00,0.00,0.00,6.00,0.00,122880.00,11534336.00,37748736.00,0.00,0.00,229376.00,321536.00
1493156261,1405952.00,158720.00,5143552.00,56203673.60,21.00,14.00,59.00,0.00,0.00,6.00,0.00,0.00,11534336.00,36700160.00,0.00,0.00,229376.00,318464.00
1493156262,1405952.00,158720.00,5143552.00,56203673.60,19.00,13.00,62.00,0.00,0.00,6.00,0.00,0.00,10485760.00,34603008.00,0.00,0.00,216064.00,300032.00
1493156263,1405952.00,158720.00,5143552.00,56203673.60,17.00,12.00,65.00,0.00,0.00,6.00,0.00,0.00,11534336.00,35651584.00,0.00,0.00,217088.00,300032.00
1493156264,1405952.00,158720.00,5143552.00,56203673.60,19.00,12.00,65.00,0.00,0.00,5.00,0.00,0.00,10485760.00,33554432.00,0.00,0.00,212992.00,292864.00
1493156265,1405952.00,158720.00,5143552.00,56203673.60,17.00,14.00,63.00,0.00,0.00,6.00,0.00,155648.00,11534336.00,35651584.00,0.00,0.00,216064.00,300032.00
1493156266,1406976.00,158720.00,5143552.00,56203673.60,20.00,13.00,62.00,0.00,0.00,5.00,0.00,0.00,10485760.00,34603008.00,0.00,0.00,215040.00,300032.00
1493156267,1405952.00,158720.00,5143552.00,56203673.60,21.00,14.00,59.00,0.00,0.00,6.00,0.00,0.00,11534336.00,37748736.00,0.00,0.00,233472.00,321536.00
1493156268,1406976.00,158720.00,5143552.00,56203673.60,15.00,11.00,69.00,0.00,0.00,5.00,0.00,0.00,10162176.00,32505856.00,0.00,0.00,201728.00,280576.00
1493156269,1406976.00,158720.00,5143552.00,56203673.60,13.00,11.00,72.00,0.00,0.00,4.00,0.00,0.00,8872960.00,28311552.00,0.00,0.00,180224.00,248832.00
1493156270,1405952.00,158720.00,5143552.00,56203673.60,16.00,12.00,66.00,0.00,0.00,5.00,0.00,368640.00,10485760.00,33554432.00,0.00,0.00,208896.00,290816.00
1493156271,1405952.00,158720.00,5143552.00,56203673.60,18.00,11.00,66.00,0.00,0.00,5.00,0.00,0.00,10485760.00,33554432.00,0.00,0.00,210944.00,291840.00
1493156272,1406976.00,158720.00,5143552.00,56203673.60,20.00,16.00,58.00,0.00,0.00,7.00,0.00,0.00,11534336.00,37748736.00,0.00,0.00,228352.00,321536.00
1493156273,1406976.00,158720.00,5143552.00,56203673.60,14.00,10.00,71.00,0.00,0.00,5.00,0.00,0.00,9854976.00,31457280.00,0.00,0.00,192512.00,269312.00
1493156274,1406976.00,158720.00,5143552.00,56203673.60,24.00,17.00,53.00,0.00,0.00,7.00,0.00,0.00,12582912.00,40894464.00,0.00,0.00,252928.00,349184.00
1493156275,1405952.00,158720.00,5143552.00,56203673.60,16.00,13.00,65.00,0.00,0.00,5.00,0.00,270336.00,10485760.00,34603008.00,0.00,0.00,210944.00,294912.00
1493156276,1406976.00,158720.00,5143552.00,56203673.60,16.00,12.00,65.00,0.00,0.00,6.00,0.00,0.00,10485760.00,33554432.00,0.00,0.00,211968.00,289792.00
1493156277,1405952.00,158720.00,5143552.00,56203673.60,17.00,12.00,64.00,0.00,0.00,6.00,0.00,0.00,10485760.00,34603008.00,0.00,0.00,208896.00,292864.00
1493156278,1406976.00,158720.00,5143552.00,56203673.60,16.00,15.00,64.00,0.00,0.00,5.00,0.00,0.00,11534336.00,35651584.00,0.00,0.00,215040.00,297984.00
1493156279,1405952.00,158720.00,5143552.00,56203673.60,20.00,13.00,61.00,0.00,0.00,6.00,0.00,0.00,11534336.00,36700160.00,0.00,0.00,229376.00,316416.00
1493156280,1406976.00,158720.00,5143552.00,56203673.60,14.00,11.00,70.00,0.00,0.00,5.00,0.00,122880.00,9967616.00,31457280.00,0.00,0.00,193536.00,268288.00
1493156281,1406976.00,158720.00,5143552.00,56203673.60,19.00,12.00,64.00,0.00,0.00,6.00,0.00,0.00,11534336.00,35651584.00,0.00,0.00,229376.00,318464.00
1493156282,1406976.00,158720.00,5143552.00,56203673.60,17.00,10.00,69.00,0.00,0.00,4.00,0.00,0.00,9348096.00,30408704.00,0.00,0.00,197632.00,273408.00
1493156283,1406976.00,158720.00,5143552.00,56203673.60,17.00,13.00,65.00,0.00,0.00,5.00,0.00,0.00,10485760.00,33554432.00,0.00,0.00,210944.00,294912.00
1493156284,1406976.00,158720.00,5143552.00,56203673.60,19.00,14.00,60.00,0.00,0.00,7.00,0.00,0.00,11534336.00,36700160.00,0.00,0.00,229376.00,319488.00
1493156285,1406976.00,158720.00,5143552.00,56203673.60,14.00,11.00,71.00,0.00,0.00,4.00,0.00,466944.00,10016768.00,32505856.00,0.00,0.00,195584.00,274432.00
1493156286,1405952.00,158720.00,5143552.00,56203673.60,19.00,15.00,60.00,0.00,0.00,6.00,0.00,0.00,11534336.00,36700160.00,0.00,0.00,227328.00,319488.00
1493156287,1406976.00,158720.00,5143552.00,56203673.60,18.00,12.00,64.00,0.00,0.00,6.00,0.00,0.00,10485760.00,34603008.00,0.00,0.00,212992.00,297984.00
1493156288,1406976.00,158720.00,5143552.00,56203673.60,18.00,13.00,62.00,0.00,0.00,6.00,0.00,0.00,11534336.00,36700160.00,0.00,0.00,227328.00,315392.00
1493156289,1405952.00,158720.00,5143552.00,56203673.60,20.00,13.00,59.00,0.00,0.00,8.00,0.00,0.00,11534336.00,37748736.00,0.00,0.00,232448.00,322560.00
1493156290,1406976.00,158720.00,5143552.00,56203673.60,14.00,11.00,70.00,0.00,0.00,5.00,0.00,311296.00,9842688.00,31457280.00,0.00,0.00,195584.00,270336.00
1493156291,1406976.00,158720.00,5143552.00,56203673.60,20.00,15.00,59.00,0.00,0.00,6.00,0.00,0.00,11534336.00,36700160.00,0.00,0.00,229376.00,320512.00
1493156292,1406976.00,158720.00,5143552.00,56203673.60,15.00,10.00,70.00,0.00,0.00,5.00,0.00,0.00,9634816.00,30408704.00,0.00,0.00,191488.00,266240.00
1493156293,1406976.00,158720.00,5143552.00,56203673.60,18.00,15.00,60.00,0.00,0.00,6.00,0.00,0.00,11534336.00,37748736.00,0.00,0.00,228352.00,316416.00
1493156294,1406976.00,158720.00,5143552.00,56203673.60,17.00,12.00,65.00,0.00,0.00,5.00,0.00,0.00,10485760.00,34603008.00,0.00,0.00,214016.00,295936.00
1493156295,1405952.00,158720.00,5143552.00,56203673.60,17.00,13.00,65.00,0.00,0.00,6.00,0.00,122880.00,10485760.00,35651584.00,0.00,0.00,214016.00,299008.00
1493156296,1406976.00,158720.00,5143552.00,56203673.60,24.00,14.00,54.00,0.00,0.00,8.00,0.00,0.00,12582912.00,39845888.00,0.00,0.00,246784.00,343040.00
1493156297,1406976.00,158720.00,5143552.00,56203673.60,15.00,11.00,70.00,0.00,0.00,4.00,0.00,0.00,9450496.00,30408704.00,0.00,0.00,187392.00,260096.00
1493156298,1405952.00,158720.00,5143552.00,56203673.60,20.00,14.00,59.00,0.00,0.00,7.00,0.00,0.00,11534336.00,38797312.00,0.00,0.00,235520.00,327680.00
1493156299,1406976.00,158720.00,5143552.00,56203673.60,14.00,13.00,69.00,0.00,0.00,5.00,0.00,0.00,9866240.00,31457280.00,0.00,0.00,193536.00,270336.00
1493156300,1406976.00,158720.00,5143552.00,56203673.60,18.00,14.00,62.00,0.00,0.00,7.00,0.00,204800.00,11534336.00,37748736.00,0.00,0.00,232448.00,325632.00
1493156301,1406976.00,158720.00,5143552.00,56203673.60,17.00,11.00,66.00,0.00,0.00,6.00,0.00,0.00,10485760.00,33554432.00,0.00,0.00,207872.00,291840.00
1493156302,1406976.00,158720.00,5143552.00,56203673.60,18.00,13.00,64.00,0.00,0.00,5.00,0.00,0.00,10485760.00,34603008.00,0.00,0.00,209920.00,292864.00
1493156303,1406976.00,158720.00,5143552.00,56203673.60,19.00,17.00,56.00,0.00,0.00,7.00,0.00,0.00,12582912.00,40894464.00,0.00,0.00,250880.00,350208.00
1493156304,1405952.00,158720.00,5143552.00,56203673.60,16.00,10.00,70.00,0.00,0.00,5.00,0.00,0.00,9626624.00,30408704.00,0.00,0.00,191488.00,267264.00
1493156305,1406976.00,158720.00,5143552.00,56203673.60,19.00,14.00,60.00,0.00,0.00,7.00,0.00,204800.00,11534336.00,36700160.00,0.00,0.00,225280.00,316416.00
1493156306,1406976.00,158720.00,5143552.00,56203673.60,16.00,10.00,69.00,0.00,0.00,5.00,0.00,81920.00,10108928.00,32505856.00,0.00,0.00,191488.00,273408.00
1493156307,1405952.00,158720.00,5143552.00,56203673.60,21.00,15.00,59.00,0.00,0.00,6.00,0.00,0.00,11534336.00,37748736.00,0.00,0.00,229376.00,324608.00
1493156308,1406976.00,158720.00,5143552.00,56203673.60,16.00,13.00,67.00,0.00,0.00,5.00,0.00,0.00,10485760.00,34603008.00,0.00,0.00,212992.00,297984.00
1493156309,1406976.00,158720.00,5143552.00,56203673.60,21.00,11.00,63.00,0.00,0.00,5.00,0.00,0.00,10485760.00,34603008.00,0.00,0.00,210944.00,294912.00
1493156310,1406976.00,158720.00,5143552.00,56203673.60,21.00,15.00,58.00,0.00,0.00,6.00,0.00,221184.00,11534336.00,37748736.00,0.00,0.00,228352.00,320512.00
1493156311,1406976.00,158720.00,5143552.00,56203673.60,14.00,10.00,70.00,0.00,0.00,5.00,0.00,32768.00,9977856.00,32505856.00,0.00,0.00,194560.00,271360.00
1493156312,1406976.00,158720.00,5143552.00,56203673.60,23.00,16.00,56.00,0.00,0.00,6.00,0.00,0.00,12582912.00,38797312.00,0.00,0.00,240640.00,335872.00
1493156313,1406976.00,158720.00,5143552.00,56203673.60,17.00,10.00,69.00,0.00,0.00,5.00,0.00,0.00,10485760.00,32505856.00,0.00,0.00,202752.00,282624.00
1493156314,1405952.00,158720.00,5143552.00,56203673.60,20.00,14.00,61.00,0.00,0.00,6.00,0.00,0.00,11534336.00,36700160.00,0.00,0.00,228352.00,316416.00
1493156315,1406976.00,158720.00,5143552.00,56203673.60,17.00,12.00,66.00,0.00,0.00,4.00,0.00,163840.00,10092544.00,32505856.00,0.00,0.00,198656.00,277504.00
1493156316,1406976.00,158720.00,5143552.00,56203673.60,17.00,13.00,64.00,0.00,0.00,6.00,0.00,0.00,10485760.00,35651584.00,0.00,0.00,217088.00,302080.00
1493156317,1406976.00,158720.00,5143552.00,56203673.60,21.00,13.00,59.00,0.00,0.00,7.00,0.00,0.00,11534336.00,37748736.00,0.00,0.00,230400.00,319488.00
1493156318,1406976.00,158720.00,5143552.00,56203673.60,12.00,12.00,71.00,0.00,0.00,5.00,0.00,0.00,9645056.00,31457280.00,0.00,0.00,188416.00,263168.00
1493156319,1408000.00,158720.00,5143552.00,56203673.60,24.00,16.00,53.00,0.00,0.00,7.00,0.00,0.00,12582912.00,39845888.00,0.00,0.00,249856.00,345088.00
1493156320,1406976.00,158720.00,5143552.00,56203673.60,21.00,12.00,63.00,0.00,0.00,4.00,0.00,122880.00,10485760.00,34603008.00,0.00,0.00,207872.00,292864.00
1493156321,1406976.00,158720.00,5143552.00,56203673.60,17.00,13.00,65.00,0.00,0.00,5.00,0.00,327680.00,11534336.00,35651584.00,0.00,0.00,216064.00,303104.00
1493156322,1406976.00,158720.00,5143552.00,56203673.60,16.00,13.00,65.00,0.00,0.00,6.00,0.00,0.00,10485760.00,34603008.00,0.00,0.00,207872.00,290816.00
1493156323,1405952.00,158720.00,5143552.00,56203673.60,18.00,13.00,64.00,0.00,0.00,5.00,0.00,0.00,11534336.00,35651584.00,0.00,0.00,215040.00,303104.00
1493156324,1406976.00,158720.00,5143552.00,56203673.60,17.00,13.00,65.00,0.00,0.00,5.00,0.00,0.00,10485760.00,34603008.00,0.00,0.00,212992.00,296960.00
1493156325,1406976.00,158720.00,5143552.00,56203673.60,18.00,13.00,64.00,0.00,0.00,5.00,0.00,147456.00,10485760.00,33554432.00,0.00,0.00,203776.00,284672.00
1493156326,1406976.00,158720.00,5143552.00,56203673.60,19.00,14.00,60.00,0.00,0.00,7.00,0.00,155648.00,12582912.00,38797312.00,0.00,0.00,235520.00,331776.00
1493156327,1406976.00,158720.00,5143552.00,56203673.60,19.00,12.00,65.00,0.00,0.00,5.00,0.00,0.00,10485760.00,33554432.00,0.00,0.00,209920.00,288768.00
1493156328,1406976.00,158720.00,5143552.00,56203673.60,18.00,14.00,63.00,0.00,0.00,5.00,0.00,0.00,10485760.00,33554432.00,0.00,0.00,211968.00,293888.00
1493156329,1405952.00,158720.00,5143552.00,56203673.60,17.00,12.00,67.00,0.00,0.00,5.00,0.00,0.00,10485760.00,32505856.00,0.00,0.00,206848.00,285696.00
1493156330,1406976.00,158720.00,5143552.00,56203673.60,18.00,13.00,63.00,0.00,0.00,6.00,0.00,122880.00,10485760.00,34603008.00,0.00,0.00,216064.00,299008.00
1493156331,1405952.00,158720.00,5143552.00,56203673.60,20.00,14.00,60.00,0.00,0.00,6.00,0.00,40960.00,11534336.00,37748736.00,0.00,0.00,230400.00,319488.00
1493156332,1406976.00,158720.00,5143552.00,56203673.60,18.00,13.00,64.00,0.00,0.00,5.00,0.00,0.00,10485760.00,34603008.00,0.00,0.00,211968.00,299008.00
1493156333,1406976.00,158720.00,5143552.00,56203673.60,19.00,16.00,59.00,0.00,0.00,6.00,0.00,0.00,11534336.00,37748736.00,0.00,0.00,232448.00,323584.00
1493156334,1406976.00,158720.00,5143552.00,56203673.60,15.00,11.00,69.00,0.00,0.00,5.00,0.00,0.00,10013696.00,32505856.00,0.00,0.00,194560.00,272384.00
1493156335,1406976.00,158720.00,5143552.00,56203673.60,19.00,15.00,59.00,0.00,0.00,7.00,0.00,122880.00,11534336.00,37748736.00,0.00,0.00,227328.00,317440.00
1493156336,1405952.00,158720.00,5143552.00,56203673.60,17.00,13.00,66.00,0.00,0.00,5.00,0.00,57344.00,10485760.00,34603008.00,0.00,0.00,208896.00,292864.00
1493156337,1406976.00,158720.00,5143552.00,56203673.60,20.00,13.00,61.00,0.00,0.00,6.00,0.00,0.00,11534336.00,35651584.00,0.00,0.00,220160.00,308224.00
1493156338,1406976.00,158720.00,5143552.00,56203673.60,19.00,14.00,61.00,0.00,0.00,6.00,0.00,0.00,10485760.00,34603008.00,0.00,0.00,215040.00,300032.00
1493156339,1406976.00,158720.00,5143552.00,56203673.60,16.00,13.00,66.00,0.00,0.00,5.00,0.00,0.00,10485760.00,33554432.00,0.00,0.00,216064.00,299008.00
1493156340,1406976.00,158720.00,5143552.00,56203673.60,22.00,14.00,58.00,0.00,0.00,6.00,0.00,172032.00,11534336.00,37748736.00,0.00,0.00,227328.00,319488.00
1493156341,1405952.00,158720.00,5143552.00,56203673.60,13.00,9.00,74.00,0.00,0.00,4.00,0.00,139264.00,9198592.00,29360128.00,0.00,0.00,184320.00,258048.00
1493156342,1406976.00,158720.00,5143552.00,56203673.60,21.00,13.00,61.00,0.00,0.00,5.00,0.00,0.00,11534336.00,36700160.00,0.00,0.00,220160.00,315392.00
1493156343,1406976.00,158720.00,5143552.00,56203673.60,20.00,11.00,64.00,0.00,0.00,5.00,0.00,0.00,10485760.00,34603008.00,0.00,0.00,209920.00,295936.00
1493156344,1406976.00,158720.00,5143552.00,56203673.60,14.00,9.00,72.00,0.00,0.00,5.00,0.00,0.00,9300992.00,29360128.00,0.00,0.00,185344.00,258048.00
1493156345,1406976.00,158720.00,5143552.00,56203673.60,17.00,12.00,65.00,0.00,0.00,6.00,0.00,229376.00,10485760.00,33554432.00,0.00,0.00,208896.00,291840.00
1493156346,1406976.00,158720.00,5143552.00,56203673.60,14.00,12.00,70.00,0.00,0.00,4.00,0.00,32768.00,9739264.00,31457280.00,0.00,0.00,193536.00,269312.00
1493156347,1406976.00,158720.00,5143552.00,56203673.60,21.00,15.00,58.00,0.00,0.00,6.00,0.00,0.00,11534336.00,37748736.00,0.00,0.00,234496.00,327680.00
1493156348,1406976.00,158720.00,5143552.00,56203673.60,16.00,14.00,65.00,0.00,0.00,6.00,0.00,0.00,10485760.00,35651584.00,0.00,0.00,211968.00,297984.00
1493156349,1406976.00,158720.00,5143552.00,56203673.60,20.00,15.00,58.00,0.00,0.00,6.00,0.00,0.00,11534336.00,38797312.00,0.00,0.00,232448.00,323584.00
1493156350,1406976.00,158720.00,5143552.00,56203673.60,18.00,14.00,63.00,0.00,0.00,5.00,0.00,163840.00,10485760.00,34603008.00,0.00,0.00,212992.00,296960.00
1493156351,1406976.00,158720.00,5143552.00,56203673.60,18.00,11.00,66.00,0.00,0.00,5.00,0.00,8192.00,10485760.00,34603008.00,0.00,0.00,214016.00,295936.00
1493156352,1406976.00,158720.00,5143552.00,56203673.60,21.00,13.00,61.00,0.00,0.00,5.00,0.00,0.00,10485760.00,34603008.00,0.00,0.00,209920.00,293888.00
1493156353,1406976.00,158720.00,5143552.00,56203673.60,16.00,14.00,65.00,0.00,0.00,5.00,0.00,0.00,10485760.00,34603008.00,0.00,0.00,209920.00,294912.00
1493156354,1406976.00,158720.00,5143552.00,56203673.60,20.00,14.00,59.00,0.00,0.00,7.00,0.00,0.00,11534336.00,38797312.00,0.00,0.00,231424.00,323584.00
1493156355,1406976.00,158720.00,5143552.00,56203673.60,15.00,12.00,68.00,0.00,0.00,4.00,0.00,122880.00,9492480.00,30408704.00,0.00,0.00,186368.00,260096.00
1493156356,1406976.00,158720.00,5143552.00,56203673.60,23.00,17.00,53.00,0.00,0.00,7.00,0.00,335872.00,12582912.00,41943040.00,0.00,0.00,249856.00,351232.00
1493156357,1406976.00,158720.00,5143552.00,56203673.60,17.00,11.00,68.00,0.00,0.00,5.00,0.00,0.00,9833472.00,31457280.00,0.00,0.00,194560.00,272384.00
1493156358,1406976.00,158720.00,5143552.00,56203673.60,22.00,14.00,59.00,0.00,0.00,6.00,0.00,0.00,11534336.00,36700160.00,0.00,0.00,226304.00,315392.00
1493156359,1406976.00,158720.00,5143552.00,56203673.60,17.00,12.00,65.00,0.00,0.00,6.00,0.00,0.00,10485760.00,34603008.00,0.00,0.00,212992.00,295936.00
1493156360,1406976.00,158720.00,5143552.00,56203673.60,17.00,12.00,65.00,0.00,0.00,6.00,0.00,139264.00,10485760.00,34603008.00,0.00,0.00,209920.00,291840.00
1493156361,1406976.00,158720.00,5143552.00,56203673.60,21.00,16.00,56.00,0.00,0.00,8.00,0.00,212992.00,12582912.00,39845888.00,0.00,0.00,246784.00,343040.00
1493156362,1406976.00,158720.00,5143552.00,56203673.60,13.00,10.00,72.00,0.00,0.00,4.00,0.00,0.00,8749056.00,28311552.00,0.00,0.00,171008.00,238592.00
1493156363,1406976.00,158720.00,5143552.00,56203673.60,24.00,15.00,55.00,0.00,0.00,7.00,0.00,0.00,12582912.00,39845888.00,0.00,0.00,245760.00,343040.00
1493156364,1408000.00,158720.00,5143552.00,56203673.60,15.00,13.00,67.00,0.00,0.00,5.00,0.00,0.00,10055680.00,32505856.00,0.00,0.00,197632.00,276480.00
1493156365,1405952.00,158720.00,5143552.00,56203673.60,19.00,15.00,59.00,0.00,0.00,7.00,0.00,122880.00,11534336.00,37748736.00,0.00,0.00,230400.00,321536.00
1493156366,1406976.00,158720.00,5143552.00,56203673.60,18.00,14.00,62.00,0.00,0.00,5.00,0.00,0.00,10485760.00,35651584.00,0.00,0.00,216064.00,300032.00
1493156367,1406976.00,158720.00,5143552.00,56203673.60,17.00,12.00,65.00,0.00,0.00,6.00,0.00,0.00,10485760.00,33554432.00,0.00,0.00,208896.00,288768.00
1493156368,1406976.00,158720.00,5143552.00,56203673.60,22.00,17.00,54.00,0.00,0.00,7.00,0.00,0.00,12582912.00,39845888.00,0.00,0.00,240640.00,336896.00
1493156369,1406976.00,158720.00,5143552.00,56203673.60,14.00,11.00,70.00,0.00,0.00,5.00,0.00,0.00,9565184.00,30408704.00,0.00,0.00,191488.00,265216.00
1493156370,1406976.00,158720.00,5143552.00,56203673.60,21.00,17.00,54.00,0.00,0.00,7.00,0.00,122880.00,12582912.00,39845888.00,0.00,0.00,245760.00,342016.00
1493156371,1406976.00,158720.00,5143552.00,56203673.60,13.00,10.00,73.00,0.00,0.00,4.00,0.00,57344.00,8969216.00,28311552.00,0.00,0.00,172032.00,243712.00
1493156372,1406976.00,158720.00,5143552.00,56203673.60,21.00,15.00,55.00,0.00,0.00,8.00,0.00,0.00,12582912.00,39845888.00,0.00,0.00,241664.00,337920.00
1493156373,1406976.00,158720.00,5143552.00,56203673.60,19.00,16.00,59.00,0.00,0.00,6.00,0.00,0.00,11534336.00,36700160.00,0.00,0.00,225280.00,314368.00
1493156374,1406976.00,158720.00,5143552.00,56203673.60,16.00,12.00,68.00,0.00,0.00,5.00,0.00,0.00,10485760.00,32505856.00,0.00,0.00,197632.00,278528.00
1493156375,1406976.00,158720.00,5143552.00,56203673.60,19.00,12.00,62.00,0.00,0.00,6.00,0.00,163840.00,11534336.00,36700160.00,0.00,0.00,223232.00,312320.00
1493156376,1406976.00,158720.00,5143552.00,56203673.60,13.00,9.00,74.00,0.00,0.00,4.00,0.00,131072.00,8753152.00,28311552.00,0.00,0.00,173056.00,242688.00
1493156377,1406976.00,158720.00,5143552.00,56203673.60,21.00,14.00,57.00,0.00,0.00,7.00,0.00,0.00,11534336.00,37748736.00,0.00,0.00,234496.00,325632.00
1493156378,1406976.00,158720.00,5143552.00,56203673.60,14.00,11.00,69.00,0.00,0.00,6.00,0.00,0.00,9551872.00,30408704.00,0.00,0.00,192512.00,266240.00
1493156379,1406976.00,158720.00,5144576.00,56203673.60,15.00,16.00,64.00,0.00,0.00,5.00,0.00,0.00,10485760.00,34603008.00,0.00,0.00,217088.00,300032.00
1493156380,1406976.00,158720.00,5144576.00,56203673.60,22.00,16.00,57.00,0.00,0.00,5.00,0.00,229376.00,11534336.00,37748736.00,0.00,0.00,228352.00,319488.00
1493156381,1405952.00,158720.00,5144576.00,56203673.60,14.00,10.00,70.00,0.00,0.00,5.00,0.00,32768.00,9663488.00,31457280.00,0.00,0.00,189440.00,264192.00
1493156382,1406976.00,158720.00,5144576.00,56203673.60,22.00,18.00,53.00,0.00,0.00,7.00,0.00,0.00,12582912.00,40894464.00,0.00,0.00,247808.00,346112.00
1493156383,1406976.00,158720.00,5144576.00,56203673.60,15.00,10.00,71.00,0.00,0.00,5.00,0.00,0.00,9354240.00,29360128.00,0.00,0.00,187392.00,260096.00
1493156384,1406976.00,158720.00,5144576.00,56203673.60,18.00,14.00,61.00,0.00,0.00,7.00,0.00,0.00,11534336.00,36700160.00,0.00,0.00,229376.00,319488.00
1493156385,1406976.00,158720.00,5144576.00,56203673.60,17.00,13.00,64.00,0.00,0.00,6.00,0.00,163840.00,10485760.00,33554432.00,0.00,0.00,203776.00,286720.00
1493156386,1406976.00,158720.00,5144576.00,56203673.60,18.00,14.00,64.00,0.00,0.00,5.00,0.00,0.00,11534336.00,35651584.00,0.00,0.00,214016.00,299008.00
1493156387,1406976.00,158720.00,5144576.00,56203673.60,19.00,16.00,58.00,0.00,0.00,7.00,0.00,0.00,11534336.00,38797312.00,0.00,0.00,228352.00,323584.00
1493156388,1406976.00,158720.00,5144576.00,56203673.60,16.00,10.00,69.00,0.00,0.00,5.00,0.00,0.00,9712640.00,31457280.00,0.00,0.00,194560.00,268288.00
