--Probe dump file for probe: org.yardstickframework.probes.ThroughputLatencyProbe@4ad4936c (class org.yardstickframework.probes.ThroughputLatencyProbe)
--Created Tue Apr 25 21:33:48 UTC 2017
--Benchmark config: BenchmarkConfiguration [memberId='0', driverNames='[IgniteSqlQueryPutBenchmark]', serverName='IgniteNode', threads=64, duration=300, warmup=60, dfltProbeClsNames=[ThroughputLatencyProbe, PercentileProbe, DStatProbe], propsFileName='yardstick/config/run.properties', packages=[org.yardstickframework, org.apache.ignite.yardstick], cmdArgs=[--outputFolder, /home/ubuntu/date-2504-204359-s-4-c-1-ver-2.0.0-SNAPSHOT-0be92732/yardstick/bin/../output/results-20170425-204411, -id, 0, -cfg, /home/ubuntu/date-2504-204359-s-4-c-1-ver-2.0.0-SNAPSHOT-0be92732/yardstick/bin/../config/ignite-config.xml, -nn, 5, -b, 1, -w, 60, -d, 300, -t, 64, -sm, FULL_SYNC, --client, -dn, IgniteSqlQueryPutBenchmark, -sn, IgniteNode, -ds, 2.0.0-SNAPSHOT-0be92732-sql-query-put-1-backup, --config, yardstick/config/run.properties, --logsFolder, /home/ubuntu/date-2504-204359-s-4-c-1-ver-2.0.0-SNAPSHOT-0be92732/yardstick/bin/../output/logs-20170425-204411/logs_drivers, --currentFolder, /home/ubuntu/date-2504-204359-s-4-c-1-ver-2.0.0-SNAPSHOT-0be92732, --scriptsFolder, /home/ubuntu/date-2504-204359-s-4-c-1-ver-2.0.0-SNAPSHOT-0be92732/yardstick/bin], probeWriter='null', customProps={ver=2.0.0-SNAPSHOT-0be92732- , b=1, d=300, SERVER_HOSTS=172.31.45.250,172.31.38.80,172.31.41.141,172.31.42.161, now0=`date +'%H%M%S'`, j=10, nodesNum=$((`echo ${SERVER_HOSTS} | tr ',' '' | wc -l` + `echo ${DRIVER_HOSTS} | tr ',' '' | wc -l`)), JVM_OPTS=${JVM_OPTS}" -Xms6g -Xmx6g -Xloggc:./gc${now0}.log -XX:+PrintGCDetails -verbose:gc -XX:+UseParNewGC -XX:+UseConcMarkSweepGC ", CONFIGS="-cfg ${SCRIPT_DIR}/../config/ignite-config.xml -nn ${nodesNum} -b ${b} -w ${w} -d ${d} -t ${t} -sm ${sm}  --client -dn IgnitePutBenchmark -sn IgniteNode -wom PRIMARY -ds ${ver}atomic-put-${b}-backup,-cfg ${SCRIPT_DIR}/../config/ignite-config.xml -nn ${nodesNum} -b ${b} -w ${w} -d ${d} -t ${t} -sm ${sm}  --client -dn IgnitePutGetBenchmark -sn IgniteNode -wom PRIMARY -ds ${ver}atomic-put-get-${b}-backup,-cfg ${SCRIPT_DIR}/../config/ignite-config.xml -nn ${nodesNum} -b ${b} -w ${w} -d ${d} -t ${t} -sm ${sm} -bs 6  --client -dn IgnitePutGetBatchBenchmark -wom PRIMARY -sn IgniteNode -ds ${ver}atomic-put-get-bs-6-${b}-backup,-cfg ${SCRIPT_DIR}/../config/ignite-config.xml -nn ${nodesNum} -b ${b} -w ${w} -d ${d} -t ${t} -sm ${sm}  --client -dn IgnitePutTxImplicitBenchmark -sn IgniteNode -ds ${ver}tx-optimistic-put-${b}-backup,-cfg ${SCRIPT_DIR}/../config/ignite-config.xml -nn ${nodesNum} -b ${b} -w ${w} -d ${d} -t ${t} -sm ${sm} -txc OPTIMISTIC  --client -dn IgnitePutGetTxBenchmark -sn IgniteNode -ds ${ver}tx-optim-repRead-put-get-${b}-backup,-cfg ${SCRIPT_DIR}/../config/ignite-config.xml -nn ${nodesNum} -b ${b} -w ${w} -d ${d} -t ${t} -sm ${sm} -txc PESSIMISTIC  --client -dn IgnitePutGetTxBenchmark -sn IgniteNode -ds ${ver}tx-pessim-repRead-put-get-${b}-backup,-cfg ${SCRIPT_DIR}/../config/ignite-config.xml -nn ${nodesNum} -b ${b} -w ${w} -d ${d} -t ${t} -sm ${sm} -txc OPTIMISTIC -txi SERIALIZABLE  --client -dn IgnitePutGetTxBenchmark -sn IgniteNode -ds ${ver}tx-opt-serial-put-get-${b}-backup,-cfg ${SCRIPT_DIR}/../config/ignite-config.xml -nn ${nodesNum} -b ${b} -w ${w} -d ${d} -t ${t} -sm ${sm}  --client -dn IgniteSqlQueryBenchmark -sn IgniteNode -ds ${ver}sql-query-${b}-backup,-cfg ${SCRIPT_DIR}/../config/ignite-config.xml -nn ${nodesNum} -b ${b} -w ${w} -d ${d} -t ${t} -sm ${sm}  --client -dn IgniteSqlQueryPutBenchmark -sn IgniteNode -ds ${ver}sql-query-put-${b}-backup,-cfg ${SCRIPT_DIR}/../config/ignite-config.xml -nn ${nodesNum} -b ${b} -w ${w} -d ${d} -t ${t} -sm ${sm} -bs 6  --client -dn IgnitePutAllBenchmark -wom PRIMARY -sn IgniteNode -ds ${ver}atomic-putAll-bs-6-${b}-backup,-cfg ${SCRIPT_DIR}/../config/ignite-config.xml -nn ${nodesNum} -b ${b} -w ${w} -d ${d} -t ${t} -sm ${sm} -bs 6  --client -dn IgnitePutAllTxBenchmark -sn IgniteNode -ds ${ver}tx-putAll-bs-6-${b}-backup,-cfg ${SCRIPT_DIR}/../config/ignite-config.xml -nn ${nodesNum} -b ${b} -w ${w} -d ${d} -t ${t} -sm ${sm} -bs 6  --client -dn IgnitePutAllSerializableTxBenchmark -sn IgniteNode -ds ${ver}tx-putAllSerializable-bs-6-${b}-backup,-cfg ${SCRIPT_DIR}/../config/ignite-config.xml -nn ${nodesNum} -b ${b} -w ${w} -d ${d} -t ${t} -sm ${sm} -bs 6 -txc OPTIMISTIC   --client -dn IgniteGetAllPutAllTxBenchmark -sn IgniteNode -ds ${ver}tx-optimistic-getAllPutAll-bs-6-${b}-backup,-cfg ${SCRIPT_DIR}/../config/ignite-config.xml -nn ${nodesNum} -b ${b} -w ${w} -d ${d} -t ${t} -sm ${sm} -bs 6 -txc PESSIMISTIC  --client -dn IgniteGetAllPutAllTxBenchmark -sn IgniteNode -ds ${ver}tx-pessimistic-getAllPutAll-bs-6-${b}-backup,-cfg ${SCRIPT_DIR}/../config/ignite-config.xml -nn ${nodesNum} -b ${b} -w ${w} -d ${d} -t ${t} -sm ${sm} -bs 6 -txc OPTIMISTIC -txi SERIALIZABLE  --client -dn IgniteGetAllPutAllTxBenchmark -sn IgniteNode -ds ${ver}tx-opt-serializable-getAllPutAll-bs-6-${b}-backup,", DRIVER_HOSTS=172.31.46.6, t=64, BENCHMARK_PACKAGES=org.yardstickframework,org.apache.ignite.yardstick, w=60, sm=FULL_SYNC, AUTO_COPY=false, RESTART_SERVERS=true}, shutdownHook=true, currentFolder=/home/ubuntu/date-2504-204359-s-4-c-1-ver-2.0.0-SNAPSHOT-0be92732, scriptsFolder=/home/ubuntu/date-2504-204359-s-4-c-1-ver-2.0.0-SNAPSHOT-0be92732/yardstick/bin, logsFolder=/home/ubuntu/date-2504-204359-s-4-c-1-ver-2.0.0-SNAPSHOT-0be92732/yardstick/bin/../output/logs-20170425-204411/logs_drivers, outputFolder=/home/ubuntu/date-2504-204359-s-4-c-1-ver-2.0.0-SNAPSHOT-0be92732/yardstick/bin/../output/results-20170425-204411, outputWriter=java.io.PrintStream@77bd54b2, errorWriter=java.io.PrintStream@797aa435, descriptions=[2.0.0-SNAPSHOT-0be92732-sql-query-put-1-backup], hostName=]
--Description: 2.0.0-SNAPSHOT-0be92732-sql-query-put-1-backup
@@IgniteSqlQueryPutBenchmark
**"Time, sec","Operations/sec (more is better)","Latency, nsec (less is better)"
1493156089,60417.00,1055831.57
1493156090,50934.00,1255247.43
1493156091,49816.00,1281207.58
1493156092,50298.00,1270962.16
1493156093,55619.00,1150340.96
1493156094,62037.00,1030211.08
1493156095,51436.00,1243066.70
1493156096,60445.00,1057770.76
1493156097,51912.00,1231527.78
1493156098,59174.00,1080830.12
1493156099,54107.00,1181797.49
1493156100,54548.00,1170189.50
1493156101,59716.00,1072289.76
1493156102,50141.00,1276614.74
1493156103,59765.00,1069014.97
1493156104,51307.00,1247639.02
1493156105,59673.00,1071211.28
1493156106,52958.00,1146554.11
1493156107,58415.00,1149895.41
1493156108,62339.00,1025717.23
1493156109,52825.00,1210369.81
1493156110,58622.00,1090978.40
1493156111,50172.00,1275160.03
1493156112,60136.00,1062981.36
1493156113,54354.00,1176893.21
1493156114,55550.00,1150869.38
1493156115,53800.00,1189212.48
1493156116,57451.00,1113107.14
1493156117,55644.00,1149342.72
1493156118,49193.00,1296132.06
1493156119,54931.00,1167540.43
1493156120,55745.00,1147433.28
1493156121,54583.00,1079006.81
1493156122,57329.00,1167935.29
1493156123,58569.00,1126952.21
1493156124,60619.00,1055055.15
1493156125,53713.00,1143389.45
1493156126,56270.00,1181673.23
1493156127,55670.00,1149103.92
1493156128,54452.00,1174651.87
1493156129,55851.00,1144885.28
1493156130,60065.00,1064822.61
1493156131,54482.00,1173770.75
1493156132,59734.00,1070884.99
1493156133,55568.00,1150885.77
1493156134,51305.00,1246384.18
1493156135,55531.00,1152066.02
1493156136,55378.00,1154277.71
1493156137,60656.00,1054662.77
1493156138,53278.00,1163093.11
1493156139,62193.00,1060356.50
1493156140,53417.00,1197367.42
1493156141,54066.00,1182351.00
1493156142,56075.00,1141155.22
1493156143,53168.00,1202734.27
1493156144,61795.00,1026198.14
1493156145,48030.00,1342959.74
1493156146,64985.00,984046.42
1493156147,50973.00,1254556.37
1493156148,59041.00,1083329.48
1493156149,56056.00,1141319.71
1493156150,55699.00,1147747.38
1493156151,59397.00,1076965.62
1493156152,49374.00,1295191.14
1493156153,63458.00,1007413.40
1493156154,50092.00,1277792.63
1493156155,59019.00,1083078.59
1493156156,53186.00,1132439.54
1493156157,55739.00,1214793.63
1493156158,58142.00,1099849.77
1493156159,38138.00,1671331.78
1493156160,58674.00,1094093.06
1493156161,49675.00,1198330.81
1493156162,55294.00,1236813.54
1493156163,59582.00,1073215.24
1493156164,50531.00,1265749.36
1493156165,63912.00,1000784.36
1493156166,46781.00,1304990.46
1493156167,63861.00,1047205.53
1493156168,52795.00,1211143.08
1493156169,56422.00,1133904.09
1493156170,59638.00,1071932.47
1493156171,50972.00,1254825.31
1493156172,66347.00,964013.85
1493156173,48280.00,1325382.72
1493156174,59095.00,1081951.90
1493156175,55541.00,1151729.51
1493156176,55395.00,1154271.86
1493156177,54660.00,1170416.03
1493156178,56198.00,1137627.85
1493156179,60686.00,1005152.85
1493156180,54149.00,1236144.63
1493156181,58564.00,1091621.34
1493156182,50939.00,1255521.49
1493156183,59877.00,1068175.09
1493156184,54739.00,1168580.81
1493156185,55018.00,1093913.77
1493156186,59679.00,1134638.62
1493156187,56146.00,1139540.38
1493156188,59418.00,1076131.68
1493156189,50082.00,1276977.00
1493156190,60949.00,1049285.88
1493156191,53871.00,1187223.49
1493156192,58836.00,1087075.49
1493156193,50663.00,1262703.53
1493156194,60227.00,1061518.99
1493156195,54738.00,1153488.68
1493156196,48548.00,1334640.60
1493156197,58699.00,1089380.75
1493156198,55788.00,1146723.85
1493156199,58621.00,1090606.82
1493156200,52343.00,1222441.83
1493156201,50038.00,1278170.43
1493156202,52024.00,1229348.45
1493156203,50701.00,1199340.84
1493156204,61613.00,1088939.55
1493156205,49241.00,1299210.64
1493156206,59816.00,1069036.03
1493156207,55873.00,1122018.09
1493156208,50322.00,1296245.72
1493156209,64073.00,998189.15
1493156210,45468.00,1406731.90
1493156211,63082.00,1013707.09
1493156212,50262.00,1272450.77
1493156213,58472.00,1093949.82
1493156214,59376.00,1074815.69
1493156215,49481.00,1295500.54
1493156216,64767.00,987321.12
1493156217,46454.00,1376649.88
1493156218,63920.00,1000763.40
1493156219,51228.00,1248411.98
1493156220,50141.00,1268987.57
1493156221,48767.00,1318587.46
1493156222,45539.00,1404622.38
1493156223,62784.00,1018568.16
1493156224,53787.00,1187005.36
1493156225,54366.00,1178230.36
1493156226,59148.00,1081226.37
1493156227,53821.00,1188719.04
1493156228,60369.00,997233.79
1493156229,49722.00,1361548.13
1493156230,65540.00,975570.17
1493156231,50358.00,1210745.93
1493156232,58311.00,1148514.99
1493156233,58392.00,1095107.31
1493156234,48015.00,1331930.12
1493156235,60318.00,1059952.68
1493156236,52296.00,1188623.98
1493156237,62541.00,1051691.14
1493156238,48888.00,1308248.06
1493156239,59541.00,1073917.49
1493156240,60448.00,1057513.37
1493156241,50447.00,1267592.97
1493156242,60525.00,1051337.95
1493156243,55127.00,1175461.59
1493156244,56612.00,1080846.86
1493156245,53420.00,1249470.20
1493156246,58700.00,1089428.12
1493156247,57116.00,1073853.72
1493156248,53000.00,1255916.21
1493156249,59427.00,1075929.63
1493156250,54634.00,1170994.47
1493156251,55319.00,1156374.80
1493156252,53085.00,1204708.17
1493156253,61108.00,1046525.36
1493156254,53820.00,1107634.28
1493156255,53781.00,1269860.00
1493156256,53500.00,1195596.88
1493156257,54611.00,1171080.41
1493156258,55666.00,1149155.90
1493156259,54302.00,1177694.43
1493156260,59935.00,1066735.42
1493156261,58304.00,1066542.84
1493156262,56203.00,1169530.55
1493156263,56273.00,1136786.02
1493156264,53964.00,1185127.51
1493156265,56513.00,1131739.24
1493156266,55220.00,1158162.49
1493156267,59372.00,1077137.38
1493156268,51143.00,1244581.66
1493156269,46199.00,1391317.00
1493156270,53553.00,1194335.64
1493156271,52926.00,1203638.89
1493156272,60850.00,1055096.90
1493156273,50443.00,1267880.44
1493156274,64877.00,985932.93
1493156275,54898.00,1164380.85
1493156276,53916.00,1186449.71
1493156277,54313.00,1177873.12
1493156278,56257.00,1136896.01
1493156279,58044.00,1101784.40
1493156280,50784.00,1259365.52
1493156281,56760.00,1119854.11
1493156282,48533.00,1325822.71
1493156283,54172.00,1180881.74
1493156284,58659.00,1090513.66
1493156285,51115.00,1250914.65
1493156286,58959.00,1084805.83
1493156287,55050.00,1151045.65
1493156288,58194.00,1108718.39
1493156289,59194.00,1063708.44
1493156290,51314.00,1266154.34
1493156291,59400.00,1076737.75
1493156292,48770.00,1311343.30
1493156293,59411.00,1076480.20
1493156294,53267.00,1183436.72
1493156295,56933.00,1139436.88
1493156296,63680.00,1004324.22
1493156297,47888.00,1335734.93
1493156298,61314.00,1042770.71
1493156299,50347.00,1270134.55
1493156300,59454.00,1076030.73
1493156301,54030.00,1183643.43
1493156302,55240.00,1158002.15
1493156303,64402.00,984376.62
1493156304,49771.00,1296082.20
1493156305,59045.00,1083267.52
1493156306,51178.00,1250008.24
1493156307,61225.00,1043837.09
1493156308,55341.00,1156083.29
1493156309,54820.00,1166435.17
1493156310,59485.00,1075123.32
1493156311,51244.00,1248774.23
1493156312,62302.00,1025733.59
1493156313,51264.00,1225046.92
1493156314,59835.00,1088719.29
1493156315,51478.00,1242459.46
1493156316,55969.00,1142597.43
1493156317,58680.00,1089925.71
1493156318,50206.00,1274081.67
1493156319,63951.00,999632.35
1493156320,55013.00,1162684.99
1493156321,56283.00,1136524.57
1493156322,54578.00,1171896.93
1493156323,55879.00,1144337.03
1493156324,55435.00,1153894.43
1493156325,52930.00,1207993.95
1493156326,61963.00,1032340.08
1493156327,51963.00,1202697.22
1493156328,54879.00,1192303.11
1493156329,52580.00,1216086.75
1493156330,54845.00,1166092.28
1493156331,59448.00,1075841.97
1493156332,55538.00,1151812.19
1493156333,59582.00,1073313.01
1493156334,50981.00,1254507.65
1493156335,60121.00,1063774.68
1493156336,54284.00,1178227.11
1493156337,55109.00,1129195.69
1493156338,56869.00,1154709.81
1493156339,54171.00,1180916.32
1493156340,59311.00,1078367.13
1493156341,47067.00,1358727.17
1493156342,58987.00,1084353.79
1493156343,54943.00,1163917.10
1493156344,46524.00,1374101.57
1493156345,53788.00,1189791.31
1493156346,49570.00,1290380.95
1493156347,60303.00,1060449.14
1493156348,55893.00,1144618.15
1493156349,60813.00,1051370.04
1493156350,54147.00,1148337.11
1493156351,56654.00,1160329.21
1493156352,55297.00,1156599.88
1493156353,54088.00,1182375.88
1493156354,62160.00,1028888.87
1493156355,48896.00,1308113.04
1493156356,65926.00,969750.06
1493156357,49829.00,1283608.96
1493156358,58660.00,1090284.96
1493156359,54805.00,1167214.58
1493156360,54799.00,1167074.10
1493156361,62808.00,1006473.29
1493156362,45478.00,1425276.80
1493156363,62978.00,1015142.13
1493156364,51354.00,1245342.70
1493156365,59735.00,1071057.65
1493156366,55250.00,1157342.62
1493156367,53801.00,1188227.77
1493156368,61093.00,989265.86
1493156369,50483.00,1337104.29
1493156370,63719.00,1003862.70
1493156371,45475.00,1406350.07
1493156372,64352.00,993896.89
1493156373,58041.00,1101577.18
1493156374,52558.00,1216984.37
1493156375,57149.00,1113467.30
1493156376,45230.00,1421321.95
1493156377,60152.00,1062860.00
1493156378,48664.00,1314483.51
1493156379,55299.00,1156563.41
1493156380,60575.00,1055872.62
1493156381,49113.00,1302578.08
1493156382,65507.00,976181.21
1493156383,45319.00,1362758.62
1493156384,60353.00,1096014.15
1493156385,53166.00,1203203.19
1493156386,56906.00,1121651.68
1493156387,62456.00,1037577.73
1493156388,49593.00,1289105.49
